dataset,battery_id,cycle,capacity_ah,ambient_temp_c,dis_duration_s,dis_v_mean,dis_v_min,dis_v_max,dis_i_mean,dis_i_max,dis_t_mean,dis_t_max,dis_t_min,dis_energy_wh,dis_throughput_ah,chg_duration_s,chg_v_mean,chg_v_max,chg_i_mean,chg_i_max,chg_t_mean,chg_t_max,chg_throughput_ah,chg_energy_wh,re_ohm,rct_ohm,capacity_source,capacity_jump_flag,reference_capacity_ah,soh,capacity_loss,degradation_rate,rolling_degradation_rate_10,rolling_degradation_rate_25,rolling_degradation_rate_50,dis_v_range,dis_t_range,coulombic_efficiency,cum_discharge_throughput_ah,cum_charge_throughput_ah,cum_discharge_energy_wh,equivalent_full_cycles,soh_slope_10,soh_slope_25,mean_temp_last_10,mean_temp_last_25,max_temp_last_25,mean_current_last_10,eol_cycle,rul,soh_future_h5,soh_future_h10,soh_future_h25,soh_future_h50,row_in_battery,is_warmup
demo,D01,1,1.974417,24,3550.299802,3.442811,,,1.994733,,27.651867,,,,1.966529,,,,,,,,,,0.049876,0.152925,synthetic,False,2.0,98.72085,1.2791500000000013,,,,,,,,1.966529,0.0,0.0,0.9832645,,,,,,,92.0,91.0,98.18424999999999,97.44245000000001,94.41445,89.21900000000001,0,True
demo,D01,2,1.981754,24,3566.28412,3.44738,,,1.989676,,27.450201,,,,1.975086,,,,,,,,,,0.04943,0.150739,synthetic,False,2.0,99.0877,0.9123000000000019,-0.36684999999999945,,,,,,,3.9416149999999996,0.0,0.0,1.9708074999999998,,,,,,,92.0,90.0,97.86645,97.0379,94.16175,88.37724999999999,1,True
demo,D01,3,1.979395,24,3544.679431,3.441024,,,2.023098,,27.764795,,,,1.980227,,,,,,,,,,0.049312,0.151845,synthetic,False,2.0,98.96975,1.0302499999999952,0.11794999999999334,,,,,,,5.921842,0.0,0.0,2.960921,0.12444999999997315,0.12444999999997315,27.622287666666665,27.622287666666665,,2.0025023333333336,92.0,89.0,97.7702,97.1642,93.97275,89.82825,2,True
demo,D01,4,1.958481,24,3508.178678,3.441762,,,2.003268,,27.104427,,,,1.955681,,,,,,,,,,0.050089,0.153671,synthetic,False,2.0,97.92405,2.075950000000006,1.0457000000000107,0.26560000000000156,0.26560000000000156,0.26560000000000156,,,,7.877523,0.0,0.0,3.9387615,-0.2508350000000072,-0.2508350000000072,27.4928225,27.4928225,,2.00269375,92.0,88.0,97.33185,96.77325,93.77435,88.24159999999999,3,True
demo,D01,5,1.95876,24,3530.866564,3.445439,,,1.992677,,27.477958,,,,1.9639,,,,,,,,,,0.05184,0.150525,synthetic,False,2.0,97.938,2.0619999999999976,-0.013950000000008345,0.19571249999999907,0.19571249999999907,0.19571249999999907,,,,9.841423,0.0,0.0,4.9207115,-0.27293499999998777,-0.27293499999998777,27.489849600000003,27.489849600000003,,2.0006904,92.0,87.0,97.66285,96.18130000000001,94.0832,87.97455,4,True
demo,D01,6,1.963685,24,3529.089364,3.446925,,,2.009159,,27.05677,,,,1.962447,,,,,,,,,,0.052201,0.153721,synthetic,False,2.0,98.18424999999999,1.8157500000000084,-0.2462499999999892,0.10732000000000141,0.10732000000000141,0.10732000000000141,,,,11.80387,0.0,0.0,5.901935,-0.20508000000000054,-0.20508000000000054,27.41766966666667,27.41766966666667,,2.002101833333333,92.0,86.0,97.44245000000001,96.3549,93.77145,87.86675000000001,5,False
demo,D01,7,1.957329,24,3496.084777,3.446336,,,1.998909,,27.190241,,,,1.949756,,,,,,,,,,0.050091,0.152843,synthetic,False,2.0,97.86645,2.1335499999999996,0.3177999999999912,0.14239999999999972,0.14239999999999972,0.14239999999999972,,,,13.753626,0.0,0.0,6.876813,-0.19292321428571618,-0.19292321428571618,27.385179857142855,27.385179857142855,,2.0016457142857145,92.0,85.0,97.0379,95.76095,92.87655000000001,88.18045,6,False
demo,D01,8,1.955404,24,3528.015297,3.439144,,,1.997471,,27.907859,,,,1.950445,,,,,,,,,,0.052351,0.148079,synthetic,False,2.0,97.7702,2.2297999999999973,0.09624999999999773,0.1358071428571423,0.1358071428571423,0.1358071428571423,,,,15.704071,0.0,0.0,7.8520355,-0.17980178571428052,-0.17980178571428052,27.45051475,27.45051475,,2.001123875,92.0,84.0,97.1642,96.11575,92.58005,87.25444999999999,7,False
demo,D01,9,1.946637,24,3506.810369,3.446748,,,2.005623,,27.80384,,,,1.935932,,,,,,,,,,0.050569,0.156461,synthetic,False,2.0,97.33185,2.668149999999997,0.4383499999999998,0.17362499999999947,0.17362499999999947,0.17362499999999947,,,,17.640003,0.0,0.0,8.8200015,-0.19091500000000533,-0.19091500000000533,27.489773111111113,27.489773111111113,,2.001623777777778,92.0,83.0,96.77325,95.64,92.80235,87.5865,8,False
demo,D01,10,1.953257,24,3508.332836,3.440956,,,1.987081,,27.390245,,,,1.952342,,,,,,,,,,0.052221,0.150367,synthetic,False,2.0,97.66285,2.337149999999994,-0.33100000000000307,0.11755555555555475,0.11755555555555475,0.11755555555555475,,,,19.592345,0.0,0.0,9.7961725,-0.16810454545454465,-0.16810454545454465,27.4798203,27.4798203,,2.0001695,92.0,82.0,96.18130000000001,95.40155,92.74915,86.5726,9,False
demo,D01,11,1.948849,24,3494.069693,3.446138,,,2.003526,,27.201101,,,,1.948114,,,,,,,,,,0.050418,0.147081,synthetic,False,2.0,97.44245000000001,2.557549999999992,0.22039999999999793,0.12783999999999907,0.12783999999999907,0.12783999999999907,,,,21.540459000000002,0.0,0.0,10.770229500000001,-0.16810757575757088,-0.158039545454546,27.434743700000002,27.454482181818182,,2.0010488,92.0,81.0,96.3549,95.05405,92.1686,86.758,10,False
demo,D01,12,1.940758,24,3502.12328,3.442552,,,2.01913,,26.847731,,,,1.93911,,,,,,,,,,0.050723,0.149235,synthetic,False,2.0,97.0379,2.9621000000000066,0.4045500000000146,0.20498000000000047,0.15299545454545502,0.15299545454545502,,,,23.479569,0.0,0.0,11.7397845,-0.1502245454545481,-0.16171398601399006,27.374496699999998,27.403919583333334,,2.0039942,92.0,80.0,95.76095,95.4257,91.7426,86.6879,11,False
demo,D01,13,1.943284,24,3501.577328,3.437405,,,2.004662,,27.4492,,,,1.947477,,,,,,,,,,0.050933,0.149206,synthetic,False,2.0,97.1642,2.835800000000006,-0.12630000000000052,0.18055500000000108,0.12972083333333373,0.12972083333333373,,,,25.427046,0.0,0.0,12.713523,-0.10846969696969982,-0.15443983516483312,27.3429372,27.407402692307695,,2.0021506,92.0,79.0,96.11575,94.8125,91.5386,86.59515,12,False
demo,D01,14,1.935465,24,3508.739531,3.440668,,,1.996238,,28.201906,,,,1.940105,,,,,,,,,,0.053824,0.152738,synthetic,False,2.0,96.77325,3.2267499999999956,0.3909499999999895,0.11507999999999896,0.14981538461538418,0.14981538461538418,,,,27.367151,0.0,0.0,13.6835755,-0.13586727272727378,-0.1566249450549474,27.452685099999997,27.46415292857143,,2.0014476,92.0,78.0,95.64,94.52965,91.77195,86.41244999999999,13,False
demo,D01,15,1.923626,24,3466.891478,3.441915,,,1.994929,,27.723282,,,,1.92297,,,,,,,,,,0.051615,0.152233,synthetic,False,2.0,96.18130000000001,3.8186999999999927,0.5919499999999971,0.1756699999999995,0.18139642857142796,0.18139642857142796,,,,29.290121,0.0,0.0,14.6450605,-0.18067393939393825,-0.1689283928571401,27.477217500000002,27.4814282,,2.0016728,92.0,77.0,95.40155,94.3511,91.59005,86.8229,14,False
demo,D01,16,1.927098,24,3472.81115,3.443339,,,1.995897,,27.46946,,,,1.918871,,,,,,,,,,0.050022,0.151906,synthetic,False,2.0,96.3549,3.6450999999999993,-0.17359999999999332,0.1829349999999991,0.15772999999999987,0.15772999999999987,,,,31.208992,0.0,0.0,15.604496,-0.17830151515150844,-0.16960507352940885,27.5184865,27.4806801875,,2.0003466,92.0,76.0,95.05405,94.41445,91.3199,85.6529,15,False
demo,D01,17,1.915219,24,3445.668606,3.438838,,,1.99746,,27.743441,,,,1.917584,,,,,,,,,,0.051817,0.15525,synthetic,False,2.0,95.76095,4.239050000000006,0.5939500000000066,0.21055000000000063,0.1849937500000003,0.1849937500000003,,,,33.126576,0.0,0.0,16.563288,-0.20733909090908986,-0.17838995098039134,27.5738065,27.496136705882353,,2.0002017,92.0,75.0,95.4257,94.16175,90.74664999999999,85.3974,16,False
demo,D01,18,1.922315,24,3468.644694,3.446416,,,1.996222,,27.226289,,,,1.92445,,,,,,,,,,0.050415,0.154127,synthetic,False,2.0,96.11575,3.8842499999999944,-0.35480000000001155,0.1654449999999997,0.15324117647058783,0.15324117647058783,,,,35.051026,0.0,0.0,17.525513,-0.197919393939389,-0.17520056759545546,27.505649499999997,27.481145166666668,,2.0000767999999995,92.0,74.0,94.8125,93.97275,90.8048,85.57175000000001,17,False
demo,D01,19,1.9128,24,3449.496388,3.44313,,,2.009163,,27.556469,,,,1.913984,,,,,,,,,,0.050382,0.154436,synthetic,False,2.0,95.64,4.359999999999999,0.475750000000005,0.16918500000000022,0.17115833333333322,0.17115833333333322,,,,36.96501,0.0,0.0,18.482505,-0.22361909090908863,-0.1776631578947355,27.4809124,27.48510957894737,,2.0004308,92.0,73.0,94.52965,93.77435,90.5586,85.0348,18,False
demo,D01,20,1.908031,24,3447.352725,3.437477,,,1.982668,,27.662823,,,,1.911776,,,,,,,,,,0.051828,0.154908,synthetic,False,2.0,95.40155,4.59845,0.23845000000000027,0.22613000000000055,0.1746999999999999,0.1746999999999999,,,,38.876786,0.0,0.0,19.438393,-0.21975121212121534,-0.1803257142857152,27.508170200000002,27.49399525,,1.9999894999999999,92.0,72.0,94.3511,94.0832,90.3771,84.48689999999999,19,False
demo,D01,21,1.901081,24,3416.593652,3.440636,,,2.00862,,27.626854,,,,1.896652,,,,,,,,,,0.05102,0.155805,synthetic,False,2.0,95.05405,4.945949999999996,0.3474999999999966,0.23884000000000044,0.18333999999999975,0.18333999999999975,,,,40.773438000000006,0.0,0.0,20.386719000000003,-0.22212151515151166,-0.1844677922077954,27.550745499999998,27.500321857142858,,2.0004989,92.0,71.0,94.41445,93.77145,90.3604,84.3067,20,False
demo,D01,22,1.908514,24,3430.837697,3.446299,,,1.996203,,27.834931,,,,1.916181,,,,,,,,,,0.051193,0.147336,synthetic,False,2.0,95.4257,4.574299999999994,-0.3716500000000025,0.16121999999999873,0.1569119047619044,0.1569119047619044,,,,42.68961900000001,0.0,0.0,21.344809500000004,-0.20223969696969682,-0.18098416149067914,27.6494655,27.515531363636363,,1.9982061999999998,92.0,70.0,94.16175,92.87655000000001,89.95309999999999,84.14755000000001,21,False
demo,D01,23,1.89625,24,3408.344288,3.444873,,,2.003769,,27.741786,,,,1.892611,,,,,,,,,,0.051051,0.153057,synthetic,False,2.0,94.8125,5.1875,0.6132000000000062,0.23516999999999938,0.17765227272727266,0.17765227272727266,,,,44.58223000000001,0.0,0.0,22.291115000000005,-0.18784333333333253,-0.18303157114624652,27.6787241,27.525368521739132,,1.9981169,92.0,69.0,93.97275,92.58005,89.87625,84.3488,22,False
demo,D01,24,1.890593,24,3411.14034,3.431412,,,1.98873,,27.831192,,,,1.893426,,,,,,,,,,0.051431,0.147836,synthetic,False,2.0,94.52965,5.470349999999996,0.28284999999999627,0.22436000000000006,0.1822260869565215,0.1822260869565215,,,,46.47565600000001,0.0,0.0,23.237828000000004,-0.18643303030303315,-0.18560626086956478,27.6416527,27.538111166666667,,1.9973661,92.0,68.0,93.77435,92.80235,89.479,84.0183,23,False
demo,D01,25,1.887022,24,3411.908602,3.432172,,,2.013286,,27.497373,,,,1.880654,,,,,,,,,,0.051555,0.154627,synthetic,False,2.0,94.3511,5.648899999999998,0.17855000000000132,0.1830200000000005,0.1820729166666665,0.1820729166666665,,,,48.35631000000001,0.0,0.0,24.178155000000004,-0.2070299999999988,-0.1875454230769239,27.619061799999997,27.53648164,,1.9992018000000003,92.0,67.0,94.0832,92.74915,89.33109999999999,83.95825,24,False
demo,D01,26,1.888289,24,3394.241412,3.441976,,,2.012456,,27.89202,,,,1.884776,,,,,,,,,,0.04918,0.154455,synthetic,False,2.0,94.41445,5.585549999999998,-0.0633499999999998,0.19404499999999986,0.17225599999999985,0.17225599999999985,,,,50.24108600000001,0.0,0.0,25.120543000000005,-0.1904139393939369,-0.1899736923076919,27.6613178,27.54608776,,2.0008577,92.0,66.0,93.77145,92.1686,89.21900000000001,83.3981,25,False
demo,D01,27,1.883235,24,3385.503913,3.431171,,,2.009596,,28.082381,,,,1.888947,,,,,,,,,,0.051834,0.157807,synthetic,False,2.0,94.16175,5.838250000000002,0.25270000000000437,0.15991999999999962,0.19703800000000002,0.17535000000000003,,,,52.13003300000001,0.0,0.0,26.065016500000006,-0.20365757575757348,-0.1877534615384636,27.6952118,27.57137496,,2.0020713,92.0,65.0,92.87655000000001,91.7426,88.37724999999999,83.34865,26,False
demo,D01,28,1.879455,24,3386.205949,3.429642,,,1.984852,,27.438281,,,,1.878474,,,,,,,,,,0.050223,0.158385,synthetic,False,2.0,93.97275,6.027249999999995,0.18899999999999295,0.21430000000000007,0.19988,0.17585555555555532,,,,54.00850700000001,0.0,0.0,27.004253500000004,-0.1841727272727272,-0.18466815384615437,27.716411,27.558314400000004,,2.0009343,92.0,64.0,92.58005,91.5386,89.82825,83.26315,27,False
demo,D01,29,1.875487,24,3373.387516,3.432491,,,2.008291,,27.464846,,,,1.878637,,,,,,,,,,0.049803,0.155589,synthetic,False,2.0,93.77435,6.225650000000002,0.19840000000000657,0.18656500000000023,0.16598799999999983,0.1766607142857143,,,,55.887144000000006,0.0,0.0,27.943572000000003,-0.18125060606060597,-0.19002738461538327,27.7072487,27.572731160000004,,2.0008471,92.0,63.0,92.80235,91.77195,88.24159999999999,82.75675,28,False
demo,D01,30,1.881664,24,3396.669198,3.436889,,,2.004049,,28.01145,,,,1.882556,,,,,,,,,,0.051125,0.153232,synthetic,False,2.0,94.0832,5.916799999999995,-0.30885000000000673,0.13183499999999954,0.15419199999999988,0.15991896551724116,,,,57.76970000000001,0.0,0.0,28.884850000000004,-0.1547648484848486,-0.18920411538461732,27.7421114,27.59407084,,2.0029852,92.0,62.0,92.74915,91.59005,87.97455,82.76025,29,False
demo,D01,31,1.875429,24,3352.967423,3.434019,,,1.983947,,27.639021,,,,1.875035,,,,,,,,,,0.05133,0.156438,synthetic,False,2.0,93.77145,6.2285499999999985,0.3117500000000035,0.1282600000000002,0.1765119999999996,0.1649799999999999,,,,59.644735000000004,0.0,0.0,29.822367500000002,-0.15247030303030001,-0.18583080769230612,27.743328100000003,27.61736088,,2.0005178999999997,92.0,61.0,92.1686,91.3199,87.86675000000001,82.19794999999999,30,False
demo,D01,32,1.857531,24,3335.264003,3.429589,,,1.999757,,28.064658,,,,1.862598,,,,,,,,,,0.050731,0.154115,synthetic,False,2.0,92.87655000000001,7.123449999999991,0.8948999999999927,0.2549149999999997,0.19959599999999966,0.18852580645161257,,,,61.507333,0.0,0.0,30.7536665,-0.1586651515151526,-0.19050165384615322,27.7663008,27.652337559999996,,2.0008733,92.0,60.0,91.7426,90.74664999999999,88.18045,82.06054999999999,31,False
demo,D01,33,1.851601,24,3325.058546,3.428753,,,2.003645,,27.611965,,,,1.850725,,,,,,,,,,0.052315,0.155932,synthetic,False,2.0,92.58005,7.41995,0.29650000000000887,0.223245,0.2076060000000001,0.19189999999999996,,,,63.358058,0.0,0.0,31.679029,-0.19101393939393801,-0.19503353846153715,27.7533187,27.640501800000003,,2.0008609,92.0,59.0,91.5386,90.8048,87.25444999999999,81.82755,32,False
demo,D01,34,1.856047,24,3317.629209,3.429157,,,2.005561,,28.07969,,,,1.849437,,,,,,,,,,0.050097,0.158717,synthetic,False,2.0,92.80235,7.197649999999996,-0.22230000000000416,0.17272999999999997,0.18117999999999995,0.17934848484848467,,,,65.207495,0.0,0.0,32.6037475,-0.20303393939393943,-0.19790449999999796,27.778168500000003,27.6515358,,2.002544,92.0,58.0,91.77195,90.5586,87.5865,81.3555,33,False
demo,D01,35,1.854983,24,3329.316259,3.428355,,,2.001773,,27.750397,,,,1.852003,,,,,,,,,,0.051043,0.154127,synthetic,False,2.0,92.74915,7.25085,0.05320000000000391,0.16019500000000023,0.19654800000000022,0.1756382352941176,,,,67.05949799999999,0.0,0.0,33.529748999999995,-0.2089221212121173,-0.19447230769230622,27.8034709,27.665941880000002,,2.0013927000000002,92.0,57.0,91.59005,90.3771,86.5726,81.6322,34,False
demo,D01,36,1.843372,24,3308.96021,3.439548,,,2.002912,,27.799499,,,,1.845404,,,,,,,,,,0.050981,0.158682,synthetic,False,2.0,92.1686,7.831400000000002,0.5805500000000023,0.22458500000000042,0.21095400000000042,0.18720714285714288,,,,68.90490199999999,0.0,0.0,34.452450999999996,-0.22283575757576066,-0.19482326923076676,27.7942188,27.689877799999998,,2.0004383,92.0,56.0,91.3199,90.3604,86.758,81.1168,35,False
demo,D01,37,1.834852,24,3300.740149,3.430546,,,2.014736,,28.138902,,,,1.836303,,,,,,,,,,0.051605,0.158638,synthetic,False,2.0,91.7426,8.257400000000004,0.42600000000000193,0.24191500000000019,0.2118119999999999,0.19384027777777785,,,,70.741205,0.0,0.0,35.3706025,-0.24960999999999772,-0.1990952307692323,27.799870900000002,27.74152464,,2.0009523000000002,92.0,55.0,90.74664999999999,89.95309999999999,86.6879,81.0325,36,False
demo,D01,38,1.830772,24,3306.392638,3.432394,,,2.01226,,27.663399,,,,1.825034,,,,,,,,,,0.051971,0.153905,synthetic,False,2.0,91.5386,8.461399999999998,0.20399999999999352,0.24341500000000024,0.22502399999999967,0.19411486486486476,,,,72.566239,0.0,0.0,36.2831195,-0.2707884848484851,-0.1999139615384616,27.822382700000002,27.7500926,,2.0036931,92.0,54.0,90.8048,89.87625,86.59515,80.94375000000001,37,False
demo,D01,39,1.835439,24,3301.361185,3.427474,,,1.971329,,27.511561,,,,1.83278,,,,,,,,,,0.050638,0.159504,synthetic,False,2.0,91.77195,8.228049999999996,-0.2333500000000015,0.20023999999999945,0.200052,0.18286578947368407,,,,74.399019,0.0,0.0,37.1995095,-0.26296060606060945,-0.19816080769230782,27.8270542,27.722478799999998,,1.9999969,92.0,53.0,90.5586,89.479,86.41244999999999,80.70389999999999,38,False
demo,D01,40,1.831801,24,3287.046082,3.428231,,,1.996826,,27.640157,,,,1.82967,,,,,,,,,,0.052406,0.158824,synthetic,False,2.0,91.59005,8.409949999999995,0.18189999999999884,0.249315,0.1836500000000001,0.18284102564102547,,,,76.22868899999999,0.0,0.0,38.114344499999994,-0.2201930303030305,-0.2001590769230786,27.7899249,27.719153800000004,,1.9992746000000001,92.0,52.0,90.3771,89.33109999999999,86.8229,80.53960000000001,39,False
demo,D01,41,1.826398,24,3286.954021,3.425445,,,1.998353,,27.873487,,,,1.825063,,,,,,,,,,0.051799,0.15725,synthetic,False,2.0,91.3199,8.680099999999996,0.270150000000001,0.24515499999999973,0.20139999999999986,0.18502374999999988,,,,78.05375199999999,0.0,0.0,39.026875999999994,-0.18272424242424104,-0.19938330769230744,27.8133715,27.73531488,,2.0007152,92.0,51.0,90.3604,89.21900000000001,85.6529,80.08015,40,False
demo,D01,42,1.814933,24,3277.161564,3.41626,,,1.982479,,27.386161,,,,1.809938,,,,,,,,,,0.049959,0.155116,synthetic,False,2.0,90.74664999999999,9.253350000000012,0.5732500000000158,0.21299000000000207,0.20057200000000022,0.19449268292682953,,,,79.86368999999999,0.0,0.0,39.931844999999996,-0.20646787878788142,-0.20596549999999936,27.7455218,27.72102368,,1.9989874,92.0,50.0,89.95309999999999,88.37724999999999,85.3974,79.7521,41,False
demo,D01,43,1.816096,24,3259.402337,3.4215,,,2.000942,,27.935223,,,,1.813814,,,,,,,,,,0.04988,0.154779,synthetic,False,2.0,90.8048,9.1952,-0.058150000000011914,0.177525,0.2124380000000002,0.18847738095238092,,,,81.67750399999998,0.0,0.0,40.83875199999999,-0.22098939393939632,-0.20460576923076865,27.7778476,27.74938104,,1.9987171,92.0,49.0,89.87625,89.82825,85.57175000000001,79.62415,42,False
demo,D01,44,1.811172,24,3251.203289,3.419154,,,2.012488,,27.64855,,,,1.808532,,,,,,,,,,0.051876,0.15594,synthetic,False,2.0,90.5586,9.441400000000002,0.24620000000000175,0.22437500000000057,0.20325600000000008,0.18981976744186047,,,,83.48603599999998,0.0,0.0,41.74301799999999,-0.2126018181818195,-0.20619080769230816,27.7347336,27.75306428,,1.9994098,92.0,48.0,89.479,88.24159999999999,85.0348,78.91055,43,False
demo,D01,45,1.807542,24,3259.028333,3.416944,,,1.989134,,28.075639,,,,1.810332,,,,,,,,,,0.051704,0.159326,synthetic,False,2.0,90.3771,9.622900000000001,0.18149999999999977,0.23720500000000017,0.20097800000000007,0.18963068181818182,,,,85.29636799999999,0.0,0.0,42.64818399999999,-0.19046393939394413,-0.20792696153846232,27.7672578,27.76957692,,1.9981459000000001,92.0,47.0,89.33109999999999,87.97455,84.48689999999999,78.7509,44,False
demo,D01,46,1.807208,24,3250.813342,3.42112,,,2.003364,,27.190622,,,,1.810133,,,,,,,,,,0.051824,0.154845,synthetic,False,2.0,90.3604,9.639600000000002,0.01670000000000016,0.18081999999999993,0.18774600000000022,0.18578777777777777,,,,87.10650099999998,0.0,0.0,43.55325049999999,-0.17918818181818055,-0.20942730769230802,27.706370100000004,27.752127640000005,,1.9981911,92.0,46.0,89.21900000000001,87.86675000000001,84.3067,79.6862,45,False
demo,D01,47,1.799062,24,3244.601717,3.430183,,,1.990842,,27.604766,,,,1.798537,,,,,,,,,,0.051981,0.15935,synthetic,False,2.0,89.95309999999999,10.046900000000008,0.40730000000000643,0.1789500000000004,0.21890400000000057,0.19060326086956536,,,,88.90503799999998,0.0,0.0,44.45251899999999,-0.19661121212121743,-0.20736034615384558,27.6529565,27.742921040000002,,1.9958017,92.0,45.0,88.37724999999999,88.18045,84.14755000000001,78.42145000000001,46,False
demo,D01,48,1.797525,24,3235.412855,3.424513,,,1.993281,,27.382095,,,,1.796116,,,,,,,,,,0.05225,0.154374,synthetic,False,2.0,89.87625,10.123750000000001,0.0768499999999932,0.16623500000000035,0.19745000000000004,0.18818297872340425,,,,90.70115399999997,0.0,0.0,45.35057699999999,-0.21013515151514692,-0.20792507692307785,27.6248261,27.7285334,,1.9939038,92.0,44.0,89.82825,87.25444999999999,84.3488,78.60780000000001,47,False
demo,D01,49,1.78958,24,3228.023881,3.42886,,,2.014774,,27.609073,,,,1.79008,,,,,,,,,,0.053052,0.157805,synthetic,False,2.0,89.479,10.521,0.39724999999999966,0.22929500000000047,0.20202600000000018,0.19253854166666665,,,,92.49123399999998,0.0,0.0,46.24561699999999,-0.20962090909091088,-0.21118811538461713,27.6345773,27.71964864,,1.9982483000000002,92.0,43.0,88.24159999999999,87.5865,84.0183,77.98315,48,False
demo,D01,50,1.786622,24,3205.933921,3.424972,,,1.994574,,27.881983,,,,1.783704,,,,,,,,,,0.051023,0.158864,synthetic,False,2.0,89.33109999999999,10.668900000000008,0.14790000000000703,0.2258950000000013,0.20080000000000042,0.1916275510204083,,,,94.27493799999998,0.0,0.0,47.13746899999999,-0.20150727272727412,-0.21371676923076985,27.6587599,27.735033039999998,,1.9980231000000004,92.0,42.0,87.97455,86.5726,83.95825,77.9079,49,False
demo,D01,51,1.78438,24,3211.7675,3.426178,,,2.004622,,27.778623,,,,1.780287,,,,,,,,,,0.050984,0.16596,synthetic,False,2.0,89.21900000000001,10.780999999999992,0.11209999999998388,0.21008999999999958,0.20781799999999975,0.19003699999999982,,,,96.05522499999998,0.0,0.0,48.02761249999999,-0.19013696969696733,-0.21278515384615443,27.649273500000003,27.73049716,,1.99865,92.0,41.0,87.86675000000001,86.758,83.3981,78.17735,50,False
demo,D01,52,1.767545,24,3179.570448,3.41734,,,1.981288,,27.785338,,,,1.764221,,,,,,,,,,0.051231,0.155166,synthetic,False,2.0,88.37724999999999,11.62275000000001,0.8417500000000189,0.23693999999999987,0.23138000000000034,0.21420900000000018,,,,97.81944599999999,0.0,0.0,48.90972299999999,-0.2374315151515172,-0.21815403846153905,27.6891912,27.718615440000004,,1.9985309,92.0,40.0,88.18045,86.6879,83.34865,77.4466,51,False
demo,D01,53,1.796565,24,3222.021822,3.426666,,,2.018623,,27.765356,,,,1.794284,,,,,,,,,,0.052323,0.162553,synthetic,False,2.0,89.82825,10.171750000000003,-1.4510000000000076,0.09765500000000031,0.16578000000000032,0.18283000000000016,,,,99.61372999999999,0.0,0.0,49.806864999999995,-0.1729839393939413,-0.20756946153846245,27.6722045,27.73169844,,2.000299,92.0,39.0,87.25444999999999,86.59515,83.26315,77.5403,52,False
demo,D01,54,1.764832,24,3161.797295,3.423519,,,2.006027,,27.903599,,,,1.760725,,,,,,,,,,0.053597,0.159856,synthetic,False,2.0,88.24159999999999,11.758400000000009,1.586650000000006,0.23170000000000074,0.22131000000000028,0.19364900000000007,,,,101.37445499999998,0.0,0.0,50.68722749999999,-0.19965727272727152,-0.21042680769230895,27.697709399999997,27.74924856,,1.9996528999999998,92.0,38.0,87.5865,86.41244999999999,82.75675,76.80415,53,False
demo,D01,55,1.759491,24,3173.599261,3.41763,,,1.998175,,27.608629,,,,1.760061,,,,,,,,,,0.051974,0.160854,synthetic,False,2.0,87.97455,12.025450000000006,0.26704999999999757,0.2402550000000005,0.24434600000000045,0.19926900000000017,,,,103.13451599999998,0.0,0.0,51.56725799999999,-0.2249121212121244,-0.2084047692307701,27.651008400000002,27.73313572,,2.0005569999999997,92.0,37.0,86.5726,86.8229,82.76025,76.7875,54,False
demo,D01,56,1.757335,24,3159.872757,3.421905,,,2.005755,,28.04071,,,,1.7599,,,,,,,,,,0.049925,0.160062,synthetic,False,2.0,87.86675000000001,12.13324999999999,0.10779999999998324,0.2493649999999988,0.23618799999999965,0.20634999999999962,,,,104.89441599999998,0.0,0.0,52.44720799999999,-0.22803848484848305,-0.205796346153847,27.736017200000003,27.749203279999996,,2.0007961,92.0,36.0,86.758,85.6529,82.19794999999999,76.32865,55,False
demo,D01,57,1.763609,24,3164.760291,3.422716,,,1.985902,,28.020253,,,,1.758011,,,,,,,,,,0.05066,0.16079,synthetic,False,2.0,88.18045,11.819550000000007,-0.313699999999983,0.17726499999999987,0.18784400000000062,0.19372000000000014,,,,106.65242699999997,0.0,0.0,53.32621349999999,-0.21098121212121218,-0.2046991538461534,27.777565900000003,27.74742708,,2.0003021,92.0,35.0,86.6879,85.3974,82.06054999999999,76.27615,56,False
demo,D01,58,1.745089,24,3140.254175,3.415938,,,2.011825,,27.978626,,,,1.745177,,,,,,,,,,0.051716,0.159735,synthetic,False,2.0,87.25444999999999,12.745550000000009,0.9260000000000019,0.26218000000000075,0.21302400000000035,0.21031500000000022,,,,108.39760399999997,0.0,0.0,54.198801999999986,-0.22806969696969642,-0.21150226923077,27.837218999999997,27.762093519999997,,2.0021565000000003,92.0,34.0,86.59515,85.57175000000001,81.82755,76.3938,57,False
demo,D01,59,1.75173,24,3163.785203,3.414475,,,1.99676,,28.011538,,,,1.75096,,,,,,,,,,0.051925,0.164293,synthetic,False,2.0,87.5865,12.413499999999999,-0.3320500000000095,0.18924999999999984,0.20863400000000012,0.19490700000000005,,,,110.14856399999998,0.0,0.0,55.07428199999999,-0.22175030303030552,-0.2089206923076934,27.8774655,27.759367440000002,,2.0003550999999997,92.0,33.0,86.41244999999999,85.0348,81.3555,75.38705,58,False
demo,D01,60,1.731452,24,3095.289131,3.411695,,,1.997959,,27.976926,,,,1.732635,,,,,,,,,,0.052277,0.159373,synthetic,False,2.0,86.5726,13.427400000000006,1.0139000000000067,0.2758499999999998,0.24706200000000023,0.22180500000000022,,,,111.88119899999998,0.0,0.0,55.94059949999999,-0.25765515151514995,-0.21221799999999902,27.8869598,27.768428599999996,,2.0006936000000004,92.0,32.0,86.8229,84.48689999999999,81.6322,75.79875,59,False
demo,D01,61,1.73516,24,3109.265077,3.417241,,,1.995083,,28.406028,,,,1.735115,,,,,,,,,,0.052687,0.16399,synthetic,False,2.0,86.758,13.242000000000004,-0.18540000000000134,0.24610000000000126,0.2164240000000001,0.21368900000000024,,,,113.61631399999997,0.0,0.0,56.80815699999999,-0.25748424242424245,-0.2148582307692321,27.9497003,27.79268976,,1.9997397,92.0,31.0,85.6529,84.3067,81.1168,75.5026,60,False
demo,D01,62,1.733758,24,3112.124403,3.418028,,,1.994193,,27.877589,,,,1.728718,,,,,,,,,,0.052351,0.158717,synthetic,False,2.0,86.6879,13.312100000000001,0.0700999999999965,0.16893499999999903,0.20218799999999987,0.20699999999999988,,,,115.34503199999997,0.0,0.0,57.67251599999999,-0.2874233333333321,-0.21824353846153935,27.9589254,27.78223724,,2.0010302,92.0,30.0,85.3974,84.14755000000001,81.0325,75.01554999999999,61,False
demo,D01,63,1.731903,24,3131.090905,3.413318,,,2.006947,,27.825375,,,,1.72753,,,,,,,,,,0.05373,0.160543,synthetic,False,2.0,86.59515,13.404849999999996,0.09274999999999523,0.3233099999999993,0.19773799999999994,0.2113809999999998,,,,117.07256199999998,0.0,0.0,58.53628099999999,-0.20521121212120866,-0.22063676923076958,27.9649273,27.788716280000003,,1.9998625999999997,92.0,29.0,85.57175000000001,84.3488,80.94375000000001,74.52215,62,False
demo,D01,64,1.728249,24,3113.48578,3.416137,,,2.002559,,27.719244,,,,1.728351,,,,,,,,,,0.052041,0.157654,synthetic,False,2.0,86.41244999999999,13.587550000000007,0.1827000000000112,0.18291499999999986,0.21438000000000046,0.20721600000000023,,,,118.80091299999998,0.0,0.0,59.40045649999999,-0.19955212121212146,-0.21858030769230752,27.9464918,27.797023600000003,,1.9995158,92.0,28.0,85.0348,84.0183,80.70389999999999,74.7395,63,False
demo,D01,65,1.736458,24,3132.820151,3.419339,,,2.006517,,27.637247,,,,1.740031,,,,,,,,,,0.051773,0.161907,synthetic,False,2.0,86.8229,13.177099999999996,-0.41045000000001153,0.11516499999999893,0.19068600000000002,0.18716800000000006,,,,120.54094399999998,0.0,0.0,60.27047199999999,-0.16713666666666532,-0.21043138461538488,27.949353600000002,27.7969072,,2.00035,92.0,27.0,84.48689999999999,83.95825,80.53960000000001,74.3205,64,False
demo,D01,66,1.713058,24,3072.956882,3.416605,,,1.999912,,27.619295,,,,1.705472,,,,,,,,,,0.053348,0.165813,synthetic,False,2.0,85.6529,14.347099999999998,1.1700000000000017,0.22138500000000078,0.22668000000000008,0.21403999999999995,,,,122.24641599999998,0.0,0.0,61.12320799999999,-0.19176666666666403,-0.212116923076923,27.9072121,27.78673952,,1.9997657,92.0,26.0,84.3067,83.3981,80.08015,74.31035,65,False
demo,D01,67,1.707948,24,3063.981547,3.419701,,,2.005132,,27.715878,,,,1.709129,,,,,,,,,,0.051385,0.16145,synthetic,False,2.0,85.3974,14.602599999999995,0.25549999999999784,0.27830499999999886,0.21396999999999936,0.2072709999999998,,,,123.95554499999999,0.0,0.0,61.97777249999999,-0.18258515151514906,-0.2175341923076923,27.876774599999997,27.7999282,,2.0016887,92.0,25.0,84.14755000000001,83.34865,79.7521,74.008,66,False
demo,D01,68,1.711435,24,3084.721115,3.419037,,,1.995812,,27.915178,,,,1.715507,,,,,,,,,,0.053275,0.160952,synthetic,False,2.0,85.57175000000001,14.428249999999991,-0.174350000000004,0.16826999999999828,0.20932199999999967,0.21087999999999993,,,,125.67105199999999,0.0,0.0,62.835525999999994,-0.19189303030303206,-0.21664576923076992,27.8704298,27.7991264,,2.0000874000000004,92.0,24.0,84.3488,83.26315,79.62415,74.2425,67,False
demo,D01,69,1.700696,24,3061.787524,3.408582,,,2.022297,,28.03253,,,,1.700175,,,,,,,,,,0.053096,0.158628,synthetic,False,2.0,85.0348,14.965199999999996,0.5369500000000045,0.2551699999999997,0.22095199999999976,0.21210399999999993,,,,127.37122699999999,0.0,0.0,63.685613499999995,-0.1879560606060622,-0.21915038461538444,27.872529000000004,27.8144856,,2.0026411,92.0,23.0,84.0183,82.75675,78.91055,73.4504,68,False
demo,D01,70,1.689738,24,3046.536133,3.417952,,,1.984321,,27.978178,,,,1.691598,,,,,,,,,,0.052955,0.161723,synthetic,False,2.0,84.48689999999999,15.513100000000009,0.5479000000000127,0.20857000000000028,0.2356080000000003,0.21829300000000018,,,,129.062825,0.0,0.0,64.5314125,-0.25056818181818236,-0.22427846153846157,27.8726542,27.81058716,,2.0012773,92.0,22.0,83.95825,82.76025,78.7509,72.975,69,False
demo,D01,71,1.686134,24,3033.332488,3.408643,,,2.012609,,27.779415,,,,1.683763,,,,,,,,,,0.054727,0.157776,synthetic,False,2.0,84.3067,15.693299999999994,0.18019999999998504,0.2451299999999989,0.2421479999999997,0.21494699999999994,,,,130.746588,0.0,0.0,65.373294,-0.2853681818181781,-0.22670599999999994,27.809992899999997,27.834138879999998,,2.0030299,92.0,21.0,83.3981,82.19794999999999,79.6862,73.0954,70,False
demo,D01,72,1.682951,24,3031.838853,3.414548,,,2.013679,,28.20062,,,,1.682549,,,,,,,,,,0.052548,0.159943,synthetic,False,2.0,84.14755000000001,15.85244999999999,0.1591499999999968,0.25403499999999896,0.2322219999999993,0.22556299999999993,,,,132.429137,0.0,0.0,66.2145685,-0.30380969696969495,-0.2300189230769231,27.842295999999997,27.85797304,,2.0049785,92.0,20.0,83.34865,82.06054999999999,78.42145000000001,72.86685,71,False
demo,D01,73,1.686976,24,3037.997634,3.411144,,,1.991478,,28.154389,,,,1.681507,,,,,,,,,,0.055191,0.163201,synthetic,False,2.0,84.3488,15.651200000000003,-0.2012499999999875,0.22463500000000067,0.22109800000000007,0.20927400000000007,,,,134.110644,0.0,0.0,67.055322,-0.2866651515151521,-0.22777684615384583,27.8751974,27.8888648,,2.0034316,92.0,19.0,83.26315,81.82755,78.60780000000001,72.96755,72,False
demo,D01,74,1.680366,24,3031.716563,3.408397,,,2.022293,,27.939539,,,,1.672487,,,,,,,,,,0.052971,0.166742,synthetic,False,2.0,84.0183,15.981700000000004,0.3305000000000007,0.23941499999999963,0.21842800000000012,0.21022700000000014,,,,135.783131,0.0,0.0,67.8915655,-0.2724993939393938,-0.22830615384615338,27.8972269,27.902083440000002,,2.005405,92.0,18.0,82.75675,81.3555,77.98315,72.5689,73,False
demo,D01,75,1.679165,24,3029.815144,3.402665,,,2.009955,,27.818023,,,,1.682331,,,,,,,,,,0.051931,0.171261,synthetic,False,2.0,83.95825,16.041749999999993,0.06004999999998972,0.28646499999999975,0.2149139999999994,0.2078569999999999,,,,137.465462,0.0,0.0,68.732731,-0.20522575757575345,-0.22666823076923093,27.9153045,27.89952504,,2.0057488,92.0,17.0,82.76025,81.6322,77.9079,72.1837,74,False
demo,D01,76,1.667962,24,2987.741758,3.407809,,,2.009711,,28.135164,,,,1.664676,,,,,,,,,,0.05339,0.161522,synthetic,False,2.0,83.3981,16.6019,0.5601500000000073,0.2254800000000003,0.23283600000000035,0.22032700000000005,,,,139.130138,0.0,0.0,69.565069,-0.21178272727272457,-0.2271889615384593,27.966891399999998,27.913786679999998,,2.0067287,92.0,16.0,82.19794999999999,81.1168,78.17735,72.27355,75,False
demo,D01,77,1.666973,24,2980.321799,3.402134,,,2.00028,,28.046534,,,,1.665454,,,,,,,,,,0.052254,0.167627,synthetic,False,2.0,83.34865,16.651349999999994,0.04944999999999311,0.20487499999999984,0.20114399999999932,0.21626199999999984,,,,140.795592,0.0,0.0,70.397796,-0.2107393939393915,-0.23210603846153846,27.999957000000002,27.92423452,,2.0062435,92.0,15.0,82.06054999999999,81.0325,77.4466,71.23555,76,False
demo,D01,78,1.665263,24,3006.48222,3.412027,,,1.997828,,27.640073,,,,1.660646,,,,,,,,,,0.052596,0.164121,synthetic,False,2.0,83.26315,16.736850000000004,0.08550000000001035,0.23086000000000126,0.26260400000000006,0.2141920000000002,,,,142.456238,0.0,0.0,71.228119,-0.17790303030302898,-0.21943419230769343,27.9724465,27.919223199999998,,2.0064450999999996,92.0,14.0,81.82755,80.94375000000001,77.5403,71.15755,77,False
demo,D01,79,1.655135,24,2989.858019,3.412959,,,1.997906,,28.000303,,,,1.650467,,,,,,,,,,0.053846,0.163341,synthetic,False,2.0,82.75675,17.243250000000003,0.5063999999999993,0.22780500000000076,0.21939399999999978,0.22035200000000002,,,,144.106705,0.0,0.0,72.0533525,-0.18050212121212164,-0.22225323076923154,27.9692238,27.923091359999997,,2.004006,92.0,13.0,81.3555,80.70389999999999,76.80415,70.82845,78,False
demo,D01,80,1.655205,24,2970.246511,3.403713,,,2.003905,,28.082701,,,,1.654629,,,,,,,,,,0.054004,0.16509,synthetic,False,2.0,82.76025,17.23975,-0.003500000000002501,0.17266499999999924,0.20857199999999979,0.2264590000000001,,,,145.761334,0.0,0.0,72.880667,-0.19182424242424723,-0.2234913461538463,27.9796761,27.94205424,,2.0059644,92.0,12.0,81.6322,80.53960000000001,76.7875,70.74615,79,False
demo,D01,81,1.643959,24,2942.615653,3.406703,,,2.014012,,27.809138,,,,1.64156,,,,,,,,,,0.052938,0.164427,synthetic,False,2.0,82.19794999999999,17.80205000000001,0.5623000000000076,0.21087500000000148,0.22675200000000076,0.2314700000000002,,,,147.402894,0.0,0.0,73.701447,-0.22490151515151446,-0.22698692307692378,27.9826484,27.93279136,,2.0061047000000003,92.0,11.0,81.1168,80.08015,76.32865,70.2064,80,False
demo,D01,82,1.641211,24,2955.057591,3.40225,,,2.001813,,28.085644,,,,1.642452,,,,,,,,,,0.054575,0.164683,synthetic,False,2.0,82.06054999999999,17.939450000000008,0.13739999999999952,0.20870000000000175,0.24479600000000004,0.21632000000000035,,,,149.045346,0.0,0.0,74.522673,-0.25052272727272734,-0.22425319230769228,27.971150799999997,27.935407,,2.0049181,92.0,10.0,81.0325,79.7521,76.27615,70.566,81,False
demo,D01,83,1.636551,24,2954.017094,3.402055,,,1.990886,,27.681469,,,,1.638032,,,,,,,,,,0.054792,0.163313,synthetic,False,2.0,81.82755,18.172449999999998,0.23299999999998988,0.2521249999999995,0.21707599999999957,0.21504999999999996,,,,150.683378,0.0,0.0,75.341689,-0.2501393939393938,-0.22822261538461558,27.923858799999998,27.923520720000003,,2.0048589,92.0,9.0,80.94375000000001,79.62415,76.3938,70.06445,82,False
demo,D01,84,1.62711,24,2944.592755,3.406487,,,2.008244,,28.393381,,,,1.628154,,,,,,,,,,0.055165,0.160721,synthetic,False,2.0,81.3555,18.644499999999994,0.47204999999999586,0.266279999999999,0.2492399999999998,0.22893699999999995,,,,152.311532,0.0,0.0,76.155766,-0.26697696969697216,-0.22905438461538546,27.969243,27.938794439999995,,2.003454,92.0,8.0,80.70389999999999,78.91055,75.38705,69.44525,83,False
demo,D01,85,1.632644,24,2943.311296,3.403926,,,2.009212,,28.363021,,,,1.633423,,,,,,,,,,0.054203,0.160063,synthetic,False,2.0,81.6322,18.367800000000003,-0.27669999999999106,0.23260500000000092,0.19761599999999988,0.22233900000000006,,,,153.944955,0.0,0.0,76.9724775,-0.2404487878787826,-0.23267792307692212,28.0237428,27.95423824,,2.0033797,92.0,7.0,80.53960000000001,78.7509,75.79875,69.3369,84,False
demo,D01,86,1.622336,24,2916.947904,3.409751,,,2.006547,,28.003367,,,,1.627455,,,,,,,,,,0.05514,0.167066,synthetic,False,2.0,81.1168,18.883200000000002,0.5153999999999996,0.22813000000000017,0.2256479999999999,0.221036,,,,155.57241,0.0,0.0,77.786205,-0.25118212121212025,-0.23540469230769429,28.010563100000002,27.9381318,,2.0030633,92.0,6.0,80.08015,79.6862,75.5026,69.49035,85,False
demo,D01,87,1.62065,24,2909.353428,3.400652,,,2.007455,,28.159889,,,,1.617189,,,,,,,,,,0.051913,0.164344,synthetic,False,2.0,81.0325,18.9675,0.08429999999999893,0.23161500000000074,0.226216,0.21420199999999995,,,,157.189599,0.0,0.0,78.5947995,-0.2421581818181858,-0.23527123076923012,28.021898600000004,27.949423799999998,,2.0037808,92.0,5.0,79.7521,78.42145000000001,75.01554999999999,69.40214999999999,86,False
demo,D01,88,1.618875,24,2914.074839,3.406357,,,1.997291,,27.469207,,,,1.618697,,,,,,,,,,0.053493,0.163457,synthetic,False,2.0,80.94375000000001,19.05624999999999,0.08874999999999034,0.23193999999999876,0.2260559999999998,0.2118969999999999,,,,158.80829599999998,0.0,0.0,79.40414799999999,-0.2156006060606039,-0.23253419230769176,28.004812000000005,27.93517708,,2.0037271,92.0,4.0,79.62415,78.60780000000001,74.52215,69.50385,87,False
demo,D01,89,1.614078,24,2902.73191,3.402149,,,1.99071,,27.789796,,,,1.617734,,,,,,,,,,0.052992,0.165462,synthetic,False,2.0,80.70389999999999,19.29610000000001,0.23985000000001833,0.20528500000000066,0.2283420000000001,0.22136100000000028,,,,160.42603,0.0,0.0,80.213015,-0.20777181818181814,-0.22949092307692337,27.983761300000005,27.93799916,,2.0030075,92.0,3.0,78.91055,77.98315,74.7395,69.5328,88,False
demo,D01,90,1.610792,24,2890.5969,3.404532,,,1.991318,,28.010367,,,,1.614866,,,,,,,,,,0.054011,0.167953,synthetic,False,2.0,80.53960000000001,19.460399999999993,0.16429999999998302,0.2220649999999992,0.2513319999999999,0.22100899999999996,,,,162.040896,0.0,0.0,81.020448,-0.18378848484848284,-0.21946857692307714,27.976527899999997,27.95292396,,2.0017488,92.0,2.0,78.7509,77.9079,74.3205,68.53645,89,False
demo,D01,91,1.601603,24,2900.604998,3.398412,,,1.983645,,27.829562,,,,1.597049,,,,,,,,,,0.053413,0.166477,synthetic,False,2.0,80.08015,19.919849999999997,0.4594500000000039,0.21177999999999883,0.22290999999999997,0.22479500000000002,,,,163.637945,0.0,0.0,81.8189725,-0.1954357575757562,-0.2205540000000011,27.9785703,27.96133464,,1.9987120999999999,92.0,1.0,79.6862,78.17735,74.31035,67.8684,90,False
demo,D01,92,1.595042,24,2886.450958,3.399182,,,2.002369,,28.286037,,,,1.594045,,,,,,,,,,0.053883,0.16423,synthetic,False,2.0,79.7521,20.2479,0.3280500000000046,0.23084499999999936,0.22581200000000023,0.21989099999999978,,,,165.23199,0.0,0.0,82.615995,-0.20846636363636128,-0.22293584615384626,27.998609599999998,27.984141,,1.9987677000000001,92.0,0.0,78.42145000000001,77.4466,74.008,67.2785,91,False
demo,D01,93,1.592483,24,2876.239126,3.398598,,,1.999166,,28.610599,,,,1.596809,,,,,,,,,,0.055957,0.16998,synthetic,False,2.0,79.62415,20.37585,0.12794999999999845,0.2203400000000002,0.23790400000000034,0.223613,,,,166.828799,0.0,0.0,83.4143995,-0.21602818181818165,-0.22041273076923049,28.0915226,28.01195784,,1.9995957,92.0,,78.60780000000001,77.5403,74.2425,67.75099999999999,92,False
demo,D01,94,1.578211,24,2832.931321,3.393932,,,1.9956,,27.83853,,,,1.579814,,,,,,,,,,0.054048,0.171609,synthetic,False,2.0,78.91055,21.08945,0.7135999999999996,0.24449500000000057,0.24497000000000013,0.23296099999999995,,,,168.408613,0.0,0.0,84.2043065,-0.26727575757575955,-0.22527111538461536,28.0360375,28.004197839999996,,1.9983312999999998,92.0,,77.98315,76.80415,73.4504,67.179,93,False
demo,D01,95,1.575018,24,2842.304559,3.399526,,,1.970444,,27.928107,,,,1.575633,,,,,,,,,,0.054664,0.168483,synthetic,False,2.0,78.7509,21.2491,0.15964999999999918,0.2881299999999996,0.2294399999999996,0.23252399999999995,,,,169.984246,0.0,0.0,84.992123,-0.27914909090908896,-0.23237123076923127,27.9925461,28.002195,,1.9944544999999998,92.0,,77.9079,76.7875,72.975,67.0502,94,False
demo,D01,96,1.593724,24,2874.207802,3.401816,,,1.987527,,28.168276,,,,1.59303,,,,,,,,,,0.05383,0.169172,synthetic,False,2.0,79.6862,20.3138,-0.935299999999998,0.14305999999999983,0.1848200000000003,0.21348399999999998,,,,171.577276,0.0,0.0,85.788638,-0.23944121212121144,-0.22822750000000053,28.009037,28.017749440000003,,1.9925525,92.0,,78.17735,76.32865,73.0954,66.7428,95,False
demo,D01,97,1.568429,24,2826.919707,3.398428,,,2.011208,,28.550136,,,,1.567225,,,,,,,,,,0.054391,0.170989,synthetic,False,2.0,78.42145000000001,21.578549999999993,1.2647499999999923,0.26110499999999914,0.2290440000000001,0.2306329999999997,,,,173.14450100000002,0.0,0.0,86.57225050000001,-0.2569990909090926,-0.23379565384615425,28.048061699999998,28.03173008,,1.9929278,92.0,,77.4466,76.27615,72.86685,66.63544999999999,96,False
demo,D01,98,1.572156,24,2840.490132,3.402667,,,1.993354,,27.836172,,,,1.573062,,,,,,,,,,0.054284,0.170504,synthetic,False,2.0,78.60780000000001,21.39219999999999,-0.18635000000000446,0.2335949999999997,0.22963999999999943,0.22536899999999974,,,,174.717563,0.0,0.0,87.3587815,-0.23865999999999615,-0.23122646153846105,28.0847582,28.019001399999997,,1.9925340999999999,92.0,,77.5403,76.3938,72.96755,66.74849999999999,97,False
demo,D01,99,1.559663,24,2812.744508,3.400755,,,2.003606,,28.222765,,,,1.558876,,,,,,,,,,0.054852,0.169456,synthetic,False,2.0,77.98315,22.016850000000005,0.6246500000000168,0.2720749999999995,0.24140600000000006,0.2299170000000001,,,,176.276439,0.0,0.0,88.1382195,-0.24206818181818307,-0.23331211538461658,28.1280551,28.030330439999997,,1.9938237,92.0,,76.80415,75.38705,72.5689,66.22645,98,False
demo,D01,100,1.558158,24,2810.911567,3.39327,,,1.986093,,28.618087,,,,1.558026,,,,,,,,,,0.055584,0.169469,synthetic,False,2.0,77.9079,22.092100000000002,0.07524999999999693,0.2631700000000009,0.24201400000000034,0.2284639999999999,,,,177.83446500000002,0.0,0.0,88.91723250000001,-0.22755545454545215,-0.232050461538461,28.188827099999997,28.062333000000002,,1.9933012,92.0,,76.7875,75.79875,72.1837,65.8821,99,False
demo,D01,101,1.563547,24,2819.76275,3.396936,,,2.014387,,27.741739,,,,1.563793,,,,,,,,,,0.056012,0.169017,synthetic,False,2.0,78.17735,21.822649999999996,-0.2694500000000062,0.19027999999999992,0.20882999999999982,0.22083300000000008,,,,179.39825800000003,0.0,0.0,89.69912900000001,-0.19707606060606123,-0.2292489615384608,28.180044799999997,28.046596,,1.9963754000000002,92.0,,76.32865,75.5026,72.27355,65.36905,100,False
demo,D01,102,1.548932,24,2790.928467,3.391122,,,1.99856,,27.856334,,,,1.546832,,,,,,,,,,0.05482,0.164751,synthetic,False,2.0,77.4466,22.553399999999996,0.7307500000000005,0.2305499999999995,0.2360820000000001,0.21861299999999972,,,,180.94509000000002,0.0,0.0,90.47254500000001,-0.2052615151515162,-0.22967138461538472,28.1370745,28.038988,,1.9959945000000001,92.0,,76.27615,75.01554999999999,71.23555,64.92710000000001,101,False
demo,D01,103,1.550806,24,2776.514036,3.393944,,,2.0029,,28.067889,,,,1.552456,,,,,,,,,,0.055081,0.17007,synthetic,False,2.0,77.5403,22.459699999999998,-0.09369999999999834,0.20838499999999982,0.22891399999999976,0.2457589999999999,,,,182.49754600000003,0.0,0.0,91.24877300000001,-0.18892060606060956,-0.22554384615384568,28.0828035,28.05610064,,1.9963678999999999,92.0,,76.3938,74.52215,71.15755,65.03305,102,False
demo,D01,104,1.536083,24,2765.643564,3.389611,,,2.023258,,28.065728,,,,1.545036,,,,,,,,,,0.053488,0.164489,synthetic,False,2.0,76.80415,23.195849999999993,0.736149999999995,0.21063999999999936,0.2381039999999996,0.22874899999999967,,,,184.04258200000004,0.0,0.0,92.02129100000002,-0.23504787878787675,-0.22887334615384544,28.105523299999998,28.05871764,,1.9991337000000002,92.0,,75.38705,74.7395,70.82845,64.9119,103,False
demo,D01,105,1.53575,24,2759.737104,3.398449,,,2.015164,,28.399526,,,,1.530292,,,,,,,,,,0.054555,0.166186,synthetic,False,2.0,76.7875,23.212500000000006,0.01665000000001271,0.1963400000000007,0.2389100000000002,0.223741,,,,185.57287400000004,0.0,0.0,92.78643700000002,-0.2671945454545455,-0.22774261538461496,28.1526652,28.07139064,,2.0036057,92.0,,75.79875,74.3205,70.74615,65.20725,104,False
demo,D01,106,1.526573,24,2737.280929,3.392276,,,1.996934,,28.270556,,,,1.527562,,,,,,,,,,0.055675,0.172848,synthetic,False,2.0,76.32865,23.671350000000004,0.4588499999999982,0.33575500000000036,0.23477199999999981,0.23076200000000027,,,,187.10043600000003,0.0,0.0,93.55021800000002,-0.23821727272727436,-0.23187599999999986,28.162893199999996,28.08984736,,2.0045463999999997,92.0,,75.5026,74.31035,70.2064,64.46445,105,False
demo,D01,107,1.525523,24,2759.795507,3.389818,,,1.994068,,27.767975,,,,1.523203,,,,,,,,,,0.055611,0.1715,synthetic,False,2.0,76.27615,23.72385,0.052499999999994884,0.2145300000000006,0.23137599999999964,0.23808599999999985,,,,188.62363900000003,0.0,0.0,94.31181950000001,-0.2557227272727263,-0.23335315384615415,28.0846771,28.077140599999996,,2.0028324,92.0,,75.01554999999999,74.008,70.566,64.4684,106,False
demo,D01,108,1.527876,24,2764.44193,3.395759,,,1.996745,,28.337039,,,,1.52964,,,,,,,,,,0.054933,0.173347,synthetic,False,2.0,76.3938,23.6062,-0.11764999999999759,0.2214000000000013,0.21735000000000013,0.21721299999999985,,,,190.15327900000003,0.0,0.0,95.07663950000001,-0.2283839393939373,-0.23162476923076827,28.1347638,28.1033634,,2.0031715,92.0,,74.52215,74.2425,70.06445,63.771699999999996,107,False
demo,D01,109,1.507741,24,2724.999751,3.379785,,,2.005099,,28.094004,,,,1.507881,,,,,,,,,,0.055809,0.168875,synthetic,False,2.0,75.38705,24.612949999999998,1.0067499999999967,0.2596099999999993,0.23873800000000017,0.24398899999999998,,,,191.66116000000002,0.0,0.0,95.83058000000001,-0.2707657575757541,-0.23973015384615445,28.121887700000002,28.09138832,,2.0033208,92.0,,74.7395,73.4504,69.44525,63.3136,108,False
demo,D01,110,1.515975,24,2730.844117,3.38144,,,1.998948,,28.544649,,,,1.518285,,,,,,,,,,0.055331,0.165904,synthetic,False,2.0,75.79875,24.20125,-0.4116999999999962,0.21091499999999996,0.23333799999999996,0.21547699999999992,,,,193.17944500000002,0.0,0.0,96.58972250000001,-0.26423999999999753,-0.23667711538461617,28.1145439,28.098653440000003,,2.0046063,92.0,,74.3205,72.975,69.3369,63.1268,109,False
demo,D01,111,1.510052,24,2729.106785,3.39194,,,1.996048,,28.078025,,,,1.513602,,,,,,,,,,0.0561,0.168877,synthetic,False,2.0,75.5026,24.4974,0.29614999999999725,0.2674750000000003,0.22456799999999988,0.2251079999999999,,,,194.693047,0.0,0.0,97.3465235,-0.23033909090908974,-0.23702450000000022,28.148172499999998,28.101639759999998,,2.0027724,92.0,,74.31035,73.0954,69.49035,62.945750000000004,110,False
demo,D01,112,1.500311,24,2700.657473,3.387781,,,2.014672,,28.09038,,,,1.500888,,,,,,,,,,0.055286,0.170294,synthetic,False,2.0,75.01554999999999,24.98445000000001,0.48705000000001064,0.24310500000000132,0.24067800000000034,0.23344700000000018,,,,196.193935,0.0,0.0,98.0969675,-0.23930000000000087,-0.2383921153846163,28.1715771,28.098859400000002,,2.0043835999999997,92.0,,74.008,72.86685,69.40214999999999,63.548550000000006,111,False
demo,D01,113,1.490443,24,2684.430226,3.387307,,,1.998858,,28.399618,,,,1.493818,,,,,,,,,,0.05474,0.170619,synthetic,False,2.0,74.52215,25.477850000000004,0.49339999999999407,0.30181500000000056,0.2568640000000005,0.24146000000000015,,,,197.68775300000001,0.0,0.0,98.84387650000001,-0.23945969696969766,-0.24057326923077027,28.20475,28.13607584,,2.0039794,92.0,,74.2425,72.96755,69.50385,62.40995,112,False
demo,D01,114,1.49479,24,2681.794989,3.381543,,,2.022996,,28.448547,,,,1.487781,,,,,,,,,,0.055388,0.173609,synthetic,False,2.0,74.7395,25.260499999999993,-0.21735000000001037,0.20646500000000004,0.23857599999999934,0.23345899999999972,,,,199.17553400000003,0.0,0.0,99.58776700000001,-0.24025696969696497,-0.23820692307692337,28.2430319,28.16242588,,2.0039532,92.0,,73.4504,72.5689,69.5328,62.653999999999996,113,False
demo,D01,115,1.48641,24,2678.725298,3.385708,,,2.000907,,28.382409,,,,1.491139,,,,,,,,,,0.052205,0.16946,synthetic,False,2.0,74.3205,25.679500000000004,0.41900000000001114,0.24669999999999986,0.24876400000000046,0.25004800000000016,,,,200.66667300000003,0.0,0.0,100.33333650000002,-0.23999272727273036,-0.2367632692307692,28.2413202,28.17730756,,2.0025275000000002,92.0,,72.975,72.1837,68.53645,61.87735,114,False
demo,D01,116,1.486207,24,2675.657957,3.39379,,,2.017853,,27.84929,,,,1.487322,,,,,,,,,,0.055521,0.171608,synthetic,False,2.0,74.31035,25.68965,0.010149999999995885,0.20182999999999965,0.23079200000000014,0.22685100000000005,,,,202.15399500000004,0.0,0.0,101.07699750000002,-0.24096909090909044,-0.23522388461538332,28.1991936,28.17809668,,2.0046194,92.0,,73.0954,72.27355,67.8684,62.17315,115,False
demo,D01,117,1.48016,24,2653.875761,3.388317,,,2.003573,,28.414269,,,,1.483351,,,,,,,,,,0.05155,0.167828,synthetic,False,2.0,74.008,25.992000000000004,0.3023500000000041,0.22681500000000057,0.22976400000000013,0.22778800000000018,,,,203.63734600000004,0.0,0.0,101.81867300000002,-0.2374730303030339,-0.23531761538461576,28.263823000000002,28.18322596,,2.0055699000000002,92.0,,72.86685,71.23555,67.2785,61.75429999999999,116,False
demo,D01,118,1.48485,24,2672.319812,3.386285,,,2.00963,,28.014148,,,,1.481228,,,,,,,,,,0.053428,0.171957,synthetic,False,2.0,74.2425,25.757499999999993,-0.23450000000001125,0.2151299999999992,0.21526599999999974,0.22658500000000004,,,,205.11857400000002,0.0,0.0,102.55928700000001,-0.18584999999999796,-0.23010769230769174,28.2315339,28.15936792,,2.0068583999999996,92.0,,72.96755,71.15755,67.75099999999999,61.3367,117,False
demo,D01,119,1.469008,24,2643.581234,3.38187,,,1.992754,,28.355308,,,,1.466567,,,,,,,,,,0.055762,0.171249,synthetic,False,2.0,73.4504,26.549599999999998,0.7921000000000049,0.19366500000000003,0.21840599999999996,0.23168800000000003,,,,206.58514100000002,0.0,0.0,103.29257050000001,-0.21847272727273112,-0.23520573076923082,28.2576643,28.18003904,,2.0056239000000002,92.0,,72.5689,70.82845,67.179,61.11600000000001,118,False
demo,D01,120,1.4595,24,2641.267953,3.380859,,,1.991462,,27.954816,,,,1.459926,,,,,,,,,,0.055883,0.169371,synthetic,False,2.0,72.975,27.025000000000006,0.4754000000000076,0.2823750000000004,0.2310360000000003,0.23023799999999994,,,,208.04506700000002,0.0,0.0,104.02253350000001,-0.22610515151515045,-0.24208846153846203,28.198681,28.181107400000002,,2.0048752999999997,92.0,,72.1837,70.74615,67.0502,60.676050000000004,119,False
demo,D01,121,1.461908,24,2638.494087,3.374222,,,2.004597,,28.418718,,,,1.461858,,,,,,,,,,0.054218,0.170816,synthetic,False,2.0,73.0954,26.904600000000002,-0.12040000000000362,0.24072000000000032,0.2636320000000001,0.22422600000000018,,,,209.50692500000002,0.0,0.0,104.75346250000001,-0.21268636363636498,-0.2340638076923074,28.2327503,28.191125080000003,,2.0057302,92.0,,72.27355,70.2064,66.7428,,120,False
demo,D01,122,1.457337,24,2623.297148,3.383198,,,2.009886,,28.112344,,,,1.458162,,,,,,,,,,0.054715,0.171154,synthetic,False,2.0,72.86685,27.13315,0.22854999999999848,0.2148699999999991,0.2221840000000003,0.2256140000000002,,,,210.965087,0.0,0.0,105.4825435,-0.21502575757575734,-0.23572649999999978,28.234946700000002,28.173613400000004,,2.0052516000000002,92.0,,71.23555,70.566,66.63544999999999,,121,False
demo,D01,123,1.459351,24,2628.791604,3.385801,,,2.000403,,27.990315,,,,1.462516,,,,,,,,,,0.056777,0.170816,synthetic,False,2.0,72.96755,27.032449999999997,-0.10070000000000334,0.15545999999999935,0.22561000000000037,0.22762499999999988,,,,212.427603,0.0,0.0,106.2138015,-0.21872090909091124,-0.2303233846153844,28.1940164,28.17977912,,2.0054061,92.0,,71.15755,70.06445,66.74849999999999,,122,False
demo,D01,124,1.451378,24,2612.826551,3.37512,,,1.987136,,28.501388,,,,1.446254,,,,,,,,,,0.055002,0.177259,synthetic,False,2.0,72.5689,27.4311,0.3986500000000035,0.21706000000000075,0.21656999999999982,0.22898799999999994,,,,213.87385700000002,0.0,0.0,106.93692850000001,-0.21082696969696918,-0.23050796153846037,28.1993005,28.19092404,,2.0018200999999998,92.0,,70.82845,69.44525,66.22645,,123,False
demo,D01,125,1.443674,24,2597.030538,3.377814,,,1.986397,,28.394901,,,,1.446485,,,,,,,,,,0.057806,0.171958,synthetic,False,2.0,72.1837,27.8163,0.38519999999999754,0.21367999999999937,0.22896799999999984,0.2354910000000001,,,,215.320342,0.0,0.0,107.660171,-0.2255669696969668,-0.23083592307692347,28.2005497,28.181996599999998,,2.0003691,92.0,,70.74615,69.3369,65.8821,,124,False
demo,D01,126,1.445471,24,2593.398707,3.376054,,,1.985729,,28.178299,,,,1.445495,,,,,,,,,,0.055543,0.171449,synthetic,False,2.0,72.27355,27.72645,-0.08984999999999843,0.20367999999999994,0.23615200000000017,0.222491,,,,216.765837,0.0,0.0,108.3829185,-0.21018212121212254,-0.2232367692307685,28.233450599999998,28.199459,,1.9971567000000001,92.0,,70.2064,69.49035,65.36905,,125,False
demo,D01,127,1.424711,24,2563.317369,3.374227,,,1.982324,,28.725728,,,,1.42413,,,,,,,,,,0.056161,0.166719,synthetic,False,2.0,71.23555,28.764449999999997,1.0379999999999967,0.2772449999999992,0.248442,0.24226200000000006,,,,218.189967,0.0,0.0,109.0949835,-0.24688363636363603,-0.22798526923076973,28.2645965,28.23423476,,1.9950318,92.0,,70.566,69.40214999999999,64.92710000000001,,126,False
demo,D01,128,1.423151,24,2555.937598,3.378108,,,2.001095,,28.255111,,,,1.418964,,,,,,,,,,0.057385,0.170391,synthetic,False,2.0,71.15755,28.84245,0.07800000000000296,0.30849500000000063,0.25531000000000004,0.2421119999999999,,,,219.60893099999998,0.0,0.0,109.80446549999999,-0.2386009090909064,-0.22773903846153862,28.2886928,28.24172364,,1.9941783000000002,92.0,,70.06445,69.50385,65.03305,,127,False
demo,D01,129,1.416569,24,2540.260428,3.368734,,,2.01125,,28.383173,,,,1.417994,,,,,,,,,,0.055965,0.172548,synthetic,False,2.0,70.82845,29.171549999999996,0.32909999999999684,0.26219499999999984,0.23902800000000013,0.23856599999999986,,,,221.02692499999998,0.0,0.0,110.51346249999999,-0.26368242424242244,-0.23298234615384614,28.2914793,28.25442144,,1.9960279,92.0,,69.44525,69.5328,64.9119,,128,False
demo,D01,130,1.414923,24,2550.767271,3.379322,,,1.999866,,28.444844,,,,1.408091,,,,,,,,,,0.054848,0.171346,synthetic,False,2.0,70.74615,29.25385,0.08230000000000359,0.22288499999999942,0.24165399999999976,0.240282,,,,222.435016,0.0,0.0,111.217508,-0.2931651515151495,-0.2345551538461538,28.340482099999996,28.256234159999998,,1.9968682999999998,92.0,,69.3369,68.53645,65.20725,,129,False
demo,D01,131,1.404128,24,2530.397623,3.378531,,,1.977396,,28.238891,,,,1.405949,,,,,,,,,,0.055849,0.17798,synthetic,False,2.0,70.2064,29.793599999999998,0.539749999999998,0.2888999999999996,0.24488999999999975,0.2398309999999998,,,,223.84096499999998,0.0,0.0,111.92048249999999,-0.31704575757575265,-0.24105157692307627,28.322499399999998,28.25496756,,1.9941482000000001,92.0,,69.49035,67.8684,64.46445,,130,False
demo,D01,132,1.41132,24,2526.758532,3.375411,,,1.998092,,28.500805,,,,1.407108,,,,,,,,,,0.055851,0.173052,synthetic,False,2.0,70.566,29.433999999999997,-0.35960000000000036,0.2300849999999997,0.22840599999999994,0.2298909999999998,,,,225.24807299999998,0.0,0.0,112.62403649999999,-0.3015303030303048,-0.24004419230769242,28.3613455,28.28428076,,1.9929687999999999,92.0,,69.40214999999999,67.2785,64.4684,,131,False
demo,D01,133,1.401289,24,2521.392272,3.365238,,,1.998372,,28.264703,,,,1.401439,,,,,,,,,,0.054622,0.177814,synthetic,False,2.0,70.06445,29.935550000000006,0.5015500000000088,0.2903100000000009,0.25317400000000023,0.23526200000000017,,,,226.649512,0.0,0.0,113.324756,-0.2787696969696965,-0.2380975769230763,28.388784299999998,28.281387320000004,,1.9927657,92.0,,69.50385,67.75099999999999,63.771699999999996,,132,False
demo,D01,134,1.388905,24,2507.497321,3.369627,,,2.02096,,28.313733,,,,1.388574,,,,,,,,,,0.055855,0.174629,synthetic,False,2.0,69.44525,30.55475,0.6191999999999922,0.3123649999999998,0.23767200000000002,0.2382050000000001,,,,228.038086,0.0,0.0,114.019043,-0.2811712121212101,-0.24706542307692242,28.370018800000004,28.29017648,,1.9961480999999999,92.0,,69.5328,67.179,63.3136,,133,False
demo,D01,135,1.386738,24,2504.059923,3.378274,,,1.985429,,28.760554,,,,1.389981,,,,,,,,,,0.05539,0.174642,synthetic,False,2.0,69.3369,30.6631,0.1083500000000015,0.28468000000000016,0.2584739999999999,0.24590599999999996,,,,229.428067,0.0,0.0,114.7140335,-0.2773003030303047,-0.24834580769230652,28.406584099999996,28.298812679999997,,1.9960513,92.0,,68.53645,67.0502,63.1268,,134,False
demo,D01,136,1.389807,24,2509.35183,3.362614,,,1.996093,,28.155143,,,,1.389311,,,,,,,,,,0.057026,0.174141,synthetic,False,2.0,69.49035,30.509649999999993,-0.15345000000000653,0.27831999999999935,0.2404899999999998,0.23252899999999982,,,,230.817378,0.0,0.0,115.408689,-0.22456272727272777,-0.2462005769230765,28.4042685,28.3018974,,1.9970877000000002,92.0,,67.8684,66.7428,62.945750000000004,,135,False
demo,D01,137,1.388043,24,2498.769779,3.372115,,,2.017059,,27.81474,,,,1.386116,,,,,,,,,,0.056154,0.17449,synthetic,False,2.0,69.40214999999999,30.597850000000008,0.08820000000001471,0.18334000000000117,0.22453599999999996,0.23260700000000015,,,,232.20349399999998,0.0,0.0,116.10174699999999,-0.2121003030303006,-0.24511519230769233,28.313169700000003,28.2908718,,2.0005612,92.0,,67.2785,66.63544999999999,63.548550000000006,,136,False
demo,D01,138,1.390077,24,2495.795725,3.36904,,,2.0045,,28.817618,,,,1.388669,,,,,,,,,,0.055816,0.179553,synthetic,False,2.0,69.50385,30.49615,-0.10170000000000812,0.16537000000000007,0.20073199999999985,0.22879800000000017,,,,233.59216299999997,0.0,0.0,116.79608149999999,-0.1770675757575749,-0.24370703846153927,28.369420400000003,28.3075918,,2.0009017,92.0,,67.75099999999999,66.74849999999999,62.40995,,137,False
demo,D01,139,1.390656,24,2495.042529,3.37705,,,2.005633,,29.051348,,,,1.394196,,,,,,,,,,0.055987,0.167415,synthetic,False,2.0,69.5328,30.467200000000005,-0.028949999999994702,0.1295650000000009,0.20826800000000048,0.2234219999999999,,,,234.98635899999996,0.0,0.0,117.49317949999998,-0.14235090909091278,-0.23599792307692216,28.436237900000002,28.33170384,,2.00034,92.0,,67.179,66.22645,62.653999999999996,,138,False
demo,D01,140,1.370729,24,2469.862531,3.368641,,,2.001146,,28.34259,,,,1.372199,,,,,,,,,,0.056516,0.169166,synthetic,False,2.0,68.53645,31.463549999999998,0.9963499999999925,0.2209699999999998,0.23136199999999973,0.2400630000000001,,,,236.35855799999996,0.0,0.0,118.17927899999998,-0.15176242424242192,-0.23767073076923026,28.426012500000002,28.330111080000002,,2.000468,92.0,,67.0502,65.8821,61.87735,,139,False
demo,D01,141,1.357368,24,2446.043155,3.371287,,,2.003299,,27.979738,,,,1.356322,,,,,,,,,,0.057043,0.174076,synthetic,False,2.0,67.8684,32.131600000000006,0.668050000000008,0.2338000000000008,0.25767800000000024,0.24423500000000017,,,,237.71487999999997,0.0,0.0,118.85743999999998,-0.20681212121212497,-0.24116238461538417,28.400097200000005,28.335329,,2.0030583,92.0,,66.7428,65.36905,62.17315,,140,False
demo,D01,142,1.34557,24,2431.380537,3.370458,,,2.007776,,28.404023,,,,1.344934,,,,,,,,,,0.055545,0.176221,synthetic,False,2.0,67.2785,32.721500000000006,0.5899000000000001,0.3287500000000009,0.2691800000000001,0.24947200000000008,,,,239.05981399999996,0.0,0.0,119.52990699999998,-0.241725454545455,-0.24816742307692335,28.390419,28.33491916,,2.0040267,92.0,,66.63544999999999,64.92710000000001,61.75429999999999,,141,False
demo,D01,143,1.35502,24,2447.084124,3.376722,,,1.991905,,28.395915,,,,1.350773,,,,,,,,,,0.055408,0.17787,synthetic,False,2.0,67.75099999999999,32.24900000000001,-0.4724999999999966,0.2313450000000003,0.25966000000000067,0.2374630000000002,,,,240.41058699999996,0.0,0.0,120.20529349999998,-0.24445424242424818,-0.24328938461538452,28.403540200000002,28.350189840000002,,2.00338,92.0,,66.74849999999999,65.03305,61.3367,,142,False
demo,D01,144,1.34358,24,2417.485172,3.367136,,,2.008781,,28.437149,,,,1.344624,,,,,,,,,,0.057669,0.177676,synthetic,False,2.0,67.179,32.821,0.5719999999999885,0.22662499999999994,0.25085599999999997,0.23463099999999998,,,,241.75521099999997,0.0,0.0,120.87760549999999,-0.29162121212121145,-0.24661888461538514,28.4158818,28.353463480000002,,2.0021621,92.0,,66.22645,64.9119,61.11600000000001,,143,False
demo,D01,145,1.341004,24,2404.797507,3.36913,,,1.98627,,28.210147,,,,1.336284,,,,,,,,,,0.056178,0.175207,synthetic,False,2.0,67.0502,32.949799999999996,0.12879999999999825,0.22866999999999962,0.23699199999999962,0.23401399999999994,,,,243.09149499999998,0.0,0.0,121.54574749999999,-0.3255672727272713,-0.25106715384615375,28.3608411,28.363676719999997,,2.0022462,92.0,,65.8821,65.20725,60.676050000000004,,144,False
demo,D01,146,1.334856,24,2400.440013,3.360917,,,2.003284,,28.642607,,,,1.336863,,,,,,,,,,0.055235,0.179663,synthetic,False,2.0,66.7428,33.2572,0.30740000000000123,0.2747550000000004,0.25410399999999983,0.25886799999999993,,,,244.42835799999997,0.0,0.0,122.21417899999999,-0.3383330303030284,-0.2525914230769234,28.409587499999997,28.372632279999998,,2.0029653,92.0,,65.36905,64.46445,,,145,False
demo,D01,147,1.332709,24,2400.440097,3.37135,,,2.001787,,28.632063,,,,1.333052,,,,,,,,,,0.057117,0.179782,synthetic,False,2.0,66.63544999999999,33.36455000000001,0.10735000000001094,0.27667,0.2492560000000003,0.23572000000000032,,,,245.76140999999998,0.0,0.0,122.88070499999999,-0.32953060606061074,-0.2525054999999994,28.491319799999996,28.39342104,,2.0014381,92.0,,64.92710000000001,64.4684,,,146,False
demo,D01,148,1.33497,24,2401.488376,3.363829,,,1.993837,,28.123944,,,,1.341343,,,,,,,,,,0.057114,0.177153,synthetic,False,2.0,66.74849999999999,33.25150000000001,-0.1130500000000012,0.2755350000000007,0.2487620000000004,0.23718600000000037,,,,247.10275299999998,0.0,0.0,123.55137649999999,-0.2742460606060594,-0.24557565384615374,28.4219524,28.3987662,,2.0003718,92.0,,65.03305,63.771699999999996,,,147,False
demo,D01,149,1.324529,24,2380.019431,3.363323,,,1.999773,,28.688005,,,,1.321615,,,,,,,,,,0.055224,0.179907,synthetic,False,2.0,66.22645,33.77355,0.522049999999993,0.33063499999999946,0.253698,0.2351339999999999,,,,248.424368,0.0,0.0,124.212184,-0.21210878787878545,-0.24266734615384666,28.3856181,28.406230880000003,,1.9997858000000002,92.0,,64.9119,63.3136,,,148,False
demo,D01,150,1.317642,24,2373.555698,3.364616,,,1.993775,,29.036708,,,,1.317372,,,,,,,,,,0.057053,0.178112,synthetic,False,2.0,65.8821,34.117900000000006,0.3443500000000057,0.2654350000000008,0.2520640000000003,0.24051600000000006,,,,249.74174,0.0,0.0,124.87087,-0.1951006060606053,-0.24191084615384673,28.4550299,28.43190316,,1.9990487000000001,92.0,,65.20725,63.1268,,,149,False
demo,D01,151,1.307381,24,2349.728481,3.357171,,,1.989283,,28.581918,,,,1.312083,,,,,,,,,,0.057662,0.17602,synthetic,False,2.0,65.36905,34.63095,0.5130499999999927,0.24993499999999927,0.2761799999999999,0.25616600000000006,,,,251.053823,0.0,0.0,125.5269115,-0.21843969696970073,-0.24014430769230857,28.515247900000002,28.44804792,,1.9976471,92.0,,64.46445,62.945750000000004,,,150,False
demo,D01,152,1.298542,24,2332.971435,3.363233,,,1.996464,,28.467856,,,,1.301636,,,,,,,,,,0.057389,0.180152,synthetic,False,2.0,64.92710000000001,35.07289999999999,0.4419499999999914,0.2351399999999984,0.25233799999999973,0.2503899999999999,,,,252.355459,0.0,0.0,126.1777295,-0.2749166666666636,-0.24752615384615403,28.5216312,28.437733039999998,,1.9965159,92.0,,64.4684,63.548550000000006,,,151,False
demo,D01,153,1.300661,24,2343.377046,3.366452,,,1.98896,,28.513508,,,,1.29885,,,,,,,,,,0.057625,0.178305,synthetic,False,2.0,65.03305,34.96695,-0.10594999999999288,0.2717949999999988,0.2449799999999999,0.250145,,,,253.65430899999998,0.0,0.0,126.82715449999999,-0.2656127272727255,-0.24985734615384583,28.533390500000003,28.44806892,,1.9962214,92.0,,63.771699999999996,62.40995,,,152,False
demo,D01,154,1.298238,24,2334.011125,3.363452,,,2.003228,,28.706456,,,,1.29882,,,,,,,,,,0.055613,0.178074,synthetic,False,2.0,64.9119,35.0881,0.12115000000000009,0.2267099999999999,0.23666200000000004,0.23784500000000008,,,,254.953129,0.0,0.0,127.4765645,-0.26810545454545426,-0.251886692307692,28.560321199999997,28.461000239999997,,1.9956661,92.0,,63.3136,62.653999999999996,,,153,False
demo,D01,155,1.304145,24,2349.180264,3.356663,,,1.988499,,28.111114,,,,1.30415,,,,,,,,,,0.05729,0.182253,synthetic,False,2.0,65.20725,34.79275,-0.2953499999999991,0.18429500000000018,0.22155599999999992,0.23160499999999984,,,,256.257279,0.0,0.0,128.1286395,-0.23559484848485152,-0.24746153846154018,28.550417900000003,28.44765104,,1.995889,92.0,,63.1268,61.87735,,,154,False
demo,D01,156,1.289289,24,2322.622944,3.360666,,,2.00712,,28.607164,,,,1.290016,,,,,,,,,,0.056804,0.171076,synthetic,False,2.0,64.46445,35.53555,0.7428000000000026,0.22783500000000032,0.2296780000000001,0.23728399999999994,,,,257.54729499999996,0.0,0.0,128.77364749999998,-0.24175515151515373,-0.25102980769230643,28.546873600000005,28.462381960000002,,1.9962726,92.0,,62.945750000000004,62.17315,,,155,False
demo,D01,157,1.289368,24,2312.929398,3.364139,,,1.988185,,28.468332,,,,1.287566,,,,,,,,,,0.056624,0.174172,synthetic,False,2.0,64.4684,35.5316,-0.003950000000003229,0.2167049999999989,0.243904,0.23615499999999998,,,,258.834861,0.0,0.0,129.4174305,-0.22724030303030218,-0.2465487307692291,28.5305005,28.46108304,,1.9949123999999998,92.0,,63.548550000000006,61.75429999999999,,,156,False
demo,D01,158,1.275434,24,2292.466589,3.351917,,,1.994337,,29.048805,,,,1.275206,,,,,,,,,,0.058116,0.175421,synthetic,False,2.0,63.771699999999996,36.228300000000004,0.696700000000007,0.2976799999999997,0.25170999999999993,0.25244200000000006,,,,260.110067,0.0,0.0,130.0550335,-0.21692333333333255,-0.24882376923076885,28.6229866,28.492447119999998,,1.9949624,92.0,,62.40995,61.3367,,,157,False
demo,D01,159,1.266272,24,2289.120643,3.353985,,,1.993754,,28.557049,,,,1.262225,,,,,,,,,,0.058817,0.178259,synthetic,False,2.0,63.3136,36.6864,0.4580999999999946,0.2912849999999999,0.245266,0.24146900000000002,,,,261.372292,0.0,0.0,130.686146,-0.2303145454545478,-0.25667884615384645,28.609890999999998,28.50217976,,1.9943604999999998,92.0,,62.653999999999996,61.11600000000001,,,158,False
demo,D01,160,1.262536,24,2264.642992,3.361323,,,2.013251,,29.023167,,,,1.262878,,,,,,,,,,0.059169,0.178735,synthetic,False,2.0,63.1268,36.8732,0.18679999999999808,0.2755299999999991,0.24840399999999987,0.2534389999999999,,,,262.63517,0.0,0.0,131.317585,-0.24154424242424033,-0.26262507692307635,28.6085369,28.512684280000002,,1.9963080999999998,92.0,,61.87735,60.676050000000004,,,159,False
demo,D01,161,1.258915,24,2251.658462,3.358445,,,2.003303,,28.335692,,,,1.260049,,,,,,,,,,0.058726,0.175121,synthetic,False,2.0,62.945750000000004,37.054249999999996,0.18104999999999905,0.24232999999999977,0.2617840000000001,0.25113699999999994,,,,263.895219,0.0,0.0,131.9476095,-0.2634551515151529,-0.2639310384615373,28.583914299999996,28.51990624,,1.9977100999999997,92.0,,62.17315,,,,160,False
demo,D01,162,1.270971,24,2274.969693,3.360519,,,1.997883,,28.740358,,,,1.270393,,,,,,,,,,0.057181,0.176206,synthetic,False,2.0,63.548550000000006,36.451449999999994,-0.602800000000002,0.13785500000000042,0.23414399999999944,0.22933999999999968,,,,265.165612,0.0,0.0,132.582806,-0.252576060606057,-0.25552038461538445,28.6111645,28.55693096,,1.997852,92.0,,61.75429999999999,,,,161,False
demo,D01,163,1.248199,24,2246.955085,3.363463,,,2.004987,,28.707551,,,,1.244168,,,,,,,,,,0.057871,0.177489,synthetic,False,2.0,62.40995,37.59005,1.1386000000000038,0.2623100000000001,0.2837559999999999,0.24224399999999988,,,,266.40978,0.0,0.0,133.20489,-0.2800293939393928,-0.25210011538461496,28.630568800000002,28.55252828,,1.9994547,92.0,,61.3367,,,,162,False
demo,D01,164,1.25308,24,2255.753132,3.358509,,,1.978928,,28.403118,,,,1.255557,,,,,,,,,,0.058236,0.187249,synthetic,False,2.0,62.653999999999996,37.346000000000004,-0.24404999999999433,0.22579000000000066,0.27515199999999995,0.2417100000000002,,,,267.665337,0.0,0.0,133.8326685,-0.2704524242424213,-0.24068073076923038,28.600234999999998,28.526599079999997,,1.9970247,92.0,,61.11600000000001,,,,163,False
demo,D01,165,1.237547,24,2226.798126,3.357325,,,1.999569,,28.688029,,,,1.238449,,,,,,,,,,0.057746,0.185903,synthetic,False,2.0,61.87735,38.12265,0.7766499999999965,0.33299000000000023,0.2663640000000001,0.24886299999999992,,,,268.903786,0.0,0.0,134.451893,-0.256179696969696,-0.2411025384615381,28.657926500000002,28.54041664,,1.9981317,92.0,,60.676050000000004,,,,164,False
demo,D01,166,1.243463,24,2246.386155,3.366276,,,2.019975,,28.937935,,,,1.241657,,,,,,,,,,0.057696,0.179026,synthetic,False,2.0,62.17315,37.82685,-0.29579999999999984,0.22912999999999997,0.22780999999999976,0.242744,,,,270.145443,0.0,0.0,135.0727215,-0.2349300000000006,-0.2403519999999994,28.6910036,28.57874452,,1.9994172,92.0,,,,,,165,False
demo,D01,167,1.235086,24,2205.328979,3.353531,,,2.001323,,28.566423,,,,1.234393,,,,,,,,,,0.058473,0.179506,synthetic,False,2.0,61.75429999999999,38.24570000000001,0.41885000000000616,0.27141000000000093,0.22096800000000003,0.24507400000000004,,,,271.379836,0.0,0.0,135.689918,-0.20849000000000267,-0.24498580769230757,28.7008127,28.585240520000003,,2.0007309999999996,92.0,,,,,,166,False
demo,D01,168,1.226734,24,2210.743758,3.35015,,,2.000679,,28.236909,,,,1.223052,,,,,,,,,,0.057673,0.177483,synthetic,False,2.0,61.3367,38.6633,0.4175999999999931,0.24349999999999952,0.2565719999999996,0.2581160000000001,,,,272.602888,0.0,0.0,136.301444,-0.2183766666666667,-0.2444999999999985,28.619623100000002,28.57888028,,2.0013652,92.0,,,,,,167,False
demo,D01,169,1.22232,24,2210.482593,3.354501,,,2.005481,,28.662129,,,,1.219813,,,,,,,,,,0.057048,0.175383,synthetic,False,2.0,61.11600000000001,38.88399999999999,0.22069999999999368,0.21975999999999943,0.24251999999999982,0.2466879999999999,,,,273.822701,0.0,0.0,136.9113505,-0.2413263636363597,-0.2468373461538465,28.6301311,28.58787948,,2.0025379,92.0,,,,,,168,False
demo,D01,170,1.213521,24,2176.94745,3.353446,,,2.008956,,28.454113,,,,1.212216,,,,,,,,,,0.05745,0.181109,synthetic,False,2.0,60.676050000000004,39.323949999999996,0.43995000000000317,0.24507499999999993,0.254966,0.2459789999999998,,,,275.034917,0.0,0.0,137.5174585,-0.2740890909090887,-0.24985992307692306,28.573225700000002,28.597638120000003,,2.0021084,92.0,,,,,,169,False
demo,D02,1,1.931889,24,3493.792346,3.443775,,,1.99928,,27.739413,,,,1.92977,,,,,,,,,,0.050139,0.150139,synthetic,False,2.0,96.59445,3.405550000000005,,,,,,,,1.92977,0.0,0.0,0.964885,,,,,,,75.0,74.0,96.0511,94.36135,91.3657,85.3859,0,True
demo,D02,2,1.935739,24,3500.74157,3.434593,,,2.012597,,27.777916,,,,1.935899,,,,,,,,,,0.051791,0.155142,synthetic,False,2.0,96.78695,3.2130499999999955,-0.19250000000000966,,,,,,,3.865669,0.0,0.0,1.9328345,,,,,,,75.0,73.0,95.4213,95.53625,91.0128,85.5733,1,True
demo,D02,3,1.943698,24,3488.182036,3.440252,,,1.99881,,27.351684,,,,1.943459,,,,,,,,,,0.051105,0.148916,synthetic,False,2.0,97.1849,2.815100000000001,-0.3979499999999945,,,,,,,5.809128,0.0,0.0,2.904564,0.29522499999999463,0.29522499999999463,27.62300433333333,27.62300433333333,,2.0035623333333334,75.0,72.0,94.90079999999999,94.1657,90.2759,85.1788,2,True
demo,D02,4,1.925444,24,3462.136587,3.436386,,,1.991102,,27.362048,,,,1.928156,,,,,,,,,,0.05099,0.155488,synthetic,False,2.0,96.2722,3.727800000000002,0.912700000000001,0.1074166666666656,0.1074166666666656,0.1074166666666656,,,,7.737284000000001,0.0,0.0,3.8686420000000004,-0.05688000000000184,-0.05688000000000184,27.55776525,27.55776525,,2.0004472499999997,75.0,71.0,94.74719999999999,94.80085,90.92179999999999,84.75675,3,True
demo,D02,5,1.919045,24,3459.25847,3.4323,,,1.995078,,27.630634,,,,1.91511,,,,,,,,,,0.050955,0.156797,synthetic,False,2.0,95.95224999999999,4.047750000000008,0.31995000000000573,0.16055000000000064,0.16055000000000064,0.16055000000000064,,,,9.652394000000001,0.0,0.0,4.8261970000000005,-0.1799150000000049,-0.1799150000000049,27.572339,27.572339,,1.9993734,75.0,70.0,94.79005000000001,93.34915000000001,91.0897,84.3243,4,True
demo,D02,6,1.921022,24,3484.105023,3.440596,,,2.002009,,27.661718,,,,1.92493,,,,,,,,,,0.050615,0.153792,synthetic,False,2.0,96.0511,3.9488999999999947,-0.09885000000001298,0.10866999999999791,0.10866999999999791,0.10866999999999791,,,,11.577324,0.0,0.0,5.788662,-0.17524428571428582,-0.17524428571428582,27.587235500000002,27.587235500000002,,1.9998126666666665,75.0,69.0,94.36135,93.71255,89.96549999999999,84.35979999999999,5,False
demo,D02,7,1.908426,24,3450.420413,3.429582,,,1.996265,,27.173283,,,,1.910206,,,,,,,,,,0.051961,0.153134,synthetic,False,2.0,95.4213,4.578699999999998,0.629800000000003,0.19552499999999876,0.19552499999999876,0.19552499999999876,,,,13.487530000000001,0.0,0.0,6.743765000000001,-0.22227857142856663,-0.22227857142856663,27.52809942857143,27.52809942857143,,1.9993058571428572,75.0,68.0,95.53625,93.09315000000001,90.07625,83.96545,6,False
demo,D02,8,1.898016,24,3427.901995,3.431963,,,2.004853,,27.607899,,,,1.893017,,,,,,,,,,0.050154,0.15528,synthetic,False,2.0,94.90079999999999,5.09920000000001,0.5205000000000126,0.24195000000000075,0.24195000000000075,0.24195000000000075,,,,15.380547000000002,0.0,0.0,7.690273500000001,-0.26672797619047184,-0.26672797619047184,27.538074375,27.538074375,,1.9999992500000001,75.0,67.0,94.1657,93.06265,89.63155,84.2805,7,False
demo,D02,9,1.894944,24,3406.931661,3.434719,,,2.005228,,27.661102,,,,1.899524,,,,,,,,,,0.049429,0.145618,synthetic,False,2.0,94.74719999999999,5.252800000000008,0.1535999999999973,0.2309062500000003,0.2309062500000003,0.2309062500000003,,,,17.280071000000003,0.0,0.0,8.640035500000002,-0.27992916666667167,-0.27992916666667167,27.551744111111113,27.551744111111113,,2.000580222222222,75.0,66.0,94.80085,93.03139999999999,89.41584999999999,83.744,8,False
demo,D02,10,1.895801,24,3403.399967,3.43365,,,2.00889,,27.602511,,,,1.904272,,,,,,,,,,0.051656,0.155075,synthetic,False,2.0,94.79005000000001,5.209949999999992,-0.0428500000000156,0.20048888888888744,0.20048888888888744,0.20048888888888744,,,,19.184343000000002,0.0,0.0,9.592171500000001,-0.26904363636363815,-0.26904363636363815,27.556820800000004,27.556820800000004,,2.0014112,75.0,65.0,93.34915000000001,92.0688,89.5234,82.95275,9,False
demo,D02,11,1.887227,24,3405.04927,3.437489,,,2.014236,,27.465811,,,,1.891009,,,,,,,,,,0.051759,0.154171,synthetic,False,2.0,94.36135,5.638649999999998,0.4287000000000063,0.22330999999999931,0.22330999999999931,0.22330999999999931,,,,21.075352000000002,0.0,0.0,10.537676000000001,-0.3030515151515098,-0.2703631818181847,27.5294606,27.548547181818183,,2.0029068000000003,75.0,64.0,93.71255,92.6141,88.70655,83.30145,10,False
demo,D02,12,1.910725,24,3427.948503,3.440063,,,2.009959,,27.499029,,,,1.916178,,,,,,,,,,0.051373,0.153419,synthetic,False,2.0,95.53625,4.4637500000000045,-1.1748999999999938,0.1250700000000009,0.09619999999999994,0.09619999999999994,,,,22.99153,0.0,0.0,11.495765,-0.23307272727272965,-0.21553741258741638,27.5015719,27.544420666666667,,2.002643,75.0,63.0,93.09315000000001,92.8898,89.18825,82.62105,11,False
demo,D02,13,1.883314,24,3387.54118,3.43899,,,1.990658,,27.630813,,,,1.883636,,,,,,,,,,0.051575,0.156787,synthetic,False,2.0,94.1657,5.834299999999999,1.3705499999999944,0.3019199999999998,0.2023958333333328,0.2023958333333328,,,,24.875166,0.0,0.0,12.437583,-0.19616121212121232,-0.22047829670329902,27.5294848,27.55106623076923,,2.0018278,75.0,62.0,93.06265,91.95795,88.22015,82.43325,12,False
demo,D02,14,1.896017,24,3411.655562,3.440012,,,1.990965,,27.678674,,,,1.889717,,,,,,,,,,0.050719,0.153935,synthetic,False,2.0,94.80085,5.199150000000003,-0.6351499999999959,0.1471350000000001,0.1379692307692306,0.1379692307692306,,,,26.764883,0.0,0.0,13.3824415,-0.14885545454545818,-0.1991374725274775,27.5611474,27.56018107142857,,2.0018141,75.0,61.0,93.03139999999999,91.94630000000001,88.2055,82.45295,13,False
demo,D02,15,1.866983,24,3376.628396,3.437936,,,1.999242,,27.850724,,,,1.860097,,,,,,,,,,0.052118,0.1519,synthetic,False,2.0,93.34915000000001,6.650849999999991,1.4516999999999882,0.2603099999999984,0.23180714285714185,0.23180714285714185,,,,28.62498,0.0,0.0,14.31249,-0.1842287878787856,-0.21658000000000202,27.5831564,27.5795506,,2.0022305000000005,75.0,60.0,92.0688,91.94945,88.74549999999999,81.96329999999999,14,False
demo,D02,16,1.874251,24,3370.061886,3.434274,,,1.995488,,27.958838,,,,1.875207,,,,,,,,,,0.051212,0.154606,synthetic,False,2.0,93.71255,6.287450000000007,-0.3633999999999844,0.2338550000000012,0.19212666666666678,0.19212666666666678,,,,30.500187,0.0,0.0,15.2500935,-0.16163757575757112,-0.21545742647058794,27.612868400000004,27.6032560625,,2.0015784,75.0,59.0,92.6141,91.3657,88.27055,82.13025,15,False
demo,D02,17,1.861863,24,3326.828497,3.433947,,,1.988617,,27.633619,,,,1.859658,,,,,,,,,,0.050894,0.155728,synthetic,False,2.0,93.09315000000001,6.9068499999999915,0.6193999999999846,0.23281499999999938,0.21883124999999914,0.21883124999999914,,,,32.359845,0.0,0.0,16.1799225,-0.18647242424242333,-0.22260747549019397,27.658902,27.60504211764706,,2.0008136,75.0,58.0,92.8898,91.0128,87.72485,81.38119999999999,16,False
demo,D02,18,1.861253,24,3355.325793,3.434703,,,1.995583,,27.594081,,,,1.857849,,,,,,,,,,0.051076,0.155895,synthetic,False,2.0,93.06265,6.937349999999995,0.030500000000003524,0.18381499999999845,0.20775294117647,0.20775294117647,,,,34.217694,0.0,0.0,17.108847,-0.21945090909090573,-0.2242547471620201,27.6575202,27.604433166666666,,1.9998866,75.0,57.0,91.95795,90.2759,87.17605,81.17855,17,False
demo,D02,19,1.860628,24,3342.10689,3.433145,,,1.995255,,27.818472,,,,1.860394,,,,,,,,,,0.053414,0.156061,synthetic,False,2.0,93.03139999999999,6.968600000000009,0.03125000000001421,0.17158000000000015,0.19794722222222244,0.19794722222222244,,,,36.078088,0.0,0.0,18.039044,-0.24209333333333566,-0.22238640350877104,27.673257200000002,27.61569836842105,,1.9988893,75.0,56.0,91.94630000000001,90.92179999999999,87.06155,80.91755,18,False
demo,D02,20,1.841376,24,3314.90102,3.428583,,,1.993282,,27.890647,,,,1.843643,,,,,,,,,,0.049851,0.159463,synthetic,False,2.0,92.0688,7.931200000000004,0.9625999999999948,0.27212500000000117,0.23819210526315784,0.23819210526315784,,,,37.921731,0.0,0.0,18.9608655,-0.2935869696969686,-0.23159966165413534,27.7020708,27.629445800000003,,1.9973285,75.0,55.0,91.94945,91.0897,87.00395,80.69454999999999,19,False
demo,D02,21,1.852282,24,3333.240606,3.430205,,,1.996842,,27.613027,,,,1.8469,,,,,,,,,,0.051977,0.152651,synthetic,False,2.0,92.6141,7.385900000000007,-0.5452999999999975,0.17472500000000082,0.19901750000000007,0.19901750000000007,,,,39.768631,0.0,0.0,19.8843155,-0.31093212121212277,-0.22833025974026427,27.716792399999996,27.628663952380954,,1.9955890999999997,75.0,54.0,91.3657,89.96549999999999,86.7543,80.9434,20,False
demo,D02,22,1.857796,24,3341.28637,3.428954,,,2.011785,,27.910905,,,,1.856128,,,,,,,,,,0.049743,0.156215,synthetic,False,2.0,92.8898,7.110200000000006,-0.2757000000000005,0.26464500000000013,0.1764119047619048,0.1764119047619048,,,,41.624759,0.0,0.0,20.8123795,-0.2137336363636374,-0.21989833427441915,27.757979999999996,27.64149309090909,,1.9957717000000001,75.0,53.0,91.0128,90.07625,86.47635,80.55125,21,False
demo,D02,23,1.839159,24,3318.336029,3.431581,,,2.001992,,27.986157,,,,1.844713,,,,,,,,,,0.0515,0.160303,synthetic,False,2.0,91.95795,8.042050000000003,0.9318499999999972,0.22077500000000044,0.2107499999999999,0.2107499999999999,,,,43.469471999999996,0.0,0.0,21.734735999999998,-0.22665515151515192,-0.22122134387351988,27.7935144,27.656478478260873,,1.9969051,75.0,52.0,90.2759,89.63155,86.2544,80.6241,22,False
demo,D02,24,1.838926,24,3294.844543,3.42949,,,2.024718,,28.064533,,,,1.834971,,,,,,,,,,0.051177,0.151239,synthetic,False,2.0,91.94630000000001,8.053699999999992,0.011649999999988836,0.2854549999999989,0.202093478260869,0.202093478260869,,,,45.304443,0.0,0.0,22.6522215,-0.17110818181818535,-0.2201443478260866,27.8321003,27.67348075,,2.0002804000000003,75.0,51.0,90.92179999999999,89.41584999999999,85.9589,80.5395,23,False
demo,D02,25,1.838989,24,3305.045429,3.427221,,,2.001705,,28.186097,,,,1.842188,,,,,,,,,,0.049525,0.156979,synthetic,False,2.0,91.94945,8.050550000000001,-0.0031499999999908823,0.13997000000000098,0.1935416666666665,0.1935416666666665,,,,47.146631,0.0,0.0,23.5733155,-0.177568787878786,-0.21724476923077116,27.865637599999996,27.693985400000003,,2.0005267,75.0,50.0,91.0897,89.5234,85.95795000000001,79.29765,24,False
demo,D02,26,1.827314,24,3295.9143,3.425765,,,1.997099,,27.542425,,,,1.825542,,,,,,,,,,0.052116,0.155151,synthetic,False,2.0,91.3657,8.634299999999996,0.5837499999999949,0.23468499999999892,0.20914999999999964,0.20914999999999964,,,,48.972173,0.0,0.0,24.4860865,-0.17467757575757348,-0.2211866153846155,27.823996299999997,27.68610588,,2.0006878,75.0,49.0,89.96549999999999,88.70655,85.3859,79.37525,25,False
demo,D02,27,1.820256,24,3270.424665,3.42269,,,2.000041,,27.773091,,,,1.822243,,,,,,,,,,0.051417,0.156078,synthetic,False,2.0,91.0128,8.987200000000001,0.3529000000000053,0.208035000000001,0.23096600000000023,0.214678846153846,,,,50.794416,0.0,0.0,25.397208,-0.20388212121211963,-0.22243888461538658,27.8379435,27.68591288,,2.0018301999999997,75.0,48.0,90.07625,89.18825,85.5733,78.74805,26,False
demo,D02,28,1.805518,24,3234.247102,3.429605,,,2.002565,,27.794542,,,,1.809481,,,,,,,,,,0.049846,0.155065,synthetic,False,2.0,90.2759,9.724100000000007,0.7369000000000057,0.2786750000000012,0.2763600000000002,0.23402037037037043,,,,52.603896999999996,0.0,0.0,26.301948499999998,-0.2500981818181797,-0.22207215384615475,27.857989600000003,27.7036272,,2.0025284,75.0,47.0,89.63155,88.22015,85.1788,78.61405,27,False
demo,D02,29,1.818436,24,3279.749835,3.427619,,,2.004353,,27.747828,,,,1.821132,,,,,,,,,,0.052655,0.156754,synthetic,False,2.0,90.92179999999999,9.07820000000001,-0.6458999999999975,0.21096000000000004,0.21401600000000032,0.20259464285714301,,,,54.425028999999995,0.0,0.0,27.212514499999997,-0.2293878787878796,-0.2195556538461535,27.8509252,27.719058400000005,,2.0034382,75.0,46.0,89.41584999999999,88.2055,84.75675,78.4043,28,False
demo,D02,30,1.821794,24,3290.278653,3.424273,,,2.020767,,27.604993,,,,1.825107,,,,,,,,,,0.053217,0.162652,synthetic,False,2.0,91.0897,8.910300000000007,-0.16790000000000305,0.09791000000000025,0.19450199999999995,0.18981896551724142,,,,56.250136,0.0,0.0,28.125068,-0.23812181818181816,-0.2145731153846154,27.822359799999997,27.718032759999996,,2.0061866999999998,75.0,45.0,89.5234,88.74549999999999,84.3243,78.02175,29,False
demo,D02,31,1.79931,24,3238.32154,3.428148,,,1.991547,,27.429644,,,,1.795166,,,,,,,,,,0.053497,0.154234,synthetic,False,2.0,89.96549999999999,10.034500000000008,1.1242000000000019,0.2648600000000002,0.24342400000000056,0.2209650000000001,,,,58.045302,0.0,0.0,29.022651,-0.2599545454545419,-0.21523888461538296,27.804021499999998,27.7087498,,2.0056572000000004,75.0,44.0,88.70655,88.27055,84.35979999999999,77.76849999999999,30,False
demo,D02,32,1.801525,24,3223.670099,3.422949,,,2.00859,,27.820882,,,,1.805538,,,,,,,,,,0.052344,0.15443,synthetic,False,2.0,90.07625,9.923749999999998,-0.11075000000001012,0.28135499999999924,0.21380200000000002,0.21026451612903205,,,,59.85084,0.0,0.0,29.92542,-0.22526212121212005,-0.2164991153846167,27.795019200000002,27.73465376,,2.0053376999999997,75.0,43.0,89.18825,87.72485,83.96545,77.7855,31,False
demo,D02,33,1.792631,24,3233.569157,3.418453,,,2.002078,,27.618965,,,,1.789574,,,,,,,,,,0.05212,0.154389,synthetic,False,2.0,89.63155,10.368449999999996,0.44469999999999743,0.23263999999999924,0.2107699999999994,0.2175906249999997,,,,61.640414,0.0,0.0,30.820207,-0.24284575757575746,-0.22295769230769177,27.7583,27.735096400000003,,2.0053463000000002,75.0,42.0,88.22015,87.17605,84.2805,77.2081,32,False
demo,D02,34,1.788317,24,3202.941318,3.427625,,,1.984289,,27.839023,,,,1.789245,,,,,,,,,,0.053445,0.16365,synthetic,False,2.0,89.41584999999999,10.584150000000008,0.21570000000001244,0.25304500000000163,0.21325400000000003,0.2175333333333334,,,,63.429659,0.0,0.0,31.7148295,-0.2447727272727253,-0.22889007692307556,27.735749,27.74221324,,2.0013034000000003,75.0,41.0,88.2055,87.06155,83.744,77.5697,33,False
demo,D02,35,1.790468,24,3225.828565,3.42166,,,2.007707,,27.615787,,,,1.791393,,,,,,,,,,0.053778,0.156994,synthetic,False,2.0,89.5234,10.476600000000005,-0.10755000000000337,0.24260500000000035,0.21066600000000052,0.2079720588235294,,,,65.221052,0.0,0.0,32.610526,-0.20995121212121143,-0.22930015384615246,27.678717999999996,27.742744279999997,,2.0019036,75.0,40.0,88.74549999999999,87.00395,82.95275,76.78525,34,False
demo,D02,36,1.774131,24,3184.934406,3.420131,,,2.012676,,27.563888,,,,1.775853,,,,,,,,,,0.053392,0.158958,synthetic,False,2.0,88.70655,11.293450000000007,0.8168500000000023,0.2659150000000011,0.22619200000000034,0.22536857142857147,,,,66.996905,0.0,0.0,33.4984525,-0.2291951515151548,-0.2374861153846137,27.680864300000003,27.746667359999996,,2.0034613,75.0,39.0,88.27055,86.7543,83.30145,77.64655,35,False
demo,D02,37,1.783765,24,3199.605451,3.423135,,,1.991428,,27.882927,,,,1.784967,,,,,,,,,,0.051221,0.157441,synthetic,False,2.0,89.18825,10.811750000000004,-0.48170000000000357,0.1824550000000002,0.25392,0.20572777777777773,,,,68.78187199999999,0.0,0.0,34.390935999999996,-0.21345909090908824,-0.22512676923077035,27.6918479,27.762023279999998,,2.0026,75.0,38.0,87.72485,86.47635,82.62105,76.411,36,False
demo,D02,38,1.764403,24,3171.715708,3.425121,,,1.999911,,27.891125,,,,1.761426,,,,,,,,,,0.052557,0.156591,synthetic,False,2.0,88.22015,11.779849999999996,0.9680999999999926,0.2055749999999989,0.2378219999999999,0.2263324324324322,,,,70.543298,0.0,0.0,35.271649,-0.2775393939393935,-0.2305261538461528,27.7015062,27.772435759999997,,2.0023346,75.0,37.0,87.17605,86.2544,82.43325,76.31035,37,False
demo,D02,39,1.76411,24,3173.652292,3.420594,,,1.982746,,27.998655,,,,1.759348,,,,,,,,,,0.052798,0.15873,synthetic,False,2.0,88.2055,11.7945,0.01465000000000316,0.271629999999999,0.2638139999999998,0.220761842105263,,,,72.302646,0.0,0.0,36.151323,-0.2744406060606078,-0.22513576923077014,27.726588899999996,27.785234999999997,,2.0001738999999996,75.0,36.0,87.06155,85.9589,82.45295,75.64205000000001,38,False
demo,D02,40,1.77491,24,3188.663428,3.417067,,,1.987412,,28.384101,,,,1.778007,,,,,,,,,,0.050441,0.166378,synthetic,False,2.0,88.74549999999999,11.254500000000007,-0.539999999999992,0.23442000000000007,0.18414600000000064,0.20125512820512825,,,,74.080653,0.0,0.0,37.0403265,-0.19776909090908795,-0.22420442307692492,27.8044997,27.80657008,,1.9968384000000001,75.0,35.0,87.00395,85.95795000000001,81.96329999999999,76.28395,39,False
demo,D02,41,1.765411,24,3183.352365,3.422852,,,2.01048,,27.921206,,,,1.766067,,,,,,,,,,0.052815,0.16356,synthetic,False,2.0,88.27055,11.72945,0.47494999999999266,0.16949499999999915,0.21767999999999973,0.20809749999999988,,,,75.84672,0.0,0.0,37.92336,-0.19353606060606052,-0.22048196153846253,27.8536559,27.8050648,,1.9987316999999998,75.0,34.0,86.7543,85.3859,82.13025,75.8491,40,False
demo,D02,42,1.754497,24,3153.867757,3.417372,,,1.995336,,27.989525,,,,1.75853,,,,,,,,,,0.054728,0.157261,synthetic,False,2.0,87.72485,12.275149999999996,0.5456999999999965,0.23513999999999982,0.2147320000000002,0.21633170731707296,,,,77.60525,0.0,0.0,38.802625,-0.19114030303030072,-0.2238045769230767,27.870520199999998,27.81930104,,1.9974063000000002,75.0,33.0,86.47635,85.5733,81.38119999999999,75.34305,41,False
demo,D02,43,1.743521,24,3147.566417,3.425492,,,1.988912,,27.615328,,,,1.743365,,,,,,,,,,0.053205,0.162202,synthetic,False,2.0,87.17605,12.823949999999996,0.5488,0.24555000000000007,0.23546400000000006,0.22424761904761883,,,,79.348615,0.0,0.0,39.6743075,-0.219823939393937,-0.2283685769230765,27.8701565,27.820150919999996,,1.9960897,75.0,32.0,86.2544,85.1788,81.17855,74.59025,42,False
demo,D02,44,1.741231,24,3136.859976,3.417649,,,2.002295,,27.566426,,,,1.736338,,,,,,,,,,0.054061,0.157856,synthetic,False,2.0,87.06155,12.938450000000003,0.11450000000000671,0.2354299999999995,0.23879399999999976,0.22169534883720926,,,,81.084953,0.0,0.0,40.5424765,-0.23936939393939027,-0.22977384615384666,27.8428968,27.81006908,,1.9978903,75.0,31.0,85.9589,84.75675,80.91755,74.7974,43,False
demo,D02,45,1.740079,24,3125.586991,3.40857,,,1.994776,,28.285589,,,,1.743441,,,,,,,,,,0.052782,0.155068,synthetic,False,2.0,87.00395,12.996049999999997,0.057599999999993656,0.2519449999999992,0.20259399999999972,0.2179659090909089,,,,82.828394,0.0,0.0,41.414197,-0.2263496969696974,-0.23674461538461575,27.909877,27.82586676,,1.9965972,75.0,30.0,85.95795000000001,84.3243,80.69454999999999,74.1373,44,False
demo,D02,46,1.735086,24,3115.041137,3.418315,,,1.995292,,27.666501,,,,1.733801,,,,,,,,,,0.052576,0.163655,synthetic,False,2.0,86.7543,13.2457,0.2496500000000026,0.19522499999999923,0.2343919999999997,0.21866999999999986,,,,84.562195,0.0,0.0,42.2810975,-0.2508651515151497,-0.23667080769230714,27.9201383,27.82800572,,1.9948588,75.0,29.0,85.3859,84.35979999999999,80.9434,74.6516,45,False
demo,D02,47,1.729527,24,3097.761776,3.423969,,,2.007393,,27.644724,,,,1.73071,,,,,,,,,,0.053086,0.164299,synthetic,False,2.0,86.47635,13.523650000000004,0.27795000000000414,0.27119,0.2565379999999999,0.21995869565217388,,,,86.292905,0.0,0.0,43.1464525,-0.23476454545454953,-0.2318981538461537,27.896318,27.817358480000003,,1.9964553000000003,75.0,28.0,85.5733,83.96545,80.55125,74.1944,46,False
demo,D02,48,1.725088,24,3107.867483,3.42194,,,1.988383,,27.902593,,,,1.722855,,,,,,,,,,0.051933,0.164135,synthetic,False,2.0,86.2544,13.745599999999996,0.22194999999999254,0.196575,0.2281419999999997,0.22000106382978704,,,,88.01576,0.0,0.0,44.00788,-0.2624387878787803,-0.2335593461538458,27.8974648,27.814015919999996,,1.9953025,75.0,27.0,85.1788,84.2805,80.6241,73.71865,47,False
demo,D02,49,1.719178,24,3091.229181,3.422221,,,1.990946,,27.898684,,,,1.724832,,,,,,,,,,0.051844,0.159823,synthetic,False,2.0,85.9589,14.0411,0.2955000000000041,0.22466000000000008,0.23949600000000032,0.22157395833333324,,,,89.740592,0.0,0.0,44.870296,-0.2833806060606027,-0.23367738461538579,27.887467700000002,27.807381959999997,,1.9961225000000002,75.0,26.0,84.75675,83.744,80.5395,72.69704999999999,48,False
demo,D02,50,1.719159,24,3072.463817,3.410816,,,2.001541,,27.695635,,,,1.716145,,,,,,,,,,0.054075,0.160733,synthetic,False,2.0,85.95795000000001,14.042049999999989,0.0009499999999889042,0.2787549999999982,0.2396599999999995,0.21707142857142825,,,,91.456737,0.0,0.0,45.7283685,-0.24114272727272837,-0.2291670000000004,27.8186211,27.78776348,,1.9975353999999998,75.0,25.0,84.3243,82.95275,79.29765,72.87055,49,False
demo,D02,51,1.707718,24,3068.95216,3.417113,,,2.009694,,27.86218,,,,1.706566,,,,,,,,,,0.054295,0.163941,synthetic,False,2.0,85.3859,14.614099999999993,0.5720500000000044,0.28846499999999936,0.2391919999999999,0.22417099999999976,,,,93.163303,0.0,0.0,46.5816515,-0.22798242424242318,-0.23116573076923053,27.8127185,27.800553679999997,,1.9974568000000001,75.0,24.0,84.35979999999999,83.30145,79.37525,73.1091,50,False
demo,D02,52,1.711466,24,3072.311921,3.411045,,,2.012382,,28.240145,,,,1.711834,,,,,,,,,,0.051894,0.162716,synthetic,False,2.0,85.5733,14.426699999999997,-0.18739999999999668,0.21515500000000004,0.2175799999999998,0.22427300000000003,,,,94.875137,0.0,0.0,47.4375685,-0.2060148484848495,-0.2303637692307688,27.837780499999997,27.819235839999997,,1.9991613999999998,75.0,23.0,83.96545,82.62105,78.74805,73.00345,51,False
demo,D02,53,1.703576,24,3080.932625,3.413844,,,1.993349,,27.743137,,,,1.699855,,,,,,,,,,0.053932,0.160676,synthetic,False,2.0,85.1788,14.821200000000005,0.39450000000000784,0.19972500000000082,0.2038839999999999,0.24012200000000006,,,,96.574992,0.0,0.0,48.287496,-0.2160727272727292,-0.23638811538461516,27.850561400000004,27.81717964,,1.9996051000000001,75.0,22.0,84.2805,82.43325,78.61405,72.7088,52,False
demo,D02,54,1.695135,24,3035.65602,3.4068,,,2.009374,,27.60888,,,,1.696255,,,,,,,,,,0.052962,0.157337,synthetic,False,2.0,84.75675,15.243250000000003,0.4220499999999987,0.23048000000000002,0.24660199999999974,0.230309,,,,98.27124699999999,0.0,0.0,49.135623499999994,-0.2325757575757578,-0.23592846153846114,27.8548068,27.811621719999998,,2.0003130000000002,75.0,21.0,83.744,82.45295,78.4043,71.6345,53,False
demo,D02,55,1.686486,24,3022.548642,3.408233,,,1.992159,,28.205919,,,,1.691923,,,,,,,,,,0.053475,0.162882,synthetic,False,2.0,84.3243,15.675700000000006,0.4324500000000029,0.26796500000000095,0.27061599999999997,0.23255899999999996,,,,99.96316999999999,0.0,0.0,49.981584999999995,-0.24857000000000026,-0.23303930769230818,27.846839799999998,27.83565876,,2.0000513,75.0,20.0,82.95275,81.96329999999999,78.02175,71.9382,54,False
demo,D02,56,1.687196,24,3047.065045,3.408194,,,2.018262,,28.092281,,,,1.685541,,,,,,,,,,0.053588,0.165749,synthetic,False,2.0,84.35979999999999,15.640200000000007,-0.03549999999999898,0.23945000000000077,0.22422799999999996,0.23382600000000026,,,,101.64871099999999,0.0,0.0,50.824355499999996,-0.24679060606060654,-0.23586030769230787,27.8894178,27.86216424,,2.0023483,75.0,19.0,83.30145,82.13025,77.76849999999999,71.8877,55,False
demo,D02,57,1.679309,24,3035.060227,3.413508,,,1.988662,,27.825906,,,,1.680636,,,,,,,,,,0.054201,0.159235,synthetic,False,2.0,83.96545,16.034549999999996,0.39434999999998865,0.25108999999999926,0.2444319999999999,0.22911699999999996,,,,103.329347,0.0,0.0,51.6646735,-0.2560269696969696,-0.2369018846153839,27.907536,27.8623652,,2.0004752,75.0,18.0,82.62105,81.38119999999999,77.7855,70.82045000000001,56,False
demo,D02,58,1.68561,24,3027.316179,3.413904,,,2.013285,,27.576044,,,,1.676341,,,,,,,,,,0.053227,0.164492,synthetic,False,2.0,84.2805,15.719499999999996,-0.3150499999999994,0.19739000000000004,0.21404200000000004,0.21240599999999973,,,,105.00568799999999,0.0,0.0,52.502843999999996,-0.2324403030303031,-0.23478169230769258,27.8748811,27.86064836,,2.0029654,75.0,17.0,82.43325,81.17855,77.2081,71.0501,57,False
demo,D02,59,1.67488,24,3009.066324,3.410467,,,1.993435,,27.801525,,,,1.674749,,,,,,,,,,0.054661,0.163999,synthetic,False,2.0,83.744,16.256,0.5365000000000038,0.22149000000000002,0.2268739999999997,0.22006399999999984,,,,106.680437,0.0,0.0,53.3402185,-0.23389121212121683,-0.2356546153846156,27.8651652,27.85914844,,2.0032143000000002,75.0,16.0,82.45295,80.91755,77.5697,70.8688,58,False
demo,D02,60,1.659055,24,2991.819355,3.40198,,,2.020132,,27.997742,,,,1.658016,,,,,,,,,,0.053719,0.165888,synthetic,False,2.0,82.95275,17.047250000000005,0.7912500000000051,0.3005200000000016,0.262826,0.23674600000000026,,,,108.338453,0.0,0.0,54.1692265,-0.25171727272727146,-0.23839292307692297,27.895375899999998,27.874426640000003,,2.0050734,75.0,15.0,81.96329999999999,80.69454999999999,76.78525,70.4302,59,False
demo,D02,61,1.666029,24,2977.916891,3.407007,,,2.005913,,28.292374,,,,1.663302,,,,,,,,,,0.053964,0.165975,synthetic,False,2.0,83.30145,16.698549999999997,-0.348700000000008,0.20844500000000038,0.21620399999999962,0.22119799999999998,,,,110.001755,0.0,0.0,55.0008775,-0.2522333333333341,-0.24102661538461653,27.938395300000003,27.90356608,,2.0046953000000003,75.0,14.0,82.13025,80.9434,77.64655,69.6982,60,False
demo,D02,62,1.652421,24,2957.75076,3.403568,,,1.98984,,27.762223,,,,1.655995,,,,,,,,,,0.052643,0.16182,synthetic,False,2.0,82.62105,17.378950000000003,0.6804000000000059,0.2952250000000006,0.262688,0.258304,,,,111.65775000000001,0.0,0.0,55.828875000000004,-0.2521027272727239,-0.24096615384615475,27.8906031,27.898737920000002,,2.0024411,75.0,13.0,81.38119999999999,80.55125,76.411,69.88915,61,False
demo,D02,63,1.648665,24,2965.098432,3.409562,,,1.994778,,28.005872,,,,1.64759,,,,,,,,,,0.055672,0.159203,synthetic,False,2.0,82.43325,17.56675,0.18779999999999575,0.27455499999999944,0.23147600000000013,0.234649,,,,113.30534,0.0,0.0,56.65267,-0.25273090909090656,-0.247268538461539,27.916876600000002,27.903327800000003,,2.002584,75.0,12.0,81.17855,80.6241,76.31035,69.62135,62,False
demo,D02,64,1.649059,24,2982.108717,3.410845,,,2.007812,,28.195197,,,,1.648474,,,,,,,,,,0.053979,0.162437,synthetic,False,2.0,82.45295,17.54705,-0.019700000000000273,0.23037999999999953,0.23010199999999997,0.2469579999999999,,,,114.953814,0.0,0.0,57.476907,-0.24714181818181746,-0.24908411538461578,27.9755083,27.911189480000004,,2.0024278,75.0,11.0,80.91755,80.5395,75.64205000000001,69.4074,63,False
demo,D02,65,1.639266,24,2946.822239,3.409134,,,2.010526,,27.445784,,,,1.63803,,,,,,,,,,0.05432,0.167097,synthetic,False,2.0,81.96329999999999,18.03670000000001,0.4896500000000117,0.23610000000000042,0.27128800000000014,0.2277170000000004,,,,116.591844,0.0,0.0,58.295922,-0.2691660606060607,-0.24559450000000094,27.899494800000003,27.8736568,,2.0042645000000006,75.0,10.0,80.69454999999999,79.29765,76.28395,69.01469999999999,64,False
demo,D02,66,1.642605,24,2957.584736,3.402305,,,1.999293,,28.294539,,,,1.636308,,,,,,,,,,0.051966,0.16267,synthetic,False,2.0,82.13025,17.869749999999996,-0.16695000000001414,0.2229549999999989,0.24561199999999986,0.2316459999999998,,,,118.228152,0.0,0.0,59.114076,-0.25109909090909055,-0.2400962307692317,27.919720599999998,27.88859012,,2.0023676,75.0,9.0,80.9434,79.37525,75.8491,68.78235000000001,65,False
demo,D02,67,1.627624,24,2939.687363,3.392495,,,2.000447,,27.762952,,,,1.623939,,,,,,,,,,0.052901,0.162813,synthetic,False,2.0,81.38119999999999,18.618800000000007,0.7490500000000111,0.2584250000000011,0.2537460000000004,0.2342390000000003,,,,119.852091,0.0,0.0,59.9260455,-0.27315454545454554,-0.24224596153846265,27.9134252,27.879527200000002,,2.0035461000000003,75.0,8.0,80.55125,78.74805,75.34305,68.6345,66,False
demo,D02,68,1.623571,24,2940.898623,3.395878,,,2.007584,,28.147643,,,,1.626691,,,,,,,,,,0.055002,0.159593,synthetic,False,2.0,81.17855,18.82145,0.20264999999999134,0.3101950000000002,0.23990000000000009,0.23768200000000006,,,,121.478782,0.0,0.0,60.739391,-0.25393606060606144,-0.2468745769230786,27.9705851,27.9008198,,2.002976,75.0,7.0,80.6241,78.61405,74.59025,68.50995,67,False
demo,D02,69,1.618351,24,2907.990485,3.40798,,,2.001318,,28.134144,,,,1.611522,,,,,,,,,,0.054103,0.170524,synthetic,False,2.0,80.91755,19.082449999999994,0.2609999999999957,0.2826449999999994,0.24575999999999965,0.24227699999999971,,,,123.09030399999999,0.0,0.0,61.545151999999995,-0.24712121212121282,-0.2504439615384623,28.003846999999997,27.92352852,,2.0037643,75.0,6.0,80.5395,78.4043,74.7974,69.1005,68,False
demo,D02,70,1.613891,24,2904.857948,3.400131,,,1.987065,,28.350309,,,,1.611418,,,,,,,,,,0.051947,0.167921,synthetic,False,2.0,80.69454999999999,19.305450000000008,0.2230000000000132,0.22582000000000022,0.25237600000000043,0.22748500000000008,,,,124.70172199999999,0.0,0.0,62.350860999999995,-0.2709600000000002,-0.2519216538461537,28.0391037,27.92611732,,2.0004576,75.0,5.0,79.29765,78.02175,74.1373,67.71485,69,False
demo,D02,71,1.618868,24,2929.890611,3.399356,,,1.99187,,28.209429,,,,1.617574,,,,,,,,,,0.05485,0.167555,synthetic,False,2.0,80.9434,19.056600000000003,-0.24885000000000446,0.23580500000000057,0.23243600000000014,0.23341399999999993,,,,126.319296,0.0,0.0,63.159648,-0.23060636363636236,-0.24874538461538434,28.0308092,27.947834439999998,,1.9990533,75.0,4.0,79.37525,77.76849999999999,74.6516,67.59515,70,False
demo,D02,72,1.611025,24,2886.601769,3.407949,,,2.002351,,27.489141,,,,1.616643,,,,,,,,,,0.053346,0.168462,synthetic,False,2.0,80.55125,19.448750000000004,0.3921500000000009,0.20698000000000008,0.23700400000000002,0.24677099999999996,,,,127.93593899999999,0.0,0.0,63.967969499999995,-0.22842030303030006,-0.2474985384615398,28.003501,27.941611119999997,,2.0003044,75.0,3.0,78.74805,77.7855,74.1944,66.7205,71,False
demo,D02,73,1.612482,24,2911.414763,3.406621,,,2.012155,,27.885083,,,,1.61496,,,,,,,,,,0.055286,0.167231,synthetic,False,2.0,80.6241,19.3759,-0.07285000000000252,0.18091500000000024,0.22521200000000022,0.22667699999999996,,,,129.550899,0.0,0.0,64.7754495,-0.2096921212121189,-0.24324096153846203,27.9914221,27.94091072,,2.0020420999999997,75.0,2.0,78.61405,77.2081,73.71865,67.16885,72,False
demo,D02,74,1.61079,24,2890.564043,3.401447,,,2.01616,,28.118367,,,,1.608995,,,,,,,,,,0.053804,0.164835,synthetic,False,2.0,80.5395,19.460499999999996,0.08459999999999468,0.19134499999999974,0.21677599999999983,0.2281360000000001,,,,131.15989399999998,0.0,0.0,65.57994699999999,-0.17233606060606269,-0.23838830769230876,27.983739099999998,27.94969804,,2.0028769,75.0,1.0,78.4043,77.5697,72.69704999999999,67.9752,73,False
demo,D02,75,1.585953,24,2855.592879,3.397071,,,2.007795,,28.072326,,,,1.590091,,,,,,,,,,0.054345,0.166071,synthetic,False,2.0,79.29765,20.702349999999996,1.2418499999999995,0.2665649999999985,0.26641200000000026,0.25303599999999987,,,,132.74998499999998,0.0,0.0,66.37499249999999,-0.21216727272726874,-0.24083961538461543,28.0463933,27.96476568,,2.0026038,75.0,0.0,78.02175,76.78525,72.87055,66.4945,74,False
demo,D02,76,1.587505,24,2855.428461,3.39791,,,2.002873,,28.238146,,,,1.585153,,,,,,,,,,0.055304,0.165217,synthetic,False,2.0,79.37525,20.624750000000006,-0.07759999999998968,0.27550000000000097,0.2404260000000005,0.2398090000000002,,,,134.33513799999997,0.0,0.0,67.16756899999999,-0.20432484848484475,-0.2431718076923072,28.040754,27.979804320000003,,2.0029618,75.0,,77.76849999999999,77.64655,73.1091,66.4987,75,False
demo,D02,77,1.574961,24,2826.782753,3.397779,,,2.007488,,28.3349,,,,1.57814,,,,,,,,,,0.053353,0.174906,synthetic,False,2.0,78.74805,21.251949999999994,0.6271999999999878,0.26331499999999863,0.27300999999999986,0.24529499999999985,,,,135.91327799999996,0.0,0.0,67.95663899999998,-0.2472360606060541,-0.2447959615384612,28.0979488,27.98359452,,2.0036659,75.0,,77.7855,76.411,73.00345,65.35215,76,False
demo,D02,78,1.572281,24,2821.758951,3.402935,,,1.993332,,28.293691,,,,1.568008,,,,,,,,,,0.053284,0.168776,synthetic,False,2.0,78.61405,21.385949999999994,0.13400000000000034,0.2564499999999995,0.2625899999999996,0.23323699999999975,,,,137.48128599999995,0.0,0.0,68.74064299999998,-0.2790493939393908,-0.24635184615384678,28.112553600000002,28.00561668,,2.0022407,75.0,,77.2081,76.31035,72.7088,65.07300000000001,77,False
demo,D02,79,1.568086,24,2824.895162,3.397701,,,1.998468,,28.094302,,,,1.571452,,,,,,,,,,0.054123,0.165885,synthetic,False,2.0,78.4043,21.595699999999994,0.20974999999999966,0.2513249999999999,0.2540979999999996,0.2503499999999997,,,,139.05273799999995,0.0,0.0,69.52636899999997,-0.30861878787878494,-0.24901457692307738,28.1085694,28.02503356,,2.0019557,75.0,,77.5697,75.64205000000001,71.6345,65.47404999999999,78,False
demo,D02,80,1.560435,24,2817.171539,3.397958,,,1.991759,,27.697763,,,,1.559167,,,,,,,,,,0.055223,0.168979,synthetic,False,2.0,78.02175,21.978250000000003,0.38255000000000905,0.2672799999999995,0.2521019999999999,0.2613589999999999,,,,140.61190499999995,0.0,0.0,70.30595249999998,-0.34345757575758024,-0.2546465384615385,28.043314799999997,28.004707319999998,,2.0024251,75.0,,76.78525,76.28395,71.9382,65.1162,79,False
demo,D02,81,1.55537,24,2798.575714,3.399098,,,1.987513,,28.053075,,,,1.55217,,,,,,,,,,0.053115,0.164753,synthetic,False,2.0,77.76849999999999,22.23150000000001,0.2532500000000084,0.3174900000000008,0.26365200000000016,0.24394000000000005,,,,142.16407499999994,0.0,0.0,71.08203749999997,-0.34312242424242195,-0.25741307692307797,28.0276794,28.00313908,,2.0019894000000003,75.0,,77.64655,75.8491,71.8877,64.8955,80,False
demo,D02,82,1.55571,24,2800.867367,3.389785,,,2.003335,,28.270527,,,,1.555035,,,,,,,,,,0.052775,0.172285,synthetic,False,2.0,77.7855,22.2145,-0.017000000000010118,0.2765749999999997,0.2471980000000002,0.24581500000000006,,,,143.71910999999994,0.0,0.0,71.85955499999997,-0.3295196969696958,-0.25889596153846156,28.105818,28.02092392,,2.0020878,75.0,,76.411,75.34305,70.82045000000001,65.0502,81,False
demo,D02,83,1.544162,24,2784.254911,3.39604,,,2.001855,,27.911145,,,,1.545019,,,,,,,,,,0.055382,0.16625,synthetic,False,2.0,77.2081,22.7919,0.5773999999999972,0.3415999999999997,0.2828960000000001,0.24846900000000005,,,,145.26412899999994,0.0,0.0,72.63206449999997,-0.3090306060606061,-0.25780438461538435,28.1084242,28.03432796,,2.0010578,75.0,,76.31035,74.59025,71.0501,64.4948,82,False
demo,D02,84,1.551394,24,2784.369373,3.392746,,,2.006877,,28.330728,,,,1.549859,,,,,,,,,,0.053883,0.169447,synthetic,False,2.0,77.5697,22.430300000000003,-0.3615999999999957,0.29698000000000063,0.24697200000000008,0.23692299999999988,,,,146.81398799999994,0.0,0.0,73.40699399999997,-0.23305181818181925,-0.25329965384615455,28.1296603,28.05549608,,2.0001295,75.0,,75.64205000000001,74.7974,70.8688,64.3003,83,False
demo,D02,85,1.535705,24,2770.403327,3.381899,,,2.005461,,28.423541,,,,1.537407,,,,,,,,,,0.054251,0.17177,synthetic,False,2.0,76.78525,23.214749999999995,0.7844499999999925,0.25123999999999996,0.2466999999999996,0.2547629999999998,,,,148.35139499999994,0.0,0.0,74.17569749999997,-0.2466536363636353,-0.25919903846153797,28.164781800000004,28.07252804,,1.9998960999999997,75.0,,76.28395,74.1373,70.4302,63.89035,84,False
demo,D02,86,1.552931,24,2802.147337,3.385604,,,2.002426,,28.20232,,,,1.551121,,,,,,,,,,0.052614,0.169037,synthetic,False,2.0,77.64655,22.353449999999995,-0.8613,0.1728699999999989,0.22619599999999992,0.22119999999999976,,,,149.90251599999993,0.0,0.0,74.95125799999997,-0.1776487878787849,-0.24891673076923235,28.1611992,28.068925880000002,,1.9998514,75.0,,75.8491,74.6516,69.6982,63.391149999999996,85,False
demo,D02,87,1.52822,24,2772.281952,3.386955,,,2.005566,,27.441725,,,,1.530116,,,,,,,,,,0.054039,0.169155,synthetic,False,2.0,76.411,23.589,1.2355500000000035,0.2337050000000005,0.24840199999999982,0.2555449999999999,,,,151.43263199999993,0.0,0.0,75.71631599999996,-0.19689696969697154,-0.25249357692307595,28.0718817,28.05610596,,1.9996592,75.0,,75.34305,74.1944,69.88915,62.561049999999994,86,False
demo,D02,88,1.526207,24,2744.072064,3.392901,,,1.999573,,27.891168,,,,1.527556,,,,,,,,,,0.05473,0.168984,synthetic,False,2.0,76.31035,23.68965,0.10065000000000168,0.23037000000000063,0.24491600000000005,0.23819600000000007,,,,152.96018799999993,0.0,0.0,76.48009399999997,-0.2022406060606047,-0.2541005384615374,28.031629400000003,28.051517800000003,,2.0002833,75.0,,74.59025,73.71865,69.62135,63.14769999999999,87,False
demo,D02,89,1.512841,24,2719.370773,3.38956,,,2.004129,,28.702286,,,,1.512656,,,,,,,,,,0.055802,0.169317,synthetic,False,2.0,75.64205000000001,24.357949999999988,0.6682999999999879,0.27622499999999944,0.27243599999999957,0.2512689999999998,,,,154.47284399999992,0.0,0.0,77.23642199999996,-0.23009666666666417,-0.2569695,28.092427800000003,28.07180136,,2.0008494,75.0,,74.7974,72.69704999999999,69.4074,63.9493,88,False
demo,D02,90,1.525679,24,2752.558095,3.391447,,,1.992739,,28.074847,,,,1.524333,,,,,,,,,,0.053972,0.167243,synthetic,False,2.0,76.28395,23.716049999999996,-0.6418999999999926,0.1737799999999993,0.2271739999999994,0.24923099999999976,,,,155.99717699999994,0.0,0.0,77.99858849999997,-0.21496151515151185,-0.2535705769230762,28.1301362,28.096963879999997,,2.0009474,75.0,,74.1373,72.87055,69.01469999999999,62.556400000000004,89,False
demo,D02,91,1.516982,24,2737.277554,3.397427,,,2.003697,,27.728491,,,,1.517442,,,,,,,,,,0.056488,0.167972,synthetic,False,2.0,75.8491,24.150899999999993,0.4348499999999973,0.19193999999999817,0.25124599999999986,0.24842899999999987,,,,157.51461899999993,0.0,0.0,78.75730949999996,-0.2193645454545463,-0.24814742307692342,28.097677800000003,28.074321960000002,,2.0025658,75.0,,74.6516,73.1091,68.78235000000001,61.82164999999999,90,False
demo,D02,92,1.506861,24,2707.995511,3.383281,,,2.006684,,28.548521,,,,1.508519,,,,,,,,,,0.054247,0.174164,synthetic,False,2.0,75.34305,24.656949999999995,0.5060500000000019,0.24424499999999938,0.2415259999999995,0.24763599999999997,,,,159.02313799999993,0.0,0.0,79.51156899999997,-0.22697151515151567,-0.25005434615384603,28.1254772,28.105744719999997,,2.0029007,75.0,,74.1944,73.00345,68.6345,62.009800000000006,91,False
demo,D02,93,1.491805,24,2682.001138,3.386366,,,1.993303,,28.265631,,,,1.497957,,,,,,,,,,0.054399,0.170002,synthetic,False,2.0,74.59025,25.409750000000003,0.7528000000000077,0.26178500000000043,0.26353200000000016,0.2517160000000001,,,,160.52109499999995,0.0,0.0,80.26054749999997,-0.2845281818181801,-0.25629196153846084,28.1609258,28.110464240000002,,2.0020455,75.0,,73.71865,72.7088,68.50995,61.787650000000006,92,False
demo,D02,94,1.495948,24,2697.078254,3.388211,,,2.000518,,28.532313,,,,1.498759,,,,,,,,,,0.056578,0.167805,synthetic,False,2.0,74.7974,25.202600000000004,-0.2071499999999986,0.27723000000000014,0.24480600000000038,0.24528300000000003,,,,162.01985399999995,0.0,0.0,81.00992699999998,-0.2749475757575796,-0.25815950000000004,28.181084300000002,28.126390999999998,,2.0014096,75.0,,72.69704999999999,71.6345,69.1005,61.7186,93,False
demo,D02,95,1.482746,24,2662.317162,3.382398,,,1.993764,,28.34512,,,,1.485641,,,,,,,,,,0.055384,0.169141,synthetic,False,2.0,74.1373,25.862700000000004,0.6600999999999999,0.2647950000000009,0.26228999999999986,0.25733300000000014,,,,163.50549499999994,0.0,0.0,81.75274749999997,-0.32006545454545554,-0.2636424615384617,28.173242200000004,28.12618344,,2.0002399,75.0,,72.87055,71.9382,67.71485,60.709199999999996,94,False
demo,D02,96,1.493032,24,2684.147624,3.386742,,,1.994735,,28.375092,,,,1.502254,,,,,,,,,,0.054518,0.17358,synthetic,False,2.0,74.6516,25.348399999999998,-0.5143000000000058,0.2994950000000003,0.2516719999999998,0.24205399999999996,,,,165.00774899999993,0.0,0.0,82.50387449999997,-0.2476142424242442,-0.25684550000000006,28.1905194,28.13280996,,1.9994707999999999,75.0,,73.1091,71.8877,67.59515,60.624849999999995,95,False
demo,D02,97,1.483888,24,2671.716348,3.379086,,,1.988751,,28.36492,,,,1.485419,,,,,,,,,,0.055006,0.172671,synthetic,False,2.0,74.1944,25.8056,0.4572000000000003,0.22165999999999997,0.2542739999999998,0.24563899999999989,,,,166.49316799999994,0.0,0.0,83.24658399999997,-0.24616878787878824,-0.25335050000000076,28.2828389,28.16784112,,1.9977892999999998,75.0,,73.00345,70.82045000000001,66.7205,60.6374,96,False
demo,D02,98,1.474373,24,2661.800227,3.389936,,,2.012658,,28.462813,,,,1.475802,,,,,,,,,,0.056609,0.172706,synthetic,False,2.0,73.71865,26.281350000000003,0.475750000000005,0.2591700000000003,0.2762180000000001,0.25071500000000013,,,,167.96896999999993,0.0,0.0,83.98448499999996,-0.2505154545454561,-0.24862865384615418,28.3400034,28.190950320000002,,1.9990978000000001,75.0,,72.7088,71.0501,67.16885,60.150499999999994,97,False
demo,D02,99,1.453941,24,2612.347582,3.379016,,,2.010657,,28.888446,,,,1.455989,,,,,,,,,,0.056927,0.17107,synthetic,False,2.0,72.69704999999999,27.30295000000001,1.0216000000000065,0.29450000000000215,0.31369800000000053,0.26523700000000017,,,,169.42495899999992,0.0,0.0,84.71247949999996,-0.323724545454547,-0.24887107692307733,28.3586194,28.221753479999997,,1.9997505999999998,75.0,,71.6345,70.8688,67.9752,59.5178,98,False
demo,D02,100,1.457411,24,2608.840008,3.390302,,,2.005374,,28.556635,,,,1.45447,,,,,,,,,,0.054609,0.173424,synthetic,False,2.0,72.87055,27.129450000000006,-0.1735000000000042,0.341340000000001,0.2570840000000004,0.2617480000000003,,,,170.8794289999999,0.0,0.0,85.43971449999995,-0.3089796969696942,-0.2538978076923075,28.406798199999997,28.24112584,,2.0010141,75.0,,71.9382,70.4302,66.4945,59.6967,99,False
demo,D02,101,1.462182,24,2616.794591,3.382643,,,2.019722,,27.911642,,,,1.460884,,,,,,,,,,0.055336,0.169582,synthetic,False,2.0,73.1091,26.890900000000002,-0.2385500000000036,0.2740000000000009,0.25064599999999987,0.24553600000000017,,,,172.3403129999999,0.0,0.0,86.17015649999995,-0.2688384848484877,-0.2510026153846156,28.4251133,28.22806568,,2.0026166,75.0,,71.8877,69.6982,66.4987,59.46495,100,False
demo,D02,102,1.460069,24,2618.194737,3.386621,,,1.998108,,28.421562,,,,1.458591,,,,,,,,,,0.055489,0.170818,synthetic,False,2.0,73.00345,26.99655,0.10564999999999714,0.23396000000000045,0.2297840000000002,0.25139700000000004,,,,173.7989039999999,0.0,0.0,86.89945199999995,-0.2349845454545465,-0.2505345384615388,28.412417400000002,28.23153216,,2.001759,75.0,,70.82045000000001,69.88915,65.35215,59.0364,101,False
demo,D02,103,1.454176,24,2607.204264,3.381559,,,2.030318,,28.604107,,,,1.456059,,,,,,,,,,0.054472,0.174742,synthetic,False,2.0,72.7088,27.291200000000003,0.2946500000000043,0.1881450000000001,0.23621000000000036,0.24939999999999998,,,,175.25496299999992,0.0,0.0,87.62748149999996,-0.23903030303030243,-0.24970738461538397,28.446265,28.243948800000002,,2.0054605000000003,75.0,,71.0501,69.62135,65.07300000000001,59.74665,102,False
demo,D02,104,1.43269,24,2577.644957,3.378963,,,1.997725,,28.651641,,,,1.43219,,,,,,,,,,0.055617,0.175315,synthetic,False,2.0,71.6345,28.365499999999997,1.0742999999999938,0.31628999999999935,0.27079200000000014,0.2624449999999999,,,,176.6871529999999,0.0,0.0,88.34357649999995,-0.26505878787878495,-0.25635184615384626,28.4581978,28.266242359999996,,2.0051812,75.0,,70.8688,69.4074,65.47404999999999,58.3687,103,False
demo,D02,105,1.438764,24,2580.538993,3.377509,,,2.002552,,28.235202,,,,1.439162,,,,,,,,,,0.055618,0.169504,synthetic,False,2.0,71.9382,28.061800000000005,-0.3036999999999921,0.21991000000000013,0.24334200000000009,0.24772199999999997,,,,178.12631499999992,0.0,0.0,89.06315749999996,-0.28019030303030246,-0.258810884615385,28.447206,28.287739920000003,,2.00606,75.0,,70.4302,69.01469999999999,65.1162,58.6074,104,False
demo,D02,106,1.437754,24,2582.500986,3.380196,,,1.996022,,28.634605,,,,1.440881,,,,,,,,,,0.056763,0.169923,synthetic,False,2.0,71.8877,28.112300000000005,0.050499999999999545,0.2763900000000007,0.23523199999999975,0.24944199999999994,,,,179.5671959999999,0.0,0.0,89.78359799999996,-0.2371339393939399,-0.25958892307692377,28.473157300000004,28.31100112,,2.0061887,75.0,,69.6982,68.78235000000001,64.8955,57.611000000000004,105,False
demo,D02,107,1.416409,24,2543.615658,3.378323,,,2.003723,,28.607322,,,,1.418854,,,,,,,,,,0.057043,0.17367,synthetic,False,2.0,70.82045000000001,29.179549999999992,1.0672499999999872,0.33739499999999933,0.2786019999999996,0.2628999999999999,,,,180.98604999999992,0.0,0.0,90.49302499999996,-0.2492693939393943,-0.2655248076923079,28.497397499999998,28.324472919999998,,2.0076859000000002,75.0,,69.88915,68.6345,65.0502,57.42195,106,False
demo,D02,108,1.421002,24,2554.424022,3.374488,,,2.008356,,29.011626,,,,1.420543,,,,,,,,,,0.055461,0.178338,synthetic,False,2.0,71.0501,28.9499,-0.22964999999999236,0.2668549999999996,0.24632000000000004,0.26460800000000007,,,,182.40659299999993,0.0,0.0,91.20329649999996,-0.23969878787878465,-0.26975711538461483,28.5522788,28.368492160000002,,2.0072557,75.0,,69.62135,68.50995,64.4948,57.318000000000005,107,False
demo,D02,109,1.417376,24,2561.398957,3.376672,,,1.998861,,28.186436,,,,1.415477,,,,,,,,,,0.055612,0.167558,synthetic,False,2.0,70.8688,29.131200000000007,0.18130000000000734,0.1828249999999997,0.26803600000000016,0.2575040000000001,,,,183.82206999999994,0.0,0.0,91.91103499999997,-0.2757778787878737,-0.2673100384615398,28.482077800000003,28.362720479999997,,2.0060761,75.0,,69.4074,69.1005,64.3003,57.294650000000004,108,False
demo,D02,110,1.408604,24,2540.522157,3.373635,,,2.017767,,28.260244,,,,1.411802,,,,,,,,,,0.056578,0.174491,synthetic,False,2.0,70.4302,29.5698,0.4385999999999939,0.2440349999999995,0.2542020000000002,0.2504509999999999,,,,185.23387199999993,0.0,0.0,92.61693599999997,-0.30205333333332723,-0.27160153846153845,28.452438700000005,28.3561886,,2.0073154000000004,75.0,,69.01469999999999,67.71485,63.89035,56.29765,109,False
demo,D02,111,1.393964,24,2509.255989,3.383444,,,2.002391,,28.332525,,,,1.396121,,,,,,,,,,0.055475,0.170113,synthetic,False,2.0,69.6982,30.3018,0.7319999999999993,0.3410899999999998,0.3179340000000002,0.27206500000000006,,,,186.62999299999993,0.0,0.0,93.31499649999996,-0.3227727272727273,-0.2691484615384615,28.494526999999998,28.361396799999998,,2.0055823,75.0,,68.78235000000001,67.59515,63.391149999999996,56.06934999999999,110,False
demo,D02,112,1.397783,24,2512.529655,3.374364,,,2.002705,,28.28077,,,,1.393293,,,,,,,,,,0.056611,0.172186,synthetic,False,2.0,69.88915,30.11085,-0.19095000000000084,0.31143,0.26087400000000005,0.2546379999999999,,,,188.02328599999993,0.0,0.0,94.01164299999996,-0.298775757575756,-0.2711741538461542,28.4804478,28.3949586,,2.006042,75.0,,68.6345,66.7205,62.561049999999994,55.56635,111,False
demo,D02,113,1.392427,24,2503.110277,3.380234,,,1.99091,,28.188855,,,,1.391554,,,,,,,,,,0.055988,0.17321,synthetic,False,2.0,69.62135,30.378649999999993,0.26779999999999404,0.308744999999999,0.26755999999999974,0.2562379999999999,,,,189.41483999999994,0.0,0.0,94.70741999999997,-0.27128030303030454,-0.27166153846153873,28.4389226,28.40686608,,2.0021012,75.0,,68.50995,67.16885,63.14769999999999,55.90235,112,False
demo,D02,114,1.388148,24,2501.12255,3.372736,,,2.004185,,27.72711,,,,1.388607,,,,,,,,,,0.055149,0.173213,synthetic,False,2.0,69.4074,30.592600000000004,0.2139500000000112,0.2227100000000007,0.24938600000000066,0.2609110000000001,,,,190.80344699999995,0.0,0.0,95.40172349999997,-0.2896512121212109,-0.27566146153846155,28.3464695,28.36785904,,2.0027472000000004,75.0,,69.1005,67.9752,63.9493,55.271550000000005,113,False
demo,D02,115,1.380294,24,2488.882474,3.373574,,,1.99866,,28.320885,,,,1.382444,,,,,,,,,,0.05524,0.173187,synthetic,False,2.0,69.01469999999999,30.98530000000001,0.39270000000000493,0.29235000000000044,0.29077000000000053,0.258972,,,,192.18589099999994,0.0,0.0,96.09294549999997,-0.28220030303030413,-0.2720714230769233,28.3550378,28.377700560000005,,2.002358,75.0,,67.71485,66.4945,62.556400000000004,55.2059,114,False
demo,D02,116,1.375647,24,2469.422563,3.36667,,,1.993918,,28.528869,,,,1.378151,,,,,,,,,,0.057691,0.174996,synthetic,False,2.0,68.78235000000001,31.217649999999992,0.23234999999998251,0.31053499999999873,0.28267,0.2669579999999999,,,,193.56404199999994,0.0,0.0,96.78202099999997,-0.2553533333333356,-0.2693829230769222,28.344464199999997,28.409715679999998,,2.0021476,75.0,,67.59515,66.4987,61.82164999999999,55.2335,115,False
demo,D02,117,1.37269,24,2471.113105,3.369798,,,1.992235,,28.317659,,,,1.37347,,,,,,,,,,0.056117,0.173487,synthetic,False,2.0,68.6345,31.365499999999997,0.14785000000000537,0.21859500000000054,0.2683420000000001,0.25493399999999977,,,,194.93751199999994,0.0,0.0,97.46875599999997,-0.27008030303030306,-0.2676837307692309,28.315497900000004,28.400481199999998,,2.0009988,75.0,,66.7205,65.35215,62.009800000000006,54.55615,116,False
demo,D02,118,1.370199,24,2451.32682,3.372117,,,2.026718,,28.928546,,,,1.371803,,,,,,,,,,0.057938,0.170805,synthetic,False,2.0,68.50995,31.490049999999997,0.12454999999999927,0.2540149999999997,0.24321199999999976,0.25337199999999993,,,,196.30931499999994,0.0,0.0,98.15465749999997,-0.2497945454545436,-0.26950180769230675,28.307189899999997,28.4269978,,2.002835,75.0,,67.16885,65.07300000000001,61.787650000000006,54.53115,117,False
demo,D02,119,1.38201,24,2489.198076,3.379095,,,1.997365,,28.430329,,,,1.382187,,,,,,,,,,0.055666,0.177059,synthetic,False,2.0,69.1005,30.899500000000003,-0.5905499999999932,0.17682999999999965,0.22787599999999997,0.2363410000000002,,,,197.69150199999993,0.0,0.0,98.84575099999996,-0.17859393939394255,-0.2591199999999994,28.3315792,28.42291844,,2.0026854,75.0,,67.9752,65.47404999999999,61.7186,54.0848,118,False
demo,D02,120,1.354297,24,2443.308009,3.370175,,,1.98543,,28.791312,,,,1.352472,,,,,,,,,,0.056748,0.178087,synthetic,False,2.0,67.71485,32.28515,1.3856499999999983,0.2715350000000001,0.2568979999999999,0.2595939999999999,,,,199.04397399999993,0.0,0.0,99.52198699999997,-0.19078030303029897,-0.2637475769230773,28.384686,28.440766120000003,,1.9994516999999998,75.0,,66.4945,65.1162,60.709199999999996,54.0887,119,False
demo,D02,121,1.351903,24,2431.380513,3.374523,,,1.993018,,28.537501,,,,1.351196,,,,,,,,,,0.058874,0.178453,synthetic,False,2.0,67.59515,32.404849999999996,0.11969999999999459,0.2103049999999996,0.2822579999999999,0.26696499999999984,,,,200.39516999999992,0.0,0.0,100.19758499999996,-0.22538242424242602,-0.2593967307692298,28.405183599999997,28.44726248,,1.9985144,75.0,,66.4987,64.8955,60.624849999999995,,120,False
demo,D02,122,1.33441,24,2415.027355,3.369364,,,1.999484,,28.704987,,,,1.334461,,,,,,,,,,0.055599,0.172001,synthetic,False,2.0,66.7205,33.2795,0.8746500000000026,0.31686499999999995,0.298956,0.2766149999999999,,,,201.72963099999993,0.0,0.0,100.86481549999996,-0.269471212121209,-0.2622635384615379,28.4476053,28.460865160000004,,1.9981923000000001,75.0,,65.35215,65.0502,60.6374,,121,False
demo,D02,123,1.343377,24,2411.685837,3.374432,,,2.005467,,28.554745,,,,1.343284,,,,,,,,,,0.054668,0.177162,synthetic,False,2.0,67.16885,32.831149999999994,-0.4483500000000049,0.24525000000000005,0.2619919999999996,0.26910499999999987,,,,203.07291499999994,0.0,0.0,101.53645749999997,-0.2685499999999997,-0.26000007692307603,28.484194300000002,28.46454244,,1.999648,75.0,,65.07300000000001,64.4948,60.150499999999994,,122,False
demo,D02,124,1.359504,24,2448.704003,3.369702,,,2.005548,,28.80294,,,,1.354377,,,,,,,,,,0.057692,0.177648,synthetic,False,2.0,67.9752,32.0248,-0.8063499999999948,0.14321999999999946,0.18887399999999957,0.25128600000000006,,,,204.42729199999994,0.0,0.0,102.21364599999997,-0.20818212121211843,-0.25547107692307564,28.5917773,28.4611222,,1.9997842999999995,75.0,,65.47404999999999,64.3003,59.5178,,123,False
demo,D02,125,1.32989,24,2393.544402,3.375797,,,2.006766,,28.51915,,,,1.328833,,,,,,,,,,0.055874,0.173711,synthetic,False,2.0,66.4945,33.5055,1.4806999999999988,0.25201999999999886,0.2550419999999997,0.25606300000000004,,,,205.75612499999994,0.0,0.0,102.87806249999997,-0.23739969696969745,-0.25924288461538514,28.6116038,28.4596228,,2.0005949000000003,75.0,,65.1162,63.89035,59.6967,,124,False
demo,D02,126,1.329974,24,2393.232182,3.364305,,,1.993551,,28.62907,,,,1.330123,,,,,,,,,,0.05668,0.176829,synthetic,False,2.0,66.4987,33.5013,-0.004199999999997317,0.22836500000000087,0.26441599999999993,0.2575309999999999,,,,207.08624799999993,0.0,0.0,103.54312399999996,-0.2513303030303037,-0.25568576923076786,28.621623899999996,28.48831992,,2.0005582,75.0,,64.8955,63.391149999999996,59.46495,,125,False
demo,D02,127,1.307043,24,2351.869827,3.360314,,,2.003404,,28.631019,,,,1.306307,,,,,,,,,,0.056344,0.177369,synthetic,False,2.0,65.35215,34.647850000000005,1.1465500000000048,0.32823500000000083,0.30605200000000027,0.2679180000000002,,,,208.39255499999993,0.0,0.0,104.19627749999997,-0.3099760606060594,-0.25868376923076974,28.652959900000003,28.4966982,,2.0016751,75.0,,65.0502,62.561049999999994,59.0364,,126,False
demo,D02,128,1.30146,24,2343.37997,3.357842,,,1.991239,,28.475739,,,,1.300817,,,,,,,,,,0.057254,0.183468,synthetic,False,2.0,65.07300000000001,34.92699999999999,0.27914999999998713,0.3436949999999996,0.30543199999999954,0.270821,,,,209.69337199999993,0.0,0.0,104.84668599999996,-0.3523654545454535,-0.2613194230769226,28.6076792,28.49156348,,1.9981272,75.0,,64.4948,63.14769999999999,59.74665,,127,False
demo,D02,129,1.309481,24,2363.06236,3.373009,,,1.993804,,28.637024,,,,1.310759,,,,,,,,,,0.055955,0.183394,synthetic,False,2.0,65.47404999999999,34.52595000000001,-0.4010499999999837,0.36264500000000055,0.24641800000000047,0.2586050000000003,,,,211.00413099999992,0.0,0.0,105.50206549999996,-0.29184939393939513,-0.2651223846153844,28.628348699999997,28.490978800000004,,1.9977711000000002,75.0,,64.3003,63.9493,58.3687,,128,False
demo,D02,130,1.302324,24,2353.872904,3.366068,,,1.990823,,29.10511,,,,1.299514,,,,,,,,,,0.056797,0.172914,synthetic,False,2.0,65.1162,34.883799999999994,0.3578499999999849,0.25986499999999924,0.27287999999999957,0.2581109999999998,,,,212.3036449999999,0.0,0.0,106.15182249999995,-0.29927212121212204,-0.2644527692307694,28.6597285,28.52577512,,1.9983104,75.0,,63.89035,62.556400000000004,58.6074,,129,False
demo,D02,131,1.29791,24,2336.221533,3.360902,,,1.988116,,28.485536,,,,1.293684,,,,,,,,,,0.057471,0.185565,synthetic,False,2.0,64.8955,35.1045,0.2207000000000079,0.26996500000000057,0.2796879999999999,0.2574599999999998,,,,213.59732899999992,0.0,0.0,106.79866449999996,-0.29521424242423866,-0.2610776923076922,28.654532,28.51981236,,1.9978202,75.0,,63.391149999999996,61.82164999999999,57.611000000000004,,130,False
demo,D02,132,1.301004,24,2347.534453,3.367622,,,2.010642,,28.653361,,,,1.300098,,,,,,,,,,0.055982,0.175214,synthetic,False,2.0,65.0502,34.949799999999996,-0.1547000000000054,0.16702999999999973,0.23081000000000018,0.2547059999999999,,,,214.8974269999999,0.0,0.0,107.44871349999995,-0.30830515151515425,-0.2615685000000003,28.6493694,28.521653920000002,,1.9989359999999998,75.0,,62.561049999999994,62.009800000000006,57.42195,,131,False
demo,D02,133,1.289896,24,2316.924822,3.363988,,,2.006886,,28.879601,,,,1.291867,,,,,,,,,,0.056401,0.181346,synthetic,False,2.0,64.4948,35.5052,0.5554000000000059,0.26740500000000084,0.2622120000000001,0.2542660000000001,,,,216.1892939999999,0.0,0.0,108.09464699999995,-0.30155454545454563,-0.2604509230769221,28.681854999999995,28.51637292,,1.9990779,75.0,,63.14769999999999,61.787650000000006,57.318000000000005,,132,False
demo,D02,134,1.286006,24,2320.129483,3.368615,,,2.009767,,28.856055,,,,1.290346,,,,,,,,,,0.056793,0.181471,synthetic,False,2.0,64.3003,35.69970000000001,0.194500000000005,0.3674900000000008,0.26274000000000003,0.26538800000000007,,,,217.4796399999999,0.0,0.0,108.73981999999995,-0.2192436363636335,-0.2578991923076924,28.6871665,28.54315768,,1.9994998,75.0,,63.9493,61.7186,57.294650000000004,,133,False
demo,D02,135,1.277807,24,2294.7941,3.353534,,,2.000393,,28.586219,,,,1.279805,,,,,,,,,,0.055793,0.175901,synthetic,False,2.0,63.89035,36.10965,0.40994999999999493,0.2604150000000004,0.26159400000000005,0.2578980000000001,,,,218.75944499999991,0.0,0.0,109.37972249999996,-0.21346272727272955,-0.2584649230769227,28.693873399999994,28.55619668,,1.9988625,75.0,,62.556400000000004,60.709199999999996,56.29765,,134,False
demo,D02,136,1.267823,24,2289.549197,3.357416,,,2.007768,,28.002418,,,,1.2641,,,,,,,,,,0.056899,0.180767,synthetic,False,2.0,63.391149999999996,36.608850000000004,0.49920000000000186,0.31075500000000034,0.2522820000000002,0.2851080000000002,,,,220.02354499999993,0.0,0.0,110.01177249999996,-0.20306545454545458,-0.2659280000000002,28.631208200000003,28.542992400000003,,2.0002842000000003,75.0,,61.82164999999999,60.624849999999995,56.06934999999999,,135,False
demo,D02,137,1.251221,24,2267.134034,3.354553,,,1.982387,,28.752344,,,,1.250639,,,,,,,,,,0.057607,0.179629,synthetic,False,2.0,62.561049999999994,37.438950000000006,0.8301000000000016,0.27911,0.2931240000000003,0.27699900000000016,,,,221.27418399999993,0.0,0.0,110.63709199999997,-0.2767157575757554,-0.27429246153846165,28.6433407,28.56185536,,1.9981825,75.0,,62.009800000000006,60.6374,55.56635,,136,False
demo,D02,138,1.262954,24,2272.484503,3.349975,,,2.008631,,28.050701,,,,1.263602,,,,,,,,,,0.056971,0.181145,synthetic,False,2.0,63.14769999999999,36.85230000000001,-0.5866499999999988,0.19253000000000142,0.25894600000000056,0.2632530000000001,,,,222.53778599999993,0.0,0.0,111.26889299999996,-0.30314545454545455,-0.27428269230769353,28.6008369,28.5563292,,1.9999216999999998,75.0,,61.787650000000006,60.150499999999994,55.90235,,137,False
demo,D02,139,1.278986,24,2287.032703,3.364115,,,2.001771,,28.949005,,,,1.279441,,,,,,,,,,0.056939,0.179533,synthetic,False,2.0,63.9493,36.0507,-0.8016000000000076,0.15247499999999903,0.2183239999999998,0.23385500000000023,,,,223.81722699999992,0.0,0.0,111.90861349999996,-0.23577787878788423,-0.2640333076923075,28.632035000000002,28.605205,,2.0007184,75.0,,61.7186,59.5178,55.271550000000005,,138,False
demo,D02,140,1.251128,24,2248.326858,3.355309,,,2.006271,,28.665677,,,,1.252477,,,,,,,,,,0.057469,0.183544,synthetic,False,2.0,62.556400000000004,37.443599999999996,1.3928999999999974,0.25598000000000026,0.2583319999999995,0.274551,,,,225.06970399999992,0.0,0.0,112.53485199999996,-0.24976151515151462,-0.2663699230769238,28.5880917,28.61899668,,2.0022632,75.0,,60.709199999999996,59.6967,55.2059,,139,False
demo,D02,141,1.236433,24,2233.803686,3.357513,,,2.0038,,28.89527,,,,1.234165,,,,,,,,,,0.05698,0.180769,synthetic,False,2.0,61.82164999999999,38.17835000000001,0.7347500000000124,0.30738500000000074,0.2784280000000007,0.2805490000000003,,,,226.3038689999999,0.0,0.0,113.15193449999995,-0.28750787878787987,-0.27284442307692264,28.629065100000002,28.63365272,,2.0038316000000003,75.0,,60.624849999999995,59.46495,55.2335,,140,False
demo,D02,142,1.240196,24,2236.057651,3.364464,,,1.990129,,28.414177,,,,1.240358,,,,,,,,,,0.058289,0.179889,synthetic,False,2.0,62.009800000000006,37.990199999999994,-0.18815000000001447,0.3040399999999998,0.2649879999999999,0.266665,,,,227.5442269999999,0.0,0.0,113.77211349999995,-0.2674193939393914,-0.2737062692307692,28.6051467,28.637513440000003,,2.0017803,75.0,,60.6374,59.0364,54.55615,,141,False
demo,D02,143,1.235753,24,2226.016507,3.353056,,,1.98502,,28.258244,,,,1.236792,,,,,,,,,,0.059078,0.183858,synthetic,False,2.0,61.787650000000006,38.212349999999994,0.22214999999999918,0.27071499999999915,0.2688919999999999,0.25605199999999984,,,,228.7810189999999,0.0,0.0,114.39050949999995,-0.25962151515151716,-0.2727683076923076,28.543011,28.610701360000004,,1.9995936999999997,75.0,,60.150499999999994,59.74665,54.53115,,142,False
demo,D02,144,1.234372,24,2228.592804,3.352612,,,1.992879,,28.713631,,,,1.23641,,,,,,,,,,0.057192,0.182366,synthetic,False,2.0,61.7186,38.2814,0.06905000000000427,0.25816999999999907,0.29527599999999976,0.26157599999999986,,,,230.0174289999999,0.0,0.0,115.00871449999995,-0.23574272727272713,-0.2613912307692307,28.5287686,28.62203344,,1.9979049,75.0,,59.5178,58.3687,54.0848,,143,False
demo,D02,145,1.214184,24,2188.708372,3.352248,,,2.005649,,28.670322,,,,1.212228,,,,,,,,,,0.058343,0.183628,synthetic,False,2.0,60.709199999999996,39.290800000000004,1.0094000000000065,0.31811500000000026,0.2802260000000001,0.268562,,,,231.22965699999992,0.0,0.0,115.61482849999996,-0.26295878787878396,-0.2675098076923077,28.537178900000004,28.61719384,,1.9984305,75.0,,59.6967,58.6074,54.0887,,144,False
demo,D02,146,1.212497,24,2190.468501,3.355511,,,2.006901,,28.558369,,,,1.21166,,,,,,,,,,0.057635,0.179506,synthetic,False,2.0,60.624849999999995,39.375150000000005,0.08435000000000059,0.2766300000000001,0.27881200000000034,0.28053500000000015,,,,232.4413169999999,0.0,0.0,116.22065849999996,-0.2894963636363609,-0.2702150384615388,28.592774,28.618028560000003,,1.9983438,75.0,,59.46495,57.611000000000004,,,145,False
demo,D02,147,1.212748,24,2188.967446,3.349327,,,1.986321,,28.702043,,,,1.20619,,,,,,,,,,0.058238,0.178354,synthetic,False,2.0,60.6374,39.3626,-0.012550000000004502,0.1923649999999995,0.24332400000000007,0.27114000000000005,,,,233.6475069999999,0.0,0.0,116.82375349999995,-0.33715848484848826,-0.27618915384615267,28.5877439,28.6179108,,1.9987371999999997,75.0,,59.0364,57.42195,,,146,False
demo,D02,148,1.20301,24,2175.303131,3.347852,,,1.990189,,29.387344,,,,1.201515,,,,,,,,,,0.059536,0.180176,synthetic,False,2.0,60.150499999999994,39.849500000000006,0.48690000000000566,0.29971999999999993,0.2807340000000005,0.2713630000000001,,,,234.8490219999999,0.0,0.0,117.42451099999995,-0.3489518181818164,-0.27749492307692275,28.721408199999996,28.65121476,,1.996893,75.0,,59.74665,57.318000000000005,,,147,False
demo,D02,149,1.190356,24,2144.946367,3.353023,,,1.992768,,28.923098,,,,1.189107,,,,,,,,,,0.058605,0.180523,synthetic,False,2.0,59.5178,40.4822,0.6326999999999927,0.44315,0.338296,0.2635849999999998,,,,236.0381289999999,0.0,0.0,118.01906449999996,-0.30548636363635984,-0.27117876923076895,28.7188175,28.656021080000002,,1.9959927,75.0,,58.3687,57.294650000000004,,,148,False
demo,D02,150,1.193934,24,2154.918378,3.350756,,,1.996427,,28.971473,,,,1.1915,,,,,,,,,,0.056287,0.184601,synthetic,False,2.0,59.6967,40.3033,-0.17889999999999873,0.2859700000000004,0.2719120000000001,0.2634769999999999,,,,237.2296289999999,0.0,0.0,118.61481449999995,-0.2914075757575744,-0.27151253846153894,28.7493971,28.674114,,1.9950083000000003,75.0,,58.6074,56.29765,,,149,False
demo,D02,151,1.189299,24,2138.76558,3.340483,,,1.986379,,28.927036,,,,1.189693,,,,,,,,,,0.058561,0.185356,synthetic,False,2.0,59.46495,40.53505,0.23174999999999812,0.23566999999999894,0.28134999999999993,0.27288299999999993,,,,238.4193219999999,0.0,0.0,119.20966099999995,-0.3042900000000034,-0.26871446153846174,28.7525737,28.686032639999997,,1.9932662,75.0,,57.611000000000004,56.06934999999999,,,150,False
demo,D02,152,1.180728,24,2121.47547,3.342689,,,1.985779,,29.098774,,,,1.180596,,,,,,,,,,0.059426,0.182305,synthetic,False,2.0,59.0364,40.9636,0.4285500000000013,0.2973400000000005,0.25262999999999974,0.279341,,,,239.59991799999992,0.0,0.0,119.79995899999996,-0.2994384848484838,-0.27592715384615313,28.821033399999997,28.704742839999998,,1.9928312,75.0,,57.42195,55.56635,,,151,False
demo,D02,153,1.194933,24,2161.89261,3.355372,,,1.991782,,28.660083,,,,1.189534,,,,,,,,,,0.057829,0.186495,synthetic,False,2.0,59.74665,40.25335,-0.710250000000002,0.2041000000000004,0.2130540000000002,0.2592429999999999,,,,240.78945199999993,0.0,0.0,120.39472599999996,-0.23461484848484768,-0.27451692307692344,28.8612173,28.712116599999998,,1.9935074,75.0,,57.318000000000005,55.90235,,,152,False
demo,D02,154,1.167374,24,2102.63554,3.347529,,,2.000863,,28.235249,,,,1.167877,,,,,,,,,,0.059322,0.18741,synthetic,False,2.0,58.3687,41.6313,1.3779500000000056,0.3349900000000005,0.28421399999999974,0.2653160000000001,,,,241.95732899999993,0.0,0.0,120.97866449999997,-0.22481606060606063,-0.2777185384615386,28.8133791,28.696045599999998,,1.9943058,75.0,,57.294650000000004,55.271550000000005,,,153,False
demo,D02,155,1.172148,24,2114.9611,3.34347,,,1.988194,,28.694631,,,,1.169972,,,,,,,,,,0.057588,0.183844,synthetic,False,2.0,58.6074,41.3926,-0.23870000000000147,0.21017999999999973,0.2603520000000003,0.2666159999999999,,,,243.12730099999993,0.0,0.0,121.56365049999997,-0.2286857575757614,-0.27682961538461653,28.81581,28.679626440000003,,1.9925603000000003,75.0,,56.29765,55.2059,,,154,False
demo,D02,156,1.15222,24,2074.765582,3.343346,,,1.998842,,28.974604,,,,1.153339,,,,,,,,,,0.056992,0.181446,synthetic,False,2.0,57.611000000000004,42.388999999999996,0.9963999999999942,0.30138499999999907,0.29137999999999975,0.28553399999999984,,,,244.28063999999992,0.0,0.0,122.14031999999996,-0.2670515151515173,-0.28233846153846104,28.857433500000003,28.69918916,,1.9917544000000003,75.0,,56.06934999999999,55.2335,,,155,False
demo,D02,157,1.148439,24,2063.552383,3.343608,,,2.010586,,28.534892,,,,1.145494,,,,,,,,,,0.058657,0.188789,synthetic,False,2.0,57.42195,42.57805,0.18905000000000172,0.3215449999999997,0.30513000000000007,0.2679700000000001,,,,245.42613399999993,0.0,0.0,122.71306699999997,-0.2783609090909077,-0.28244192307692195,28.840718400000004,28.6944504,,1.9941809,75.0,,55.56635,54.55615,,,156,False
demo,D02,158,1.14636,24,2063.516613,3.346238,,,1.986982,,28.736368,,,,1.146429,,,,,,,,,,0.05678,0.183963,synthetic,False,2.0,57.318000000000005,42.681999999999995,0.10394999999999754,0.2832499999999989,0.2870719999999997,0.2746419999999999,,,,246.57256299999995,0.0,0.0,123.28628149999997,-0.2888251515151526,-0.28319103846153837,28.775620800000002,28.68872108,,1.9938601999999999,75.0,,55.90235,54.53115,,,157,False
demo,D02,159,1.145893,24,2071.493194,3.337804,,,1.997936,,28.608218,,,,1.145244,,,,,,,,,,0.058301,0.184543,synthetic,False,2.0,57.294650000000004,42.705349999999996,0.023350000000000648,0.22231499999999968,0.28022599999999953,0.27148299999999975,,,,247.71780699999994,0.0,0.0,123.85890349999997,-0.3084096969696985,-0.2805800769230771,28.7441328,28.6788076,,1.9943769999999996,75.0,,55.271550000000005,54.0848,,,158,False
demo,D02,160,1.125953,24,2030.091591,3.33738,,,2.010248,,29.186578,,,,1.126636,,,,,,,,,,0.060027,0.183943,synthetic,False,2.0,56.29765,43.70235,0.997000000000007,0.33990500000000023,0.30370800000000003,0.28265100000000004,,,,248.84444299999993,0.0,0.0,124.42222149999996,-0.3435021212121181,-0.2858827307692297,28.7656433,28.70282196,,1.9957590999999997,75.0,,55.2059,54.0887,,,159,False
demo,D02,161,1.121387,24,2008.132384,3.341265,,,1.995817,,29.005284,,,,1.121666,,,,,,,,,,0.056876,0.182475,synthetic,False,2.0,56.06934999999999,43.93065000000001,0.2283000000000044,0.33956000000000086,0.29287200000000013,0.2725770000000001,,,,249.96610899999993,0.0,0.0,124.98305449999997,-0.36529666666666977,-0.29244423076922993,28.773468100000002,28.742936599999997,,1.9967028999999996,75.0,,55.2335,,,,160,False
demo,D02,162,1.111327,24,1999.09599,3.338516,,,1.994263,,28.995895,,,,1.110759,,,,,,,,,,0.057607,0.181141,synthetic,False,2.0,55.56635,44.43365,0.502999999999993,0.34700500000000006,0.27978799999999976,0.28645600000000004,,,,251.07686799999993,0.0,0.0,125.53843399999997,-0.4019387878787838,-0.30631765384615395,28.7631802,28.75267864,,1.9975513,75.0,,54.55615,,,,161,False
demo,D02,163,1.118047,24,2023.244257,3.342043,,,2.011635,,28.978331,,,,1.114611,,,,,,,,,,0.057788,0.187177,synthetic,False,2.0,55.90235,44.09765,-0.3359999999999985,0.3844300000000004,0.2898139999999998,0.2743800000000002,,,,252.19147899999993,0.0,0.0,126.09573949999997,-0.3308424242424241,-0.3058424999999999,28.795005000000003,28.78978384,,1.9995366,75.0,,54.53115,,,,162,False
demo,D02,164,1.105431,24,1988.499869,3.333261,,,1.996938,,28.832541,,,,1.102165,,,,,,,,,,0.058882,0.183433,synthetic,False,2.0,55.271550000000005,44.728449999999995,0.6307999999999936,0.3097149999999992,0.34710999999999986,0.28271699999999983,,,,253.29364399999994,0.0,0.0,126.64682199999997,-0.33941909090908706,-0.29760076923076967,28.854734200000003,28.785125280000003,,1.9991441,75.0,,54.0848,,,,163,False
demo,D02,165,1.104118,24,1976.676648,3.339443,,,2.011045,,28.893213,,,,1.102828,,,,,,,,,,0.058593,0.195014,synthetic,False,2.0,55.2059,44.7941,0.0656500000000051,0.34014999999999984,0.29402000000000017,0.2761759999999998,,,,254.39647199999993,0.0,0.0,127.19823599999997,-0.29812212121212034,-0.2972188461538462,28.8745924,28.794226719999997,,2.0014292,75.0,,54.0887,,,,164,False
demo,D02,166,1.10467,24,1999.698598,3.34245,,,2.00429,,28.546699,,,,1.104652,,,,,,,,,,0.060352,0.182555,synthetic,False,2.0,55.2335,44.7665,-0.027599999999999625,0.2377500000000005,0.26352599999999965,0.2709770000000002,,,,255.50112399999992,0.0,0.0,127.75056199999996,-0.28051606060606094,-0.29827542307692223,28.8318019,28.78028388,,2.0019739999999997,75.0,,,,,,165,False
demo,D02,167,1.091123,24,1968.041642,3.338338,,,1.996572,,28.316705,,,,1.089795,,,,,,,,,,0.060043,0.182583,synthetic,False,2.0,54.55615,45.44385,0.677349999999997,0.28658,0.29814600000000013,0.281567,,,,256.59091899999993,0.0,0.0,128.29545949999996,-0.2836415151515144,-0.2986351538461535,28.809983199999998,28.776385,,2.0005726000000004,75.0,,,,,,166,False
demo,D02,168,1.090623,24,1962.709217,3.336884,,,2.004797,,28.901586,,,,1.091987,,,,,,,,,,0.059589,0.187905,synthetic,False,2.0,54.53115,45.46885,0.025000000000005684,0.27868500000000085,0.2902600000000004,0.27957600000000016,,,,257.68290599999995,0.0,0.0,128.84145299999997,-0.26032363636363764,-0.2957135769230761,28.826505000000004,28.80211868,,2.0023541000000002,75.0,,,,,,167,False
demo,D02,169,1.081696,24,1944.883213,3.334828,,,2.003204,,28.958454,,,,1.081092,,,,,,,,,,0.059329,0.19132,synthetic,False,2.0,54.0848,45.9152,0.44634999999999536,0.3209850000000003,0.305352,0.3003139999999999,,,,258.76399799999996,0.0,0.0,129.38199899999998,-0.22912878787878432,-0.29202073076923135,28.861528599999996,28.8119116,,2.0028809,75.0,,,,,,168,False
demo,D02,170,1.081774,24,1953.516712,3.331882,,,2.010209,,29.179654,,,,1.079687,,,,,,,,,,0.059575,0.186923,synthetic,False,2.0,54.0887,45.9113,-0.003900000000001569,0.22089499999999945,0.2648199999999997,0.2725229999999999,,,,259.84368499999994,0.0,0.0,129.92184249999997,-0.22528060606060424,-0.292513730769231,28.8608362,28.832284879999996,,2.0028770000000002,75.0,,,,,,169,False
demo,D03,1,2.00107,24,2413.536319,3.447351,,,3.004377,,28.945715,,,,1.999643,,,,,,,,,,0.050346,0.15549,synthetic,False,2.0,100.0535,-0.05349999999999966,,,,,,,,1.999643,0.0,0.0,0.9998215,,,,,,,69.0,68.0,98.8142,96.99185,92.61155,84.84945,0,True
demo,D03,2,1.996676,24,2391.206715,3.445569,,,3.010445,,28.922723,,,,1.997662,,,,,,,,,,0.05078,0.151314,synthetic,False,2.0,99.8338,0.16620000000000346,0.21970000000000312,,,,,,,3.997305,0.0,0.0,1.9986525,,,,,,,69.0,67.0,98.409,96.51615,92.9019,85.4367,1,True
demo,D03,3,2.000869,24,2403.175954,3.453019,,,3.003626,,28.93474,,,,2.005389,,,,,,,,,,0.049903,0.148805,synthetic,False,2.0,100.04344999999999,-0.04344999999999288,-0.20964999999999634,,,,,,,6.002694,0.0,0.0,3.001347,-0.005025000000014053,-0.005025000000014053,28.934392666666668,28.934392666666668,,3.006149333333333,69.0,66.0,97.9932,96.51405,93.71735,84.5975,2,True
demo,D03,4,1.980364,24,2378.665853,3.448228,,,2.99102,,29.243014,,,,1.97909,,,,,,,,,,0.051206,0.153084,synthetic,False,2.0,99.01820000000001,0.9817999999999927,1.0252499999999856,0.34509999999999746,0.34509999999999746,0.34509999999999746,,,,7.981784,0.0,0.0,3.990892,-0.28962499999999947,-0.28962499999999947,29.011548,29.011548,,3.002367,69.0,65.0,97.40395,96.1559,92.2407,84.41535,3,True
demo,D03,5,1.978641,24,2372.561576,3.441768,,,2.975617,,29.08979,,,,1.974456,,,,,,,,,,0.049909,0.150136,synthetic,False,2.0,98.93205,1.0679499999999962,0.0861500000000035,0.28036249999999896,0.28036249999999896,0.28036249999999896,,,,9.956240000000001,0.0,0.0,4.9781200000000005,-0.30584999999999685,-0.30584999999999685,29.0271964,29.0271964,,2.997017,69.0,64.0,97.43895,96.36105,91.78115,83.6823,4,True
demo,D03,6,1.976284,24,2376.836369,3.446281,,,2.995229,,29.094397,,,,1.977568,,,,,,,,,,0.050023,0.149814,synthetic,False,2.0,98.8142,1.1858000000000004,0.11785000000000423,0.24786000000000002,0.24786000000000002,0.24786000000000002,,,,11.933808,0.0,0.0,5.966904,-0.28362857142856623,-0.28362857142856623,29.0383965,29.0383965,,2.996719,69.0,63.0,96.99185,96.08085,90.83445,83.90615,5,False
demo,D03,7,1.96818,24,2367.308709,3.440046,,,3.007609,,28.766424,,,,1.966894,,,,,,,,,,0.049341,0.148397,synthetic,False,2.0,98.409,1.590999999999994,0.40519999999999357,0.2740833333333323,0.2740833333333323,0.2740833333333323,,,,13.900702,0.0,0.0,6.950351,-0.28871785714285514,-0.28871785714285514,28.999543285714285,28.999543285714285,,2.998274714285714,69.0,62.0,96.51615,95.34270000000001,90.58515,83.23445000000001,6,False
demo,D03,8,1.959864,24,2354.147351,3.44477,,,2.996469,,28.818331,,,,1.959253,,,,,,,,,,0.051419,0.155831,synthetic,False,2.0,97.9932,2.0067999999999984,0.4158000000000044,0.29432857142857116,0.29432857142857116,0.29432857142857116,,,,15.859955000000001,0.0,0.0,7.929977500000001,-0.3014285714285651,-0.3014285714285651,28.97689175,28.97689175,,2.998049,69.0,61.0,96.51405,95.248,90.92885000000001,83.1409,7,False
demo,D03,9,1.948079,24,2335.902413,3.436888,,,3.008012,,29.613743,,,,1.946943,,,,,,,,,,0.049753,0.144459,synthetic,False,2.0,97.40395,2.5960500000000053,0.5892500000000069,0.3311937500000006,0.3311937500000006,0.3311937500000006,,,,17.806898,0.0,0.0,8.903449,-0.3265483333333429,-0.3265483333333429,29.047653,29.047653,,2.999156,69.0,60.0,96.1559,94.4797,90.47995,82.706,8,False
demo,D03,10,1.948779,24,2336.026957,3.445713,,,3.001487,,29.032375,,,,1.957517,,,,,,,,,,0.050862,0.154442,synthetic,False,2.0,97.43895,2.5610499999999945,-0.0350000000000108,0.2905055555555549,0.2905055555555549,0.2905055555555549,,,,19.764415,0.0,0.0,9.8822075,-0.3196157575757576,-0.3196157575757576,29.0461252,29.0461252,,2.9993890999999997,69.0,59.0,96.36105,94.59885,89.95215,83.04855,9,False
demo,D03,11,1.939837,24,2318.253084,3.443992,,,3.012881,,28.896551,,,,1.931144,,,,,,,,,,0.05053,0.151015,synthetic,False,2.0,96.99185,3.0081500000000005,0.44710000000000605,0.306165,0.306165,0.306165,,,,21.695559,0.0,0.0,10.8477795,-0.333951818181821,-0.3216290909090934,29.0412088,29.032527545454546,,3.0002395,69.0,58.0,96.08085,94.57575,89.99935,82.7449,10,False
demo,D03,12,1.930323,24,2310.786955,3.448922,,,2.997048,,29.462291,,,,1.928824,,,,,,,,,,0.049644,0.151556,synthetic,False,2.0,96.51615,3.483850000000004,0.47570000000000334,0.33176500000000003,0.32157727272727304,0.32157727272727304,,,,23.624382999999998,0.0,0.0,11.812191499999999,-0.3517709090909088,-0.3287164335664384,29.095165599999994,29.068341166666666,,2.9988998000000002,69.0,57.0,95.34270000000001,94.41145,89.70925,81.84275,11,False
demo,D03,13,1.930281,24,2312.015351,3.444677,,,3.004676,,29.17503,,,,1.930267,,,,,,,,,,0.050088,0.157866,synthetic,False,2.0,96.51405,3.4859500000000025,0.0020999999999986585,0.35293999999999953,0.29495416666666685,0.29495416666666685,,,,25.55465,0.0,0.0,12.777325,-0.31551393939393585,-0.3222324175824203,29.119194599999997,29.076548,,2.9990048000000002,69.0,56.0,95.248,93.65695000000001,89.65235,81.526,12,False
demo,D03,14,1.923118,24,2299.959596,3.438698,,,3.005059,,29.259862,,,,1.920113,,,,,,,,,,0.052152,0.150933,synthetic,False,2.0,96.1559,3.8440999999999974,0.35814999999999486,0.2862300000000005,0.2998153846153844,0.2998153846153844,,,,27.474763,0.0,0.0,13.7373815,-0.3243618181818218,-0.3191829670329702,29.120879399999996,29.089641857142855,,3.0004087000000004,69.0,55.0,94.4797,93.89235000000001,89.10355,81.07215,13,False
demo,D03,15,1.927221,24,2315.716939,3.444175,,,3.015016,,29.074657,,,,1.930689,,,,,,,,,,0.050929,0.150871,synthetic,False,2.0,96.36105,3.638949999999994,-0.20515000000000327,0.2570999999999998,0.2637464285714281,0.2637464285714281,,,,29.405452,0.0,0.0,14.702726,-0.293068484848483,-0.30409250000000043,29.119366099999997,29.088642866666664,,3.0043485999999997,69.0,54.0,94.59885,92.82705,89.1239,81.19285,14,False
demo,D03,16,1.921617,24,2314.217976,3.434611,,,2.982934,,29.037907,,,,1.924742,,,,,,,,,,0.049775,0.152744,synthetic,False,2.0,96.08085,3.919150000000002,0.2802000000000078,0.27333500000000016,0.26484333333333343,0.26484333333333343,,,,31.330194,0.0,0.0,15.665097,-0.25375181818181286,-0.2934681617647028,29.113717099999995,29.085471875,,3.0031191,69.0,53.0,94.57575,92.61155,88.4499,80.43860000000001,15,False
demo,D03,17,1.906854,24,2281.991731,3.434507,,,2.995416,,29.097322,,,,1.906672,,,,,,,,,,0.051237,0.154967,synthetic,False,2.0,95.34270000000001,4.657299999999992,0.7381499999999903,0.30662999999999985,0.2944249999999995,0.2944249999999995,,,,33.236866,0.0,0.0,16.618433,-0.24857969696969592,-0.2948962009803899,29.1468069,29.08616894117647,,3.0018998000000003,69.0,52.0,94.41145,92.9019,88.1043,80.08655,16,False
demo,D03,18,1.90496,24,2287.896293,3.439453,,,3.008485,,28.796875,,,,1.903929,,,,,,,,,,0.050804,0.152476,synthetic,False,2.0,95.248,4.751999999999995,0.09470000000000312,0.2745199999999997,0.282676470588235,0.282676470588235,,,,35.140795,0.0,0.0,17.5703975,-0.23912575757575905,-0.29238611971104184,29.144661300000003,29.070097055555557,,3.0031014,69.0,51.0,93.65695000000001,93.71735,88.1489,80.1816,17,False
demo,D03,19,1.889594,24,2260.477947,3.427566,,,3.015459,,29.143627,,,,1.889171,,,,,,,,,,0.054558,0.149695,synthetic,False,2.0,94.4797,5.520300000000006,0.7683000000000106,0.29242500000000005,0.30965555555555585,0.30965555555555585,,,,37.029965999999995,0.0,0.0,18.514982999999997,-0.2775872727272723,-0.298103859649121,29.097649699999998,29.073967052631577,,3.0038460999999996,69.0,50.0,93.89235000000001,92.2407,87.2261,79.4011,18,False
demo,D03,20,1.891977,24,2268.29526,3.436348,,,3.002401,,29.236043,,,,1.89158,,,,,,,,,,0.051365,0.151724,synthetic,False,2.0,94.59885,5.401150000000001,-0.11915000000000475,0.28401000000000065,0.2870868421052632,0.2870868421052632,,,,38.92154599999999,0.0,0.0,19.460772999999996,-0.27177090909090545,-0.29630887218045066,29.1180165,29.08207085,,3.0039375,69.0,49.0,92.82705,91.78115,88.05330000000001,79.2252,19,False
demo,D03,21,1.891515,24,2265.117372,3.432358,,,2.997073,,29.625343,,,,1.891219,,,,,,,,,,0.050704,0.158183,synthetic,False,2.0,94.57575,5.424250000000001,0.023099999999999454,0.24161000000000002,0.2738875,0.2738875,,,,40.81276499999999,0.0,0.0,20.406382499999996,-0.26259575757575876,-0.2914319480519521,29.1908957,29.10794095238095,,3.0023567,69.0,48.0,92.61155,90.83445,87.0102,78.43554999999999,20,False
demo,D03,22,1.888229,24,2269.965965,3.436434,,,3.007571,,29.189157,,,,1.887519,,,,,,,,,,0.052538,0.154695,synthetic,False,2.0,94.41145,5.588549999999998,0.16429999999999723,0.2104699999999994,0.26866904761904753,0.26866904761904753,,,,42.70028399999999,0.0,0.0,21.350141999999995,-0.26480969696969664,-0.28626194240541775,29.1635823,29.111632590909092,,3.003409,69.0,47.0,92.9019,90.58515,86.69985,78.794,21,False
demo,D03,23,1.873139,24,2243.189306,3.429831,,,3.008687,,28.606748,,,,1.874085,,,,,,,,,,0.049428,0.156428,synthetic,False,2.0,93.65695000000001,6.343049999999991,0.7544999999999931,0.28570999999999885,0.2907522727272723,0.2907522727272723,,,,44.57436899999999,0.0,0.0,22.287184499999995,-0.28280666666666754,-0.28741778656126454,29.1067541,29.089681086956524,,3.0038101,69.0,46.0,93.71735,90.92885000000001,86.43045000000001,78.8373,22,False
demo,D03,24,1.877847,24,2260.255239,3.436428,,,2.996403,,29.159733,,,,1.880676,,,,,,,,,,0.051316,0.154102,synthetic,False,2.0,93.89235000000001,6.1076499999999925,-0.2353999999999985,0.2263549999999995,0.2678760869565214,0.2678760869565214,,,,46.45504499999999,0.0,0.0,23.227522499999996,-0.27720878787879205,-0.2830796086956515,29.096741200000004,29.092599916666668,,3.0029445,69.0,45.0,92.2407,90.47995,86.5227,78.1431,23,False
demo,D03,25,1.856541,24,2226.207148,3.432145,,,3.003303,,29.900064,,,,1.851973,,,,,,,,,,0.053429,0.15376,synthetic,False,2.0,92.82705,7.17295,1.0653000000000077,0.3534000000000006,0.3011020833333333,0.3011020833333333,,,,48.30701799999999,0.0,0.0,24.153508999999996,-0.2886045454545463,-0.28692300000000154,29.1792819,29.124898480000002,,3.0017731999999997,69.0,44.0,91.78115,89.95215,85.88335000000001,78.03645,24,False
demo,D03,26,1.852231,24,2218.345389,3.43713,,,3.011805,,29.438245,,,,1.848339,,,,,,,,,,0.051361,0.160943,synthetic,False,2.0,92.61155,7.388450000000006,0.2155000000000058,0.3469300000000004,0.2976780000000002,0.2976780000000002,,,,50.155356999999995,0.0,0.0,25.077678499999998,-0.28759848484848394,-0.28966057692307834,29.2193157,29.144599680000002,,3.0046603000000003,69.0,43.0,90.83445,89.99935,84.84945,77.0147,25,False
demo,D03,27,1.858038,24,2221.262009,3.432282,,,3.018905,,29.010221,,,,1.85154,,,,,,,,,,0.049686,0.155114,synthetic,False,2.0,92.9019,7.098100000000002,-0.29035000000000366,0.24408000000000102,0.27727599999999997,0.2750615384615385,,,,52.006896999999995,0.0,0.0,26.003448499999998,-0.27791303030302916,-0.2861904230769252,29.210605599999997,29.148099600000002,,3.0070091999999997,69.0,42.0,90.58515,89.70925,85.4367,78.19205,26,False
demo,D03,28,1.874347,24,2250.925494,3.431219,,,3.007426,,29.336255,,,,1.877595,,,,,,,,,,0.050861,0.153696,synthetic,False,2.0,93.71735,6.282650000000004,-0.8154499999999985,0.15306500000000084,0.2530439999999999,0.23467222222222237,,,,53.884491999999995,0.0,0.0,26.942245999999997,-0.20047636363636198,-0.2677643076923063,29.264543599999996,29.1641602,,3.0069033000000003,69.0,41.0,90.92885000000001,89.65235,84.5975,76.32515,27,False
demo,D03,29,1.844814,24,2219.722478,3.429614,,,3.000441,,29.047275,,,,1.845738,,,,,,,,,,0.053006,0.159496,synthetic,False,2.0,92.2407,7.759299999999996,1.4766499999999922,0.22389999999999902,0.2711000000000001,0.2790285714285713,,,,55.73022999999999,0.0,0.0,27.865114999999996,-0.23625090909090715,-0.2683550769230763,29.254908399999998,29.15633064,,3.0054015,69.0,40.0,90.47995,89.10355,84.41535,76.20875000000001,28,False
demo,D03,30,1.835623,24,2204.553644,3.424076,,,2.999459,,28.908114,,,,1.837478,,,,,,,,,,0.05202,0.154408,synthetic,False,2.0,91.78115,8.218850000000003,0.45955000000000723,0.2817700000000002,0.2860360000000003,0.2852534482758622,,,,57.56770799999999,0.0,0.0,28.783853999999994,-0.2620090909090882,-0.2688358846153844,29.2221155,29.149063599999998,,3.0051072999999997,69.0,39.0,89.95215,89.1239,83.6823,76.1772,29,False
demo,D03,31,1.816689,24,2194.66841,3.428711,,,3.005574,,29.187875,,,,1.811495,,,,,,,,,,0.050994,0.155548,synthetic,False,2.0,90.83445,9.165549999999996,0.9466999999999928,0.3741299999999995,0.3191899999999998,0.30730166666666653,,,,59.37920299999999,0.0,0.0,29.689601499999995,-0.30679151515151315,-0.27373326923076824,29.178368700000004,29.15280272,,3.0059574000000002,69.0,38.0,89.99935,88.4499,83.90615,75.64395,30,False
demo,D03,32,1.811703,24,2183.36931,3.428822,,,2.998843,,29.305327,,,,1.818171,,,,,,,,,,0.051198,0.157563,synthetic,False,2.0,90.58515,9.414850000000001,0.24930000000000518,0.38263000000000036,0.3129540000000003,0.30543064516129037,,,,61.19737399999999,0.0,0.0,30.598686999999995,-0.3307763636363638,-0.2788456153846147,29.1899857,29.17435884,,3.0050846,69.0,37.0,89.70925,88.1043,83.23445000000001,74.857,31,False
demo,D03,33,1.818577,24,2180.278878,3.437199,,,3.001896,,28.804096,,,,1.816362,,,,,,,,,,0.051255,0.157258,synthetic,False,2.0,90.92885000000001,9.071149999999989,-0.34370000000001255,0.2728099999999998,0.2825739999999996,0.28514531249999964,,,,63.01373599999999,0.0,0.0,31.506867999999994,-0.33993454545454405,-0.27892499999999865,29.209720500000003,29.173789439999997,,3.0044055,69.0,36.0,89.65235,88.1489,83.1409,74.5531,32,False
demo,D03,34,1.809599,24,2169.446482,3.423712,,,2.989421,,28.998312,,,,1.810207,,,,,,,,,,0.052265,0.158395,synthetic,False,2.0,90.47995,9.520049999999998,0.44890000000000896,0.34124000000000054,0.2769599999999997,0.2901075757575757,,,,64.82394299999999,0.0,0.0,32.41197149999999,-0.3248169696969678,-0.2836064615384601,29.1935784,29.1491722,,3.0037073,69.0,35.0,89.10355,87.2261,82.706,74.19955,33,False
demo,D03,35,1.799043,24,2161.893559,3.423809,,,3.012971,,29.304019,,,,1.802117,,,,,,,,,,0.053348,0.164313,synthetic,False,2.0,89.95215,10.047849999999997,0.5277999999999992,0.2874899999999997,0.29947200000000007,0.2970985294117646,,,,66.62605999999998,0.0,0.0,33.31302999999999,-0.3681460606060571,-0.28748376923076796,29.1339739,29.16003796,,3.0046741,69.0,34.0,89.1239,88.05330000000001,83.04855,75.16335,34,False
demo,D03,36,1.799987,24,2154.553911,3.422695,,,2.988598,,29.197976,,,,1.796434,,,,,,,,,,0.053053,0.159009,synthetic,False,2.0,89.99935,10.000649999999993,-0.04720000000000368,0.26121999999999873,0.2796999999999997,0.2872614285714284,,,,68.42249399999999,0.0,0.0,34.21124699999999,-0.3884199999999993,-0.28963730769230595,29.109947,29.17209496,,3.0023533999999996,69.0,33.0,88.4499,87.0102,82.7449,74.56405000000001,35,False
demo,D03,37,1.794185,24,2160.555219,3.425122,,,2.995679,,29.407425,,,,1.792225,,,,,,,,,,0.052514,0.151098,synthetic,False,2.0,89.70925,10.290750000000003,0.2901000000000096,0.319265,0.27227599999999996,0.2873402777777778,,,,70.21471899999999,0.0,0.0,35.107359499999994,-0.37349787878787766,-0.293846846153848,29.1496674,29.169900319999996,,3.0000307999999998,69.0,32.0,88.1043,86.69985,81.84275,74.01835,36,False
demo,D03,38,1.793047,24,2153.989937,3.425658,,,3.000976,,29.006763,,,,1.793689,,,,,,,,,,0.050738,0.159257,synthetic,False,2.0,89.65235,10.347650000000002,0.05689999999999884,0.40649999999999975,0.27446799999999993,0.28111216216216217,,,,72.00840799999999,0.0,0.0,36.004203999999994,-0.2686172727272731,-0.29336653846153754,29.1167182,29.163169639999996,,2.9993857999999998,69.0,31.0,88.1489,86.43045000000001,81.526,72.705,37,False
demo,D03,39,1.782071,24,2140.130125,3.422545,,,3.01991,,29.505422,,,,1.792255,,,,,,,,,,0.050851,0.158831,synthetic,False,2.0,89.10355,10.896450000000002,0.5488,0.3137150000000005,0.2820940000000002,0.28815657894736846,,,,73.80066299999999,0.0,0.0,36.90033149999999,-0.24284181818181863,-0.29625534615384713,29.162532900000002,29.17299204,,3.0013327,69.0,30.0,87.2261,86.5227,81.07215,73.36375000000001,38,False
demo,D03,40,1.782478,24,2143.381727,3.427155,,,2.995773,,29.030343,,,,1.783551,,,,,,,,,,0.052708,0.158831,synthetic,False,2.0,89.1239,10.876099999999994,-0.02035000000000764,0.26572499999999905,0.28948599999999997,0.2802461538461537,,,,75.58421399999999,0.0,0.0,37.792106999999994,-0.20856696969697044,-0.2914799230769252,29.174755799999996,29.17121948,,3.0009641,69.0,29.0,88.05330000000001,85.88335000000001,81.19285,72.8815,39,False
demo,D03,41,1.768998,24,2133.769067,3.418657,,,2.99334,,29.757187,,,,1.774681,,,,,,,,,,0.050965,0.159978,synthetic,False,2.0,88.4499,11.5501,0.6740000000000066,0.23845500000000044,0.30523799999999995,0.29009,,,,77.35889499999999,0.0,0.0,38.679447499999995,-0.24195999999999926,-0.29016100000000017,29.231687,29.199990679999996,,2.9997407,69.0,28.0,87.0102,84.84945,80.43860000000001,71.7996,40,False
demo,D03,42,1.762086,24,2115.587617,3.424205,,,2.994492,,28.927931,,,,1.766335,,,,,,,,,,0.052154,0.159431,synthetic,False,2.0,88.1043,11.895700000000005,0.34560000000000457,0.2480850000000004,0.2895360000000005,0.2914439024390245,,,,79.12522999999999,0.0,0.0,39.562614999999994,-0.28192030303030435,-0.293543769230769,29.193947400000003,29.19321504,,2.9993056,69.0,27.0,86.69985,85.4367,80.08655,71.83435,41,False
demo,D03,43,1.762978,24,2114.856124,3.422526,,,3.016589,,29.082394,,,,1.764276,,,,,,,,,,0.052674,0.159323,synthetic,False,2.0,88.1489,11.851100000000002,-0.04460000000000264,0.2779950000000014,0.28396400000000027,0.2834428571428572,,,,80.88950599999998,0.0,0.0,40.44475299999999,-0.26646363636363696,-0.29189384615384567,29.2217772,29.204635800000002,,3.0007749,69.0,26.0,86.43045000000001,84.5975,80.1816,71.91555,42,False
demo,D03,44,1.744522,24,2102.901262,3.418017,,,2.971877,,29.48756,,,,1.74107,,,,,,,,,,0.051417,0.162058,synthetic,False,2.0,87.2261,12.773899999999998,0.9227999999999952,0.325385,0.2901439999999997,0.2983116279069767,,,,82.63057599999998,0.0,0.0,41.31528799999999,-0.29757181818181705,-0.30098423076923186,29.270702,29.218393119999995,,2.9990205,69.0,25.0,86.5227,84.41535,79.4011,71.4131,43,False
demo,D03,45,1.761066,24,2119.412921,3.418873,,,2.989973,,29.77446,,,,1.764798,,,,,,,,,,0.051365,0.157931,synthetic,False,2.0,88.05330000000001,11.946699999999993,-0.8272000000000048,0.18988499999999958,0.26182199999999967,0.272731818181818,,,,84.39537399999998,0.0,0.0,42.19768699999999,-0.2793060606060614,-0.29566773076923064,29.3177461,29.2399298,,2.9967207,69.0,24.0,85.88335000000001,83.6823,79.2252,70.5158,44,False
demo,D03,46,1.740204,24,2086.233473,3.427232,,,3.027313,,29.468455,,,,1.73499,,,,,,,,,,0.052504,0.157549,synthetic,False,2.0,87.0102,12.989800000000002,1.0431000000000097,0.29891500000000093,0.30262200000000006,0.28985111111111117,,,,86.13036399999997,0.0,0.0,43.065181999999986,-0.29177363636363474,-0.295175807692307,29.344794,29.23365428,,3.0005922000000003,69.0,23.0,84.84945,83.90615,78.43554999999999,70.75185,45,False
demo,D03,47,1.733997,24,2080.828419,3.413482,,,3.005909,,29.539719,,,,1.739549,,,,,,,,,,0.053164,0.169711,synthetic,False,2.0,86.69985,13.300150000000002,0.3103499999999997,0.30093999999999993,0.3084640000000002,0.2902967391304348,,,,87.86991299999997,0.0,0.0,43.934956499999984,-0.30427727272727817,-0.29337199999999886,29.3580234,29.24767676,,3.0016152000000003,69.0,22.0,85.4367,83.23445000000001,78.794,69.5869,46,False
demo,D03,48,1.728609,24,2075.546292,3.417268,,,2.98894,,29.411471,,,,1.7293,,,,,,,,,,0.053775,0.158708,synthetic,False,2.0,86.43045000000001,13.569549999999992,0.2693999999999903,0.3221899999999991,0.28906000000000004,0.2898521276595743,,,,89.59921299999996,0.0,0.0,44.79960649999998,-0.2987912121212068,-0.29566796153846125,29.3984942,29.279865679999997,,3.0004116,69.0,21.0,84.5975,83.1409,78.8373,69.82034999999999,47,False
demo,D03,49,1.730454,24,2078.798988,3.413306,,,2.999581,,29.147719,,,,1.721282,,,,,,,,,,0.053303,0.161082,synthetic,False,2.0,86.5227,13.4773,-0.09224999999999284,0.2580849999999998,0.29478600000000027,0.28189166666666665,,,,91.32049499999997,0.0,0.0,45.66024749999998,-0.28580666666666715,-0.2891995384615404,29.3627239,29.27938512,,2.9983787,69.0,20.0,84.41535,82.706,78.1431,69.8871,48,False
demo,D03,50,1.717667,24,2052.811289,3.421851,,,3.000675,,29.300965,,,,1.716497,,,,,,,,,,0.052897,0.156806,synthetic,False,2.0,85.88335000000001,14.116649999999993,0.6393499999999932,0.32405499999999987,0.2777479999999997,0.2891867346938774,,,,93.03699199999997,0.0,0.0,46.518495999999985,-0.27505606060606075,-0.2936168461538467,29.389786100000002,29.255421159999997,,2.9988689,69.0,19.0,83.6823,83.04855,78.03645,69.2093,49,False
demo,D03,51,1.696989,24,2026.962986,3.415671,,,3.008461,,29.15154,,,,1.699208,,,,,,,,,,0.052284,0.16247,synthetic,False,2.0,84.84945,15.150549999999996,1.0339000000000027,0.3600449999999995,0.3104839999999996,0.3040809999999999,,,,94.73619999999997,0.0,0.0,47.368099999999984,-0.3263539393939395,-0.3043915384615389,29.3292214,29.24395296,,3.000381,69.0,18.0,83.90615,82.7449,77.0147,68.71159999999999,50,False
demo,D03,52,1.708734,24,2045.022334,3.410878,,,3.018395,,29.117221,,,,1.707924,,,,,,,,,,0.051842,0.158851,synthetic,False,2.0,85.4367,14.563299999999998,-0.5872499999999974,0.26675999999999933,0.2986079999999998,0.2879419999999999,,,,96.44412399999997,0.0,0.0,48.22206199999999,-0.32501818181818365,-0.300871115384615,29.348150399999998,29.24823296,,3.0027713,69.0,17.0,83.23445000000001,81.84275,78.19205,68.7851,51,False
demo,D03,53,1.69195,24,2024.46355,3.413544,,,3.003886,,29.562512,,,,1.694369,,,,,,,,,,0.05257,0.160995,synthetic,False,2.0,84.5975,15.402500000000003,0.8392000000000053,0.3551400000000001,0.364794,0.30891899999999994,,,,98.13849299999997,0.0,0.0,49.069246499999984,-0.33414909090909306,-0.29120019230769256,29.396162200000003,29.257283239999996,,3.001501,69.0,16.0,83.1409,81.526,76.32515,68.46725,52,False
demo,D03,54,1.688307,24,2022.055717,3.412069,,,2.994602,,29.186744,,,,1.685437,,,,,,,,,,0.053527,0.165603,synthetic,False,2.0,84.41535,15.584649999999996,0.18214999999999293,0.28107499999999985,0.313014,0.29205700000000007,,,,99.82392999999996,0.0,0.0,49.91196499999998,-0.37168818181817903,-0.29096188461538447,29.366080599999997,29.262862,,3.0037735000000003,69.0,15.0,82.706,81.07215,76.20875000000001,68.2239,53,False
demo,D03,55,1.673646,24,2012.198949,3.407139,,,3.007871,,29.56942,,,,1.669274,,,,,,,,,,0.0536,0.16447,synthetic,False,2.0,83.6823,16.317700000000002,0.7330500000000058,0.43710000000000093,0.32395399999999996,0.3049950000000001,,,,101.49320399999996,0.0,0.0,50.74660199999998,-0.3599954545454538,-0.29606619230769277,29.345576599999998,29.28931424,,3.0055633,69.0,14.0,83.04855,81.19285,76.1772,67.7487,54,False
demo,D03,56,1.678123,24,2012.726665,3.412798,,,2.993017,,29.15736,,,,1.677883,,,,,,,,,,0.051119,0.16458,synthetic,False,2.0,83.90615,16.093850000000003,-0.22384999999999877,0.3104050000000001,0.27713200000000027,0.29816100000000006,,,,103.17108699999996,0.0,0.0,51.58554349999998,-0.3526509090909068,-0.30234130769230816,29.3144671,29.288093640000003,,3.0021337,69.0,13.0,82.7449,80.43860000000001,75.64395,67.46585,55,False
demo,D03,57,1.664689,24,1998.804043,3.409643,,,2.989667,,29.577062,,,,1.664794,,,,,,,,,,0.052567,0.158099,synthetic,False,2.0,83.23445000000001,16.76554999999999,0.6716999999999871,0.34653999999999885,0.29402799999999957,0.30349099999999996,,,,104.83588099999996,0.0,0.0,52.41794049999998,-0.3650096969696982,-0.3119802692307685,29.318201400000003,29.29896304,,3.0005095,69.0,12.0,81.84275,80.08655,74.857,67.01585,56,False
demo,D03,58,1.662818,24,1988.053087,3.408715,,,2.982401,,29.383602,,,,1.66166,,,,,,,,,,0.054576,0.168998,synthetic,False,2.0,83.1409,16.859099999999998,0.09355000000000757,0.32895500000000055,0.31151800000000035,0.297046,,,,106.49754099999996,0.0,0.0,53.24877049999998,-0.35842636363636277,-0.3133913846153854,29.315414500000003,29.32214328,,2.9998556,69.0,11.0,81.526,80.1816,74.5531,66.5297,57,False
demo,D03,59,1.65412,24,1982.195405,3.406597,,,2.984349,,29.870473,,,,1.658181,,,,,,,,,,0.053538,0.16026,synthetic,False,2.0,82.706,17.293999999999997,0.43489999999999895,0.38166999999999973,0.31095799999999996,0.29395899999999986,,,,108.15572199999995,0.0,0.0,54.07786099999998,-0.3295415151515146,-0.3173152307692316,29.387689900000005,29.35702972,,2.9983324000000002,69.0,10.0,81.07215,79.4011,74.19955,66.13045,58,False
demo,D03,60,1.660971,24,1996.676254,3.409346,,,2.991036,,29.589474,,,,1.658146,,,,,,,,,,0.051973,0.168147,synthetic,False,2.0,83.04855,16.951449999999994,-0.3425500000000028,0.2834800000000001,0.2761439999999999,0.287808,,,,109.81386799999996,0.0,0.0,54.90693399999998,-0.2783324242424227,-0.3173751153846148,29.4165408,29.368447920000005,,2.9973685,69.0,9.0,81.19285,79.2252,75.16335,65.68549999999999,59,False
demo,D03,61,1.654898,24,1989.421816,3.40778,,,2.988222,,29.826599,,,,1.655934,,,,,,,,,,0.055807,0.166869,synthetic,False,2.0,82.7449,17.2551,0.30365000000000464,0.21045500000000034,0.2901780000000002,0.28493899999999994,,,,111.46980199999996,0.0,0.0,55.73490099999998,-0.27825151515151386,-0.3144554615384623,29.4840467,29.39359284,,2.9953446,69.0,8.0,80.43860000000001,78.43554999999999,74.56405000000001,65.04554999999999,60,False
demo,D03,62,1.636855,24,1959.956355,3.404843,,,3.003132,,29.355806,,,,1.637078,,,,,,,,,,0.053603,0.166258,synthetic,False,2.0,81.84275,18.157250000000005,0.902150000000006,0.3593950000000007,0.3146600000000001,0.293468,,,,113.10687999999996,0.0,0.0,56.55343999999998,-0.2627190909090883,-0.31718400000000124,29.5079052,29.391528080000004,,2.9938183,69.0,7.0,80.08655,78.794,74.01835,64.77475,61,False
demo,D03,63,1.63052,24,1957.572645,3.401251,,,2.988006,,29.568256,,,,1.625443,,,,,,,,,,0.054079,0.162214,synthetic,False,2.0,81.526,18.474000000000004,0.316749999999999,0.30715000000000003,0.32505400000000007,0.299761,,,,114.73232299999997,0.0,0.0,57.36616149999998,-0.2768475757575729,-0.31735423076923147,29.508479599999998,29.413987800000005,,2.9922303,69.0,6.0,80.1816,78.8373,72.705,64.62835,62,False
demo,D03,64,1.621443,24,1958.567223,3.409455,,,2.968563,,29.322563,,,,1.617166,,,,,,,,,,0.054185,0.165597,synthetic,False,2.0,81.07215,18.927850000000007,0.45385000000000275,0.334320000000001,0.3212560000000002,0.3016750000000002,,,,116.34948899999996,0.0,0.0,58.17474449999998,-0.2906445454545462,-0.32095080769230777,29.5220615,29.40667344,,2.9896263999999997,69.0,5.0,79.4011,78.1431,73.36375000000001,64.4365,63,False
demo,D03,65,1.623857,24,1948.525106,3.39878,,,2.989561,,29.460814,,,,1.623895,,,,,,,,,,0.053394,0.163633,synthetic,False,2.0,81.19285,18.807149999999993,-0.12070000000001357,0.24894499999999908,0.31724199999999997,0.30336399999999997,,,,117.97338399999997,0.0,0.0,58.986691999999984,-0.3062042424242418,-0.3170517307692317,29.511200900000006,29.42389228,,2.9877954,69.0,4.0,79.2252,78.03645,72.8815,64.44695,64,False
demo,D03,66,1.608772,24,1926.511773,3.402807,,,2.995281,,29.521316,,,,1.615147,,,,,,,,,,0.053185,0.165736,synthetic,False,2.0,80.43860000000001,19.561399999999992,0.754249999999999,0.34675499999999887,0.3204519999999997,0.3128449999999998,,,,119.58853099999996,0.0,0.0,59.79426549999998,-0.31780636363636344,-0.3207541538461541,29.547596499999997,29.41445744,,2.9880218,69.0,3.0,78.43554999999999,77.0147,71.7996,63.6523,65,False
demo,D03,67,1.601731,24,1921.075125,3.398935,,,2.993946,,29.415939,,,,1.603587,,,,,,,,,,0.056104,0.165181,synthetic,False,2.0,80.08655,19.913449999999997,0.3520500000000055,0.3147900000000007,0.3207099999999997,0.3051230000000001,,,,121.19211799999997,0.0,0.0,60.59605899999998,-0.3513603030303035,-0.32499973076923094,29.5314842,29.433977759999998,,2.9884497,69.0,2.0,78.794,78.19205,71.83435,63.61555,66,False
demo,D03,68,1.603632,24,1924.891019,3.407492,,,3.015195,,29.290676,,,,1.598098,,,,,,,,,,0.054967,0.159739,synthetic,False,2.0,80.1816,19.818399999999997,-0.09505000000000052,0.2959299999999999,0.31869199999999975,0.30132800000000004,,,,122.79021599999996,0.0,0.0,61.39510799999998,-0.3478100000000005,-0.3217544230769237,29.522191599999996,29.44230904,,2.9917290999999997,69.0,1.0,78.8373,76.32515,71.91555,63.287499999999994,67,False
demo,D03,69,1.588022,24,1904.761648,3.394889,,,2.993865,,29.264588,,,,1.578143,,,,,,,,,,0.054942,0.169844,synthetic,False,2.0,79.4011,20.5989,0.7805000000000035,0.33049000000000034,0.3130000000000001,0.3015719999999999,,,,124.36835899999996,0.0,0.0,62.18417949999998,-0.3799554545454536,-0.3288130384615393,29.461603099999998,29.433390160000002,,2.9926806999999997,69.0,0.0,78.1431,76.20875000000001,71.4131,62.543000000000006,68,False
demo,D03,70,1.584504,24,1901.225912,3.395122,,,3.008809,,29.038307,,,,1.586827,,,,,,,,,,0.054731,0.166377,synthetic,False,2.0,79.2252,20.7748,0.1758999999999986,0.3823350000000005,0.35312400000000027,0.30747299999999994,,,,125.95518599999996,0.0,0.0,62.97759299999998,-0.358799393939393,-0.3232041153846155,29.4064864,29.403944039999995,,2.9944580000000003,69.0,,78.03645,76.1772,70.5158,62.439049999999995,69,False
demo,D03,71,1.568711,24,1874.300948,3.39221,,,2.99981,,29.382848,,,,1.568409,,,,,,,,,,0.05331,0.165797,synthetic,False,2.0,78.43554999999999,21.564450000000008,0.7896500000000088,0.4309350000000009,0.34298600000000024,0.32280400000000015,,,,127.52359499999996,0.0,0.0,63.76179749999998,-0.35461484848484814,-0.32852442307692376,29.3621113,29.40051976,,2.9956167999999996,69.0,,77.0147,75.64395,70.75185,61.83535,70,False
demo,D03,72,1.57588,24,1885.595019,3.398279,,,2.999577,,29.793053,,,,1.579477,,,,,,,,,,0.055519,0.165284,synthetic,False,2.0,78.794,21.206000000000003,-0.3584500000000048,0.30487499999999984,0.316234,0.3123490000000001,,,,129.10307199999997,0.0,0.0,64.55153599999998,-0.3387872727272684,-0.3270435769230776,29.405836,29.410653120000003,,2.9952613,69.0,,78.19205,74.857,69.5869,61.95230000000001,71,False
demo,D03,73,1.576746,24,1891.247144,3.391601,,,2.991646,,29.235257,,,,1.573968,,,,,,,,,,0.053389,0.168006,synthetic,False,2.0,78.8373,21.1627,-0.043300000000002115,0.2688699999999997,0.30372600000000033,0.2963930000000002,,,,130.67703999999998,0.0,0.0,65.33851999999999,-0.3047599999999953,-0.3217756153846159,29.3725361,29.403604559999998,,2.9956253,69.0,,76.32515,74.5531,69.82034999999999,61.3932,72,False
demo,D03,74,1.562862,24,1874.50476,3.393444,,,2.999412,,29.313676,,,,1.563957,,,,,,,,,,0.054655,0.164804,synthetic,False,2.0,78.1431,21.856899999999996,0.694199999999995,0.29290499999999897,0.33518399999999987,0.31498500000000007,,,,132.24099699999996,0.0,0.0,66.12049849999998,-0.30626454545454773,-0.3161522692307698,29.3716474,29.410242839999995,,2.9987102,69.0,,76.20875000000001,74.19955,69.8871,60.49165,73,False
demo,D03,75,1.560729,24,1869.693469,3.386482,,,2.992349,,30.106631,,,,1.56337,,,,,,,,,,0.052753,0.160805,synthetic,False,2.0,78.03645,21.963549999999998,0.10665000000000191,0.3156400000000005,0.3138760000000002,0.29581199999999996,,,,133.80436699999996,0.0,0.0,66.90218349999998,-0.2700360606060573,-0.3114610384615391,29.436229100000002,29.442469480000003,,2.998989,69.0,,76.1772,75.16335,69.2093,60.5431,74,False
demo,D03,76,1.540294,24,1847.37095,3.393498,,,3.0017,,29.530435,,,,1.538915,,,,,,,,,,0.052556,0.16961,synthetic,False,2.0,77.0147,22.985299999999995,1.0217499999999973,0.3423900000000003,0.31339,0.3119369999999998,,,,135.34328199999996,0.0,0.0,67.67164099999998,-0.3015633333333299,-0.3205042692307677,29.437141000000004,29.45762528,,2.9996309,69.0,,75.64395,74.56405000000001,68.71159999999999,60.634449999999994,75,False
demo,D03,77,1.563841,24,1876.952468,3.393479,,,2.997638,,29.7345,,,,1.562508,,,,,,,,,,0.05468,0.169004,synthetic,False,2.0,78.19205,21.807950000000005,-1.17734999999999,0.18945000000000078,0.28978600000000027,0.29419700000000004,,,,136.90578999999997,0.0,0.0,68.45289499999998,-0.25083969696969416,-0.3067804230769228,29.468997099999996,29.482316439999998,,3.0000001,69.0,,74.857,74.01835,68.7851,59.73055000000001,76,False
demo,D03,78,1.526503,24,1836.691398,3.384861,,,2.990554,,29.870825,,,,1.52658,,,,,,,,,,0.053926,0.168341,synthetic,False,2.0,76.32515,23.674850000000006,1.8669000000000011,0.38564500000000096,0.33089400000000013,0.34784400000000004,,,,138.43236999999996,0.0,0.0,69.21618499999998,-0.27264666666666443,-0.3131086923076931,29.527012000000003,29.494648960000003,,2.997536,69.0,,74.5531,72.705,68.46725,59.56365,77,False
demo,D03,79,1.524175,24,1828.465589,3.394864,,,3.009919,,29.879369,,,,1.525829,,,,,,,,,,0.052769,0.165589,synthetic,False,2.0,76.20875000000001,23.79124999999999,0.11639999999998452,0.31923499999999905,0.3282639999999998,0.3206389999999999,,,,139.95819899999995,0.0,0.0,69.97909949999998,-0.3060912121212109,-0.31596957692307776,29.5884901,29.52235396,,2.9991414,69.0,,74.19955,73.36375000000001,68.2239,59.2371,78,False
demo,D03,80,1.523544,24,1830.441222,3.385212,,,3.004268,,29.334106,,,,1.5235,,,,,,,,,,0.055305,0.169325,synthetic,False,2.0,76.1772,23.8228,0.03155000000000996,0.3048000000000002,0.30020399999999997,0.31207899999999994,,,,141.48169899999996,0.0,0.0,70.74084949999998,-0.31428818181818674,-0.32013942307692383,29.61807,29.5129414,,2.9986873000000003,69.0,,75.16335,72.8815,67.7487,58.40585,79,False
demo,D03,81,1.512879,24,1812.505179,3.392298,,,2.995519,,29.672916,,,,1.515826,,,,,,,,,,0.056991,0.165091,synthetic,False,2.0,75.64395,24.356049999999996,0.5332499999999953,0.27915999999999885,0.3304879999999997,0.30381,,,,142.99752499999997,0.0,0.0,71.49876249999998,-0.3672693939393904,-0.32121992307692376,29.6470768,29.533563639999997,,2.9982581999999995,69.0,,74.56405000000001,71.7996,67.46585,58.51305,80,False
demo,D03,82,1.49714,24,1799.650865,3.384338,,,3.001455,,29.349734,,,,1.495756,,,,,,,,,,0.056418,0.167033,synthetic,False,2.0,74.857,25.143,0.7869500000000045,0.3936999999999998,0.3350980000000004,0.314563,,,,144.49328099999997,0.0,0.0,72.24664049999998,-0.4054409090909066,-0.32992603846153773,29.602744900000005,29.52447052,,2.998446,69.0,,74.01835,71.83435,67.01585,57.584250000000004,81,False
demo,D03,83,1.491062,24,1791.290907,3.392789,,,2.999162,,30.374987,,,,1.4871,,,,,,,,,,0.054832,0.168105,synthetic,False,2.0,74.5531,25.4469,0.3038999999999987,0.42841999999999986,0.34351200000000004,0.3275150000000002,,,,145.98038099999997,0.0,0.0,72.99019049999998,-0.40958090909090705,-0.3359286923076931,29.7167179,29.564125920000002,,2.9991976,69.0,,72.705,71.91555,66.5297,57.456799999999994,82,False
demo,D03,84,1.483991,24,1785.41443,3.388497,,,2.991324,,29.375295,,,,1.489858,,,,,,,,,,0.055169,0.173172,synthetic,False,2.0,74.19955,25.800449999999998,0.3535499999999985,0.3943550000000002,0.34025800000000006,0.325608,,,,147.47023899999996,0.0,0.0,73.73511949999998,-0.42735575757575855,-0.342937884615386,29.722879799999998,29.5443188,,2.9983888,69.0,,73.36375000000001,71.4131,66.13045,57.608850000000004,83,False
demo,D03,85,1.503267,24,1807.781569,3.383876,,,3.000705,,29.483139,,,,1.501449,,,,,,,,,,0.055855,0.168781,synthetic,False,2.0,75.16335,24.836650000000006,-0.963799999999992,0.2873100000000008,0.31540800000000047,0.2957760000000002,,,,148.97168799999997,0.0,0.0,74.48584399999999,-0.3518690909090863,-0.33108153846153804,29.660530599999998,29.5400654,,2.9992244,69.0,,72.8815,70.5158,65.68549999999999,57.0343,84,False
demo,D03,86,1.491281,24,1792.697983,3.382742,,,2.99379,,29.502928,,,,1.489586,,,,,,,,,,0.056209,0.169005,synthetic,False,2.0,74.56405000000001,25.43594999999999,0.5992999999999853,0.2450649999999996,0.3272339999999997,0.308706,,,,150.46127399999997,0.0,0.0,75.23063699999999,-0.342362727272723,-0.3217281538461554,29.6577799,29.527118559999998,,2.9984334,69.0,,71.7996,70.75185,65.04554999999999,56.4766,85,False
demo,D03,87,1.480367,24,1775.915463,3.387468,,,2.990551,,29.405285,,,,1.480172,,,,,,,,,,0.054853,0.176649,synthetic,False,2.0,74.01835,25.981650000000002,0.5457000000000107,0.4173699999999997,0.31297599999999987,0.313818,,,,151.94144599999998,0.0,0.0,75.97072299999999,-0.25442696969697537,-0.32014053846153795,29.624858400000004,29.52909772,,2.9977247,69.0,,71.83435,69.5869,64.77475,56.342150000000004,86,False
demo,D03,88,1.4541,24,1746.201797,3.380713,,,2.983772,,30.156999,,,,1.454295,,,,,,,,,,0.055493,0.172893,synthetic,False,2.0,72.705,27.295,1.3133499999999998,0.36201499999999953,0.35283999999999993,0.338947,,,,153.395741,0.0,0.0,76.6978705,-0.31199818181818134,-0.3278248846153843,29.653475800000002,29.552647439999998,,2.9970465,69.0,,71.91555,69.82034999999999,64.62835,55.82995,87,False
demo,D03,89,1.467275,24,1766.347994,3.382732,,,2.996414,,30.404699,,,,1.466141,,,,,,,,,,0.055628,0.172326,synthetic,False,2.0,73.36375000000001,26.63624999999999,-0.6587500000000119,0.28449999999999986,0.30833599999999933,0.31479599999999974,,,,154.86188199999998,0.0,0.0,77.43094099999999,-0.29751696969696956,-0.3271815769230772,29.7060088,29.59593288,,2.995696,69.0,,71.4131,69.8871,64.4365,55.491049999999994,88,False
demo,D03,90,1.45763,24,1745.734339,3.387293,,,3.00567,,29.694618,,,,1.457579,,,,,,,,,,0.055978,0.170586,synthetic,False,2.0,72.8815,27.118499999999997,0.4822500000000076,0.32956999999999964,0.3324540000000002,0.3248480000000001,,,,156.319461,0.0,0.0,78.1597305,-0.27695878787878775,-0.32385326923076896,29.74206,29.60528504,,2.9958362,69.0,,70.5158,69.2093,64.44695,55.32315,89,False
demo,D03,91,1.435992,24,1719.942198,3.376504,,,2.993053,,29.515906,,,,1.435878,,,,,,,,,,0.055507,0.170771,synthetic,False,2.0,71.7996,28.200400000000002,1.0819000000000045,0.3844350000000006,0.3455600000000004,0.333006,,,,157.755339,0.0,0.0,78.8776695,-0.31101545454545304,-0.33166088461538545,29.726359000000002,29.60506864,,2.9955896,69.0,,70.75185,68.71159999999999,63.6523,54.5463,90,False
demo,D03,92,1.436687,24,1724.962837,3.379951,,,3.025207,,29.285738,,,,1.437189,,,,,,,,,,0.055513,0.165973,synthetic,False,2.0,71.83435,28.16565,-0.0347500000000025,0.3022649999999999,0.3300880000000001,0.3253989999999999,,,,159.19252799999998,0.0,0.0,79.59626399999999,-0.3490418181818186,-0.33602284615384576,29.7199594,29.599860600000003,,2.9979648,69.0,,69.5869,68.7851,63.61555,54.41454999999999,91,False
demo,D03,93,1.438311,24,1728.123753,3.383607,,,3.008857,,29.781506,,,,1.43153,,,,,,,,,,0.056997,0.175374,synthetic,False,2.0,71.91555,28.084450000000004,-0.0811999999999955,0.26375500000000046,0.33064200000000027,0.32466700000000004,,,,160.624058,0.0,0.0,80.312029,-0.36626090909090886,-0.33233692307692236,29.6606113,29.6194938,,2.9989342999999997,69.0,,69.82034999999999,68.46725,63.287499999999994,53.9462,92,False
demo,D03,94,1.428262,24,1709.677354,3.381769,,,3.013043,,29.778515,,,,1.433635,,,,,,,,,,0.056927,0.174214,synthetic,False,2.0,71.4131,28.5869,0.5024499999999961,0.2786450000000002,0.31951999999999997,0.31626000000000004,,,,162.057693,0.0,0.0,81.0288465,-0.40248606060606407,-0.3347354999999995,29.700933300000003,29.64005088,,3.0011061999999997,69.0,,69.8871,68.2239,62.543000000000006,53.20120000000001,93,False
demo,D03,95,1.410316,24,1692.000104,3.375651,,,3.007952,,29.721701,,,,1.409901,,,,,,,,,,0.056374,0.17305,synthetic,False,2.0,70.5158,29.4842,0.8973000000000013,0.46475499999999953,0.3483760000000001,0.3507500000000002,,,,163.467594,0.0,0.0,81.733797,-0.38962636363636394,-0.3410312307692308,29.724789500000004,29.66738664,,3.0018309000000003,69.0,,69.2093,67.7487,62.439049999999995,53.0373,94,False
demo,D03,96,1.415037,24,1697.565017,3.375724,,,3.018529,,29.932789,,,,1.41668,,,,,,,,,,0.057569,0.172987,synthetic,False,2.0,70.75185,29.248149999999995,-0.23605000000000587,0.38122000000000045,0.3073479999999995,0.3251669999999999,,,,164.884274,0.0,0.0,82.442137,-0.34751060606060774,-0.346345,29.7677756,29.68938428,,3.0043048,69.0,,68.71159999999999,67.46585,61.83535,53.42,95,False
demo,D03,97,1.391738,24,1658.986531,3.367012,,,2.99213,,30.011186,,,,1.387902,,,,,,,,,,0.055696,0.176539,synthetic,False,2.0,69.5869,30.4131,1.1649500000000046,0.4431449999999998,0.3682839999999999,0.342259,,,,166.272176,0.0,0.0,83.136088,-0.35910909090909243,-0.35291711538461634,29.828365699999996,29.6981096,,3.0044627,69.0,,68.7851,67.01585,61.95230000000001,52.700599999999994,96,False
demo,D03,98,1.396407,24,1674.584402,3.370326,,,2.974393,,29.98616,,,,1.395092,,,,,,,,,,0.057659,0.16948,synthetic,False,2.0,69.82034999999999,30.17965000000001,-0.2334499999999906,0.28846500000000075,0.36067800000000033,0.33220200000000033,,,,167.667268,0.0,0.0,83.833634,-0.39181606060606045,-0.3498189230769225,29.8112818,29.72814572,,3.0035248,69.0,,68.46725,66.5297,61.3932,51.8233,97,False
demo,D03,99,1.397742,24,1676.499167,3.375991,,,2.995539,,29.824355,,,,1.395863,,,,,,,,,,0.056565,0.172321,synthetic,False,2.0,69.8871,30.112899999999996,-0.06675000000001319,0.34766500000000067,0.33024000000000003,0.33271199999999995,,,,169.063131,0.0,0.0,84.5315655,-0.34199999999999975,-0.3461104615384625,29.7532474,29.74857288,,3.0034373,69.0,,68.2239,66.13045,60.49165,51.393,98,False
demo,D03,100,1.384186,24,1660.223922,3.372472,,,3.005582,,29.648316,,,,1.388254,,,,,,,,,,0.059429,0.171224,synthetic,False,2.0,69.2093,30.7907,0.6778000000000048,0.3672200000000004,0.3530860000000001,0.33348100000000014,,,,170.451385,0.0,0.0,85.2256925,-0.31916363636363376,-0.3433743461538462,29.7486172,29.730240279999997,,3.0034285,69.0,,67.7487,65.68549999999999,60.5431,51.45570000000001,99,False
demo,D03,101,1.374232,24,1656.08344,3.372079,,,3.001515,,30.10511,,,,1.372622,,,,,,,,,,0.055065,0.180345,synthetic,False,2.0,68.71159999999999,31.28840000000001,0.4977000000000089,0.3088000000000008,0.3321240000000006,0.3227570000000003,,,,171.824007,0.0,0.0,85.9120035,-0.3510896969696997,-0.3486597692307687,29.8075376,29.75322728,,3.0042747000000003,69.0,,67.46585,65.04554999999999,60.634449999999994,,100,False
demo,D03,102,1.375702,24,1644.821616,3.37612,,,3.002755,,29.939575,,,,1.377788,,,,,,,,,,0.055554,0.177599,synthetic,False,2.0,68.7851,31.2149,-0.07350000000000989,0.30492500000000006,0.3762779999999998,0.33303200000000005,,,,173.201795,0.0,0.0,86.6008975,-0.33925969696969543,-0.335106230769231,29.8729213,29.76143028,,3.0020295,69.0,,67.01585,64.77475,59.73055000000001,,101,False
demo,D03,103,1.369345,24,1639.149398,3.366419,,,3.013209,,30.168071,,,,1.367564,,,,,,,,,,0.056725,0.168618,synthetic,False,2.0,68.46725,31.532749999999993,0.31784999999999286,0.3448299999999989,0.3143159999999995,0.3226049999999998,,,,174.569359,0.0,0.0,87.2846795,-0.3023930303030325,-0.3359195769230764,29.911577800000003,29.773320119999998,,3.0024647,69.0,,66.5297,64.62835,59.56365,,102,False
demo,D03,104,1.364478,24,1624.541871,3.369615,,,3.003821,,30.150802,,,,1.363243,,,,,,,,,,0.056752,0.17088,synthetic,False,2.0,68.2239,31.7761,0.24335000000000662,0.31892,0.31939400000000034,0.3238290000000001,,,,175.932602,0.0,0.0,87.966301,-0.27049909090908886,-0.3340986923076917,29.9488065,29.784177439999997,,3.0015425000000002,69.0,,66.13045,64.4365,59.2371,,103,False
demo,D03,105,1.354974,24,1623.623204,3.370127,,,3.007989,,29.612098,,,,1.354309,,,,,,,,,,0.0584,0.175404,synthetic,False,2.0,67.7487,32.2513,0.47520000000000095,0.2767099999999999,0.33714,0.31867199999999996,,,,177.286911,0.0,0.0,88.6434555,-0.2856881818181816,-0.33083757692307725,29.937846200000003,29.79529712,,3.0015462,69.0,,65.68549999999999,64.44695,58.40585,,104,False
demo,D03,106,1.349317,24,1617.258758,3.365848,,,2.990604,,29.617469,,,,1.352782,,,,,,,,,,0.055838,0.17461,synthetic,False,2.0,67.46585,32.53415,0.28284999999999627,0.3286000000000001,0.327124,0.3288059999999999,,,,178.639693,0.0,0.0,89.3198465,-0.2670281818181846,-0.32903642307692266,29.906314199999997,29.79307924,,2.9987537,69.0,,65.04554999999999,63.6523,58.51305,,105,False
demo,D03,107,1.340317,24,1605.919994,3.373266,,,2.989046,,29.800639,,,,1.335251,,,,,,,,,,0.057502,0.172414,synthetic,False,2.0,67.01585,32.98415,0.45000000000000284,0.257105,0.313646,0.32437200000000016,,,,179.974944,0.0,0.0,89.987472,-0.3107466666666652,-0.33296776923076926,29.8852595,29.811115440000002,,2.9984453,69.0,,64.77475,63.61555,57.584250000000004,,106,False
demo,D03,108,1.330594,24,1602.01872,3.369959,,,3.016141,,29.740043,,,,1.327093,,,,,,,,,,0.057857,0.182611,synthetic,False,2.0,66.5297,33.470299999999995,0.486149999999995,0.3290649999999985,0.32093599999999983,0.3322239999999999,,,,181.30203699999998,0.0,0.0,90.65101849999999,-0.33425484848484316,-0.3383939999999991,29.8606478,29.78571768,,3.0026200999999997,69.0,,64.62835,63.287499999999994,57.456799999999994,,107,False
demo,D03,109,1.322609,24,1591.228611,3.366487,,,3.001009,,30.204899,,,,1.317458,,,,,,,,,,0.057479,0.178033,synthetic,False,2.0,66.13045,33.869550000000004,0.3992500000000092,0.37566500000000075,0.3227640000000002,0.3315110000000001,,,,182.61949499999997,0.0,0.0,91.30974749999999,-0.33520363636363393,-0.3448692692307703,29.898702200000002,29.81890184,,3.0031670999999998,69.0,,64.4365,62.543000000000006,57.608850000000004,,108,False
demo,D03,110,1.31371,24,1576.820005,3.371391,,,2.993768,,30.117263,,,,1.310853,,,,,,,,,,0.055902,0.178876,synthetic,False,2.0,65.68549999999999,34.31450000000001,0.44495000000000573,0.35238000000000086,0.3791140000000002,0.3472610000000003,,,,183.93034799999998,0.0,0.0,91.96517399999999,-0.36007393939393073,-0.3396067692307693,29.945596899999998,29.8442668,,3.0019857,69.0,,64.44695,62.439049999999995,57.0343,,109,False
demo,D03,111,1.300911,24,1559.357242,3.356618,,,2.993786,,30.32343,,,,1.298799,,,,,,,,,,0.058399,0.175888,synthetic,False,2.0,65.04554999999999,34.95445000000001,0.6399499999999989,0.36660499999999985,0.3807400000000007,0.3539870000000002,,,,185.22914699999998,0.0,0.0,92.61457349999999,-0.4103178787878784,-0.3389538461538462,29.967428900000005,29.87708688,,3.0012128000000002,69.0,,63.6523,61.83535,56.4766,,110,False
demo,D03,112,1.295495,24,1559.379864,3.361906,,,2.993509,,30.155879,,,,1.291312,,,,,,,,,,0.058274,0.180347,synthetic,False,2.0,64.77475,35.22525,0.27079999999999416,0.40103500000000025,0.369744,0.34135999999999994,,,,186.520459,0.0,0.0,93.2602295,-0.4259957575757575,-0.33893569230769255,29.989059299999997,29.90711064,,3.0002882,69.0,,63.61555,61.95230000000001,56.342150000000004,,111,False
demo,D03,113,1.292567,24,1550.988263,3.363036,,,2.99291,,30.113312,,,,1.290669,,,,,,,,,,0.057674,0.177156,synthetic,False,2.0,64.62835,35.37165,0.14639999999999986,0.38389000000000095,0.323066,0.33795299999999995,,,,187.811128,0.0,0.0,93.905564,-0.42223878787879027,-0.3462919615384623,29.983583399999997,29.90536316,,2.9982583,69.0,,63.287499999999994,61.3932,55.82995,,112,False
demo,D03,114,1.28873,24,1542.679724,3.357433,,,2.987169,,30.366837,,,,1.283537,,,,,,,,,,0.057317,0.177601,synthetic,False,2.0,64.4365,35.563500000000005,0.1918500000000023,0.3787400000000005,0.3570900000000006,0.332713,,,,189.094665,0.0,0.0,94.5473325,-0.39863757575757286,-0.3426188461538463,30.0051869,29.90384868,,2.9965931,69.0,,62.543000000000006,60.49165,55.491049999999994,,113,False
demo,D03,115,1.288939,24,1538.762963,3.36232,,,2.984996,,30.184024,,,,1.286315,,,,,,,,,,0.057337,0.180275,synthetic,False,2.0,64.44695,35.55305,-0.010450000000005844,0.33017499999999983,0.33738200000000007,0.3349180000000001,,,,190.38098,0.0,0.0,95.19049,-0.3602384848484866,-0.33680465384615377,30.0623795,29.923424920000002,,2.9942938000000003,69.0,,62.439049999999995,60.5431,55.32315,,114,False
demo,D03,116,1.273046,24,1525.632988,3.354704,,,2.99805,,30.107456,,,,1.276103,,,,,,,,,,0.057191,0.174191,synthetic,False,2.0,63.6523,36.3477,0.7946500000000043,0.38135500000000067,0.32589200000000007,0.33572600000000025,,,,191.657083,0.0,0.0,95.8285415,-0.3440193939393947,-0.3426565769230753,30.1113782,29.94708692,,2.9950384,69.0,,61.83535,60.634449999999994,54.5463,,115,False
demo,D03,117,1.272311,24,1530.230065,3.361801,,,2.994071,,30.461646,,,,1.273338,,,,,,,,,,0.057918,0.183899,synthetic,False,2.0,63.61555,36.38445,0.03674999999999784,0.34003000000000017,0.32875200000000004,0.32942000000000005,,,,192.930421,0.0,0.0,96.4652105,-0.31358000000000263,-0.34223307692307725,30.1774789,29.99412324,,2.9955409,69.0,,61.95230000000001,59.73055000000001,54.41454999999999,,116,False
demo,D03,118,1.26575,24,1529.273625,3.36245,,,3.011072,,30.13017,,,,1.266225,,,,,,,,,,0.057374,0.179917,synthetic,False,2.0,63.287499999999994,36.712500000000006,0.3280500000000046,0.3242200000000011,0.3451220000000001,0.3378820000000002,,,,194.196646,0.0,0.0,97.098323,-0.2922284848484848,-0.33770357692307623,30.2164916,30.008069799999998,,2.995034,69.0,,61.3932,59.56365,53.9462,,117,False
demo,D03,119,1.25086,24,1501.309067,3.357447,,,3.002931,,30.047625,,,,1.248351,,,,,,,,,,0.056643,0.183808,synthetic,False,2.0,62.543000000000006,37.456999999999994,0.744499999999988,0.358744999999999,0.35480399999999973,0.33716199999999985,,,,195.444997,0.0,0.0,97.7224985,-0.29880333333333586,-0.33843392307692277,30.2007642,30.0188342,,2.9952262000000003,69.0,,60.49165,59.2371,53.20120000000001,,118,False
demo,D03,120,1.248781,24,1495.096578,3.348686,,,3.002653,,29.917373,,,,1.244945,,,,,,,,,,0.056464,0.176822,synthetic,False,2.0,62.439049999999995,37.560950000000005,0.10395000000001176,0.3246449999999996,0.3230700000000002,0.3357230000000001,,,,196.689942,0.0,0.0,98.344971,-0.2972272727272698,-0.3422736538461545,30.1807752,30.026661080000004,,2.9961147,69.0,,60.5431,58.40585,53.0373,,119,False
demo,D03,121,1.236707,24,1478.772542,3.350721,,,2.992569,,30.320696,,,,1.233889,,,,,,,,,,0.056881,0.177762,synthetic,False,2.0,61.83535,38.16465,0.6036999999999964,0.3210199999999993,0.35666000000000025,0.33200399999999985,,,,197.923831,0.0,0.0,98.9619155,-0.33189272727272723,-0.34311261538461496,30.180501799999995,30.04217736,,2.995993,69.0,,60.634449999999994,58.51305,53.42,,120,False
demo,D03,122,1.239046,24,1489.317574,3.35714,,,2.99879,,30.450693,,,,1.238939,,,,,,,,,,0.057832,0.176952,synthetic,False,2.0,61.95230000000001,38.04769999999999,-0.11695000000000988,0.2822449999999989,0.30538399999999966,0.3368339999999998,,,,199.16277,0.0,0.0,99.581385,-0.3393209090909064,-0.3476626923076918,30.2099832,30.05975764,,2.9965211,69.0,,59.73055000000001,57.584250000000004,52.700599999999994,,121,False
demo,D03,123,1.227864,24,1465.637242,3.353568,,,3.00361,,30.145556,,,,1.229997,,,,,,,,,,0.057694,0.181636,synthetic,False,2.0,61.3932,38.6068,0.5591000000000079,0.3235149999999997,0.3370859999999996,0.34888199999999997,,,,200.392767,0.0,0.0,100.1963835,-0.3527939393939416,-0.3491664230769232,30.213207599999997,30.066133479999998,,2.9975911,69.0,,59.56365,57.456799999999994,51.8233,,122,False
demo,D03,124,1.209833,24,1454.196573,3.340453,,,3.007162,,30.512229,,,,1.212016,,,,,,,,,,0.058117,0.181805,synthetic,False,2.0,60.49165,39.50835,0.9015500000000003,0.39448499999999953,0.37581800000000015,0.3530290000000001,,,,201.604783,0.0,0.0,100.8023915,-0.38901848484848367,-0.3518422307692296,30.2277468,30.093648440000003,,2.9995903999999998,69.0,,59.2371,57.608850000000004,51.393,,123,False
demo,D03,125,1.210862,24,1456.598934,3.356329,,,2.999061,,29.691203,,,,1.212389,,,,,,,,,,0.058392,0.180172,synthetic,False,2.0,60.5431,39.4569,-0.05145000000000266,0.39038499999999987,0.34664799999999985,0.349867,,,,202.817172,0.0,0.0,101.408586,-0.37392363636363496,-0.3535938461538469,30.1784647,30.09536392,,3.0009969,69.0,,58.40585,57.0343,51.45570000000001,,124,False
demo,D03,126,1.212689,24,1457.131561,3.352133,,,3.010791,,30.167103,,,,1.2109,,,,,,,,,,0.057246,0.17845,synthetic,False,2.0,60.634449999999994,39.365550000000006,-0.09134999999999138,0.3017850000000003,0.3230859999999998,0.3276050000000002,,,,204.028072,0.0,0.0,102.014036,-0.3595033333333335,-0.3528129230769215,30.1844294,30.09784364,,3.002271,69.0,,58.51305,56.4766,,,125,False
demo,D03,127,1.194611,24,1432.588654,3.34605,,,3.00008,,30.19806,,,,1.19467,,,,,,,,,,0.05952,0.178416,synthetic,False,2.0,59.73055000000001,40.26944999999999,0.9038999999999859,0.38849999999999907,0.36218199999999967,0.3692299999999997,,,,205.222742,0.0,0.0,102.611371,-0.36025666666666467,-0.35342750000000006,30.1580708,30.108183040000004,,3.0028719,69.0,,57.584250000000004,56.342150000000004,,,126,False
demo,D03,128,1.191273,24,1431.950927,3.352889,,,3.007928,,30.031341,,,,1.190508,,,,,,,,,,0.05782,0.182204,synthetic,False,2.0,59.56365,40.43635,0.16690000000000538,0.3723849999999992,0.3561440000000002,0.3352299999999998,,,,206.41325,0.0,0.0,103.206625,-0.3448927272727236,-0.351796153846154,30.1481879,30.10271384,,3.0025575000000004,69.0,,57.456799999999994,55.82995,,,127,False
demo,D03,129,1.184742,24,1422.419077,3.345383,,,2.995101,,30.818853,,,,1.184265,,,,,,,,,,0.057719,0.181214,synthetic,False,2.0,59.2371,40.7629,0.32655000000000456,0.3305900000000008,0.35947200000000007,0.3394330000000002,,,,207.59751500000002,0.0,0.0,103.79875750000001,-0.35183636363636217,-0.3487636923076923,30.2253107,30.129435880000003,,3.0017745000000002,69.0,,57.608850000000004,55.491049999999994,,,128,False
demo,D03,130,1.168117,24,1398.467654,3.343261,,,2.981874,,30.231277,,,,1.172876,,,,,,,,,,0.058801,0.181219,synthetic,False,2.0,58.40585,41.59415,0.8312499999999972,0.40331999999999935,0.37371399999999994,0.35542699999999994,,,,208.77039100000002,0.0,0.0,104.38519550000001,-0.37097939393939305,-0.35124338461538457,30.256701100000004,30.154203040000002,,2.9996966,69.0,,57.0343,55.32315,,,129,False
demo,D03,131,1.170261,24,1412.108884,3.347716,,,3.002684,,30.142676,,,,1.166137,,,,,,,,,,0.056461,0.187831,synthetic,False,2.0,58.51305,41.48695,-0.10719999999999885,0.33222999999999986,0.35811200000000015,0.3426180000000001,,,,209.936528,0.0,0.0,104.968264,-0.375634545454542,-0.3483752307692304,30.238899100000005,30.17521132,,3.0007080999999998,69.0,,56.4766,54.5463,,,130,False
demo,D03,132,1.151685,24,1380.563779,3.351085,,,3.007253,,30.278963,,,,1.151144,,,,,,,,,,0.057693,0.183686,synthetic,False,2.0,57.584250000000004,42.415749999999996,0.9287999999999954,0.4368050000000004,0.3772639999999998,0.3454549999999999,,,,211.087672,0.0,0.0,105.543836,-0.3828845454545486,-0.3516938461538459,30.2217261,30.19434428,,3.0015544,69.0,,56.342150000000004,54.41454999999999,,,131,False
demo,D03,133,1.149136,24,1382.172349,3.350136,,,3.005753,,29.775593,,,,1.151921,,,,,,,,,,0.05949,0.187845,synthetic,False,2.0,57.456799999999994,42.543200000000006,0.12745000000001028,0.3936400000000006,0.36291600000000046,0.3419260000000001,,,,212.23959299999999,0.0,0.0,106.11979649999999,-0.38141363636363435,-0.3537953461538455,30.184729800000003,30.195766279999997,,3.0017687000000004,69.0,,55.82995,53.9462,,,132,False
demo,D03,134,1.152177,24,1372.579813,3.345461,,,3.004222,,30.081768,,,,1.148799,,,,,,,,,,0.056741,0.182313,synthetic,False,2.0,57.608850000000004,42.391149999999996,-0.1520500000000098,0.2882799999999996,0.34086399999999967,0.33181399999999994,,,,213.38839199999998,0.0,0.0,106.69419599999999,-0.38403848484847924,-0.3515066538461532,30.141683699999998,30.19084104,,3.0014747,69.0,,55.491049999999994,53.20120000000001,,,133,False
demo,D03,135,1.140686,24,1374.064872,3.344435,,,2.996514,,30.534781,,,,1.139217,,,,,,,,,,0.059711,0.185107,synthetic,False,2.0,57.0343,42.9657,0.5745500000000021,0.3508800000000001,0.3460479999999995,0.3625809999999998,,,,214.52760899999998,0.0,0.0,107.26380449999999,-0.379629393939395,-0.35241592307692243,30.2260415,30.207541759999998,,3.00122,69.0,,55.32315,53.0373,,,134,False
demo,D03,136,1.129532,24,1361.411331,3.344358,,,2.991933,,30.148465,,,,1.128337,,,,,,,,,,0.060216,0.184652,synthetic,False,2.0,56.4766,43.5234,0.5577000000000041,0.4157849999999996,0.34275799999999973,0.3617490000000002,,,,215.65594599999997,0.0,0.0,107.82797299999999,-0.35701939393939364,-0.35821792307692285,30.224177700000002,30.200543160000002,,2.9993342,69.0,,54.5463,53.42,,,135,False
demo,D03,137,1.126843,24,1352.332206,3.335827,,,3.005517,,30.102517,,,,1.126339,,,,,,,,,,0.058362,0.179833,synthetic,False,2.0,56.342150000000004,43.657849999999996,0.13444999999999396,0.3388400000000004,0.33730399999999977,0.3535239999999999,,,,216.78228499999997,0.0,0.0,108.39114249999999,-0.35160484848484735,-0.3613774999999999,30.2146234,30.198408679999996,,2.9998779000000004,69.0,,54.41454999999999,52.700599999999994,,,136,False
demo,D03,138,1.116599,24,1342.164565,3.342151,,,3.004264,,30.652483,,,,1.113035,,,,,,,,,,0.059126,0.189621,synthetic,False,2.0,55.82995,44.17005,0.5122000000000071,0.3733700000000006,0.351936,0.33750100000000005,,,,217.89531999999997,0.0,0.0,108.94765999999998,-0.3441836363636358,-0.3642424615384627,30.2767376,30.219975520000002,,2.9995114999999997,69.0,,53.9462,51.8233,,,137,False
demo,D03,139,1.109821,24,1334.016496,3.335791,,,2.994391,,30.670332,,,,1.111142,,,,,,,,,,0.060021,0.185202,synthetic,False,2.0,55.491049999999994,44.508950000000006,0.3389000000000024,0.3746050000000004,0.357818,0.3574540000000003,,,,219.00646199999997,0.0,0.0,109.50323099999999,-0.33176090909091416,-0.3653862307692298,30.261885500000005,30.23211532,,2.9994405,69.0,,53.20120000000001,51.393,,,138,False
demo,D03,140,1.106463,24,1325.19547,3.339582,,,3.011094,,30.469553,,,,1.107938,,,,,,,,,,0.058469,0.187981,synthetic,False,2.0,55.32315,44.67685,0.16789999999999594,0.30827000000000027,0.3649520000000001,0.35116700000000006,,,,220.11439999999996,0.0,0.0,110.05719999999998,-0.3385063636363641,-0.3610942307692309,30.2857131,30.24353648,,3.0023625,69.0,,53.0373,51.45570000000001,,,139,False
demo,D03,141,1.090926,24,1311.25968,3.335456,,,2.991171,,30.249832,,,,1.092035,,,,,,,,,,0.059959,0.184107,synthetic,False,2.0,54.5463,45.4537,0.776849999999996,0.3966749999999998,0.3642399999999998,0.34506599999999993,,,,221.20643499999997,0.0,0.0,110.60321749999999,-0.34311272727272646,-0.3649013461538457,30.2964287,30.24923152,,3.0012112,69.0,,53.42,,,,140,False
demo,D03,142,1.088291,24,1302.780539,3.338041,,,2.994165,,30.307696,,,,1.086396,,,,,,,,,,0.058446,0.185974,synthetic,False,2.0,54.41454999999999,45.58545000000001,0.13175000000001091,0.3169700000000013,0.3680400000000003,0.3483960000000002,,,,222.29283099999998,0.0,0.0,111.14641549999999,-0.3687436363636368,-0.36328749999999943,30.299302,30.243073520000003,,2.9999024000000003,69.0,,52.700599999999994,,,,141,False
demo,D03,143,1.078924,24,1292.344583,3.335338,,,3.016364,,30.180576,,,,1.079111,,,,,,,,,,0.058733,0.184242,synthetic,False,2.0,53.9462,46.0538,0.4683499999999938,0.35105999999999965,0.3736519999999999,0.35938699999999996,,,,223.371942,0.0,0.0,111.685971,-0.3899969696969733,-0.3621996923076921,30.3398003,30.24508976,,3.0009635,69.0,,51.8233,,,,142,False
demo,D03,144,1.064024,24,1281.146001,3.320711,,,3.008686,,30.15527,,,,1.06211,,,,,,,,,,0.05856,0.191147,synthetic,False,2.0,53.20120000000001,46.79879999999999,0.7449999999999903,0.4407649999999997,0.37367199999999995,0.36423799999999984,,,,224.43405199999998,0.0,0.0,112.21702599999999,-0.39919727272727323,-0.3682481923076926,30.347150499999998,30.249395559999996,,3.0014099,69.0,,51.393,,,,143,False
demo,D03,145,1.060746,24,1276.617456,3.333309,,,2.99642,,30.147776,,,,1.060041,,,,,,,,,,0.059735,0.188504,synthetic,False,2.0,53.0373,46.9627,0.16390000000000526,0.3997,0.3760699999999997,0.34956999999999994,,,,225.494093,0.0,0.0,112.7470465,-0.40221484848484684,-0.3696631153846152,30.30845,30.258611679999998,,3.0014005,69.0,,51.45570000000001,,,,144,False
demo,D03,146,1.0684,24,1279.363282,3.336119,,,3.002874,,30.242886,,,,1.073002,,,,,,,,,,0.060474,0.188365,synthetic,False,2.0,53.42,46.58,-0.3826999999999998,0.3056599999999996,0.33661399999999986,0.3466370000000001,,,,226.567095,0.0,0.0,113.2835475,-0.3730893939393901,-0.3663503076923075,30.3178921,30.25549928,,3.0024946,69.0,,,,,,145,False
demo,D03,147,1.054012,24,1262.030896,3.333535,,,3.001548,,30.160302,,,,1.054214,,,,,,,,,,0.059276,0.191914,synthetic,False,2.0,52.700599999999994,47.299400000000006,0.7194000000000074,0.36415500000000095,0.37006800000000056,0.33772600000000014,,,,227.621309,0.0,0.0,113.8106545,-0.3551175757575779,-0.36203526923076773,30.323670600000003,30.24388364,,3.0020976999999998,69.0,,,,,,146,False
demo,D03,148,1.036466,24,1241.350054,3.329148,,,2.972544,,30.054375,,,,1.034004,,,,,,,,,,0.058364,0.19201,synthetic,False,2.0,51.8233,48.1767,0.8772999999999911,0.4006649999999993,0.38279599999999986,0.35994099999999973,,,,228.655313,0.0,0.0,114.3276565,-0.3750051515151492,-0.3642926923076919,30.2638598,30.240236400000004,,2.9989257,69.0,,,,,,147,False
demo,D03,149,1.02786,24,1236.142697,3.335051,,,2.990935,,30.513061,,,,1.02823,,,,,,,,,,0.058639,0.191182,synthetic,False,2.0,51.393,48.607,0.43030000000000257,0.40980499999999936,0.363946,0.36988200000000004,,,,229.68354300000001,0.0,0.0,114.84177150000001,-0.39239151515150966,-0.3721761538461539,30.248132699999996,30.24026968,,2.9985801,69.0,,,,,,148,False
demo,D03,150,1.029114,24,1231.232511,3.329885,,,2.999492,,30.514977,,,,1.026332,,,,,,,,,,0.060103,0.18457,synthetic,False,2.0,51.45570000000001,48.54429999999999,-0.06270000000000664,0.3867449999999991,0.3634959999999998,0.35507199999999983,,,,230.709875,0.0,0.0,115.3549375,-0.367877878787875,-0.3719673846153849,30.252675099999998,30.273220639999998,,2.9974198999999997,69.0,,,,,,149,False
demo,D04,1,1.944024,35,3483.417968,3.447039,,,1.978761,,38.704041,,,,1.943473,,,,,,,,,,0.051424,0.154841,synthetic,False,2.0,97.2012,2.7988,,,,,,,,1.943473,0.0,0.0,0.9717365,,,,,,,57.0,56.0,95.78515,94.77,89.84495,82.4165,0,True
demo,D04,2,1.966629,35,3543.280506,3.450121,,,2.009222,,38.325702,,,,1.967298,,,,,,,,,,0.04999,0.141939,synthetic,False,2.0,98.33145,1.6685499999999962,-1.1302500000000038,,,,,,,3.910771,0.0,0.0,1.9553855,,,,,,,57.0,55.0,95.66145,94.23169999999999,89.03444999999999,81.73615,1,True
demo,D04,3,1.945003,35,3489.594376,3.44572,,,2.00243,,38.667229,,,,1.948473,,,,,,,,,,0.048986,0.153348,synthetic,False,2.0,97.25015,2.749849999999995,1.0812999999999988,,,,,,,5.859244,0.0,0.0,2.929622,0.024474999999986265,0.024474999999986265,38.56565733333333,38.56565733333333,,1.9968043333333334,57.0,54.0,95.612,94.1013,89.35985,81.41815,2,True
demo,D04,4,1.937231,35,3497.673915,3.436335,,,1.996861,,39.201021,,,,1.931535,,,,,,,,,,0.051249,0.160222,synthetic,False,2.0,96.86155,3.138450000000006,0.38860000000001094,0.11321666666666867,0.11321666666666867,0.11321666666666867,,,,7.790779000000001,0.0,0.0,3.8953895000000003,-0.21002500000000446,-0.21002500000000446,38.724498249999996,38.724498249999996,,1.9968184999999998,57.0,53.0,95.04625,94.20695,89.025,80.8155,3,True
demo,D04,5,1.931199,35,3466.371001,3.438034,,,1.990338,,38.628807,,,,1.934042,,,,,,,,,,0.051813,0.148227,synthetic,False,2.0,96.55995,3.4400499999999994,0.30159999999999343,0.16031249999999986,0.16031249999999986,0.16031249999999986,,,,9.724821,0.0,0.0,4.8624105,-0.2752400000000029,-0.2752400000000029,38.70536,38.70536,,1.9955224,57.0,52.0,94.8536,93.37174999999999,88.74980000000001,80.82589999999999,4,True
demo,D04,6,1.915703,35,3441.286927,3.438364,,,1.985301,,38.991905,,,,1.915625,,,,,,,,,,0.05076,0.152648,synthetic,False,2.0,95.78515,4.214849999999998,0.774799999999999,0.2832099999999997,0.2832099999999997,0.2832099999999997,,,,11.640446,0.0,0.0,5.820223,-0.36523857142856575,-0.36523857142856575,38.7531175,38.7531175,,1.9938188333333333,57.0,51.0,94.77,93.4699,89.0036,80.35210000000001,5,False
demo,D04,7,1.913229,35,3437.724258,3.442272,,,2.002239,,38.445074,,,,1.909178,,,,,,,,,,0.051273,0.153447,synthetic,False,2.0,95.66145,4.338549999999998,0.12369999999999948,0.25662499999999966,0.25662499999999966,0.25662499999999966,,,,13.549624000000001,0.0,0.0,6.774812000000001,-0.37150178571428366,-0.37150178571428366,38.709111285714286,38.709111285714286,,1.9950217142857143,57.0,50.0,94.23169999999999,92.97535,88.41980000000001,79.8975,6,False
demo,D04,8,1.91224,35,3441.245067,3.438945,,,2.016134,,38.621119,,,,1.904267,,,,,,,,,,0.050403,0.152123,synthetic,False,2.0,95.612,4.388000000000005,0.04945000000000732,0.2270285714285722,0.2270285714285722,0.2270285714285722,,,,15.453891000000002,0.0,0.0,7.726945500000001,-0.34727380952380676,-0.34727380952380676,38.69811225,38.69811225,,1.99766075,57.0,49.0,94.1013,92.0576,87.95819999999999,79.07560000000001,7,False
demo,D04,9,1.900925,35,3424.982603,3.442163,,,2.002032,,38.803504,,,,1.900406,,,,,,,,,,0.050145,0.157072,synthetic,False,2.0,95.04625,4.953749999999999,0.5657499999999942,0.26936874999999993,0.26936874999999993,0.26936874999999993,,,,17.354297000000003,0.0,0.0,8.677148500000001,-0.35053250000000247,-0.35053250000000247,38.70982244444444,38.70982244444444,,1.9981464444444446,57.0,48.0,94.20695,91.8561,87.10825,79.5244,8,False
demo,D04,10,1.897072,35,3419.683863,3.442395,,,1.986172,,38.753725,,,,1.902564,,,,,,,,,,0.052056,0.155534,synthetic,False,2.0,94.8536,5.1464,0.19265000000000043,0.26084444444444443,0.26084444444444443,0.26084444444444443,,,,19.256861,0.0,0.0,9.6284305,-0.3435796969696967,-0.3435796969696967,38.714212700000004,38.714212700000004,,1.996949,57.0,47.0,93.37174999999999,92.708,86.91635,78.82114999999999,9,False
demo,D04,11,1.8954,35,3411.66032,3.441722,,,2.002251,,38.465303,,,,1.901748,,,,,,,,,,0.051433,0.154641,synthetic,False,2.0,94.77,5.230000000000004,0.08360000000000412,0.2431200000000004,0.2431200000000004,0.2431200000000004,,,,21.158609000000002,0.0,0.0,10.579304500000001,-0.36892696969696737,-0.327970000000006,38.69033889999999,38.691584545454546,,1.9992980000000002,57.0,46.0,93.4699,91.3048,86.7143,78.1992,10,False
demo,D04,12,1.884634,35,3378.807129,3.440401,,,1.999467,,38.470669,,,,1.885974,,,,,,,,,,0.051644,0.157006,synthetic,False,2.0,94.23169999999999,5.768300000000011,0.5383000000000067,0.4099750000000014,0.26995454545454645,0.26995454545454645,,,,23.044583000000003,0.0,0.0,11.522291500000001,-0.31881696969697365,-0.3270540209790249,38.7048356,38.67317491666667,,1.9983225,57.0,45.0,92.97535,91.21975,86.18185,77.76849999999999,11,False
demo,D04,13,1.882026,35,3395.043431,3.431105,,,2.00864,,38.924032,,,,1.889411,,,,,,,,,,0.052682,0.154769,synthetic,False,2.0,94.1013,5.898700000000005,0.13039999999999452,0.314885000000001,0.2583250000000004,0.2583250000000004,,,,24.933994000000002,0.0,0.0,12.466997000000001,-0.29821242424242383,-0.3200173076923099,38.7305159,38.69247161538461,,1.9989435,57.0,44.0,92.0576,91.1157,86.23555,77.6994,12,False
demo,D04,14,1.884139,35,3390.910602,3.437448,,,2.006067,,38.97168,,,,1.883977,,,,,,,,,,0.050104,0.164174,synthetic,False,2.0,94.20695,5.793049999999994,-0.10565000000001135,0.2654599999999988,0.2303269230769226,0.2303269230769226,,,,26.817971000000004,0.0,0.0,13.408985500000002,-0.25958393939394137,-0.30343230769231055,38.7075818,38.712415071428566,,1.9998641,57.0,43.0,91.8561,90.9913,85.8626,76.77380000000001,13,False
demo,D04,15,1.867435,35,3373.097299,3.430999,,,1.970142,,39.076884,,,,1.870995,,,,,,,,,,0.050774,0.155757,synthetic,False,2.0,93.37174999999999,6.628250000000008,0.8352000000000146,0.3188200000000009,0.27353214285714345,0.27353214285714345,,,,28.688966000000004,0.0,0.0,14.344483000000002,-0.2544415151515155,-0.3059462500000008,38.75238950000001,38.736713,,1.9978445,57.0,42.0,92.708,90.38965,85.0984,77.13715,14,False
demo,D04,16,1.869398,35,3357.771344,3.427078,,,2.005452,,39.146886,,,,1.867711,,,,,,,,,,0.051464,0.15581,synthetic,False,2.0,93.4699,6.5301000000000045,-0.09815000000000396,0.2315250000000006,0.24875333333333363,0.24875333333333363,,,,30.556677000000004,0.0,0.0,15.278338500000002,-0.25695393939393785,-0.29871448529411504,38.7678876,38.7623488125,,1.9998596,57.0,41.0,91.3048,89.84495,85.45255,76.29265,15,False
demo,D04,17,1.859507,35,3331.024326,3.431289,,,1.989965,,38.744394,,,,1.857594,,,,,,,,,,0.050841,0.150488,synthetic,False,2.0,92.97535,7.024649999999994,0.4945499999999896,0.2686099999999996,0.26411562499999963,0.26411562499999963,,,,32.41427100000001,0.0,0.0,16.207135500000003,-0.26662484848484863,-0.2975914215686283,38.797819600000004,38.76129264705882,,1.9986322,57.0,40.0,91.21975,89.03444999999999,86.20995,76.3408,16,False
demo,D04,18,1.841152,35,3313.735189,3.435443,,,1.985783,,38.660472,,,,1.838657,,,,,,,,,,0.052372,0.154724,synthetic,False,2.0,92.0576,7.942400000000006,0.9177500000000123,0.3554400000000001,0.3025647058823533,0.3025647058823533,,,,34.252928000000004,0.0,0.0,17.126464000000002,-0.2970927272727263,-0.30768328173374543,38.8017549,38.7556915,,1.9955971,57.0,39.0,91.1157,89.35985,83.90965,75.7234,17,False
demo,D04,19,1.837122,35,3319.676753,3.431483,,,1.998115,,39.082064,,,,1.829552,,,,,,,,,,0.051441,0.159957,synthetic,False,2.0,91.8561,8.143900000000002,0.2014999999999958,0.31901500000000027,0.2969500000000001,0.2969500000000001,,,,36.082480000000004,0.0,0.0,18.041240000000002,-0.33318454545454546,-0.3132303508771922,38.8296109,38.772869,,1.9952054000000001,57.0,38.0,90.9913,89.025,84.0793,75.4502,18,False
demo,D04,20,1.85416,35,3339.099061,3.439841,,,2.00411,,38.897028,,,,1.858933,,,,,,,,,,0.050466,0.151827,synthetic,False,2.0,92.708,7.292000000000002,-0.8519000000000005,0.21456000000000017,0.23648421052631588,0.23648421052631588,,,,37.941413000000004,0.0,0.0,18.970706500000002,-0.2969839393939379,-0.3006270676691751,38.843941199999996,38.779076950000004,,1.9969991999999999,57.0,37.0,90.38965,88.74980000000001,83.84465,75.5209,19,False
demo,D04,21,1.826096,35,3285.003875,3.428971,,,1.983593,,38.515242,,,,1.823753,,,,,,,,,,0.051805,0.150483,synthetic,False,2.0,91.3048,8.6952,1.4031999999999982,0.3465199999999996,0.29481999999999997,0.29481999999999997,,,,39.76516600000001,0.0,0.0,19.882583000000004,-0.3168875757575734,-0.3056164935065013,38.848935100000006,38.76651338095238,,1.9951333999999998,57.0,36.0,89.84495,89.0036,83.717,74.77865,20,False
demo,D04,22,1.824395,35,3275.336032,3.437841,,,2.007046,,38.504999,,,,1.82147,,,,,,,,,,0.051926,0.157121,synthetic,False,2.0,91.21975,8.780249999999995,0.08504999999999541,0.30119499999999844,0.28483095238095213,0.28483095238095213,,,,41.586636000000006,0.0,0.0,20.793318000000003,-0.33531454545454265,-0.3067480801806863,38.8523681,38.75462636363636,,1.9958912999999998,57.0,35.0,89.03444999999999,88.41980000000001,84.35185,75.04165,21,False
demo,D04,23,1.822314,35,3297.462986,3.428499,,,2.007633,,38.889511,,,,1.818014,,,,,,,,,,0.052712,0.16122,synthetic,False,2.0,91.1157,8.884299999999996,0.10405000000000086,0.2985599999999991,0.2766136363636362,0.2766136363636362,,,,43.404650000000004,0.0,0.0,21.702325000000002,-0.3316018181818165,-0.30540583003952737,38.848915999999996,38.76049091304348,,1.9957905999999999,57.0,34.0,89.35985,87.95819999999999,83.00110000000001,74.5376,22,False
demo,D04,24,1.819826,35,3265.569645,3.427568,,,2.00047,,38.725942,,,,1.819083,,,,,,,,,,0.052195,0.157334,synthetic,False,2.0,90.9913,9.008700000000005,0.1244000000000085,0.3215650000000011,0.26999565217391325,0.26999565217391325,,,,45.223733,0.0,0.0,22.6118665,-0.2914421212121227,-0.30256223913043306,38.824342200000004,38.759051375,,1.9952309,57.0,33.0,89.025,87.10825,82.47155000000001,73.87505,23,False
demo,D04,25,1.807793,35,3246.94658,3.420857,,,1.991324,,38.781703,,,,1.814169,,,,,,,,,,0.052383,0.15668,synthetic,False,2.0,90.38965,9.610349999999997,0.6016499999999922,0.29820999999999886,0.2838145833333332,0.2838145833333332,,,,47.037902,0.0,0.0,23.518951,-0.30080212121212063,-0.3031094230769247,38.79482410000001,38.75995744,,1.9973490999999999,57.0,32.0,88.74980000000001,86.91635,81.6829,73.40715,24,False
demo,D04,26,1.796899,35,3239.949496,3.429055,,,1.990206,,39.072785,,,,1.804424,,,,,,,,,,0.052351,0.152549,synthetic,False,2.0,89.84495,10.155050000000003,0.544700000000006,0.36249499999999985,0.2942500000000001,0.2942500000000001,,,,48.842326,0.0,0.0,24.421163,-0.29718303030302934,-0.31093834615384647,38.787414,38.7747072,,1.9958245000000001,57.0,31.0,89.0036,86.7143,82.4165,73.31345,25,False
demo,D04,27,1.780689,35,3187.393533,3.420578,,,2.010259,,39.018726,,,,1.774774,,,,,,,,,,0.052005,0.160129,synthetic,False,2.0,89.03444999999999,10.965550000000007,0.8105000000000047,0.39409000000000133,0.37188000000000043,0.3141057692307695,,,,50.6171,0.0,0.0,25.30855,-0.32680424242424333,-0.3092876538461543,38.814847199999996,38.80242816,,1.9978538999999997,57.0,30.0,88.41980000000001,86.18185,81.73615,73.044,26,False
demo,D04,28,1.787197,35,3229.254873,3.420811,,,1.984888,,39.151673,,,,1.78593,,,,,,,,,,0.051412,0.160496,synthetic,False,2.0,89.35985,10.640150000000006,-0.3254000000000019,0.26977499999999993,0.31561200000000045,0.29042037037037055,,,,52.40303,0.0,0.0,26.201515,-0.35209121212121214,-0.3082947307692302,38.8639673,38.82180592,,1.9977644,57.0,29.0,87.95819999999999,86.23555,81.41815,72.10035,27,False
demo,D04,29,1.7805,35,3210.900769,3.427687,,,2.010645,,38.346367,,,,1.776816,,,,,,,,,,0.052484,0.153435,synthetic,False,2.0,89.025,10.974999999999994,0.33484999999998877,0.2831099999999992,0.3134619999999995,0.29200714285714263,,,,54.179846,0.0,0.0,27.089923,-0.37637606060606077,-0.30820926923076786,38.7903976,38.78761976,,1.9990174,57.0,28.0,87.10825,85.8626,80.8155,71.96975,28,False
demo,D04,30,1.774996,35,3203.61236,3.426507,,,1.998348,,38.900855,,,,1.778505,,,,,,,,,,0.051917,0.162404,synthetic,False,2.0,88.74980000000001,11.250199999999992,0.2751999999999981,0.39581999999999906,0.31240599999999974,0.2914275862068963,,,,55.958351,0.0,0.0,27.9791755,-0.32456212121212097,-0.307652,38.7907803,38.79850168,,1.9984411999999998,57.0,27.0,86.91635,85.0984,80.82589999999999,71.08945,29,False
demo,D04,31,1.780072,35,3209.494237,3.427037,,,1.999042,,39.003564,,,,1.781092,,,,,,,,,,0.053889,0.161094,synthetic,False,2.0,89.0036,10.996399999999994,-0.25379999999999825,0.23011999999999944,0.27126199999999984,0.2732533333333331,,,,57.739443,0.0,0.0,28.8697215,-0.30447303030302747,-0.30649215384615297,38.8396125,38.79896804,,1.9999860999999999,57.0,26.0,86.7143,85.45255,80.35210000000001,71.6155,30,False
demo,D04,32,1.768396,35,3181.574576,3.419601,,,1.982919,,38.465759,,,,1.766145,,,,,,,,,,0.053658,0.162661,synthetic,False,2.0,88.41980000000001,11.58019999999999,0.5837999999999965,0.27999499999999955,0.2896659999999997,0.28327096774193516,,,,59.505588,0.0,0.0,29.752794,-0.2940042424242387,-0.30674165384615354,38.835688499999996,38.79979544,,1.9975733999999998,57.0,25.0,86.18185,86.20995,79.8975,72.4567,31,False
demo,D04,33,1.759164,35,3156.395705,3.419692,,,1.998533,,38.69753,,,,1.759419,,,,,,,,,,0.053041,0.161384,synthetic,False,2.0,87.95819999999999,12.04180000000001,0.46160000000001844,0.3157500000000013,0.30615200000000015,0.2888437500000003,,,,61.265007000000004,0.0,0.0,30.632503500000002,-0.28171151515151266,-0.3061760769230752,38.8164904,38.802851880000006,,1.9966634000000003,57.0,24.0,86.23555,83.90965,79.07560000000001,70.5859,32,False
demo,D04,34,1.742165,35,3134.579259,3.417531,,,2.006136,,38.676631,,,,1.740502,,,,,,,,,,0.052957,0.162274,synthetic,False,2.0,87.10825,12.891750000000002,0.8499499999999927,0.38830499999999973,0.3175200000000001,0.30584696969696973,,,,63.005509,0.0,0.0,31.5027545,-0.285800303030301,-0.3132261538461526,38.8115593,38.79777695999999,,1.99723,57.0,23.0,85.8626,84.0793,79.5244,69.56515,33,False
demo,D04,35,1.738327,35,3119.833581,3.420421,,,1.986636,,38.897934,,,,1.743939,,,,,,,,,,0.052529,0.162029,synthetic,False,2.0,86.91635,13.083650000000006,0.19190000000000396,0.3473300000000009,0.3174900000000002,0.30249558823529427,,,,64.749448,0.0,0.0,32.374724,-0.2933990909090856,-0.31786796153846,38.82318239999999,38.803545320000005,,1.9967612,57.0,22.0,85.0984,83.84465,78.82114999999999,70.02555000000001,34,False
demo,D04,36,1.734286,35,3126.268319,3.423,,,2.004986,,39.305534,,,,1.736184,,,,,,,,,,0.051396,0.163234,synthetic,False,2.0,86.7143,13.285700000000006,0.20204999999999984,0.31306500000000026,0.32222800000000007,0.29962571428571444,,,,66.485632,0.0,0.0,33.242816,-0.3062315151515135,-0.31910526923076765,38.846457300000004,38.83715456,,1.9982391999999998,57.0,21.0,85.45255,83.717,78.1992,69.2113,35,False
demo,D04,37,1.723637,35,3110.056604,3.416927,,,2.00089,,39.420191,,,,1.725947,,,,,,,,,,0.052547,0.155598,synthetic,False,2.0,86.18185,13.818150000000003,0.5324499999999972,0.2852599999999995,0.32199399999999967,0.30609305555555566,,,,68.211579,0.0,0.0,34.1057895,-0.3641927272727274,-0.32444380769230863,38.8866038,38.87513544,,1.9973023,57.0,20.0,86.20995,84.35185,77.76849999999999,68.9226,36,False
demo,D04,38,1.724711,35,3118.234197,3.423488,,,1.993562,,38.709361,,,,1.715512,,,,,,,,,,0.052854,0.156508,synthetic,False,2.0,86.23555,13.764449999999997,-0.0537000000000063,0.3124299999999991,0.31462999999999963,0.2963689189189188,,,,69.927091,0.0,0.0,34.9635455,-0.36295454545454997,-0.32439846153846197,38.8423726,38.8665486,,1.9981697,57.0,19.0,83.90965,83.00110000000001,77.6994,68.9481,37,False
demo,D04,39,1.717252,35,3094.501869,3.418245,,,2.008547,,39.055761,,,,1.717023,,,,,,,,,,0.053057,0.159102,synthetic,False,2.0,85.8626,14.1374,0.372950000000003,0.3162400000000005,0.33377400000000024,0.29838421052631575,,,,71.644114,0.0,0.0,35.822057,-0.3665121212121223,-0.3206886538461547,38.913312000000005,38.86991184,,1.9979599000000001,57.0,18.0,84.0793,82.47155000000001,76.77380000000001,68.47445,38,False
demo,D04,40,1.701968,35,3072.040192,3.411807,,,1.977977,,39.086747,,,,1.709059,,,,,,,,,,0.05345,0.161532,synthetic,False,2.0,85.0984,14.901600000000002,0.7642000000000024,0.36514000000000096,0.33093399999999973,0.3103282051282052,,,,73.353173,0.0,0.0,36.6765865,-0.3917678787878799,-0.3259662692307702,38.9319012,38.87030636,,1.9959228,57.0,17.0,83.84465,81.6829,77.13715,67.88905,39,False
demo,D04,41,1.709051,35,3073.548757,3.416946,,,2.003467,,39.033331,,,,1.713583,,,,,,,,,,0.053831,0.162802,synthetic,False,2.0,85.45255,14.547449999999998,-0.3541500000000042,0.35510500000000034,0.32069399999999976,0.29371624999999996,,,,75.066756,0.0,0.0,37.533378,-0.33652696969696816,-0.32062919230769166,38.9348779,38.86576416,,1.9963653000000001,57.0,16.0,83.717,82.4165,76.29265,67.47745,40,False
demo,D04,42,1.724199,35,3099.1048,3.422349,,,2.016194,,39.013447,,,,1.717829,,,,,,,,,,0.052066,0.162006,synthetic,False,2.0,86.20995,13.790049999999994,-0.7574000000000041,0.2209850000000003,0.27061599999999997,0.26807926829268275,,,,76.78458499999999,0.0,0.0,38.392292499999996,-0.23585030303029803,-0.3070790384615384,38.9896467,38.87652628,,1.9996928,57.0,15.0,84.35185,81.73615,76.3408,68.63045,41,False
demo,D04,43,1.678193,35,3025.040021,3.417767,,,2.014399,,39.058646,,,,1.677141,,,,,,,,,,0.052535,0.166224,synthetic,False,2.0,83.90965,16.09035,2.300300000000007,0.4048549999999992,0.32591799999999976,0.3164654761904762,,,,78.461726,0.0,0.0,39.230863,-0.26463181818181697,-0.3187357692307696,39.02575829999999,38.89245324,,2.0012794,57.0,14.0,83.00110000000001,81.41815,75.7234,66.8215,42,False
demo,D04,44,1.681586,35,3023.345233,3.414946,,,2.003898,,39.399514,,,,1.677545,,,,,,,,,,0.054635,0.166182,synthetic,False,2.0,84.0793,15.920699999999997,-0.1696500000000043,0.30289499999999947,0.3110719999999998,0.305160465116279,,,,80.139271,0.0,0.0,40.0696355,-0.29174969696969355,-0.3245738461538474,39.098046599999996,38.90515124,,2.0010556,57.0,13.0,82.47155000000001,80.8155,75.4502,66.24674999999999,43,False
demo,D04,45,1.676893,35,3020.844856,3.409714,,,1.996983,,39.260277,,,,1.682632,,,,,,,,,,0.054002,0.160307,synthetic,False,2.0,83.84465,16.15535,0.23465000000000202,0.3071699999999993,0.3545339999999999,0.30355795454545453,,,,81.82190299999999,0.0,0.0,40.910951499999996,-0.30774545454545577,-0.31807676923076955,39.13428090000001,38.9196812,,2.0020903,57.0,12.0,81.6829,80.82589999999999,75.5209,66.11435,44,False
demo,D04,46,1.67434,35,3004.216677,3.408426,,,1.993642,,38.723452,,,,1.675158,,,,,,,,,,0.052866,0.163742,synthetic,False,2.0,83.717,16.283,0.1276500000000027,0.29972999999999955,0.30351200000000006,0.2996488888888889,,,,83.49706099999999,0.0,0.0,41.748530499999994,-0.30694121212121445,-0.31997203846153827,39.076072700000005,38.9280096,,2.0009559,57.0,11.0,82.4165,80.35210000000001,74.77865,65.9501,45,False
demo,D04,47,1.687037,35,3028.635505,3.413184,,,1.996971,,39.168374,,,,1.684447,,,,,,,,,,0.053022,0.159975,synthetic,False,2.0,84.35185,15.648150000000001,-0.6348500000000001,0.18299999999999983,0.27471600000000024,0.2793336956521739,,,,85.181508,0.0,0.0,42.590754,-0.2706745454545501,-0.31102088461538446,39.050891,38.954544600000006,,2.000564,57.0,10.0,81.73615,79.8975,75.04165,65.4283,46,False
demo,D04,48,1.660022,35,2993.735043,3.414199,,,2.005438,,39.233061,,,,1.660135,,,,,,,,,,0.053297,0.163034,synthetic,False,2.0,83.00110000000001,16.998899999999992,1.3507499999999908,0.32344499999999954,0.3245839999999998,0.3021297872340424,,,,86.84164299999999,0.0,0.0,43.420821499999995,-0.2823233333333279,-0.31029569230769255,39.103261,38.9682866,,2.0017516,57.0,9.0,81.41815,79.07560000000001,74.5376,64.6907,47,False
demo,D04,49,1.649431,35,2976.874016,3.407914,,,1.991928,,39.104595,,,,1.64083,,,,,,,,,,0.053537,0.164988,synthetic,False,2.0,82.47155000000001,17.528449999999992,0.5295500000000004,0.33910499999999927,0.3407899999999995,0.30686770833333316,,,,88.48247299999998,0.0,0.0,44.24123649999999,-0.30851454545454343,-0.3094606538461545,39.1081444,38.98343272,,2.0000896999999997,57.0,8.0,80.8155,79.5244,73.87505,65.0439,48,False
demo,D04,50,1.633658,35,2931.889917,3.406025,,,2.007574,,39.332368,,,,1.630113,,,,,,,,,,0.054136,0.154428,synthetic,False,2.0,81.6829,18.317099999999996,0.7886500000000041,0.34154999999999947,0.34826999999999997,0.3166999999999999,,,,90.11258599999998,0.0,0.0,45.05629299999999,-0.3875660606060616,-0.3153683076923078,39.1327065,39.00545932,,2.0030494,57.0,7.0,80.82589999999999,78.82114999999999,73.40715,63.557399999999994,49,False
demo,D04,51,1.64833,35,2972.96245,3.406247,,,2.021332,,39.074524,,,,1.64845,,,,,,,,,,0.056052,0.171301,synthetic,False,2.0,82.4165,17.5835,-0.7335999999999956,0.3036050000000003,0.2971379999999999,0.295694,,,,91.76103599999998,0.0,0.0,45.88051799999999,-0.36159303030302786,-0.31325376923076953,39.136825800000004,39.00552888,,2.0048359,57.0,6.0,80.35210000000001,78.1992,73.31345,63.8765,50,False
demo,D04,52,1.634723,35,2937.798854,3.403029,,,1.999381,,39.098032,,,,1.637488,,,,,,,,,,0.053843,0.16631,synthetic,False,2.0,81.73615,18.263850000000005,0.6803500000000042,0.4473800000000011,0.2919319999999999,0.3319060000000002,,,,93.39852399999998,0.0,0.0,46.69926199999999,-0.2854360606060619,-0.31981019230769225,39.1452843,39.00870112,,2.0031546000000002,57.0,5.0,79.8975,77.76849999999999,73.044,63.4552,51,False
demo,D04,53,1.628363,35,2931.1978,3.402897,,,1.986556,,39.087766,,,,1.62204,,,,,,,,,,0.054379,0.163078,synthetic,False,2.0,81.41815,18.581850000000003,0.31799999999999784,0.2491500000000002,0.3176679999999999,0.31664000000000014,,,,95.02056399999998,0.0,0.0,47.51028199999999,-0.325750000000002,-0.32043392307692287,39.14819630000001,39.006144840000005,,2.0003703,57.0,4.0,79.07560000000001,77.6994,72.10035,63.31595,52,False
demo,D04,54,1.61631,35,2921.724353,3.40258,,,1.986553,,38.570975,,,,1.615077,,,,,,,,,,0.05215,0.17113,synthetic,False,2.0,80.8155,19.1845,0.602649999999997,0.32638000000000034,0.3283800000000002,0.3209209999999999,,,,96.63564099999998,0.0,0.0,48.31782049999999,-0.35742575757575595,-0.32386007692307656,39.065342400000006,39.01512916,,1.9986358,57.0,3.0,79.5244,76.77380000000001,71.96975,63.06975,53,False
demo,D04,55,1.616518,35,2916.781584,3.408937,,,2.007766,,39.055123,,,,1.619783,,,,,,,,,,0.05335,0.164297,synthetic,False,2.0,80.82589999999999,19.17410000000001,-0.010399999999989973,0.3018750000000011,0.3169560000000007,0.3146810000000002,,,,98.25542399999998,0.0,0.0,49.12771199999999,-0.36461636363636485,-0.3236272307692319,39.044827,39.02129988,,1.9997140999999998,57.0,2.0,78.82114999999999,77.13715,71.08945,62.868500000000004,54,False
demo,D04,56,1.607042,35,2899.582692,3.399921,,,1.999403,,38.922374,,,,1.602377,,,,,,,,,,0.055158,0.166116,synthetic,False,2.0,80.35210000000001,19.647899999999993,0.4737999999999829,0.3364899999999992,0.3460599999999999,0.3086609999999999,,,,99.85780099999998,0.0,0.0,49.92890049999999,-0.3695696969696955,-0.31913461538461557,39.0647192,39.01805228,,2.0002902,57.0,1.0,78.1992,76.29265,71.6155,61.94539999999999,55,False
demo,D04,57,1.59795,35,2892.780337,3.399954,,,2.008768,,38.806463,,,,1.598682,,,,,,,,,,0.054423,0.164621,synthetic,False,2.0,79.8975,20.102500000000006,0.45460000000001344,0.4454350000000005,0.34089200000000064,0.31527900000000014,,,,101.45648299999998,0.0,0.0,50.72824149999999,-0.3162093939393945,-0.3180213076923067,39.0285281,39.03168044,,2.0014699,57.0,0.0,77.76849999999999,76.3408,72.4567,61.96325,56,False
demo,D04,58,1.581512,35,2840.710872,3.394228,,,1.994664,,39.486236,,,,1.581721,,,,,,,,,,0.049796,0.171695,synthetic,False,2.0,79.07560000000001,20.92439999999999,0.8218999999999852,0.39254999999999995,0.3553039999999993,0.33072799999999974,,,,103.03820399999998,0.0,0.0,51.51910199999999,-0.3437378787878787,-0.3225551538461549,39.0538456,39.063228679999995,,2.0003925,57.0,,77.6994,75.7234,70.5859,61.47365,57,False
demo,D04,59,1.590488,35,2854.410839,3.401678,,,2.008306,,39.24032,,,,1.595941,,,,,,,,,,0.054769,0.166066,synthetic,False,2.0,79.5244,20.4756,-0.44879999999999143,0.2947150000000008,0.3033539999999999,0.310437,,,,104.63414499999998,0.0,0.0,52.31707249999999,-0.33450787878788096,-0.32461296153846236,39.0674181,39.08577624,,2.0020303000000004,57.0,,76.77380000000001,75.4502,69.56515,60.528499999999994,58,False
demo,D04,60,1.576423,35,2831.414683,3.40252,,,1.998417,,39.127907,,,,1.575698,,,,,,,,,,0.056154,0.167392,synthetic,False,2.0,78.82114999999999,21.17885000000001,0.7032500000000113,0.2861750000000015,0.3238080000000002,0.32064900000000024,,,,106.20984299999998,0.0,0.0,53.10492149999999,-0.38049060606060436,-0.32924757692307655,39.046972,39.09497516,,2.0011146,57.0,,77.13715,75.5209,70.02555000000001,61.2387,59,False
demo,D04,61,1.563984,35,2813.021286,3.401996,,,1.992675,,39.012824,,,,1.563447,,,,,,,,,,0.052364,0.171052,synthetic,False,2.0,78.1992,21.800799999999995,0.621949999999984,0.42172999999999944,0.3406039999999996,0.3314159999999998,,,,107.77328999999997,0.0,0.0,53.88664499999999,-0.3768033333333311,-0.33541669230769405,39.040802,39.08326676,,1.9982489,57.0,,76.29265,74.77865,69.2113,59.862950000000005,60,False
demo,D04,62,1.55537,35,2779.88943,3.395235,,,1.99599,,39.240988,,,,1.558029,,,,,,,,,,0.055966,0.169541,synthetic,False,2.0,77.76849999999999,22.23150000000001,0.43070000000001585,0.3967650000000006,0.33653400000000033,0.329264,,,,109.33131899999998,0.0,0.0,54.66565949999999,-0.3908466666666626,-0.34433592307692396,39.055097599999996,39.07609864,,1.9979098,57.0,,76.3408,75.04165,68.9226,60.045899999999996,61,False
demo,D04,63,1.553988,35,2795.437208,3.396546,,,1.988029,,39.416877,,,,1.549865,,,,,,,,,,0.051688,0.167677,synthetic,False,2.0,77.6994,22.300600000000003,0.06909999999999172,0.371875,0.34144600000000025,0.32803799999999994,,,,110.88118399999998,0.0,0.0,55.44059199999999,-0.3817663636363603,-0.3468841923076938,39.0880087,39.10439928,,1.9980570999999998,57.0,,75.7234,74.5376,68.9481,59.66205,62,False
demo,D04,64,1.535476,35,2759.341025,3.39132,,,2.019894,,38.990045,,,,1.534797,,,,,,,,,,0.055583,0.171912,synthetic,False,2.0,76.77380000000001,23.22619999999999,0.9255999999999887,0.40416999999999914,0.36355199999999965,0.34866299999999995,,,,112.41598099999997,0.0,0.0,56.20799049999999,-0.41827424242424144,-0.35513969230769254,39.1299157,39.101770640000005,,2.0013912,57.0,,75.4502,73.87505,68.47445,59.2522,63,False
demo,D04,65,1.542743,35,2783.466246,3.394955,,,1.999036,,39.184679,,,,1.541337,,,,,,,,,,0.054564,0.175906,synthetic,False,2.0,77.13715,22.862849999999995,-0.36334999999999695,0.36887499999999845,0.3184499999999997,0.3246919999999997,,,,113.95731799999997,0.0,0.0,56.978658999999986,-0.38527939393939326,-0.36069180769230863,39.1428713,39.10568792,,2.0005182,57.0,,75.5209,73.40715,67.88905,58.64505,64,False
demo,D04,66,1.525853,35,2749.439782,3.391988,,,2.006445,,39.428237,,,,1.525429,,,,,,,,,,0.052391,0.169918,synthetic,False,2.0,76.29265,23.707350000000005,0.8445000000000107,0.4059450000000012,0.3663960000000003,0.343545,,,,115.48274699999997,0.0,0.0,57.74137349999999,-0.38522272727272694,-0.36437376923076964,39.1934576,39.12148416,,2.0012224,57.0,,74.77865,73.31345,67.47745,58.665049999999994,65,False
demo,D04,67,1.526816,35,2743.316266,3.391085,,,1.994631,,38.725776,,,,1.529407,,,,,,,,,,0.055178,0.169278,synthetic,False,2.0,76.3408,23.6592,-0.0481500000000068,0.3556699999999992,0.3947660000000002,0.33269100000000007,,,,117.01215399999998,0.0,0.0,58.50607699999999,-0.3636409090909088,-0.35299119230769244,39.18538890000001,39.10997732,,1.9998086999999998,57.0,,75.04165,73.044,68.63045,57.57165,66,False
demo,D04,68,1.514468,35,2730.867151,3.38986,,,1.989481,,39.213906,,,,1.516147,,,,,,,,,,0.056006,0.169933,synthetic,False,2.0,75.7234,24.276600000000002,0.6174000000000035,0.3352200000000011,0.32745,0.3266839999999999,,,,118.52830099999998,0.0,0.0,59.26415049999999,-0.3874172727272725,-0.36271903846154,39.158155900000004,39.11618772,,1.9992904,57.0,,74.5376,72.10035,66.8215,57.6424,67,False
demo,D04,69,1.509004,35,2722.101196,3.390433,,,1.997661,,39.129171,,,,1.506745,,,,,,,,,,0.055274,0.173571,synthetic,False,2.0,75.4502,24.549800000000005,0.2732000000000028,0.40742000000000045,0.3451640000000003,0.3281180000000001,,,,120.03504599999998,0.0,0.0,60.01752299999999,-0.3555427272727282,-0.36697511538461614,39.147041,39.105374,,1.9982259,57.0,,73.87505,71.96975,66.24674999999999,57.11485,68,False
demo,D04,70,1.510418,35,2712.484687,3.387626,,,2.011012,,39.200915,,,,1.510831,,,,,,,,,,0.055481,0.167786,synthetic,False,2.0,75.5209,24.479100000000003,-0.0707000000000022,0.3300249999999991,0.33295000000000013,0.343742,,,,121.54587699999998,0.0,0.0,60.77293849999999,-0.31731090909090676,-0.36628730769230744,39.154341800000005,39.10299952,,1.9994854,57.0,,73.40715,71.08945,66.11435,56.702149999999996,69,False
demo,D04,71,1.495573,35,2688.049376,3.385977,,,1.994793,,39.131234,,,,1.500031,,,,,,,,,,0.054633,0.169342,synthetic,False,2.0,74.77865,25.22135,0.7422499999999985,0.34205500000000055,0.357534,0.330523,,,,123.04590799999997,0.0,0.0,61.522953999999984,-0.3210257575757565,-0.3673246538461542,39.1661828,39.1193108,,1.9996972,57.0,,73.31345,71.6155,65.9501,56.65480000000001,70,False
demo,D04,72,1.500833,35,2683.464036,3.394434,,,1.991295,,39.283157,,,,1.498338,,,,,,,,,,0.05313,0.165354,synthetic,False,2.0,75.04165,24.958349999999996,-0.26300000000000523,0.27268499999999846,0.3724079999999998,0.323562,,,,124.54424599999997,0.0,0.0,62.272122999999986,-0.29764727272726893,-0.3527101538461539,39.170399700000004,39.12390212,,1.9992277,57.0,,73.044,72.4567,65.4283,56.46975,71,False
demo,D04,73,1.490752,35,2674.57313,3.397186,,,2.001555,,39.744779,,,,1.491184,,,,,,,,,,0.055784,0.166818,synthetic,False,2.0,74.5376,25.462400000000002,0.5040500000000065,0.31617999999999996,0.3385400000000004,0.33156200000000013,,,,126.03542999999998,0.0,0.0,63.01771499999999,-0.27331636363636186,-0.34909423076923146,39.203189900000005,39.14437084,,2.0005803,57.0,,72.10035,70.5859,64.6907,55.66330000000001,72,False
demo,D04,74,1.477501,35,2653.577569,3.37987,,,2.00499,,39.202768,,,,1.47693,,,,,,,,,,0.056975,0.169347,synthetic,False,2.0,73.87505,26.12495,0.662549999999996,0.28987500000000066,0.3438600000000002,0.3423249999999999,,,,127.51235999999997,0.0,0.0,63.756179999999986,-0.3085063636363651,-0.3503792692307696,39.224462200000005,39.14829776,,1.9990899,57.0,,71.96975,69.56515,65.0439,55.6198,73,False
demo,D04,75,1.468143,35,2643.244989,3.37848,,,2.016428,,39.370714,,,,1.467958,,,,,,,,,,0.056448,0.171106,synthetic,False,2.0,73.40715,26.59285,0.4679000000000002,0.3730000000000004,0.3310300000000001,0.33965,,,,128.98031799999998,0.0,0.0,64.49015899999999,-0.30985848484847933,-0.3572571923076924,39.2430657,39.1498316,,2.0008291,57.0,,71.08945,70.02555000000001,63.557399999999994,55.0193,74,False
demo,D04,76,1.466269,35,2631.797999,3.379455,,,2.003538,,39.799284,,,,1.461487,,,,,,,,,,0.053349,0.176657,synthetic,False,2.0,73.31345,26.686549999999997,0.09369999999999834,0.2979199999999992,0.36412199999999983,0.33062999999999987,,,,130.441805,0.0,0.0,65.2209025,-0.32740939393938934,-0.35129807692307585,39.280170399999996,39.178822000000004,,2.0005384,57.0,,71.6155,69.2113,63.8765,54.354800000000004,75,False
demo,D04,77,1.46088,35,2625.53381,3.382197,,,2.00644,,39.171176,,,,1.465002,,,,,,,,,,0.053876,0.173173,synthetic,False,2.0,73.044,26.956000000000003,0.2694500000000062,0.3296800000000005,0.34768599999999994,0.3198089999999999,,,,131.906807,0.0,0.0,65.9534035,-0.32033606060605513,-0.34762734615384605,39.3247104,39.18174776,,2.0017193000000004,57.0,,72.4567,68.9226,63.4552,54.163,76,False
demo,D04,78,1.442007,35,2586.070591,3.383834,,,2.007193,,39.790659,,,,1.439773,,,,,,,,,,0.054734,0.169583,synthetic,False,2.0,72.10035,27.899649999999994,0.943649999999991,0.3623049999999992,0.37271199999999965,0.3451899999999998,,,,133.34658,0.0,0.0,66.67329,-0.3659333333333315,-0.34916096153846216,39.3823857,39.209863479999996,,2.0034905000000003,57.0,,70.5859,68.9481,63.31595,53.7678,77,False
demo,D04,79,1.439395,35,2592.240159,3.382289,,,1.98847,,39.342239,,,,1.442348,,,,,,,,,,0.054013,0.17024,synthetic,False,2.0,71.96975,28.030249999999995,0.13060000000000116,0.34804499999999905,0.3538299999999998,0.341105,,,,134.788928,0.0,0.0,67.394464,-0.3929518181818167,-0.3507590769230768,39.4036925,39.24071404,,2.0025714,57.0,,69.56515,68.47445,63.06975,53.2654,78,False
demo,D04,80,1.421789,35,2562.489253,3.378412,,,1.990367,,39.81279,,,,1.420022,,,,,,,,,,0.055826,0.177253,synthetic,False,2.0,71.08945,28.91055,0.8803000000000054,0.4431449999999998,0.38945799999999964,0.35320700000000016,,,,136.20895,0.0,0.0,68.104475,-0.42108606060606607,-0.3535746153846152,39.46488,39.27102072,,2.0005069,57.0,,70.02555000000001,67.88905,62.868500000000004,53.2192,79,False
demo,D04,81,1.43231,35,2581.270053,3.381154,,,1.989161,,39.539085,,,,1.430518,,,,,,,,,,0.05607,0.176087,synthetic,False,2.0,71.6155,28.384500000000003,-0.5260499999999979,0.3163150000000002,0.3494640000000004,0.3477620000000002,,,,137.639468,0.0,0.0,68.819734,-0.41629545454545225,-0.34878273076923083,39.5056651,39.29568916,,1.9999437,57.0,,69.2113,67.47745,61.94539999999999,52.7768,80,False
demo,D04,82,1.449134,35,2608.537323,3.378373,,,1.986679,,39.403077,,,,1.45265,,,,,,,,,,0.054078,0.172119,synthetic,False,2.0,72.4567,27.543300000000002,-0.8412000000000006,0.25849500000000064,0.29763199999999984,0.3192620000000002,,,,139.092118,0.0,0.0,69.546059,-0.3097466666666643,-0.3340514615384607,39.5176571,39.31955372,,1.9994820999999998,57.0,,68.9226,68.63045,61.96325,51.844449999999995,81,False
demo,D04,83,1.411718,35,2529.344161,3.375488,,,2.007955,,39.366016,,,,1.414524,,,,,,,,,,0.05666,0.172204,synthetic,False,2.0,70.5859,29.414100000000005,1.8708000000000027,0.39517000000000024,0.33958800000000056,0.3474459999999999,,,,140.506642,0.0,0.0,70.253321,-0.3075121212121185,-0.33908442307692327,39.4797808,39.31474492,,2.0001221,57.0,,68.9481,66.8215,61.47365,51.440949999999994,82,False
demo,D04,84,1.391303,35,2499.687888,3.373833,,,2.002901,,39.257035,,,,1.391884,,,,,,,,,,0.056688,0.177723,synthetic,False,2.0,69.56515,30.434849999999997,1.0207499999999925,0.4309899999999999,0.3983699999999999,0.3508619999999999,,,,141.898526,0.0,0.0,70.949263,-0.35722545454545374,-0.3425211538461549,39.4852075,39.31541352,,1.9999132,57.0,,68.47445,66.24674999999999,60.528499999999994,51.67805,83,False
demo,D04,85,1.400511,35,2517.839283,3.368727,,,2.000795,,39.418182,,,,1.402643,,,,,,,,,,0.055447,0.171,synthetic,False,2.0,70.02555000000001,29.97444999999999,-0.460400000000007,0.3381599999999992,0.35182399999999914,0.33781599999999967,,,,143.30116900000002,0.0,0.0,71.65058450000001,-0.36077818181817795,-0.3410795769230761,39.4899543,39.32702452,,1.9983498999999998,57.0,,67.88905,66.11435,61.2387,50.91974999999999,84,False
demo,D04,86,1.384226,35,2488.592335,3.368383,,,1.974073,,39.648001,,,,1.383427,,,,,,,,,,0.055985,0.175807,synthetic,False,2.0,69.2113,30.788700000000006,0.8142500000000155,0.4102150000000009,0.3595160000000004,0.35006,,,,144.68459600000003,0.0,0.0,72.34229800000001,-0.374002121212117,-0.3466078076923092,39.474826,39.3524316,,1.9954034,57.0,,67.47745,65.9501,59.862950000000005,50.868199999999995,85,False
demo,D04,87,1.378452,35,2481.772061,3.36782,,,2.020555,,39.429044,,,,1.378429,,,,,,,,,,0.054266,0.18168,synthetic,False,2.0,68.9226,31.077399999999997,0.2886999999999915,0.4121399999999994,0.35383599999999943,0.3451849999999999,,,,146.06302500000004,0.0,0.0,73.03151250000002,-0.3712136363636416,-0.35219419230769117,39.5006128,39.359953839999996,,1.9968149,57.0,,68.63045,65.4283,60.045899999999996,50.6246,86,False
demo,D04,88,1.378962,35,2492.747003,3.375427,,,1.991057,,39.352401,,,,1.377137,,,,,,,,,,0.055878,0.175458,synthetic,False,2.0,68.9481,31.051900000000003,-0.02549999999999386,0.3152250000000009,0.35005200000000003,0.34574900000000014,,,,147.44016200000004,0.0,0.0,73.72008100000002,-0.37998787878787765,-0.35143165384615316,39.456787000000006,39.357374799999995,,1.9952013000000002,57.0,,66.8215,64.6907,59.66205,49.621300000000005,87,False
demo,D04,89,1.369489,35,2471.086158,3.372168,,,2.020518,,39.383071,,,,1.371965,,,,,,,,,,0.056312,0.172894,synthetic,False,2.0,68.47445,31.525549999999996,0.47364999999999213,0.34953,0.33197400000000016,0.34776299999999993,,,,148.81212700000003,0.0,0.0,74.40606350000002,-0.38509515151515283,-0.3575655000000005,39.4608702,39.37309584,,1.9984061,57.0,,66.24674999999999,65.0439,59.2522,49.190850000000005,88,False
demo,D04,90,1.357781,35,2436.765578,3.372167,,,1.985508,,39.711447,,,,1.355898,,,,,,,,,,0.056591,0.17692,synthetic,False,2.0,67.88905,32.11095,0.585400000000007,0.3200400000000002,0.3699240000000003,0.344187,,,,150.16802500000003,0.0,0.0,75.08401250000001,-0.4384527272727226,-0.3590854230769228,39.4507359,39.39416656,,1.9979202,57.0,,66.11435,63.557399999999994,58.64505,49.727900000000005,89,False
demo,D04,91,1.349549,35,2434.132043,3.361335,,,1.991876,,39.781967,,,,1.353558,,,,,,,,,,0.056883,0.174608,synthetic,False,2.0,67.47745,32.522549999999995,0.41159999999999286,0.41380499999999926,0.3526079999999996,0.35950199999999993,,,,151.52158300000002,0.0,0.0,75.76079150000001,-0.44039848484848243,-0.3657358076923083,39.4750241,39.40831576,,1.9981917,57.0,,65.9501,63.8765,58.665049999999994,,90,False
demo,D04,92,1.372609,35,2475.441277,3.365642,,,1.977972,,39.2743,,,,1.371741,,,,,,,,,,0.056518,0.170913,synthetic,False,2.0,68.63045,31.369550000000004,-1.1529999999999916,0.38262500000000016,0.3084140000000002,0.3515900000000002,,,,152.893324,0.0,0.0,76.446662,-0.2732151515151522,-0.3544806923076924,39.4621464,39.43025672,,1.9973210000000001,57.0,,65.4283,63.4552,57.57165,,91,False
demo,D04,93,1.33643,35,2399.756925,3.369707,,,2.003621,,39.328208,,,,1.336485,,,,,,,,,,0.056371,0.178646,synthetic,False,2.0,66.8215,33.1785,1.8089499999999958,0.3764399999999995,0.3560759999999999,0.341763,,,,154.22980900000002,0.0,0.0,77.11490450000001,-0.2830430303030299,-0.3601665384615377,39.4583656,39.4348288,,1.9968875999999998,57.0,,64.6907,63.31595,57.6424,,92,False
demo,D04,94,1.324935,35,2390.956239,3.354502,,,1.988987,,39.607437,,,,1.326945,,,,,,,,,,0.057037,0.180356,synthetic,False,2.0,66.24674999999999,33.75325000000001,0.5747500000000088,0.33184000000000113,0.36813800000000013,0.3566510000000002,,,,155.556754,0.0,0.0,77.778377,-0.34664181818181944,-0.36704215384615346,39.493405800000005,39.453959440000006,,1.9954962000000003,57.0,,65.0439,63.06975,57.11485,,93,False
demo,D04,95,1.322287,35,2378.972348,3.370184,,,1.98927,,39.898452,,,,1.322351,,,,,,,,,,0.057779,0.176176,synthetic,False,2.0,66.11435,33.88565,0.13239999999998986,0.3911200000000008,0.3762619999999998,0.354606,,,,156.879105,0.0,0.0,78.4395525,-0.3465460606060599,-0.36735334615384607,39.5414328,39.48186092,,1.9943437000000004,57.0,,63.557399999999994,62.868500000000004,56.702149999999996,,94,False
demo,D04,96,1.319002,35,2364.160973,3.357582,,,1.986275,,39.807995,,,,1.318216,,,,,,,,,,0.056714,0.176108,synthetic,False,2.0,65.9501,34.049899999999994,0.16424999999999557,0.3261199999999988,0.35314199999999973,0.3553379999999999,,,,158.19732100000002,0.0,0.0,79.09866050000001,-0.3622842424242434,-0.3693673846153852,39.5574322,39.50893136,,1.9955639,57.0,,63.8765,61.94539999999999,56.65480000000001,,95,False
demo,D04,97,1.308566,35,2358.636026,3.366944,,,2.007774,,39.224187,,,,1.308488,,,,,,,,,,0.057232,0.174773,synthetic,False,2.0,65.4283,34.57170000000001,0.5218000000000131,0.34943000000000096,0.38453400000000043,0.3784710000000001,,,,159.50580900000003,0.0,0.0,79.75290450000001,-0.3862012121212158,-0.3667768461538469,39.5369465,39.50657256,,1.9942858,57.0,,63.4552,61.96325,56.46975,,96,False
demo,D04,98,1.293814,35,2330.380291,3.358172,,,2.007115,,39.493261,,,,1.296126,,,,,,,,,,0.056876,0.177798,synthetic,False,2.0,64.6907,35.30929999999999,0.7375999999999863,0.425739999999999,0.3938759999999996,0.36620800000000003,,,,160.80193500000001,0.0,0.0,80.40096750000001,-0.40629575757575265,-0.36864053846153816,39.5510325,39.496511840000004,,1.9958916000000002,57.0,,63.31595,61.47365,55.66330000000001,,97,False
demo,D04,99,1.300878,35,2339.980692,3.366805,,,2.01812,,39.316032,,,,1.299153,,,,,,,,,,0.056344,0.176278,synthetic,False,2.0,65.0439,34.956100000000006,-0.35319999999998686,0.3430550000000011,0.35324600000000034,0.3485530000000003,,,,162.101088,0.0,0.0,81.050544,-0.3870966666666671,-0.36629488461538534,39.5443286,39.5010424,,1.9956517999999999,57.0,,63.06975,60.528499999999994,55.6198,,98,False
demo,D04,100,1.271148,35,2287.810205,3.371726,,,1.993143,,39.526399,,,,1.270828,,,,,,,,,,0.057811,0.176121,synthetic,False,2.0,63.557399999999994,36.442600000000006,1.4864999999999995,0.43316500000000036,0.3939900000000003,0.36251000000000017,,,,163.371916,0.0,0.0,81.685958,-0.44642363636363325,-0.37555657692307637,39.5258238,39.507269799999996,,1.9964153,57.0,,62.868500000000004,61.2387,55.0193,,99,False
demo,D04,101,1.27753,35,2294.593795,3.350599,,,2.002188,,39.984807,,,,1.277557,,,,,,,,,,0.056669,0.184575,synthetic,False,2.0,63.8765,36.1235,-0.31910000000000593,0.36009500000000044,0.37747800000000015,0.37079999999999996,,,,164.649473,0.0,0.0,82.3247365,-0.46328030303030404,-0.37523299999999976,39.5461078,39.51469072,,1.9974465000000001,57.0,,61.94539999999999,59.862950000000005,54.354800000000004,,100,False
demo,D04,102,1.269104,35,2288.567845,3.361419,,,1.987107,,39.240694,,,,1.271298,,,,,,,,,,0.057695,0.180635,synthetic,False,2.0,63.4552,36.5448,0.42130000000000223,0.5175249999999998,0.38355199999999995,0.3656189999999999,,,,165.920771,0.0,0.0,82.9603855,-0.382602424242424,-0.3742336538461539,39.542747199999994,39.51747144,,1.9983600000000004,57.0,,61.96325,60.045899999999996,54.163,,101,False
demo,D04,103,1.266319,35,2279.077919,3.351057,,,1.99665,,39.195804,,,,1.266067,,,,,,,,,,0.057365,0.181064,synthetic,False,2.0,63.31595,36.68405,0.139249999999997,0.35055499999999995,0.3513760000000002,0.3620439999999999,,,,167.186838,0.0,0.0,83.593419,-0.3673863636363669,-0.37658019230769235,39.52950679999999,39.493677240000004,,1.9976629000000004,57.0,,61.47365,59.66205,53.7678,,102,False
demo,D04,104,1.261395,35,2271.645163,3.359381,,,1.994812,,39.400769,,,,1.265957,,,,,,,,,,0.057082,0.182194,synthetic,False,2.0,63.06975,36.93025,0.24620000000000175,0.31769999999999926,0.3560000000000002,0.35491500000000004,,,,168.45279499999998,0.0,0.0,84.22639749999999,-0.3614245454545466,-0.3757481153846148,39.508840000000006,39.49601844,,1.9982454,57.0,,60.528499999999994,59.2522,53.2654,,103,False
demo,D04,105,1.25737,35,2265.690908,3.356344,,,2.004644,,39.685773,,,,1.256976,,,,,,,,,,0.057098,0.182018,synthetic,False,2.0,62.868500000000004,37.131499999999996,0.2012499999999946,0.32458499999999973,0.3288379999999998,0.3591479999999997,,,,169.709771,0.0,0.0,84.8548855,-0.33675757575757775,-0.3787305769230775,39.4875721,39.490937759999994,,1.9997827999999997,57.0,,61.2387,58.64505,53.2192,,104,False
demo,D04,106,1.238908,35,2222.310937,3.355383,,,2.01017,,39.796826,,,,1.23832,,,,,,,,,,0.057103,0.179204,synthetic,False,2.0,61.94539999999999,38.05460000000001,0.9231000000000122,0.4004700000000014,0.3868040000000002,0.3681340000000003,,,,170.94809099999998,0.0,0.0,85.47404549999999,-0.33404787878787806,-0.37864965384615434,39.4864552,39.5012474,,2.0021723000000002,57.0,,59.862950000000005,58.665049999999994,52.7768,,105,False
demo,D04,107,1.239265,35,2224.692862,3.351261,,,2.009911,,39.750464,,,,1.238841,,,,,,,,,,0.055962,0.181247,synthetic,False,2.0,61.96325,38.03675,-0.017850000000009913,0.34650499999999906,0.41973799999999983,0.3586849999999998,,,,172.18693199999998,0.0,0.0,86.09346599999999,-0.3166093939393963,-0.3625534230769234,39.5390829,39.51514288,,2.0023860000000004,57.0,,60.045899999999996,57.57165,51.844449999999995,,106,False
demo,D04,108,1.229473,35,2198.379056,3.356806,,,1.991572,,39.949712,,,,1.226235,,,,,,,,,,0.058088,0.180014,synthetic,False,2.0,61.47365,38.52635,0.4896000000000029,0.32170500000000074,0.3644899999999998,0.3520390000000002,,,,173.413167,0.0,0.0,86.7065835,-0.3330490909090869,-0.36161269230769216,39.584728,39.53849072,,2.0008317,57.0,,59.66205,57.6424,51.440949999999994,,107,False
demo,D04,109,1.21057,35,2182.718503,3.345528,,,2.009985,,39.243373,,,,1.20806,,,,,,,,,,0.058126,0.182893,synthetic,False,2.0,60.528499999999994,39.471500000000006,0.9451500000000053,0.45153999999999994,0.36146600000000034,0.37991800000000014,,,,174.62122699999998,0.0,0.0,87.31061349999999,-0.33850121212120887,-0.37259450000000094,39.577462100000005,39.53794424,,2.0000182,57.0,,59.2522,57.11485,51.67805,,108,False
demo,D04,110,1.224774,35,2196.57589,3.358063,,,1.999559,,39.959923,,,,1.223474,,,,,,,,,,0.058602,0.182034,synthetic,False,2.0,61.2387,38.7613,-0.7102000000000075,0.23186999999999927,0.35147400000000034,0.35164899999999977,,,,175.844701,0.0,0.0,87.9223505,-0.34958303030302645,-0.36546534615384635,39.62081450000001,39.55961388,,2.0006598,57.0,,58.64505,56.702149999999996,50.91974999999999,,109,False
demo,D04,111,1.197259,35,2155.922692,3.34802,,,1.996754,,39.626088,,,,1.199978,,,,,,,,,,0.057496,0.180962,synthetic,False,2.0,59.862950000000005,40.137049999999995,1.3757499999999965,0.4013549999999995,0.37393399999999954,0.36672499999999997,,,,177.04467899999997,0.0,0.0,88.52233949999999,-0.38632696969696806,-0.3724188076923073,39.5849426,39.55873736,,2.0001164,57.0,,58.665049999999994,56.65480000000001,50.868199999999995,,110,False
demo,D04,112,1.200918,35,2164.058908,3.344504,,,1.992915,,39.881496,,,,1.200839,,,,,,,,,,0.059886,0.177975,synthetic,False,2.0,60.045899999999996,39.954100000000004,-0.18294999999999106,0.3409300000000002,0.3550680000000003,0.3544519999999999,,,,178.24551799999998,0.0,0.0,89.12275899999999,-0.3925293939393946,-0.37337946153846185,39.6490228,39.576835439999996,,2.0006972000000003,57.0,,57.57165,56.46975,50.6246,,111,False
demo,D04,113,1.193241,35,2151.71458,3.355535,,,1.994401,,39.379283,,,,1.192084,,,,,,,,,,0.057688,0.182709,synthetic,False,2.0,59.66205,40.33795,0.38384999999999536,0.36539,0.37144199999999983,0.36074699999999993,,,,179.43760199999997,0.0,0.0,89.71880099999998,-0.3876275757575767,-0.3708001153846155,39.667370700000006,39.57791072,,2.0004722999999998,57.0,,57.6424,55.66330000000001,49.621300000000005,,112,False
demo,D04,114,1.185044,35,2125.374281,3.347861,,,2.017423,,39.723673,,,,1.187951,,,,,,,,,,0.057274,0.181985,synthetic,False,2.0,59.2522,40.7478,0.4098499999999987,0.38175499999999973,0.3688900000000001,0.35043200000000013,,,,180.62555299999997,0.0,0.0,90.31277649999998,-0.3772048484848458,-0.36959738461538494,39.6996611,39.5915348,,2.0027334,57.0,,57.11485,55.6198,49.190850000000005,,113,False
demo,D04,115,1.172901,35,2110.809719,3.354243,,,2.003074,,39.799716,,,,1.17654,,,,,,,,,,0.057277,0.177413,synthetic,False,2.0,58.64505,41.35495,0.6071500000000043,0.4223450000000007,0.36976,0.36984200000000017,,,,181.80209299999996,0.0,0.0,90.90104649999998,-0.3670427272727294,-0.3727590769230763,39.7110554,39.59506556,,2.0025763999999997,57.0,,56.702149999999996,55.0193,49.727900000000005,,114,False
demo,D04,116,1.173301,35,2122.523731,3.351548,,,2.001746,,40.028987,,,,1.176247,,,,,,,,,,0.056533,0.184591,synthetic,False,2.0,58.665049999999994,41.334950000000006,-0.01999999999999602,0.32803499999999985,0.3524960000000004,0.35255200000000003,,,,182.97833999999995,0.0,0.0,91.48916999999997,-0.3661363636363637,-0.3727413846153835,39.7342715,39.60494636,,2.001734,57.0,,56.65480000000001,54.354800000000004,,,115,False
demo,D04,117,1.151433,35,2083.238242,3.340737,,,1.997378,,39.376537,,,,1.149468,,,,,,,,,,0.060018,0.186839,synthetic,False,2.0,57.57165,42.42835,1.0933999999999955,0.4391600000000004,0.4423519999999999,0.3753830000000001,,,,184.12780799999996,0.0,0.0,92.06390399999998,-0.38391818181818316,-0.36450784615384646,39.6968788,39.609035840000004,,2.0004807,57.0,,56.46975,54.163,,,116,False
demo,D04,118,1.152848,35,2081.272167,3.343766,,,2.02446,,39.778417,,,,1.151706,,,,,,,,,,0.059843,0.191471,synthetic,False,2.0,57.6424,42.3576,-0.07075000000000387,0.3831249999999997,0.36716399999999993,0.36161999999999994,,,,185.27951399999995,0.0,0.0,92.63975699999997,-0.37724939393939155,-0.36520396153846124,39.6797493,39.6270442,,2.0037694999999998,57.0,,55.66330000000001,53.7678,,,117,False
demo,D04,119,1.142297,35,2058.215609,3.343271,,,2.01305,,39.515246,,,,1.14644,,,,,,,,,,0.059178,0.183135,synthetic,False,2.0,57.11485,42.88515,0.5275500000000051,0.3413649999999997,0.36527599999999977,0.36670699999999995,,,,186.42595399999996,0.0,0.0,93.21297699999998,-0.41592666666667166,-0.36945642307692317,39.7069366,39.62335656,,2.004076,57.0,,55.6198,53.2654,,,118,False
demo,D04,120,1.134043,35,2035.122183,3.347861,,,1.992789,,39.92531,,,,1.13459,,,,,,,,,,0.057763,0.183022,synthetic,False,2.0,56.702149999999996,43.297850000000004,0.41270000000000095,0.45365500000000053,0.3764880000000002,0.376375,,,,187.56054399999996,0.0,0.0,93.78027199999998,-0.3883906060606037,-0.3718178846153855,39.703475299999994,39.62443088,,2.003399,57.0,,55.0193,53.2192,,,119,False
demo,D04,121,1.133096,35,2043.96954,3.343387,,,1.997264,,39.99466,,,,1.132489,,,,,,,,,,0.06048,0.181348,synthetic,False,2.0,56.65480000000001,43.34519999999999,0.04734999999998735,0.32081499999999963,0.3718119999999999,0.3624769999999998,,,,188.69303299999996,0.0,0.0,94.34651649999998,-0.4001654545454554,-0.36901876923076804,39.7403325,39.63189748,,2.00345,57.0,,54.354800000000004,52.7768,,,120,False
demo,D04,122,1.129395,35,2031.946495,3.341879,,,1.997858,,40.127701,,,,1.131017,,,,,,,,,,0.058354,0.18545,synthetic,False,2.0,56.46975,43.53025,0.18505000000001104,0.35761499999999985,0.3583419999999998,0.37143800000000016,,,,189.82404999999994,0.0,0.0,94.91202499999997,-0.3709506060606036,-0.36599557692307666,39.764953000000006,39.66803804,,2.0039442999999997,57.0,,54.163,51.844449999999995,,,121,False
demo,D04,123,1.113266,35,2007.248976,3.338359,,,2.001459,,39.696343,,,,1.115509,,,,,,,,,,0.058598,0.186076,synthetic,False,2.0,55.66330000000001,44.33669999999999,0.806449999999991,0.3998749999999994,0.36109600000000003,0.3774859999999998,,,,190.93955899999995,0.0,0.0,95.46977949999997,-0.3679666666666679,-0.37090134615384535,39.796659,39.67616132,,2.0046501,57.0,,53.7678,51.440949999999994,,,122,False
demo,D04,124,1.112396,35,1998.510932,3.338847,,,1.992988,,40.063213,,,,1.111124,,,,,,,,,,0.060313,0.18307,synthetic,False,2.0,55.6198,44.3802,0.043500000000008754,0.3632400000000004,0.37696399999999985,0.36510500000000007,,,,192.05068299999994,0.0,0.0,96.02534149999997,-0.3462090909090898,-0.365732499999999,39.830613,39.70604856,,2.0022066,57.0,,53.2654,51.67805,,,123,False
demo,D04,125,1.100386,35,1979.666857,3.342767,,,2.004388,,40.189647,,,,1.100869,,,,,,,,,,0.059655,0.18546,synthetic,False,2.0,55.0193,44.9807,0.6004999999999967,0.36257499999999965,0.3415239999999997,0.367757,,,,193.15155199999992,0.0,0.0,96.57577599999996,-0.3536536363636364,-0.3737224230769242,39.869606100000006,39.73257848,,2.0023380000000004,57.0,,53.2192,50.91974999999999,,,124,False
demo,D04,126,1.087096,35,1957.737211,3.335902,,,2.014521,,39.458544,,,,1.089111,,,,,,,,,,0.06133,0.18058,synthetic,False,2.0,54.354800000000004,45.645199999999996,0.6644999999999968,0.43102499999999894,0.3808679999999998,0.379173,,,,194.24066299999993,0.0,0.0,97.12033149999996,-0.35206181818181675,-0.37808742307692156,39.8125618,39.71152796,,2.0036155,57.0,,52.7768,50.868199999999995,,,125,False
demo,D04,127,1.08326,35,1951.309454,3.333828,,,1.986864,,40.028196,,,,1.080747,,,,,,,,,,0.059416,0.189449,synthetic,False,2.0,54.163,45.837,0.19180000000000774,0.34086500000000014,0.371688,0.37762,,,,195.32140999999993,0.0,0.0,97.66070499999996,-0.38157969696969524,-0.38111150000000044,39.8777277,39.74302804,,2.0025641,57.0,,51.844449999999995,50.6246,,,126,False
demo,D04,128,1.075356,35,1938.508594,3.332162,,,1.988719,,40.126593,,,,1.075383,,,,,,,,,,0.058849,0.184674,synthetic,False,2.0,53.7678,46.2322,0.39519999999999555,0.3874600000000001,0.381926,0.3666510000000001,,,,196.39679299999992,0.0,0.0,98.19839649999996,-0.38662030303030054,-0.3820282307692307,39.9125453,39.7802596,,1.9989900000000003,57.0,,51.440949999999994,49.621300000000005,,,127,False
demo,D04,129,1.065308,35,1914.223289,3.330948,,,1.995168,,39.837356,,,,1.062934,,,,,,,,,,0.058735,0.187284,synthetic,False,2.0,53.2654,46.7346,0.5024000000000015,0.38494499999999976,0.39217399999999997,0.3740870000000001,,,,197.45972699999993,0.0,0.0,98.72986349999996,-0.4072696969696974,-0.38269976923076876,39.94475630000001,39.79772308,,1.9972017999999998,57.0,,51.67805,49.190850000000005,,,128,False
demo,D04,130,1.064384,35,1908.170893,3.32744,,,1.995632,,39.60073,,,,1.06229,,,,,,,,,,0.057509,0.183145,synthetic,False,2.0,53.2192,46.7808,0.04619999999999891,0.3482949999999995,0.38597200000000015,0.357405,,,,198.52201699999992,0.0,0.0,99.26100849999996,-0.41129242424242274,-0.3782684615384619,39.912298299999996,39.79432136,,1.9974861000000002,57.0,,50.91974999999999,49.727900000000005,,,129,False
demo,D04,131,1.055536,35,1909.226076,3.328941,,,2.019985,,40.152435,,,,1.054347,,,,,,,,,,0.059166,0.186031,synthetic,False,2.0,52.7768,47.2232,0.44239999999999924,0.3878000000000007,0.3667439999999996,0.37677399999999994,,,,199.57636399999993,0.0,0.0,99.78818199999996,-0.40038515151514725,-0.3797293076923078,39.9280758,39.808545720000005,,1.9997581999999998,57.0,,50.868199999999995,,,,130,False
demo,D04,132,1.036889,35,1880.338242,3.335605,,,2.010017,,39.644789,,,,1.037879,,,,,,,,,,0.060776,0.187686,synthetic,False,2.0,51.844449999999995,48.155550000000005,0.9323500000000067,0.4625300000000003,0.4047520000000003,0.4122450000000001,,,,200.61424299999993,0.0,0.0,100.30712149999997,-0.4056639393939442,-0.38256519230769237,39.8797846,39.80431872,,2.0009741,57.0,,50.6246,,,,131,False
demo,D04,133,1.028819,35,1854.359184,3.327776,,,2.009443,,39.912184,,,,1.028156,,,,,,,,,,0.060311,0.188813,synthetic,False,2.0,51.440949999999994,48.559050000000006,0.4035000000000011,0.4222350000000013,0.4013080000000002,0.38289900000000004,,,,201.64239899999993,0.0,0.0,100.82119949999996,-0.4306509090909079,-0.3862379999999998,39.9013687,39.8028176,,2.0017725000000004,57.0,,49.621300000000005,,,,132,False
demo,D04,134,1.033561,35,1853.019541,3.332013,,,1.997356,,39.939628,,,,1.03222,,,,,,,,,,0.059685,0.190097,synthetic,False,2.0,51.67805,48.32195,-0.2371000000000052,0.3941749999999999,0.3540179999999998,0.35774200000000006,,,,202.67461899999992,0.0,0.0,101.33730949999996,-0.39442515151514657,-0.38945623076923075,39.8890102,39.8306678,,2.0022093,57.0,,49.190850000000005,,,,133,False
demo,D04,135,1.018395,35,1828.859756,3.317384,,,1.997137,,40.151291,,,,1.0185,,,,,,,,,,0.058821,0.193581,synthetic,False,2.0,50.91974999999999,49.08025000000001,0.7583000000000055,0.4099550000000008,0.41275800000000035,0.38211600000000034,,,,203.6931189999999,0.0,0.0,101.84655949999996,-0.39181575757575904,-0.3857641153846147,39.8851746,39.83832252,,2.0014841999999997,57.0,,49.727900000000005,,,,134,False
demo,D04,136,1.017364,35,1834.052394,3.329444,,,1.985483,,39.817296,,,,1.01503,,,,,,,,,,0.060053,0.191504,synthetic,False,2.0,50.868199999999995,49.131800000000005,0.051549999999998875,0.34866000000000097,0.35979000000000044,0.366862,,,,204.7081489999999,0.0,0.0,102.35407449999995,-0.3866266666666674,-0.3883676923076929,39.921049800000006,39.84597084,,1.9985803999999998,57.0,,,,,,135,False
demo,D04,137,1.012492,35,1829.818436,3.325916,,,2.007817,,39.810116,,,,1.013361,,,,,,,,,,0.060888,0.192387,synthetic,False,2.0,50.6246,49.3754,0.2435999999999936,0.3538399999999996,0.3768519999999998,0.36596000000000006,,,,205.7215099999999,0.0,0.0,102.86075499999995,-0.3652496969696949,-0.38447134615384615,39.8992418,39.84311564,,2.0006757,57.0,,,,,,136,False
demo,D04,138,0.992426,35,1779.866167,3.322127,,,2.004911,,40.03609,,,,0.994671,,,,,,,,,,0.060506,0.194641,synthetic,False,2.0,49.621300000000005,50.378699999999995,1.0032999999999959,0.41464999999999963,0.4016299999999998,0.3865359999999998,,,,206.71618099999992,0.0,0.0,103.35809049999996,-0.38205515151515274,-0.38642757692307816,39.8901915,39.86938792,,2.0022949,57.0,,,,,,137,False
demo,D04,139,0.983817,35,1770.209998,3.323701,,,2.01286,,40.275872,,,,0.983661,,,,,,,,,,0.060329,0.192356,synthetic,False,2.0,49.190850000000005,50.809149999999995,0.43045000000000044,0.4074549999999995,0.40245399999999987,0.385672,,,,207.69984199999993,0.0,0.0,103.84992099999997,-0.40557242424242945,-0.3887320384615371,39.934043100000004,39.89147588,,2.0040641,57.0,,,,,,138,False
demo,D04,140,0.994558,35,1791.256075,3.322336,,,1.997892,,40.580026,,,,0.994155,,,,,,,,,,0.059257,0.190108,synthetic,False,2.0,49.727900000000005,50.272099999999995,-0.5370500000000007,0.34912999999999955,0.35668599999999967,0.36322299999999985,,,,208.69399699999994,0.0,0.0,104.34699849999997,-0.3534875757575746,-0.3844111153846158,40.0319727,39.922688279999996,,2.0042901,57.0,,,,,,139,False
demo,D05,1,1.912152,35,2299.129724,3.440398,,,3.005394,,40.069093,,,,1.910816,,,,,,,,,,0.051025,0.155735,synthetic,False,2.0,95.6076,4.392399999999995,,,,,,,,1.910816,0.0,0.0,0.955408,,,,,,,43.0,42.0,94.6697,93.34925,86.30825,76.1834,0,True
demo,D05,2,1.92075,35,2304.792773,3.442423,,,2.990629,,39.985258,,,,1.922795,,,,,,,,,,0.04935,0.151181,synthetic,False,2.0,96.0375,3.9625000000000057,-0.4298999999999893,,,,,,,3.8336110000000003,0.0,0.0,1.9168055000000002,,,,,,,43.0,41.0,94.57204999999999,92.38335,86.31295,75.86064999999999,1,True
demo,D05,3,1.929158,35,2312.425157,3.44339,,,3.009182,,39.942695,,,,1.931553,,,,,,,,,,0.051796,0.149195,synthetic,False,2.0,96.4579,3.542100000000005,-0.4204000000000008,,,,,,,5.765164,0.0,0.0,2.882582,0.4251499999999739,0.4251499999999739,39.99901533333334,39.99901533333334,,3.001735,43.0,40.0,93.99969999999999,91.46705,86.168,75.24875,2,True
demo,D05,4,1.902699,35,2288.0066,3.43391,,,2.996615,,40.230692,,,,1.907916,,,,,,,,,,0.050869,0.152309,synthetic,False,2.0,95.13494999999999,4.865050000000011,1.3229500000000058,0.15755000000000527,0.15755000000000527,0.15755000000000527,,,,7.673080000000001,0.0,0.0,3.8365400000000003,-0.09975500000001584,-0.09975500000001584,40.0569345,40.0569345,,3.000455,43.0,39.0,92.68650000000001,91.51295,85.2992,76.13045000000001,3,True
demo,D05,5,1.89551,35,2273.629616,3.4409,,,3.010625,,40.067221,,,,1.895113,,,,,,,,,,0.052204,0.15519,synthetic,False,2.0,94.77550000000001,5.224499999999992,0.3594499999999812,0.20802499999999924,0.20802499999999924,0.20802499999999924,,,,9.568193,0.0,0.0,4.7840965,-0.2566749999999938,-0.2566749999999938,40.0589918,40.0589918,,3.0024889999999997,43.0,38.0,93.12565000000001,90.65725,85.53070000000001,75.306,4,True
demo,D05,6,1.893394,35,2266.631014,3.441341,,,2.988774,,40.04647,,,,1.885352,,,,,,,,,,0.050865,0.153432,synthetic,False,2.0,94.6697,5.330299999999994,0.10580000000000211,0.1875799999999998,0.1875799999999998,0.1875799999999998,,,,11.453545,0.0,0.0,5.7267725,-0.27995571428571137,-0.27995571428571137,40.056904833333334,40.056904833333334,,3.0002031666666666,43.0,37.0,93.34925,91.02265,85.1022,74.0674,5,False
demo,D05,7,1.891441,35,2273.813867,3.437174,,,2.993222,,39.828823,,,,1.891657,,,,,,,,,,0.050949,0.154445,synthetic,False,2.0,94.57204999999999,5.42795000000001,0.09765000000001578,0.17259166666666914,0.17259166666666914,0.17259166666666914,,,,13.345202,0.0,0.0,6.672601,-0.26873749999999286,-0.26873749999999286,40.02432171428571,40.02432171428571,,2.999205857142857,43.0,36.0,92.38335,89.97575,84.16924999999999,73.53965,6,False
demo,D05,8,1.879994,35,2255.559909,3.429023,,,3.003809,,40.199419,,,,1.880749,,,,,,,,,,0.049988,0.156889,synthetic,False,2.0,93.99969999999999,6.00030000000001,0.5723500000000001,0.22970000000000215,0.22970000000000215,0.22970000000000215,,,,15.225951,0.0,0.0,7.6129755,-0.28936428571427686,-0.28936428571427686,40.046208875,40.046208875,,2.99978125,43.0,35.0,91.46705,89.89285,83.50565,73.54045,7,False
demo,D05,9,1.85373,35,2227.73872,3.431257,,,3.011705,,40.174099,,,,1.849896,,,,,,,,,,0.052222,0.159098,synthetic,False,2.0,92.68650000000001,7.313499999999991,1.3131999999999806,0.36513749999999945,0.36513749999999945,0.36513749999999945,,,,17.075847,0.0,0.0,8.5379235,-0.36724583333333805,-0.36724583333333805,40.06041888888889,40.06041888888889,,3.001106111111111,43.0,34.0,91.51295,89.2198,83.71459999999999,72.8725,8,False
demo,D05,10,1.862513,35,2231.971926,3.433592,,,3.016666,,40.125819,,,,1.863062,,,,,,,,,,0.050499,0.154569,synthetic,False,2.0,93.12565000000001,6.874349999999993,-0.43914999999999793,0.275772222222222,0.275772222222222,0.275772222222222,,,,18.938909,0.0,0.0,9.4694545,-0.3629093939393909,-0.3629093939393909,40.066958899999996,40.066958899999996,,3.0026621,43.0,33.0,90.65725,88.91825,83.63335,72.79635,9,False
demo,D05,11,1.866985,35,2232.25581,3.428795,,,3.000414,,40.249215,,,,1.865637,,,,,,,,,,0.050844,0.152188,synthetic,False,2.0,93.34925,6.650750000000002,-0.22359999999999047,0.22583500000000073,0.22583500000000073,0.22583500000000073,,,,20.804546,0.0,0.0,10.402273,-0.3768927272727224,-0.3338845454545466,40.084971100000004,40.08352763636364,,3.0021641000000003,43.0,32.0,91.02265,89.13165,82.0613,71.97704999999999,10,False
demo,D05,12,1.847667,35,2228.740839,3.429518,,,3.018377,,40.415501,,,,1.842705,,,,,,,,,,0.051524,0.156322,synthetic,False,2.0,92.38335,7.616650000000007,0.9659000000000049,0.36541500000000016,0.29311363636363746,0.29311363636363746,,,,22.647250999999997,0.0,0.0,11.323625499999999,-0.38752757575757596,-0.34144772727273104,40.127995399999996,40.11119208333333,,3.0049389,43.0,31.0,89.97575,88.31905,82.0707,71.41539999999999,11,False
demo,D05,13,1.829341,35,2205.395089,3.42303,,,2.997103,,40.431379,,,,1.831798,,,,,,,,,,0.051828,0.158238,synthetic,False,2.0,91.46705,8.53295,0.9162999999999926,0.49908499999999945,0.3450458333333337,0.3450458333333337,,,,24.479048999999996,0.0,0.0,12.239524499999998,-0.3758230303030303,-0.3649700549450547,40.1768638,40.135821846153846,,3.0037309999999997,43.0,30.0,89.89285,87.72109999999999,82.13765,70.51635,12,False
demo,D05,14,1.830259,35,2202.133434,3.431211,,,3.010988,,40.392794,,,,1.828195,,,,,,,,,,0.049991,0.152407,synthetic,False,2.0,91.51295,8.487049999999996,-0.04590000000000316,0.3621999999999986,0.314973076923077,0.314973076923077,,,,26.307243999999997,0.0,0.0,13.153621999999999,-0.3893163636363663,-0.36801637362637474,40.193074,40.154177000000004,,3.0051683000000002,43.0,29.0,89.2198,87.1448,80.9068,70.12620000000001,13,False
demo,D05,15,1.813145,35,2173.243058,3.427307,,,2.990578,,40.220114,,,,1.811672,,,,,,,,,,0.051638,0.154802,synthetic,False,2.0,90.65725,9.342749999999995,0.8556999999999988,0.41182500000000033,0.3535964285714286,0.3535964285714286,,,,28.118916,0.0,0.0,14.059458,-0.42954454545454684,-0.38218857142857254,40.2083633,40.1585728,,3.0031635999999997,43.0,28.0,88.91825,86.5251,81.0926,69.62135,14,False
demo,D05,16,1.820453,35,2182.575821,3.420974,,,3.004202,,40.12757,,,,1.818769,,,,,,,,,,0.052591,0.155024,synthetic,False,2.0,91.02265,8.977350000000001,-0.36539999999999395,0.3647050000000007,0.30566333333333373,0.30566333333333373,,,,29.937685,0.0,0.0,14.9688425,-0.4069769696969659,-0.3751805147058778,40.216473300000004,40.156635125,,3.0047064000000003,43.0,27.0,89.13165,86.30825,80.86975,69.84495,15,False
demo,D05,17,1.799515,35,2168.372899,3.426345,,,2.976583,,40.039749,,,,1.803961,,,,,,,,,,0.051627,0.157396,synthetic,False,2.0,89.97575,10.024249999999995,1.0468999999999937,0.45962999999999854,0.351990625,0.351990625,,,,31.741646,0.0,0.0,15.870823,-0.4038163636363615,-0.38354203431372397,40.2375659,40.149759470588236,,3.0030425000000003,43.0,26.0,88.31905,86.31295,80.10655,69.4414,16,False
demo,D05,18,1.797857,35,2155.138577,3.424506,,,2.988784,,40.154925,,,,1.79771,,,,,,,,,,0.051797,0.155803,synthetic,False,2.0,89.89285,10.107150000000004,0.0829000000000093,0.4106849999999994,0.3361617647058829,0.3361617647058829,,,,33.539356,0.0,0.0,16.769678,-0.3876215151515158,-0.38413534571722946,40.2331165,40.15004644444444,,3.00154,43.0,25.0,87.72109999999999,86.168,79.82695,69.2237,17,False
demo,D05,19,1.784396,35,2137.211571,3.425115,,,3.004667,,40.328319,,,,1.784678,,,,,,,,,,0.052318,0.160745,synthetic,False,2.0,89.2198,10.780199999999994,0.6730499999999893,0.3466700000000003,0.3548777777777777,0.3548777777777777,,,,35.324034,0.0,0.0,17.662017,-0.4459051515151522,-0.3891218421052623,40.2485385,40.15942921052631,,3.0008362,43.0,24.0,87.1448,85.2992,79.768,69.00775,18,False
demo,D05,20,1.778365,35,2146.024017,3.420729,,,2.986876,,40.135881,,,,1.776798,,,,,,,,,,0.05209,0.15405,synthetic,False,2.0,88.91825,11.08175,0.301550000000006,0.42074000000000067,0.3520710526315792,0.3520710526315792,,,,37.100832,0.0,0.0,18.550416,-0.44933969696969556,-0.3915038345864645,40.249544699999994,40.1582518,,2.9978572,43.0,23.0,86.5251,85.53070000000001,80.29475000000001,67.88655,19,False
demo,D05,21,1.782633,35,2138.853088,3.419623,,,3.004269,,40.350065,,,,1.784283,,,,,,,,,,0.051143,0.153956,synthetic,False,2.0,89.13165,10.868350000000007,-0.21339999999999293,0.42176000000000047,0.32379750000000057,0.32379750000000057,,,,38.885115,0.0,0.0,19.4425575,-0.3752287878787857,-0.3854112337662405,40.2596297,40.16738576190476,,2.9982427,43.0,22.0,86.30825,85.1022,78.37405,67.26185,20,False
demo,D05,22,1.766381,35,2130.902091,3.417714,,,3.009065,,40.109065,,,,1.771147,,,,,,,,,,0.0523,0.158343,synthetic,False,2.0,88.31905,11.680949999999996,0.8125999999999891,0.40642999999999885,0.34707380952380956,0.34707380952380956,,,,40.656262,0.0,0.0,20.328131,-0.3587124242424254,-0.38590124223602307,40.2289861,40.16473481818182,,2.9973115,43.0,21.0,86.31295,84.16924999999999,77.80805,67.25615,21,False
demo,D05,23,1.754422,35,2096.473941,3.41715,,,2.994987,,39.953119,,,,1.756695,,,,,,,,,,0.05345,0.159296,synthetic,False,2.0,87.72109999999999,12.278900000000007,0.5979500000000115,0.3745950000000008,0.3584772727272733,0.3584772727272733,,,,42.412957,0.0,0.0,21.2064785,-0.38663393939394,-0.38857895256917047,40.1811601,40.15553413043478,,2.9970999,43.0,20.0,86.168,83.50565,77.26595,66.38185,22,False
demo,D05,24,1.742896,35,2094.726796,3.417937,,,2.99031,,40.590507,,,,1.745291,,,,,,,,,,0.05152,0.15592,synthetic,False,2.0,87.1448,12.855199999999996,0.5762999999999892,0.436815,0.3679478260869566,0.3679478260869566,,,,44.158248,0.0,0.0,22.079124,-0.3975245454545513,-0.3925179999999993,40.2009314,40.173657999999996,,2.9950321000000004,43.0,19.0,85.2992,83.71459999999999,77.40835,65.8805,23,False
demo,D05,25,1.730502,35,2089.505229,3.416905,,,2.995258,,40.285643,,,,1.7326,,,,,,,,,,0.05232,0.15896,synthetic,False,2.0,86.5251,13.474900000000005,0.6197000000000088,0.413215000000001,0.3784375000000004,0.3784375000000004,,,,45.890848,0.0,0.0,22.945424,-0.44631636363636346,-0.3976814615384644,40.2074843,40.1781374,,2.9955001,43.0,18.0,85.53070000000001,83.63335,76.2761,66.0848,24,False
demo,D05,26,1.726165,35,2071.582447,3.415008,,,2.990342,,40.201495,,,,1.7214,,,,,,,,,,0.051357,0.15975,synthetic,False,2.0,86.30825,13.691749999999999,0.21684999999999377,0.47143999999999975,0.37197400000000014,0.37197400000000014,,,,47.612248,0.0,0.0,23.806124,-0.4324896969696953,-0.40976615384615367,40.2148768,40.183433480000005,,2.9941141,43.0,17.0,85.1022,82.0613,76.1834,65.38615,25,False
demo,D05,27,1.726259,35,2069.870531,3.414089,,,2.998988,,40.137149,,,,1.723235,,,,,,,,,,0.053679,0.15977,synthetic,False,2.0,86.31295,13.68705,-0.004699999999999704,0.36628000000000044,0.3889819999999997,0.3574865384615386,,,,49.335483,0.0,0.0,24.6677415,-0.4310557575757585,-0.4103551153846171,40.2246168,40.189509120000004,,2.9963546,43.0,16.0,84.16924999999999,82.0707,75.86064999999999,64.75995,26,False
demo,D05,28,1.72336,35,2060.787398,3.414014,,,3.001021,,40.520719,,,,1.722654,,,,,,,,,,0.052674,0.161521,synthetic,False,2.0,86.168,13.831999999999994,0.14494999999999436,0.37248499999999896,0.4115959999999996,0.34961481481481477,,,,51.058137,0.0,0.0,25.5290685,-0.39865727272727164,-0.400597653846155,40.2611962,40.212630080000004,,2.9975783,43.0,15.0,83.50565,82.13765,75.24875,64.5728,27,False
demo,D05,29,1.705984,35,2053.828527,3.423279,,,2.99694,,40.78475,,,,1.703508,,,,,,,,,,0.05209,0.159776,synthetic,False,2.0,85.2992,14.700800000000001,0.8688000000000073,0.39206000000000074,0.3934299999999996,0.36815714285714307,,,,52.761645,0.0,0.0,26.3808225,-0.41336818181818236,-0.4041740769230758,40.3068393,40.234792399999996,,2.9968056,43.0,14.0,83.71459999999999,80.9068,76.13045000000001,63.9323,28,False
demo,D05,30,1.710614,35,2047.99466,3.410744,,,3.016744,,40.33331,,,,1.706972,,,,,,,,,,0.052986,0.166009,synthetic,False,2.0,85.53070000000001,14.46929999999999,-0.23150000000001114,0.33875499999999903,0.3697919999999999,0.34747931034482743,,,,54.468617,0.0,0.0,27.2343085,-0.3880327272727262,-0.4016421153846157,40.326582200000004,40.24543596,,2.9997924,43.0,13.0,83.63335,81.0926,75.306,63.592999999999996,29,False
demo,D05,31,1.702044,35,2041.871955,3.410524,,,2.992806,,40.393043,,,,1.695671,,,,,,,,,,0.051776,0.163383,synthetic,False,2.0,85.1022,14.897800000000004,0.42850000000001387,0.4029449999999997,0.3827000000000004,0.35018000000000027,,,,56.164288,0.0,0.0,28.082144,-0.33078212121211575,-0.3970121538461545,40.33088,40.25929888,,2.9986461,43.0,12.0,82.0613,80.86975,74.0674,62.78075,30,False
demo,D05,32,1.683385,35,2012.580465,3.423599,,,3.013914,,40.742831,,,,1.678851,,,,,,,,,,0.052133,0.160243,synthetic,False,2.0,84.16924999999999,15.830750000000009,0.9329500000000053,0.41498000000000135,0.416112,0.36897903225806494,,,,57.843139,0.0,0.0,28.9215695,-0.32975121212121095,-0.3946109230769242,40.3942566,40.2958592,,2.999131,43.0,11.0,82.0707,80.10655,73.53965,63.19395,31,False
demo,D05,33,1.670113,35,2013.49668,3.410448,,,2.989588,,40.042219,,,,1.669256,,,,,,,,,,0.051839,0.163479,synthetic,False,2.0,83.50565,16.494349999999997,0.6635999999999882,0.421544999999999,0.41976199999999947,0.37818593750000007,,,,59.512395,0.0,0.0,29.7561975,-0.3544793939393942,-0.39605657692307666,40.4031666,40.2895712,,2.9985911,43.0,10.0,82.13765,79.82695,73.54045,61.9452,32,False
demo,D05,34,1.674292,35,2016.111131,3.403767,,,3.000728,,40.98028,,,,1.674059,,,,,,,,,,0.05219,0.1634,synthetic,False,2.0,83.71459999999999,16.28540000000001,-0.2089499999999873,0.3430200000000013,0.35887600000000075,0.3603939393939398,,,,61.186454,0.0,0.0,30.593227,-0.3551339393939364,-0.40063311538461405,40.4421439,40.32181844,,2.9996329,43.0,9.0,80.9068,79.768,72.8725,62.13145,33,False
demo,D05,35,1.672667,35,2007.010806,3.412454,,,3.011831,,41.102024,,,,1.670014,,,,,,,,,,0.054631,0.166737,synthetic,False,2.0,83.63335,16.366650000000007,0.08124999999999716,0.2891750000000002,0.3796920000000006,0.35218382352941213,,,,62.856468,0.0,0.0,31.428234,-0.35995545454545463,-0.39466669230769064,40.523782,40.360866640000005,,3.0012902,43.0,8.0,81.0926,80.29475000000001,72.79635,61.696799999999996,34,False
demo,D05,36,1.641226,35,1962.651921,3.401513,,,3.011314,,39.861577,,,,1.641485,,,,,,,,,,0.052855,0.16255,synthetic,False,2.0,82.0613,17.938699999999997,1.5720499999999902,0.4246949999999998,0.4515179999999998,0.3870371428571429,,,,64.497953,0.0,0.0,32.2489765,-0.42993030303030166,-0.3936737307692293,40.4897902,40.34536112,,3.0033874000000003,43.0,7.0,80.86975,78.37405,71.97704999999999,60.99575,35,False
demo,D05,37,1.641414,35,1978.772252,3.408813,,,2.995797,,40.513504,,,,1.639989,,,,,,,,,,0.054052,0.166645,synthetic,False,2.0,82.0707,17.929299999999998,-0.009399999999999409,0.42422499999999985,0.41250599999999965,0.37602500000000005,,,,66.137942,0.0,0.0,33.068971,-0.44760090909090766,-0.3935699615384628,40.5274257,40.34928124,,3.0030683,43.0,6.0,80.10655,77.80805,71.41539999999999,60.5173,36,False
demo,D05,38,1.642753,35,1969.139434,3.4045,,,3.005551,,40.356134,,,,1.646336,,,,,,,,,,0.052736,0.164415,synthetic,False,2.0,82.13765,17.862350000000006,-0.0669499999999914,0.40303500000000125,0.3731760000000003,0.364052702702703,,,,67.784278,0.0,0.0,33.892139,-0.4198618181818206,-0.39407838461538464,40.5109672,40.34627144,,3.0035213,43.0,5.0,79.82695,77.26595,70.51635,60.18375,37,False
demo,D05,39,1.618136,35,1935.325266,3.400508,,,3.004212,,40.506603,,,,1.617613,,,,,,,,,,0.054578,0.169749,synthetic,False,2.0,80.9068,19.093199999999996,1.2308499999999896,0.4392399999999995,0.42424599999999996,0.38686315789473685,,,,69.401891,0.0,0.0,34.7009455,-0.46832727272727565,-0.39831303846153876,40.4831525,40.3508238,,3.0042485,43.0,4.0,79.768,77.40835,70.12620000000001,59.1295,38,False
demo,D05,40,1.621852,35,1935.933737,3.409168,,,2.994601,,40.462626,,,,1.62411,,,,,,,,,,0.052755,0.168999,synthetic,False,2.0,81.0926,18.907399999999996,-0.1858000000000004,0.4438100000000006,0.38258600000000004,0.3721794871794872,,,,71.02600100000001,0.0,0.0,35.513000500000004,-0.4379836363636336,-0.4012310384615406,40.496084100000004,40.36052428,,3.0020341999999998,43.0,3.0,80.29475000000001,76.2761,69.62135,59.245650000000005,39,False
demo,D05,41,1.617395,35,1937.112648,3.40444,,,3.006159,,40.776847,,,,1.618052,,,,,,,,,,0.053865,0.165895,synthetic,False,2.0,80.86975,19.130250000000004,0.2228500000000082,0.423245,0.4061160000000001,0.3684462500000002,,,,72.64405300000001,0.0,0.0,36.32202650000001,-0.3945669696969691,-0.3951946923076933,40.5344645,40.38649536,,3.0033695,43.0,2.0,78.37405,76.1834,69.84495,59.017450000000004,40,False
demo,D05,42,1.602131,35,1914.166745,3.404158,,,3.018625,,40.568662,,,,1.597638,,,,,,,,,,0.054032,0.165128,synthetic,False,2.0,80.10655,19.89345,0.7631999999999977,0.40626999999999924,0.39476800000000023,0.3780743902439026,,,,74.24169100000002,0.0,0.0,37.12084550000001,-0.40367363636363457,-0.39886234615384675,40.5170476,40.407651879999996,,3.0038405999999997,43.0,1.0,77.80805,75.86064999999999,69.4414,58.9016,41,False
demo,D05,43,1.596539,35,1912.266837,3.401307,,,3.004717,,40.377465,,,,1.596249,,,,,,,,,,0.056362,0.167658,synthetic,False,2.0,79.82695,20.173050000000003,0.27960000000000207,0.36787000000000064,0.402636,0.3757297619047621,,,,75.83794000000002,0.0,0.0,37.91897000000001,-0.42302636363636165,-0.3983482307692316,40.5505722,40.416553480000005,,3.0053534999999996,43.0,0.0,77.26595,75.24875,69.2237,57.55295,42,False
demo,D05,44,1.59536,35,1918.70715,3.397642,,,3.005664,,40.563914,,,,1.591417,,,,,,,,,,0.054677,0.165644,synthetic,False,2.0,79.768,20.232,0.05894999999999584,0.39465999999999896,0.37807200000000024,0.3683627906976745,,,,77.42935700000002,0.0,0.0,38.71467850000001,-0.38707424242424043,-0.3973657692307695,40.5089356,40.425977280000005,,3.0058471,43.0,,77.40835,76.13045000000001,69.00775,56.92395,43,False
demo,D05,45,1.605895,35,1924.903598,3.403182,,,3.006722,,40.719854,,,,1.605548,,,,,,,,,,0.053348,0.170805,synthetic,False,2.0,80.29475000000001,19.705249999999992,-0.5267500000000069,0.33385999999999855,0.3449399999999997,0.34801931818181814,,,,79.03490500000002,0.0,0.0,39.51745250000001,-0.2799693939393978,-0.3872658846153842,40.4707186,40.449336200000005,,3.0053362,43.0,,76.2761,75.306,67.88655,56.5148,44,False
demo,D05,46,1.567481,35,1882.984776,3.400772,,,2.98539,,40.352848,,,,1.565145,,,,,,,,,,0.05501,0.167536,synthetic,False,2.0,78.37405,21.625950000000003,1.9207000000000107,0.3687250000000006,0.43030399999999985,0.38296777777777796,,,,80.60005000000002,0.0,0.0,40.30002500000001,-0.34196545454545263,-0.3861280769230771,40.5198457,40.44944752000001,,3.0027438,43.0,,76.1834,74.0674,67.26185,56.6692,45,False
demo,D05,47,1.556161,35,1863.340698,3.395059,,,3.004602,,40.2542,,,,1.55735,,,,,,,,,,0.056577,0.166537,synthetic,False,2.0,77.80805,22.191950000000006,0.5660000000000025,0.4262650000000008,0.42044000000000037,0.38694673913043504,,,,82.15740000000002,0.0,0.0,41.07870000000001,-0.3895136363636419,-0.3900658076923069,40.4939153,40.45525292,,3.0036243,43.0,,75.86064999999999,73.53965,67.25615,55.3909,46,False
demo,D05,48,1.545319,35,1854.74535,3.400371,,,2.989832,,41.180207,,,,1.54117,,,,,,,,,,0.052917,0.166808,synthetic,False,2.0,77.26595,22.734049999999996,0.5420999999999907,0.487169999999999,0.4182059999999996,0.3902478723404256,,,,83.69857000000002,0.0,0.0,41.84928500000001,-0.41049909090908604,-0.39690165384615456,40.576322600000005,40.50433644,,3.0020524,43.0,,75.24875,73.54045,66.38185,54.94520000000001,47,False
demo,D05,49,1.548167,35,1868.505858,3.396923,,,2.994101,,40.517143,,,,1.548212,,,,,,,,,,0.053676,0.164434,synthetic,False,2.0,77.40835,22.59165,-0.14239999999999498,0.3498450000000005,0.3894580000000002,0.3791510416666668,,,,85.24678200000002,0.0,0.0,42.62339100000001,-0.4467230303030291,-0.4001436153846165,40.577376599999994,40.50140188,,3.0010413,43.0,,76.13045000000001,72.8725,65.8805,55.2461,48,False
demo,D05,50,1.525522,35,1828.712957,3.391538,,,3.021619,,40.677378,,,,1.527269,,,,,,,,,,0.054508,0.170649,synthetic,False,2.0,76.2761,23.7239,1.132249999999999,0.48165000000000047,0.4099599999999998,0.3945204081632654,,,,86.77405100000003,0.0,0.0,43.387025500000014,-0.4899139393939405,-0.4125445384615395,40.5988518,40.51707128,,3.0037431,43.0,,75.306,72.79635,66.0848,54.484500000000004,49,False
demo,D05,51,1.523668,35,1830.510441,3.391464,,,2.997467,,40.615049,,,,1.526434,,,,,,,,,,0.054346,0.166593,synthetic,False,2.0,76.1834,23.816599999999994,0.09269999999999357,0.468634999999999,0.4049939999999998,0.388484,,,,88.30048500000002,0.0,0.0,44.15024250000001,-0.4946360606060603,-0.4200858076923082,40.582672,40.533613439999996,,3.0028739,43.0,,74.0674,71.97704999999999,65.38615,54.466899999999995,50,False
demo,D05,52,1.517213,35,1812.104603,3.390201,,,2.992598,,40.861203,,,,1.514894,,,,,,,,,,0.054495,0.172606,synthetic,False,2.0,75.86064999999999,24.139350000000007,0.3227500000000134,0.4245900000000006,0.41809200000000035,0.40353700000000003,,,,89.81537900000002,0.0,0.0,44.90768950000001,-0.5110384848484868,-0.4227709615384617,40.6119261,40.562575599999995,,3.0002712000000002,43.0,,73.53965,71.41539999999999,64.75995,53.22855,51,False
demo,D05,53,1.504975,35,1814.205318,3.383117,,,3.011526,,41.185736,,,,1.505028,,,,,,,,,,0.053646,0.165922,synthetic,False,2.0,75.24875,24.75125,0.6118999999999915,0.45781999999999956,0.4367700000000002,0.42418299999999987,,,,91.32040700000002,0.0,0.0,45.66020350000001,-0.5279918181818227,-0.42451369230769187,40.692753200000006,40.58917628,,3.0009521,43.0,,73.54045,70.51635,64.5728,52.93385000000001,52,False
demo,D05,54,1.522609,35,1824.51525,3.389966,,,2.990523,,40.86107,,,,1.52317,,,,,,,,,,0.056178,0.169477,synthetic,False,2.0,76.13045000000001,23.86954999999999,-0.8817000000000093,0.36375499999999905,0.3667499999999995,0.3800899999999996,,,,92.84357700000001,0.0,0.0,46.421788500000005,-0.44528909090908814,-0.41840623076923106,40.7224688,40.59222908,,2.999438,43.0,,72.8725,70.12620000000001,63.9323,52.22935,53,False
demo,D05,55,1.50612,35,1813.04018,3.38915,,,2.995526,,40.361229,,,,1.51078,,,,,,,,,,0.053516,0.173206,synthetic,False,2.0,75.306,24.694000000000003,0.824450000000013,0.498875000000001,0.4089880000000005,0.38939000000000024,,,,94.35435700000001,0.0,0.0,47.177178500000004,-0.3283481818181824,-0.4105411923076921,40.6866063,40.59334584,,2.9983183999999996,43.0,,72.79635,69.62135,63.592999999999996,52.001450000000006,54,False
demo,D05,56,1.481348,35,1776.961031,3.383504,,,3.012491,,40.431947,,,,1.47696,,,,,,,,,,0.054986,0.164289,synthetic,False,2.0,74.0674,25.932599999999994,1.238599999999991,0.4306649999999991,0.4413919999999996,0.41204599999999997,,,,95.83131700000001,0.0,0.0,47.915658500000006,-0.34654424242424015,-0.4105292307692308,40.694516199999995,40.594902000000005,,3.0010285,43.0,,71.97704999999999,69.84495,62.78075,50.95645,55,False
demo,D05,57,1.470793,35,1768.190424,3.3852,,,3.000428,,40.694069,,,,1.468113,,,,,,,,,,0.056338,0.177223,synthetic,False,2.0,73.53965,26.460350000000005,0.5277500000000117,0.42684,0.42518399999999984,0.4206479999999999,,,,97.29943000000002,0.0,0.0,48.64971500000001,-0.37905818181818063,-0.41622999999999893,40.738503099999996,40.59295152,,3.0006110999999995,43.0,,71.41539999999999,69.4414,63.19395,51.22375,56,False
demo,D05,58,1.470809,35,1768.524171,3.383936,,,2.984384,,40.726728,,,,1.479059,,,,,,,,,,0.055262,0.169892,synthetic,False,2.0,73.54045,26.459549999999993,-0.0008000000000123464,0.37254999999999966,0.39860799999999985,0.4091849999999997,,,,98.77848900000002,0.0,0.0,49.38924450000001,-0.3959303030303033,-0.42038276923077106,40.6931552,40.62033188,,3.0000662999999994,43.0,,70.51635,69.2237,61.9452,50.644149999999996,57,False
demo,D05,59,1.45745,35,1746.565842,3.385276,,,3.00544,,40.383338,,,,1.456654,,,,,,,,,,0.054446,0.172125,synthetic,False,2.0,72.8725,27.127499999999998,0.6679500000000047,0.4535849999999996,0.4336839999999995,0.39628000000000013,,,,100.23514300000002,0.0,0.0,50.11757150000001,-0.3945851515151513,-0.42094619230769326,40.6797747,40.5964542,,3.0012002000000004,43.0,,70.12620000000001,69.00775,62.13145,50.05805,58,False
demo,D05,60,1.455927,35,1752.835173,3.384643,,,2.996035,,41.020945,,,,1.45042,,,,,,,,,,0.054092,0.173477,synthetic,False,2.0,72.79635,27.203649999999996,0.07614999999999839,0.3479749999999996,0.4334799999999996,0.40658600000000006,,,,101.68556300000002,0.0,0.0,50.84278150000001,-0.4178969696969686,-0.4146849615384611,40.7141314,40.59321104,,2.9986418,43.0,,69.62135,67.88655,61.696799999999996,49.485800000000005,59,False
demo,D05,61,1.439541,35,1723.515969,3.380611,,,3.015399,,40.569108,,,,1.437864,,,,,,,,,,0.055375,0.174597,synthetic,False,2.0,71.97704999999999,28.02295000000001,0.8193000000000126,0.4206350000000015,0.40337000000000045,0.42744400000000016,,,,103.12342700000002,0.0,0.0,51.56171350000001,-0.4498990909090912,-0.423370846153848,40.7095373,40.621512280000005,,3.000435,43.0,,69.84495,67.26185,60.99575,48.861349999999995,60,False
demo,D05,62,1.428308,35,1717.970166,3.37307,,,2.993938,,41.230863,,,,1.420399,,,,,,,,,,0.05496,0.173689,synthetic,False,2.0,71.41539999999999,28.58460000000001,0.5616500000000002,0.44452500000000017,0.4262120000000004,0.41935900000000004,,,,104.54382600000002,0.0,0.0,52.27191300000001,-0.4830672727272681,-0.4293900769230784,40.7465033,40.65020664,,3.0005689999999996,43.0,,69.4414,67.25615,60.5173,48.8743,61,False
demo,D05,63,1.410327,35,1690.41068,3.383454,,,3.010512,,41.339668,,,,1.411006,,,,,,,,,,0.056102,0.176579,synthetic,False,2.0,70.51635,29.483649999999997,0.8990499999999884,0.4732399999999998,0.46485199999999965,0.41901399999999994,,,,105.95483200000002,0.0,0.0,52.97741600000001,-0.55218606060606,-0.4348423461538468,40.7618965,40.689548,,3.0004675999999995,43.0,,69.2237,66.38185,60.18375,47.8302,62,False
demo,D05,64,1.402524,35,1684.794205,3.374748,,,3.017757,,40.83415,,,,1.404796,,,,,,,,,,0.054573,0.175456,synthetic,False,2.0,70.12620000000001,29.87379999999999,0.39014999999999134,0.6004249999999999,0.4312239999999997,0.42773499999999987,,,,107.35962800000003,0.0,0.0,53.679814000000015,-0.5264433333333329,-0.4472650384615383,40.759204499999996,40.702649879999996,,3.003191,43.0,,69.00775,65.8805,59.1295,47.86,63,False
demo,D05,65,1.392427,35,1668.596099,3.37373,,,2.991491,,41.021103,,,,1.389888,,,,,,,,,,0.056889,0.179586,synthetic,False,2.0,69.62135,30.378649999999993,0.5048500000000047,0.5684649999999991,0.4588499999999999,0.420718,,,,108.74951600000003,0.0,0.0,54.374758000000014,-0.5104224242424222,-0.45419711538461593,40.8251919,40.72498896,,3.0027875,43.0,,67.88655,66.0848,59.245650000000005,47.853,64,False
demo,D05,66,1.396899,35,1676.530213,3.373242,,,2.998068,,40.596665,,,,1.395584,,,,,,,,,,0.056147,0.175691,synthetic,False,2.0,69.84495,30.155050000000003,-0.22359999999999047,0.4222450000000009,0.44099199999999994,0.42355400000000004,,,,110.14510000000003,0.0,0.0,55.072550000000014,-0.49587363636363563,-0.4524696538461539,40.841663700000005,40.71778168,,3.0013452000000003,43.0,,67.26185,65.38615,59.017450000000004,47.1999,65,False
demo,D05,67,1.388828,35,1661.220798,3.37165,,,3.003886,,41.072677,,,,1.391394,,,,,,,,,,0.056302,0.180341,synthetic,False,2.0,69.4414,30.5586,0.40354999999999563,0.40982499999999933,0.4266059999999999,0.4106870000000001,,,,111.53649400000003,0.0,0.0,55.76824700000002,-0.4873387878787874,-0.4536186538461542,40.8795245,40.73794228,,3.001691,43.0,,67.25615,64.75995,58.9016,45.82565,66,False
demo,D05,68,1.384474,35,1662.602549,3.379235,,,2.991427,,40.798741,,,,1.379628,,,,,,,,,,0.057596,0.177324,synthetic,False,2.0,69.2237,30.776300000000006,0.21770000000000778,0.4316750000000013,0.4241300000000001,0.41338300000000006,,,,112.91612200000003,0.0,0.0,56.458061000000015,-0.4409493939393946,-0.45136923076923263,40.8867258,40.75479332,,3.0023953,43.0,,66.38185,64.5728,57.55295,45.638400000000004,67,False
demo,D05,69,1.380155,35,1656.404984,3.378063,,,3.002703,,40.657959,,,,1.376507,,,,,,,,,,0.055761,0.169377,synthetic,False,2.0,69.00775,30.99225,0.21594999999999231,0.38647500000000007,0.43040999999999996,0.4042410000000001,,,,114.29262900000003,0.0,0.0,57.14631450000002,-0.39854484848484784,-0.44354634615384747,40.9141879,40.758555120000004,,3.0021215999999997,43.0,,65.8805,63.9323,56.92395,45.447500000000005,68,False
demo,D05,70,1.357731,35,1626.63653,3.371494,,,2.997751,,40.89107,,,,1.357111,,,,,,,,,,0.055697,0.183524,synthetic,False,2.0,67.88655,32.11345,1.1212000000000018,0.4909800000000004,0.4963280000000003,0.420634,,,,115.64974000000004,0.0,0.0,57.82487000000002,-0.37552787878787824,-0.43252838461538423,40.9012004,40.76540376,,3.0022931999999996,43.0,,66.0848,63.592999999999996,56.5148,44.8209,69,False
demo,D05,71,1.345237,35,1614.018044,3.367725,,,2.997549,,40.865707,,,,1.343213,,,,,,,,,,0.056,0.174467,synthetic,False,2.0,67.26185,32.738150000000005,0.6247000000000043,0.4715199999999996,0.44448800000000005,0.43739599999999995,,,,116.99295300000004,0.0,0.0,58.49647650000002,-0.38169272727272524,-0.4369391153846151,40.9308603,40.78591812,,3.0005082,43.0,,65.38615,62.78075,56.6692,,70,False
demo,D05,72,1.345123,35,1614.79655,3.370617,,,3.000489,,40.901026,,,,1.344332,,,,,,,,,,0.056356,0.180682,synthetic,False,2.0,67.25615,32.743849999999995,0.005699999999990268,0.4159249999999986,0.42207599999999956,0.42125799999999997,,,,118.33728500000004,0.0,0.0,59.16864250000002,-0.36845787878787567,-0.4385146153846155,40.897876600000004,40.81179116,,3.0011633,43.0,,64.75995,63.19395,55.3909,,71,False
demo,D05,73,1.327637,35,1590.217944,3.36625,,,3.000713,,41.245965,,,,1.324281,,,,,,,,,,0.056633,0.176975,synthetic,False,2.0,66.38185,33.61815,0.8743000000000052,0.41345000000000026,0.43536400000000014,0.42678499999999986,,,,119.66156600000004,0.0,0.0,59.83078300000002,-0.41243363636363306,-0.44546473076923115,40.888506299999996,40.81442148,,3.0001834,43.0,,64.5728,61.9452,54.94520000000001,,72,False
demo,D05,74,1.31761,35,1580.52138,3.36394,,,3.001639,,40.827258,,,,1.318175,,,,,,,,,,0.055993,0.180479,synthetic,False,2.0,65.8805,34.1195,0.5013500000000022,0.42457000000000134,0.461114,0.4252860000000001,,,,120.97974100000003,0.0,0.0,60.489870500000016,-0.4596506060606059,-0.44724630769230794,40.8878171,40.82682608,,2.9985715999999996,43.0,,63.9323,62.13145,55.2461,,73,False
demo,D05,75,1.321696,35,1581.251019,3.366564,,,2.994012,,41.451211,,,,1.321302,,,,,,,,,,0.05476,0.175067,synthetic,False,2.0,66.0848,33.9152,-0.20430000000000348,0.35365500000000055,0.4076519999999999,0.4088059999999999,,,,122.30104300000004,0.0,0.0,61.15052150000002,-0.4779175757575721,-0.44959696153846224,40.930827900000004,40.8577794,,2.9988237,43.0,,63.592999999999996,61.696799999999996,54.484500000000004,,74,False
demo,D05,76,1.307723,35,1580.310509,3.361701,,,2.994448,,40.707151,,,,1.309159,,,,,,,,,,0.056362,0.179568,synthetic,False,2.0,65.38615,34.61385,0.6986500000000007,0.44587999999999967,0.4318900000000002,0.418442,,,,123.61020200000003,0.0,0.0,61.805101000000015,-0.4765187878787877,-0.451484230769229,40.9418765,40.86146348,,2.9984617,43.0,,62.78075,60.99575,54.466899999999995,,75,False
demo,D05,77,1.295199,35,1559.177521,3.362909,,,2.998814,,41.461059,,,,1.295718,,,,,,,,,,0.057408,0.177432,synthetic,False,2.0,64.75995,35.24005,0.6261999999999972,0.4681449999999998,0.4440279999999996,0.43105999999999994,,,,124.90592000000002,0.0,0.0,62.45296000000001,-0.48213363636362994,-0.4540737307692307,40.9807147,40.885457720000005,,2.9979545,43.0,,63.19395,60.5173,53.22855,,76,False
demo,D05,78,1.291456,35,1551.017454,3.362249,,,2.999552,,40.808688,,,,1.29199,,,,,,,,,,0.057222,0.183079,synthetic,False,2.0,64.5728,35.4272,0.1871500000000026,0.4650899999999993,0.42703800000000003,0.4319040000000001,,,,126.19791000000002,0.0,0.0,63.09895500000001,-0.4557251515151502,-0.4559707692307698,40.9817094,40.870375800000005,,2.998767,43.0,,61.9452,60.18375,52.93385000000001,,77,False
demo,D05,79,1.278646,35,1539.770203,3.362242,,,2.995612,,41.081778,,,,1.274947,,,,,,,,,,0.058413,0.18017,synthetic,False,2.0,63.9323,36.0677,0.640500000000003,0.5075450000000004,0.4879260000000005,0.427338,,,,127.47285700000002,0.0,0.0,63.73642850000001,-0.4222751515151532,-0.4467508461538459,41.024091299999995,40.87920412,,2.9980579,43.0,,62.13145,59.1295,52.22935,,78,False
demo,D05,80,1.27186,35,1517.169187,3.356506,,,3.003239,,40.969661,,,,1.273113,,,,,,,,,,0.059237,0.181933,synthetic,False,2.0,63.592999999999996,36.407000000000004,0.3393000000000015,0.4293550000000003,0.46852000000000005,0.43875400000000025,,,,128.74597000000003,0.0,0.0,64.37298500000001,-0.42055848484849173,-0.43952423076923164,41.03195040000001,40.9035414,,2.9986067000000003,43.0,,61.696799999999996,59.245650000000005,52.001450000000006,,79,False
demo,D05,81,1.255615,35,1495.177085,3.359792,,,2.981852,,41.030645,,,,1.254784,,,,,,,,,,0.058203,0.173283,synthetic,False,2.0,62.78075,37.21925,0.8122499999999988,0.4481099999999998,0.45146600000000037,0.44642899999999996,,,,130.00075400000003,0.0,0.0,65.00037700000001,-0.45274999999999677,-0.44317130769230834,41.0484442,40.92748932,,2.9970369999999997,43.0,,60.99575,59.017450000000004,50.95645,,80,False
demo,D05,82,1.263879,35,1514.837994,3.35436,,,2.992695,,41.304521,,,,1.263458,,,,,,,,,,0.058744,0.179188,synthetic,False,2.0,63.19395,36.80605,-0.41320000000000334,0.4062200000000004,0.41382799999999975,0.4195059999999998,,,,131.26421200000004,0.0,0.0,65.63210600000002,-0.4084669696969702,-0.4395996923076921,41.0887937,40.9519074,,2.9962576,43.0,,60.5173,58.9016,51.22375,,81,False
demo,D05,83,1.238904,35,1480.536916,3.352573,,,2.997201,,41.5166,,,,1.241502,,,,,,,,,,0.058378,0.181675,synthetic,False,2.0,61.9452,38.0548,1.2487500000000011,0.44366500000000003,0.4638100000000003,0.43120900000000006,,,,132.50571400000004,0.0,0.0,66.25285700000002,-0.44134545454545177,-0.4395887692307694,41.11585720000001,40.98350228,,2.9959064,43.0,,60.18375,57.55295,50.644149999999996,,82,False
demo,D05,84,1.242629,35,1490.096899,3.353213,,,2.991439,,41.433687,,,,1.240841,,,,,,,,,,0.059284,0.180966,synthetic,False,2.0,62.13145,37.86855,-0.18625000000000114,0.3749049999999997,0.4296420000000001,0.4316629999999998,,,,133.74655500000003,0.0,0.0,66.87327750000001,-0.44371060606060536,-0.4356186923076928,41.1765001,41.025516239999995,,2.9948864,43.0,,59.1295,56.92395,50.05805,,83,False
demo,D05,85,1.233936,35,1481.637104,3.349954,,,3.016292,,41.047881,,,,1.237271,,,,,,,,,,0.059511,0.183526,synthetic,False,2.0,61.696799999999996,38.303200000000004,0.43465000000000487,0.4388000000000005,0.4439820000000003,0.4387309999999999,,,,134.98382600000002,0.0,0.0,67.49191300000001,-0.4107209090909059,-0.4281599230769231,41.1361671,41.02659368,,2.9971144,43.0,,59.245650000000005,56.5148,49.485800000000005,,84,False
demo,D05,86,1.219915,35,1467.940145,3.356552,,,3.000189,,41.216191,,,,1.223439,,,,,,,,,,0.058752,0.180106,synthetic,False,2.0,60.99575,39.00425,0.7010499999999951,0.43904,0.4392519999999996,0.42131100000000005,,,,136.20726500000004,0.0,0.0,68.10363250000002,-0.4093590909090867,-0.42682726923077086,41.1870711,41.052476999999996,,2.9976884999999998,43.0,,59.017450000000004,56.6692,48.861349999999995,,85,False
demo,D05,87,1.210346,35,1447.455176,3.347417,,,3.001768,,40.988962,,,,1.212168,,,,,,,,,,0.058603,0.181733,synthetic,False,2.0,60.5173,39.4827,0.47845000000000226,0.42426500000000045,0.4359239999999997,0.43106800000000006,,,,137.41943300000003,0.0,0.0,68.70971650000001,-0.4226242424242464,-0.42708042307692223,41.1398614,41.042800959999994,,2.9979839,43.0,,58.9016,55.3909,48.8743,,86,False
demo,D05,88,1.203675,35,1446.141949,3.347664,,,2.995168,,40.9466,,,,1.201315,,,,,,,,,,0.057758,0.185397,synthetic,False,2.0,60.18375,39.81625,0.33354999999999535,0.43890499999999977,0.41330399999999995,0.4390779999999998,,,,138.62074800000002,0.0,0.0,69.31037400000001,-0.41513363636363576,-0.43101984615384575,41.1536526,41.02707824,,2.9975455,43.0,,57.55295,54.94520000000001,47.8302,,87,False
demo,D05,89,1.18259,35,1419.169088,3.352845,,,2.999842,,40.93954,,,,1.177419,,,,,,,,,,0.058133,0.17586,synthetic,False,2.0,59.1295,40.8705,1.0542500000000032,0.48027999999999976,0.4398680000000004,0.4355460000000001,,,,139.798167,0.0,0.0,69.8990835,-0.4546469696969698,-0.4406441538461538,41.139428800000005,41.03129384,,2.9979685,43.0,,56.92395,55.2461,47.86,,88,False
demo,D05,90,1.184913,35,1423.377641,3.345832,,,2.987847,,41.113238,,,,1.187469,,,,,,,,,,0.057813,0.184372,synthetic,False,2.0,59.245650000000005,40.754349999999995,-0.11615000000000464,0.43473499999999915,0.41502800000000006,0.43693899999999997,,,,140.985636,0.0,0.0,70.492818,-0.45222909090908736,-0.44578580769230697,41.153786499999995,41.034979240000006,,2.9964293,43.0,,56.5148,54.484500000000004,47.853,,89,False
demo,D05,91,1.180349,35,1414.209858,3.346791,,,2.998302,,41.291878,,,,1.180612,,,,,,,,,,0.058818,0.181784,synthetic,False,2.0,59.017450000000004,40.982549999999996,0.22820000000000107,0.3763299999999994,0.43309999999999976,0.4370459999999998,,,,142.166248,0.0,0.0,71.083124,-0.4637133333333315,-0.4428166153846159,41.1799098,41.06278776,,2.9980743,43.0,,56.6692,54.466899999999995,47.1999,,90,False
demo,D05,92,1.178032,35,1419.503766,3.343206,,,2.99063,,40.754999,,,,1.176276,,,,,,,,,,0.057499,0.180142,synthetic,False,2.0,58.9016,41.0984,0.11585000000000178,0.4292349999999999,0.42159199999999997,0.42409899999999995,,,,143.342524,0.0,0.0,71.671262,-0.40835424242424173,-0.4366234615384615,41.1249576,41.050080640000004,,2.9978678,43.0,,55.3909,53.22855,45.82565,,91,False
demo,D05,93,1.151059,35,1380.841346,3.347214,,,2.997226,,41.261824,,,,1.15376,,,,,,,,,,0.058298,0.184967,synthetic,False,2.0,57.55295,42.44705,1.3486499999999992,0.4392249999999997,0.46682999999999963,0.4454799999999999,,,,144.496284,0.0,0.0,72.248142,-0.4577793939393921,-0.4369488461538452,41.09948,41.06860396,,2.9978703,43.0,,54.94520000000001,52.93385000000001,45.638400000000004,,92,False
demo,D05,94,1.138479,35,1373.446022,3.345697,,,2.974401,,41.671288,,,,1.136517,,,,,,,,,,0.05626,0.188143,synthetic,False,2.0,56.92395,43.07605,0.6290000000000049,0.5207500000000003,0.48335200000000017,0.45688100000000004,,,,145.632801,0.0,0.0,72.8164005,-0.47585757575757925,-0.43626238461538436,41.1232401,41.10913711999999,,2.9961665,43.0,,55.2461,52.22935,45.447500000000005,,93,False
demo,D05,95,1.130296,35,1353.139027,3.344243,,,2.98872,,41.585034,,,,1.129337,,,,,,,,,,0.06042,0.187906,synthetic,False,2.0,56.5148,43.4852,0.4091499999999968,0.5181999999999995,0.45486999999999994,0.4755990000000001,,,,146.762138,0.0,0.0,73.381069,-0.48210848484848473,-0.44126946153846147,41.1769554,41.136895679999995,,2.9934093,43.0,,54.484500000000004,52.001450000000006,44.8209,,94,False
demo,D05,96,1.133384,35,1363.092157,3.343823,,,3.014639,,41.153627,,,,1.134574,,,,,,,,,,0.058446,0.184259,synthetic,False,2.0,56.6692,43.3308,-0.15439999999999543,0.43265500000000046,0.42370599999999997,0.434097,,,,147.89671199999998,0.0,0.0,73.94835599999999,-0.4638621212121219,-0.4423508076923076,41.170699,41.14841248,,2.9948543,43.0,,54.466899999999995,50.95645,,,95,False
demo,D05,97,1.107818,35,1329.143496,3.338772,,,3.008304,,40.989055,,,,1.105351,,,,,,,,,,0.059377,0.188315,synthetic,False,2.0,55.3909,44.6091,1.2782999999999944,0.5126399999999997,0.47461000000000014,0.4483429999999998,,,,149.002063,0.0,0.0,74.5010315,-0.4947948484848491,-0.4471406538461544,41.1707083,41.151933639999996,,2.9955079000000002,43.0,,53.22855,51.22375,,,96,False
demo,D05,98,1.098904,35,1317.388469,3.335266,,,3.01319,,41.466601,,,,1.098664,,,,,,,,,,0.060469,0.188648,synthetic,False,2.0,54.94520000000001,45.05479999999999,0.4456999999999951,0.5238549999999996,0.4574659999999997,0.44641499999999995,,,,150.100727,0.0,0.0,75.0503635,-0.5101369696969686,-0.4556605384615378,41.2227084,41.16075908,,2.9973100999999995,43.0,,52.93385000000001,50.644149999999996,,,97,False
demo,D05,99,1.104922,35,1328.421775,3.334855,,,3.013877,,40.76326,,,,1.107329,,,,,,,,,,0.059251,0.185541,synthetic,False,2.0,55.2461,44.7539,-0.3008999999999915,0.3883400000000002,0.425376,0.443245,,,,151.208056,0.0,0.0,75.604028,-0.5158521212121198,-0.4576189615384622,41.2050804,41.15819916,,2.9987136,43.0,,52.22935,50.05805,,,98,False
demo,D05,100,1.08969,35,1306.454594,3.341371,,,3.00673,,41.643003,,,,1.09015,,,,,,,,,,0.060547,0.184333,synthetic,False,2.0,54.484500000000004,45.515499999999996,0.7615999999999943,0.47611500000000007,0.46401199999999987,0.4358319999999999,,,,152.298206,0.0,0.0,76.149103,-0.5082942424242384,-0.45638423076923085,41.2580569,41.16587084,,3.0006019,43.0,,52.001450000000006,49.485800000000005,,,99,False
demo,D05,101,1.089338,35,1296.765862,3.339226,,,2.995471,,41.312597,,,,1.092055,,,,,,,,,,0.057865,0.184521,synthetic,False,2.0,54.466899999999995,45.533100000000005,0.01760000000000872,0.4550550000000008,0.4367700000000002,0.4343300000000002,,,,153.39026099999998,0.0,0.0,76.69513049999999,-0.4591987878787902,-0.4533751538461534,41.260128800000004,41.19008868,,3.0003187999999996,43.0,,50.95645,48.861349999999995,,,100,False
demo,D05,102,1.064571,35,1265.747488,3.330298,,,2.989627,,41.860968,,,,1.066985,,,,,,,,,,0.061752,0.189931,synthetic,False,2.0,53.22855,46.77145,1.238349999999997,0.5673050000000004,0.4612560000000002,0.4526419999999999,,,,154.45724599999997,0.0,0.0,77.22862299999998,-0.4302148484848486,-0.45965957692307696,41.3707257,41.20608504,,3.0002185,43.0,,51.22375,48.8743,,,101,False
demo,D05,103,1.058677,35,1275.261915,3.332494,,,3.011467,,40.980243,,,,1.058693,,,,,,,,,,0.0605,0.187526,synthetic,False,2.0,52.93385000000001,47.06614999999999,0.29469999999999175,0.4619099999999996,0.46555799999999975,0.44629799999999986,,,,155.51593899999997,0.0,0.0,77.75796949999999,-0.43845121212121424,-0.4616654999999998,41.3425676,41.212947240000005,,3.0016426,43.0,,50.644149999999996,47.8302,,,102,False
demo,D05,104,1.044587,35,1258.130666,3.329373,,,3.000646,,41.662656,,,,1.039705,,,,,,,,,,0.059763,0.185078,synthetic,False,2.0,52.22935,47.77065,0.7045000000000101,0.4694600000000001,0.46811800000000003,0.4780220000000003,,,,156.55564399999997,0.0,0.0,78.27782199999999,-0.4710590909090904,-0.4676264615384609,41.341704400000005,41.23618236,,3.0042671000000003,43.0,,50.05805,47.86,,,103,False
demo,D05,105,1.040029,35,1255.101017,3.325491,,,3.02494,,41.41483,,,,1.037729,,,,,,,,,,0.061025,0.183344,synthetic,False,2.0,52.001450000000006,47.998549999999994,0.2278999999999911,0.45133499999999954,0.46366199999999963,0.4660909999999998,,,,157.59337299999999,0.0,0.0,78.79668649999999,-0.48647030303030336,-0.47008184615384585,41.324684000000005,41.25398912,,3.0078891000000003,43.0,,49.485800000000005,47.853,,,104,False
demo,D05,106,1.019129,35,1222.89056,3.328102,,,2.996349,,41.388544,,,,1.020685,,,,,,,,,,0.05864,0.19173,synthetic,False,2.0,50.95645,49.04355,1.0450000000000088,0.571275,0.47297200000000006,0.4622190000000002,,,,158.61405799999997,0.0,0.0,79.30702899999999,-0.4938809090909084,-0.48138930769230776,41.3481757,41.26830508,,3.0060601,43.0,,48.861349999999995,47.1999,,,105,False
demo,D05,107,1.024475,35,1224.602027,3.326397,,,3.019729,,41.120827,,,,1.021298,,,,,,,,,,0.059467,0.187381,synthetic,False,2.0,51.22375,48.77625,-0.26730000000000587,0.41671499999999995,0.47880799999999996,0.4463179999999998,,,,159.63535599999997,0.0,0.0,79.81767799999999,-0.5026860606060614,-0.4770017692307695,41.3613529,41.260957319999996,,3.0072026000000003,43.0,,48.8743,45.82565,,,106,False
demo,D05,108,1.012883,35,1213.930041,3.3228,,,2.998432,,41.629612,,,,1.012222,,,,,,,,,,0.061315,0.190476,synthetic,False,2.0,50.644149999999996,49.355850000000004,0.5796000000000063,0.43010500000000107,0.45204200000000017,0.4579260000000002,,,,160.64757799999998,0.0,0.0,80.32378899999999,-0.5223081818181781,-0.4812440384615381,41.377654,41.2654778,,3.0057268,43.0,,47.8302,45.638400000000004,,,107,False
demo,D05,109,1.001161,35,1201.434963,3.319229,,,3.01336,,41.667292,,,,1.001839,,,,,,,,,,0.058121,0.193673,synthetic,False,2.0,50.05805,49.94195,0.5860999999999947,0.5188049999999997,0.482936,0.456289,,,,161.64941699999997,0.0,0.0,80.82470849999999,-0.5017054545454498,-0.48034084615384703,41.4680572,41.27482199999999,,3.0056751000000004,43.0,,47.86,45.447500000000005,,,108,False
demo,D05,110,0.989716,35,1184.070669,3.317459,,,3.016967,,41.961709,,,,0.992625,,,,,,,,,,0.060663,0.186485,synthetic,False,2.0,49.485800000000005,50.514199999999995,0.5722499999999968,0.4998699999999999,0.48843999999999965,0.466211,,,,162.64204199999998,0.0,0.0,81.32102099999999,-0.5002042424242349,-0.4797792307692308,41.4999278,41.31137512,,3.0066987999999997,43.0,,47.853,44.8209,,,109,False
demo,D05,111,0.977227,35,1178.472008,3.320668,,,2.989771,,41.786172,,,,0.976103,,,,,,,,,,0.06076,0.190776,synthetic,False,2.0,48.861349999999995,51.138650000000005,0.6244500000000102,0.5605550000000001,0.48537600000000025,0.46231399999999995,,,,163.61814499999997,0.0,0.0,81.80907249999998,-0.4733469696969691,-0.48259919230769177,41.5472853,41.33417436,,3.0061288,43.0,,47.1999,,,,110,False
demo,D05,112,0.977486,35,1180.863986,3.321845,,,2.99515,,41.385297,,,,0.976228,,,,,,,,,,0.062194,0.190388,synthetic,False,2.0,48.8743,51.1257,-0.01295000000000357,0.43542500000000006,0.46572,0.45082199999999983,,,,164.59437299999996,0.0,0.0,82.29718649999998,-0.4603939393939395,-0.48074996153846183,41.499718200000004,41.35002776,,3.0066811,43.0,,45.82565,,,,111,False
demo,D05,113,0.956604,35,1149.57232,3.316074,,,2.98967,,41.314128,,,,0.956504,,,,,,,,,,0.058851,0.192875,synthetic,False,2.0,47.8302,52.1698,1.0441000000000003,0.5103650000000008,0.49414200000000025,0.4537230000000001,,,,165.55087699999996,0.0,0.0,82.77543849999998,-0.47125969696969666,-0.48291792307692305,41.533106700000005,41.36472888,,3.0045013999999997,43.0,,45.638400000000004,,,,112,False
demo,D05,114,0.9572,35,1148.602744,3.322253,,,2.987701,,41.222077,,,,0.957872,,,,,,,,,,0.062038,0.195429,synthetic,False,2.0,47.86,52.14,-0.029800000000001603,0.43693499999999974,0.45078,0.4453240000000002,,,,166.50874899999997,0.0,0.0,83.25437449999998,-0.46560424242424,-0.48585057692307687,41.4890488,41.37603036,,3.0032069,43.0,,45.447500000000005,,,,113,False
demo,D05,115,0.95706,35,1144.010496,3.31937,,,3.006671,,41.932716,,,,0.956765,,,,,,,,,,0.05987,0.187729,synthetic,False,2.0,47.853,52.147,0.006999999999997897,0.4148450000000004,0.4557060000000001,0.4353670000000001,,,,167.46551399999996,0.0,0.0,83.73275699999998,-0.4225621212121217,-0.4790174999999998,41.5408374,41.40880948,,3.00138,43.0,,44.8209,,,,114,False
demo,D05,116,0.943998,35,1138.053114,3.320307,,,2.998034,,41.389459,,,,0.945979,,,,,,,,,,0.060113,0.193949,synthetic,False,2.0,47.1999,52.8001,0.653100000000002,0.37565499999999974,0.4727020000000002,0.45290099999999994,,,,168.41149299999995,0.0,0.0,84.20574649999998,-0.43452606060606075,-0.471731461538461,41.5409289,41.41271272,,3.0015485,43.0,,,,,,115,False
demo,D05,117,0.916513,35,1100.066879,3.313832,,,3.000524,,41.995289,,,,0.915048,,,,,,,,,,0.059613,0.196434,synthetic,False,2.0,45.82565,54.17435,1.3742499999999964,0.5398099999999999,0.523038,0.472315,,,,169.32654099999996,0.0,0.0,84.66327049999998,-0.4580951515151543,-0.46919888461538534,41.6283751,41.46232432,,2.999628,43.0,,,,,,116,False
demo,D05,118,0.912768,35,1094.371668,3.310948,,,3.005562,,41.762116,,,,0.912988,,,,,,,,,,0.059784,0.19293,synthetic,False,2.0,45.638400000000004,54.361599999999996,0.1872499999999988,0.5005749999999992,0.47658199999999995,0.4717059999999998,,,,170.23952899999998,0.0,0.0,85.11976449999999,-0.46508636363636247,-0.47182284615384523,41.641625499999996,41.482336,,3.000341,43.0,,,,,,117,False
demo,D05,119,0.90895,35,1092.313964,3.314075,,,2.981426,,41.719051,,,,0.909759,,,,,,,,,,0.061314,0.19323,synthetic,False,2.0,45.447500000000005,54.552499999999995,0.19089999999999918,0.46105499999999966,0.4590579999999997,0.47120499999999993,,,,171.14928799999998,0.0,0.0,85.57464399999999,-0.4608878787878832,-0.4733339230769228,41.6468014,41.48424652,,2.9971476,43.0,,,,,,118,False
demo,D05,120,0.896418,35,1073.811818,3.307002,,,3.012868,,41.578655,,,,0.895701,,,,,,,,,,0.059923,0.195399,synthetic,False,2.0,44.8209,55.1791,0.6266000000000034,0.4664900000000003,0.46775599999999995,0.461313,,,,172.044989,0.0,0.0,86.0224945,-0.4731321212121175,-0.4758924615384617,41.608495999999995,41.48399136,,2.9967377,43.0,,,,,,119,False
demo,D06,1,1.892748,24,6782.125483,3.442705,,,1.008921,,26.058851,,,,1.894916,,,,,,,,,,0.050539,0.153186,synthetic,False,2.0,94.6374,5.3626000000000005,,,,,,,,1.894916,0.0,0.0,0.947458,,,,,,,91.0,90.0,94.459,93.11495,91.5037,87.0817,0,True
demo,D06,2,1.893986,24,6823.519818,3.438593,,,1.012776,,25.920577,,,,1.894144,,,,,,,,,,0.051206,0.155122,synthetic,False,2.0,94.6993,5.300700000000006,-0.06189999999999429,,,,,,,3.78906,0.0,0.0,1.89453,,,,,,,91.0,89.0,94.14155,92.88149999999999,90.4625,86.3361,1,True
demo,D06,3,1.887744,24,6794.94688,3.434441,,,1.004285,,26.487627,,,,1.893092,,,,,,,,,,0.049779,0.155055,synthetic,False,2.0,94.3872,5.612799999999993,0.3120999999999867,,,,,,,5.682152,0.0,0.0,2.841076,-0.12510000000001648,-0.12510000000001648,26.155685000000002,26.155685000000002,,1.0086606666666666,91.0,88.0,93.82275,93.1953,91.0854,85.8308,2,True
demo,D06,4,1.886115,24,6792.662982,3.431181,,,1.010509,,26.306804,,,,1.880791,,,,,,,,,,0.050887,0.156363,synthetic,False,2.0,94.30575,5.694249999999997,0.0814500000000038,0.11054999999999875,0.11054999999999875,0.11054999999999875,,,,7.562943000000001,0.0,0.0,3.7814715000000003,-0.13070499999999813,-0.13070499999999813,26.19346475,26.19346475,,1.00912275,91.0,87.0,93.182,92.72200000000001,90.39595,86.5705,3,True
demo,D06,5,1.877302,24,6759.008865,3.442852,,,0.993349,,26.266193,,,,1.886133,,,,,,,,,,0.051942,0.156722,synthetic,False,2.0,93.8651,6.134900000000002,0.4406500000000051,0.19307500000000033,0.19307500000000033,0.19307500000000033,,,,9.449076000000002,0.0,0.0,4.724538000000001,-0.1938150000000043,-0.1938150000000043,26.2080104,26.2080104,,1.005968,91.0,86.0,93.39895,93.5711,90.38695,86.4212,4,True
demo,D06,6,1.88918,24,6806.336041,3.43605,,,1.009181,,26.007822,,,,1.883369,,,,,,,,,,0.051714,0.146615,synthetic,False,2.0,94.459,5.540999999999997,-0.593900000000005,0.03567999999999927,0.03567999999999927,0.03567999999999927,,,,11.332445000000002,0.0,0.0,5.666222500000001,-0.09931571428571503,-0.09931571428571503,26.174645666666667,26.174645666666667,,1.0065035,91.0,85.0,93.11495,91.55765,90.01034999999999,86.2688,5,False
demo,D06,7,1.882831,24,6805.386151,3.440943,,,1.009047,,26.282169,,,,1.87519,,,,,,,,,,0.050383,0.153965,synthetic,False,2.0,94.14155,5.858450000000005,0.317450000000008,0.08264166666666739,0.08264166666666739,0.08264166666666739,,,,13.207635000000002,0.0,0.0,6.603817500000001,-0.08893749999999573,-0.08893749999999573,26.19000614285714,26.19000614285714,,1.0068668571428572,91.0,84.0,92.88149999999999,92.19545,89.47025,85.80265,6,False
demo,D06,8,1.876455,24,6731.333744,3.438131,,,1.015129,,25.913998,,,,1.876234,,,,,,,,,,0.050067,0.156496,synthetic,False,2.0,93.82275,6.177250000000001,0.318799999999996,0.11637857142857147,0.11637857142857147,0.11637857142857147,,,,15.083869000000002,0.0,0.0,7.541934500000001,-0.10376845238094323,-0.10376845238094323,26.155505125,26.155505125,,1.007899625,91.0,83.0,93.1953,92.26455,90.13085,86.2407,7,False
demo,D06,9,1.86364,24,6702.216212,3.430871,,,0.983316,,26.363056,,,,1.859411,,,,,,,,,,0.051379,0.154223,synthetic,False,2.0,93.182,6.817999999999998,0.640749999999997,0.18192499999999967,0.18192499999999967,0.18192499999999967,,,,16.94328,0.0,0.0,8.47164,-0.14648833333333658,-0.14648833333333658,26.178566333333336,26.178566333333336,,1.0051681111111113,91.0,82.0,92.72200000000001,92.152,89.04055,85.4892,8,False
demo,D06,10,1.867979,24,6738.172551,3.431446,,,0.990928,,26.542753,,,,1.867834,,,,,,,,,,0.051881,0.155389,synthetic,False,2.0,93.39895,6.601050000000001,-0.2169499999999971,0.1376055555555556,0.1376055555555556,0.1376055555555556,,,,18.811114,0.0,0.0,9.405557,-0.14841272727272475,-0.14841272727272475,26.214985000000002,26.214985000000002,,1.0037441,91.0,81.0,93.5711,92.1499,89.36755,85.58645,9,False
demo,D06,11,1.862299,24,6713.950396,3.438573,,,1.008231,,26.614312,,,,1.862025,,,,,,,,,,0.051782,0.15776,synthetic,False,2.0,93.11495,6.885050000000007,0.284000000000006,0.15224500000000063,0.15224500000000063,0.15224500000000063,,,,20.673139,0.0,0.0,10.3365695,-0.16509181818181481,-0.15562545454545829,26.2705311,26.251287454545455,,1.0036751000000002,91.0,80.0,91.55765,91.64635,89.35895000000001,85.4713,10,False
demo,D06,12,1.85763,24,6696.684904,3.438054,,,0.973486,,26.390686,,,,1.856903,,,,,,,,,,0.050912,0.155938,synthetic,False,2.0,92.88149999999999,7.118500000000012,0.23345000000000482,0.18178000000000055,0.15962727272727373,0.15962727272727373,,,,22.530041999999998,0.0,0.0,11.265020999999999,-0.17192393939394152,-0.16277989510490054,26.317541999999996,26.262904000000002,,0.9997461000000001,91.0,79.0,92.19545,91.5074,89.2855,85.6409,11,False
demo,D06,13,1.863906,24,6765.490905,3.425481,,,1.00492,,25.858636,,,,1.860765,,,,,,,,,,0.051659,0.159968,synthetic,False,2.0,93.1953,6.804699999999997,-0.31380000000001473,0.11919000000000039,0.1201749999999997,0.1201749999999997,,,,24.390807,0.0,0.0,12.1954035,-0.16041242424242041,-0.15139258241758588,26.2546429,26.23180646153846,,0.9998096000000001,91.0,78.0,92.26455,91.00465,88.839,84.8623,12,False
demo,D06,14,1.85444,24,6688.283686,3.434004,,,1.010598,,26.267673,,,,1.856045,,,,,,,,,,0.052958,0.159203,synthetic,False,2.0,92.72200000000001,7.277999999999992,0.4732999999999947,0.1583749999999995,0.14733846153846086,0.14733846153846086,,,,26.246851999999997,0.0,0.0,13.123425999999998,-0.16570000000000218,-0.15343219780220047,26.2507298,26.23436835714286,,0.9998185000000002,91.0,77.0,92.152,91.1896,88.34575,84.59325,13,False
demo,D06,15,1.871422,24,6759.975352,3.433443,,,0.994236,,26.727788,,,,1.870234,,,,,,,,,,0.051491,0.154787,synthetic,False,2.0,93.5711,6.428899999999999,-0.8490999999999929,0.029399999999999694,0.07616428571428559,0.07616428571428559,,,,28.117085999999997,0.0,0.0,14.058542999999998,-0.13485272727272687,-0.12969464285714474,26.296889299999997,26.267263,,0.9999072,91.0,76.0,92.1499,90.71865,88.49665,84.17125,14,False
demo,D06,16,1.831153,24,6586.079796,3.424761,,,0.995698,,26.036117,,,,1.835195,,,,,,,,,,0.050055,0.15616,synthetic,False,2.0,91.55765,8.442350000000005,2.013450000000006,0.2901350000000008,0.20531666666666695,0.20531666666666695,,,,29.952280999999996,0.0,0.0,14.976140499999998,-0.1706730303030259,-0.15536485294117255,26.2997188,26.252816375000002,,0.9985589000000001,91.0,75.0,91.64635,91.5037,88.3518,84.91760000000001,15,False
demo,D06,17,1.843909,24,6618.30035,3.431536,,,0.989259,,26.219341,,,,1.843244,,,,,,,,,,0.051764,0.147693,synthetic,False,2.0,92.19545,7.804550000000006,-0.6377999999999986,0.19461000000000012,0.15262187500000035,0.15262187500000035,,,,31.795524999999994,0.0,0.0,15.897762499999997,-0.15769969696969563,-0.157429411764704,26.293435999999996,26.250847235294117,,0.9965800999999999,91.0,74.0,91.5074,90.4625,88.1836,84.4092,16,False
demo,D06,18,1.845291,24,6636.784212,3.425263,,,0.994785,,26.585444,,,,1.841731,,,,,,,,,,0.053591,0.155209,synthetic,False,2.0,92.26455,7.73545,-0.06910000000000593,0.15581999999999993,0.13957941176470587,0.13957941176470587,,,,33.637255999999994,0.0,0.0,16.818627999999997,-0.13862151515151525,-0.1549040247677996,26.3605806,26.269435944444446,,0.9945457,91.0,73.0,91.00465,91.0854,88.54525,84.24925,17,False
demo,D06,19,1.84304,24,6649.116301,3.428514,,,0.995074,,26.389723,,,,1.836819,,,,,,,,,,0.050282,0.152219,synthetic,False,2.0,92.152,7.847999999999999,0.11254999999999882,0.10300000000000012,0.1380777777777777,0.1380777777777777,,,,35.47407499999999,0.0,0.0,17.737037499999996,-0.1495118181818173,-0.15242763157894854,26.3632473,26.275766842105263,,0.9957214999999999,91.0,72.0,91.1896,90.39595,87.72855,84.87865,18,False
demo,D06,20,1.842998,24,6642.89106,3.427181,,,0.993172,,26.855542,,,,1.842364,,,,,,,,,,0.0516,0.156944,synthetic,False,2.0,92.1499,7.850099999999998,0.0020999999999986585,0.12490499999999968,0.1309210526315788,0.1309210526315788,,,,37.31643899999999,0.0,0.0,18.658219499999994,-0.13356848484848566,-0.14847586466165538,26.3945262,26.3047556,,0.9959459,91.0,71.0,90.71865,90.38695,88.0209,83.87115,19,False
demo,D06,21,1.832927,24,6606.519772,3.427117,,,0.992623,,26.067392,,,,1.828274,,,,,,,,,,0.051444,0.157142,synthetic,False,2.0,91.64635,8.353650000000002,0.5035500000000042,0.1468599999999995,0.14955250000000006,0.14955250000000006,,,,39.14471299999999,0.0,0.0,19.572356499999994,-0.1488848484848473,-0.1501618831168879,26.339834200000002,26.29345257142857,,0.9943851,91.0,70.0,91.5037,90.01034999999999,87.81575000000001,83.21265,20,False
demo,D06,22,1.830148,24,6584.297619,3.428483,,,0.99729,,26.007338,,,,1.825207,,,,,,,,,,0.051794,0.158882,synthetic,False,2.0,91.5074,8.492599999999996,0.13894999999999413,0.13740999999999842,0.14904761904761882,0.14904761904761882,,,,40.96991999999999,0.0,0.0,20.484959999999994,-0.169542424242426,-0.1512951157538101,26.3014994,26.280447363636366,,0.9967654999999999,91.0,69.0,90.4625,89.47025,87.89375,83.37395,21,False
demo,D06,23,1.820093,24,6544.987141,3.423449,,,0.997169,,26.575892,,,,1.822013,,,,,,,,,,0.051993,0.161386,synthetic,False,2.0,91.00465,8.995350000000002,0.502750000000006,0.2190650000000005,0.16512500000000008,0.16512500000000008,,,,42.791932999999986,0.0,0.0,21.395966499999993,-0.18004696969697048,-0.15597751976284646,26.373225,26.293292782608695,,0.9959903999999999,91.0,68.0,91.0854,90.13085,87.40259999999999,84.07820000000001,22,False
demo,D06,24,1.823792,24,6562.108292,3.434267,,,1.018741,,25.965342,,,,1.817308,,,,,,,,,,0.052902,0.15697,synthetic,False,2.0,91.1896,8.810400000000001,-0.18495000000000061,0.153240000000001,0.149904347826087,0.149904347826087,,,,44.60924099999998,0.0,0.0,22.30462049999999,-0.18546333333333695,-0.156173695652175,26.342991899999998,26.27962816666667,,0.9968046999999999,91.0,67.0,90.39595,89.04055,87.5165,82.97195,23,False
demo,D06,25,1.814373,24,6545.939236,3.42877,,,0.996058,,26.229248,,,,1.819498,,,,,,,,,,0.051941,0.164266,synthetic,False,2.0,90.71865,9.281350000000003,0.470950000000002,0.28524500000000047,0.16328125000000013,0.16328125000000013,,,,46.428738999999986,0.0,0.0,23.214369499999993,-0.14138666666666772,-0.15923203846154013,26.293137899999998,26.277612960000003,,0.9969869000000001,91.0,66.0,90.38695,89.36755,87.0638,82.79845,24,False
demo,D06,26,1.830074,24,6604.884595,3.435938,,,1.003442,,26.238477,,,,1.830659,,,,,,,,,,0.052977,0.157494,synthetic,False,2.0,91.5037,8.496300000000005,-0.7850499999999982,0.005395000000000039,0.12534800000000018,0.12534800000000018,,,,48.25939799999998,0.0,0.0,24.12969899999999,-0.15414393939393758,-0.1549546923076922,26.3133739,26.284798000000002,,0.9977613,91.0,65.0,90.01034999999999,89.35895000000001,87.0817,82.57135,25,False
demo,D06,27,1.80925,24,6493.636956,3.425516,,,0.994231,,26.545123,,,,1.809091,,,,,,,,,,0.05179,0.153699,synthetic,False,2.0,90.4625,9.537499999999994,1.0411999999999892,0.1732949999999988,0.1694719999999995,0.16057307692307668,,,,50.068488999999985,0.0,0.0,25.034244499999993,-0.18051999999999968,-0.15725888461538823,26.345952099999998,26.30977984,,0.9982585,91.0,64.0,89.47025,89.2855,86.3361,82.15745,26,False
demo,D06,28,1.821708,24,6573.147766,3.425518,,,0.994104,,26.421005,,,,1.817938,,,,,,,,,,0.051433,0.155445,synthetic,False,2.0,91.0854,8.914599999999993,-0.6229000000000013,0.11791499999999928,0.132072,0.1315555555555553,,,,51.88642699999998,0.0,0.0,25.94321349999999,-0.14730757575757453,-0.1536751538461541,26.3295082,26.307114960000003,,0.9981904,91.0,63.0,90.13085,88.839,85.8308,82.88085,27,False
demo,D06,29,1.807919,24,6495.802093,3.433024,,,0.982956,,26.402388,,,,1.810683,,,,,,,,,,0.051252,0.156565,synthetic,False,2.0,90.39595,9.60405,0.6894500000000079,0.17560500000000018,0.15639200000000017,0.15148035714285715,,,,53.69710999999998,0.0,0.0,26.84855499999999,-0.14491212121212244,-0.1547302307692291,26.3307747,26.31093832,,0.9969785999999999,91.0,62.0,89.04055,88.34575,86.5705,82.32015,28,False
demo,D06,30,1.807739,24,6517.014855,3.423655,,,0.984286,,26.187784,,,,1.807728,,,,,,,,,,0.050106,0.159467,synthetic,False,2.0,90.38695,9.613050000000001,0.009000000000000341,0.17629500000000037,0.13912599999999997,0.14656724137931038,,,,55.50483799999998,0.0,0.0,27.75241899999999,-0.1218621212121217,-0.15726734615384622,26.2639989,26.307801959999995,,0.99609,91.0,61.0,89.36755,88.49665,86.4212,81.99,29,False
demo,D06,31,1.800207,24,6477.014096,3.424313,,,0.98793,,26.60344,,,,1.797737,,,,,,,,,,0.052274,0.15515,synthetic,False,2.0,90.01034999999999,9.989650000000012,0.3766000000000105,0.163600000000001,0.1779460000000006,0.15423500000000037,,,,57.302574999999976,0.0,0.0,28.651287499999988,-0.13155484848484789,-0.15466626923076712,26.3176037,26.33162668,,0.9956207000000001,91.0,60.0,89.35895000000001,88.3518,86.2688,82.11175,30,False
demo,D06,32,1.789405,24,6472.118459,3.426556,,,1.001837,,27.322348,,,,1.79012,,,,,,,,,,0.05416,0.15753,synthetic,False,2.0,89.47025,10.529750000000007,0.5400999999999954,0.20371500000000112,0.1868520000000001,0.16668225806451634,,,,59.09269499999998,0.0,0.0,29.54634749999999,-0.16014060606060934,-0.15680319230769255,26.4491047,26.373233839999997,,0.9960754000000002,91.0,59.0,89.2855,88.1836,85.80265,81.85235,31,False
demo,D06,33,1.802617,24,6481.282061,3.420376,,,1.010762,,26.468895,,,,1.79655,,,,,,,,,,0.052432,0.157412,synthetic,False,2.0,90.13085,9.869150000000005,-0.6606000000000023,0.08738000000000028,0.14767600000000017,0.14082968750000013,,,,60.88924499999998,0.0,0.0,30.44462249999999,-0.1615175757575736,-0.15243696153846065,26.438405,26.395429719999996,,0.9974347,91.0,58.0,88.839,88.54525,86.2407,81.62,32,False
demo,D06,34,1.780811,24,6414.353897,3.425447,,,0.982133,,26.353702,,,,1.774986,,,,,,,,,,0.052879,0.157423,synthetic,False,2.0,89.04055,10.959450000000004,1.0902999999999992,0.21490500000000026,0.16565800000000025,0.16960151515151525,,,,62.66423099999998,0.0,0.0,31.33211549999999,-0.19944393939393773,-0.16170261538461414,26.477241,26.39505556,,0.9937738999999999,91.0,57.0,88.34575,87.72855,85.4892,81.5688,33,False
demo,D06,35,1.787351,24,6446.171762,3.425752,,,0.994509,,25.994508,,,,1.783346,,,,,,,,,,0.051713,0.16094,synthetic,False,2.0,89.36755,10.632450000000006,-0.3269999999999982,0.13511000000000023,0.1612560000000002,0.15499558823529427,,,,64.44757699999998,0.0,0.0,32.22378849999999,-0.22488151515151225,-0.16259457692307544,26.453767,26.373125759999997,,0.993619,91.0,56.0,88.49665,88.0209,85.58645,81.2292,34,False
demo,D06,36,1.787179,24,6416.976618,3.428475,,,0.986331,,26.159861,,,,1.788429,,,,,,,,,,0.051884,0.160437,synthetic,False,2.0,89.35895000000001,10.641049999999993,0.008599999999987062,0.21447499999999878,0.15023999999999943,0.15081285714285692,,,,66.23600599999997,0.0,0.0,33.11800299999999,-0.18207454545454718,-0.16330484615384522,26.445905400000004,26.35494772,,0.9919079,91.0,55.0,88.3518,87.81575000000001,85.4713,81.21555000000001,35,False
demo,D06,37,1.78571,24,6427.14927,3.426774,,,0.997357,,26.268008,,,,1.785698,,,,,,,,,,0.053128,0.162071,synthetic,False,2.0,89.2855,10.714500000000001,0.07345000000000823,0.11770000000000067,0.14383999999999958,0.1486638888888889,,,,68.02170399999997,0.0,0.0,34.010851999999986,-0.1866903030303055,-0.1641383846153853,26.4181939,26.350040599999996,,0.9922205,91.0,54.0,88.1836,87.89375,85.6409,81.06555,36,False
demo,D06,38,1.77678,24,6391.291303,3.427297,,,1.010758,,26.20118,,,,1.780507,,,,,,,,,,0.054241,0.157936,synthetic,False,2.0,88.839,11.161000000000001,0.44650000000000034,0.22464000000000084,0.17425200000000018,0.15671351351351354,,,,69.80221099999997,0.0,0.0,34.901105499999986,-0.15986727272727663,-0.16318930769230772,26.3962114,26.363742359999996,,0.9938859000000001,91.0,53.0,88.54525,87.40259999999999,84.8623,80.71334999999999,37,False
demo,D06,39,1.766915,24,6351.088948,3.420423,,,0.995531,,26.345608,,,,1.763664,,,,,,,,,,0.053819,0.162931,synthetic,False,2.0,88.34575,11.654250000000005,0.4932500000000033,0.20502000000000037,0.1750500000000005,0.16556973684210538,,,,71.56587499999998,0.0,0.0,35.78293749999999,-0.1786830303030308,-0.16817530769230796,26.3905334,26.366859759999997,,0.9951434000000001,91.0,52.0,87.72855,87.5165,84.59325,80.42304999999999,38,False
demo,D06,40,1.769933,24,6363.352859,3.417791,,,0.999525,,26.789605,,,,1.771967,,,,,,,,,,0.053106,0.155111,synthetic,False,2.0,88.49665,11.503349999999998,-0.15090000000000714,0.18902999999999964,0.20297799999999996,0.15745512820512814,,,,73.33784199999998,0.0,0.0,36.66892099999999,-0.1650169696969674,-0.1599110384615398,26.4507155,26.369332439999997,,0.9966673,91.0,51.0,88.0209,87.0638,84.17125,80.77265,39,False
demo,D06,41,1.767036,24,6382.551577,3.429319,,,1.014552,,26.661238,,,,1.766634,,,,,,,,,,0.052365,0.155153,synthetic,False,2.0,88.3518,11.648200000000003,0.14485000000000525,0.16585499999999911,0.12823399999999993,0.15714000000000006,,,,75.10447599999998,0.0,0.0,37.55223799999999,-0.16144575757575508,-0.16921492307692393,26.4564953,26.39433728,,0.9993295,91.0,50.0,87.81575000000001,87.0817,84.91760000000001,79.99425,40,False
demo,D06,42,1.763672,24,6337.817887,3.414352,,,1.004579,,26.314784,,,,1.760345,,,,,,,,,,0.052573,0.155812,synthetic,False,2.0,88.1836,11.816400000000002,0.1681999999999988,0.12866499999999945,0.1604739999999998,0.157409756097561,,,,76.86482099999998,0.0,0.0,38.43241049999999,-0.1829521212121208,-0.17122738461538442,26.3557389,26.398155000000003,,0.9996037000000001,91.0,49.0,87.89375,86.3361,84.4092,80.0788,41,False
demo,D06,43,1.770905,24,6386.092326,3.415657,,,0.992399,,26.041572,,,,1.77227,,,,,,,,,,0.051537,0.159191,synthetic,False,2.0,88.54525,11.454750000000004,-0.36164999999999736,0.15855999999999995,0.14877200000000015,0.14505119047619056,,,,78.63709099999998,0.0,0.0,39.31854549999999,-0.12509636363636348,-0.16612449999999968,26.3130066,26.376400120000003,,0.9977674000000001,91.0,48.0,87.40259999999999,85.8308,84.24925,79.90915,42,False
demo,D06,44,1.754571,24,6322.416041,3.421582,,,1.001589,,26.702486,,,,1.754339,,,,,,,,,,0.051006,0.163424,synthetic,False,2.0,87.72855,12.271450000000002,0.8166999999999973,0.13119999999999976,0.1769380000000001,0.16067093023255816,,,,80.39142999999999,0.0,0.0,40.19571499999999,-0.16525515151514927,-0.16682488461538558,26.347885,26.388910640000002,,0.9997130000000001,91.0,47.0,87.5165,86.5705,84.87865,79.42535,43,False
demo,D06,45,1.760418,24,6310.946265,3.426552,,,0.991725,,26.347109,,,,1.758203,,,,,,,,,,0.051269,0.157777,synthetic,False,2.0,88.0209,11.979100000000003,-0.292349999999999,0.13466499999999967,0.1651600000000002,0.15037500000000004,,,,82.14963299999998,0.0,0.0,41.07481649999999,-0.15176454545454762,-0.16144499999999973,26.3831451,26.36857332,,0.9994346000000001,91.0,46.0,87.0638,86.4212,83.87115,79.18889999999999,44,False
demo,D06,46,1.756315,24,6332.583479,3.420298,,,1.004205,,25.933902,,,,1.756463,,,,,,,,,,0.052487,0.158317,synthetic,False,2.0,87.81575000000001,12.184249999999992,0.20514999999998906,0.15431999999999987,0.15322399999999958,0.15159222222222202,,,,83.90609599999998,0.0,0.0,41.95304799999999,-0.13371424242424282,-0.1598181538461535,26.3605492,26.363233719999997,,1.0012219999999998,91.0,45.0,87.0817,86.2688,83.21265,79.14784999999999,45,False
demo,D06,47,1.757875,24,6301.512933,3.423732,,,1.005153,,26.541296,,,,1.757419,,,,,,,,,,0.052129,0.159037,synthetic,False,2.0,87.89375,12.106250000000003,-0.07799999999998875,0.1391750000000002,0.14454600000000029,0.1466010869565218,,,,85.66351499999998,0.0,0.0,42.83175749999999,-0.09760060606061124,-0.15591419230769143,26.387878,26.384592039999998,,1.0020016,91.0,44.0,86.3361,85.80265,83.37395,78.9288,46,False
demo,D06,48,1.748052,24,6304.846044,3.410523,,,0.986328,,26.634343,,,,1.747515,,,,,,,,,,0.05105,0.161796,synthetic,False,2.0,87.40259999999999,12.597400000000007,0.49115000000000464,0.1436400000000006,0.1440820000000002,0.15393191489361718,,,,87.41102999999998,0.0,0.0,43.70551499999999,-0.10117393939393308,-0.15879169230769238,26.431194299999998,26.386930080000003,,0.9995586,91.0,43.0,85.8308,86.2407,84.07820000000001,78.46125,47,False
demo,D06,49,1.75033,24,6291.601239,3.416793,,,1.001751,,25.768027,,,,1.748886,,,,,,,,,,0.052459,0.158554,synthetic,False,2.0,87.5165,12.483500000000006,-0.113900000000001,0.08292500000000018,0.1469240000000002,0.14835208333333347,,,,89.15991599999998,0.0,0.0,44.57995799999999,-0.11400696969696969,-0.15599750000000137,26.373436199999997,26.379037479999997,,1.0001806,91.0,42.0,86.5705,85.4892,82.97195,78.5252,48,False
demo,D06,50,1.741276,24,6268.750056,3.410164,,,0.998824,,26.181948,,,,1.736731,,,,,,,,,,0.052269,0.158749,synthetic,False,2.0,87.0638,12.9362,0.452699999999993,0.1432850000000002,0.14619399999999985,0.15456326530612244,,,,90.89664699999999,0.0,0.0,45.448323499999994,-0.13142121212121177,-0.1592661153846157,26.312670500000003,26.37714548,,1.0001105000000001,91.0,41.0,86.4212,85.58645,82.79845,78.62219999999999,49,False
demo,D06,51,1.741634,24,6245.538462,3.420826,,,1.005447,,26.359935,,,,1.741895,,,,,,,,,,0.051411,0.156298,synthetic,False,2.0,87.0817,12.918300000000002,-0.017899999999997362,0.12700999999999993,0.17687999999999987,0.15111400000000003,,,,92.63854199999999,0.0,0.0,46.31927099999999,-0.14014787878787785,-0.15170757692307715,26.2825402,26.382003799999996,,0.9992000000000001,91.0,40.0,86.2688,85.4713,82.57135,78.74355,50,False
demo,D06,52,1.726722,24,6218.483114,3.409651,,,1.008313,,26.593544,,,,1.72395,,,,,,,,,,0.052363,0.159216,synthetic,False,2.0,86.3361,13.663899999999998,0.745599999999996,0.18474999999999966,0.16505600000000015,0.16726399999999983,,,,94.36249199999999,0.0,0.0,47.181245999999994,-0.18536181818182076,-0.15804196153846162,26.3104162,26.383940640000002,,0.9995734000000001,91.0,39.0,85.80265,85.6409,82.15745,78.35125,51,False
demo,D06,53,1.716616,24,6197.002744,3.409466,,,1.004774,,26.296139,,,,1.713113,,,,,,,,,,0.052513,0.164868,synthetic,False,2.0,85.8308,14.169200000000004,0.5053000000000054,0.27144499999999994,0.21018400000000043,0.17112800000000022,,,,96.075605,0.0,0.0,48.0378025,-0.2116336363636403,-0.1596374999999993,26.3358729,26.378945999999996,,1.0008108999999998,91.0,38.0,86.2407,84.8623,82.88085,77.226,52,False
demo,D06,54,1.73141,24,6217.986155,3.418482,,,0.996968,,26.19485,,,,1.730576,,,,,,,,,,0.052069,0.161016,synthetic,False,2.0,86.5705,13.429500000000004,-0.7396999999999991,0.1158050000000003,0.15301800000000015,0.15470500000000015,,,,97.806181,0.0,0.0,48.9030905,-0.21910242424242146,-0.15725753846153834,26.2851093,26.37064448,,1.0003488,91.0,37.0,85.4892,84.59325,82.32015,78.0189,53,False
demo,D06,55,1.728424,24,6210.993274,3.4203,,,1.009333,,26.589156,,,,1.730962,,,,,,,,,,0.053642,0.158643,synthetic,False,2.0,86.4212,13.578800000000001,0.14929999999999666,0.15996999999999986,0.15863,0.14887799999999998,,,,99.537143,0.0,0.0,49.7685715,-0.20118787878787714,-0.15340307692307753,26.309314,26.38669936,,1.0021096,91.0,36.0,85.58645,84.17125,81.99,77.47945,54,False
demo,D06,56,1.725376,24,6219.82563,3.415036,,,0.991269,,26.294855,,,,1.726017,,,,,,,,,,0.050843,0.164693,synthetic,False,2.0,86.2688,13.731200000000001,0.1524000000000001,0.15469500000000097,0.14966199999999957,0.1638040000000001,,,,101.26316,0.0,0.0,50.63158,-0.18587242424242315,-0.15167080769230815,26.3454093,26.374355960000003,,1.000816,91.0,35.0,85.4713,84.91760000000001,82.11175,77.60295,55,False
demo,D06,57,1.716053,24,6186.680293,3.416787,,,0.986795,,26.561434,,,,1.71423,,,,,,,,,,0.050854,0.159602,synthetic,False,2.0,85.80265,14.19735,0.46614999999999895,0.20910999999999974,0.14670399999999972,0.1667779999999999,,,,102.97739,0.0,0.0,51.488695,-0.17203242424242307,-0.15676434615384555,26.347423100000004,26.3439194,,0.9989802000000001,91.0,34.0,85.6409,84.4092,81.85235,77.28265,56,False
demo,D06,58,1.724814,24,6163.987623,3.417753,,,0.968047,,26.1349,,,,1.722843,,,,,,,,,,0.052755,0.165267,synthetic,False,2.0,86.2407,13.759299999999996,-0.43805000000000405,0.11618999999999886,0.15560599999999966,0.15164099999999991,,,,104.700233,0.0,0.0,52.3501165,-0.1416954545454517,-0.14838711538461657,26.2974788,26.3305596,,0.9971521000000001,91.0,33.0,84.8623,84.24925,81.62,77.0487,57,False
demo,D06,59,1.709784,24,6192.436793,3.412861,,,0.999299,,26.097241,,,,1.711958,,,,,,,,,,0.052998,0.165819,synthetic,False,2.0,85.4892,14.510800000000003,0.7515000000000072,0.2027299999999997,0.14205399999999999,0.1538560000000001,,,,106.41219099999999,0.0,0.0,53.206095499999996,-0.13067242424242595,-0.15485738461538515,26.330400199999996,26.32030116,,0.9969069000000002,91.0,32.0,84.59325,84.87865,81.5688,76.8952,58,False
demo,D06,60,1.711729,24,6171.994741,3.409587,,,0.991785,,26.621224,,,,1.703524,,,,,,,,,,0.053287,0.161699,synthetic,False,2.0,85.58645,14.41355,-0.0972500000000025,0.14773500000000012,0.1512439999999998,0.15625,,,,108.115715,0.0,0.0,54.0578575,-0.11995151515151381,-0.15442815384615324,26.374327800000003,26.345369800000004,,0.9962029999999998,91.0,31.0,84.17125,83.87115,81.2292,76.7382,59,False
demo,D06,61,1.709426,24,6166.798828,3.415938,,,1.003978,,26.498991,,,,1.712152,,,,,,,,,,0.052367,0.157127,synthetic,False,2.0,85.4713,14.5287,0.11514999999999986,0.16103999999999985,0.1555060000000003,0.15287299999999987,,,,109.827867,0.0,0.0,54.9139335,-0.09641090909091064,-0.1522393076923089,26.3882334,26.358935000000002,,0.9960560999999999,91.0,30.0,84.91760000000001,83.21265,81.21555000000001,76.9671,60,False
demo,D06,62,1.712818,24,6163.491262,3.416555,,,0.980288,,26.661386,,,,1.706399,,,,,,,,,,0.051954,0.168356,synthetic,False,2.0,85.6409,14.359099999999998,-0.16960000000000264,0.06951999999999998,0.14578399999999989,0.14481199999999972,,,,111.534266,0.0,0.0,55.767133,-0.09380606060605592,-0.14622892307692434,26.3950176,26.37467012,,0.9932536000000001,91.0,29.0,84.4092,83.37395,81.06555,76.37650000000001,61,False
demo,D06,63,1.697246,24,6076.07606,3.415732,,,0.993528,,26.320983,,,,1.692441,,,,,,,,,,0.05302,0.163272,synthetic,False,2.0,84.8623,15.137699999999995,0.7785999999999973,0.09684999999999917,0.15906799999999977,0.16665999999999997,,,,113.226707,0.0,0.0,56.6133535,-0.15893030303029823,-0.14906707692307697,26.397501999999996,26.379462240000002,,0.992129,91.0,28.0,84.24925,84.07820000000001,80.71334999999999,76.52640000000001,62,False
demo,D06,64,1.691865,24,6103.041865,3.412731,,,1.004703,,26.263426,,,,1.690125,,,,,,,,,,0.05264,0.161354,synthetic,False,2.0,84.59325,15.406750000000002,0.2690500000000071,0.1977249999999998,0.1500999999999999,0.16257500000000022,,,,114.916832,0.0,0.0,57.458416,-0.17767727272727227,-0.1562622692307693,26.4043596,26.376174960000004,,0.9929024999999999,91.0,27.0,84.87865,82.97195,80.42304999999999,76.3008,63,False
demo,D06,65,1.683425,24,6050.053903,3.405754,,,0.989702,,26.815042,,,,1.690731,,,,,,,,,,0.054717,0.165531,synthetic,False,2.0,84.17125,15.82875,0.42199999999999704,0.22499499999999983,0.1730160000000001,0.18799700000000003,,,,116.607563,0.0,0.0,58.3037815,-0.20542909090908865,-0.16295730769230815,26.426948199999998,26.377192439999998,,0.9909394,91.0,26.0,83.87115,82.79845,80.77265,76.03675,64,False
demo,D06,66,1.698352,24,6124.043074,3.415055,,,1.004093,,26.071733,,,,1.704049,,,,,,,,,,0.052692,0.164173,synthetic,False,2.0,84.91760000000001,15.082399999999993,-0.7463500000000067,0.13511999999999916,0.1373679999999996,0.13280099999999975,,,,118.311612,0.0,0.0,59.155806,-0.17535878787878592,-0.16088423076923078,26.404636,26.353612239999997,,0.9922217999999999,91.0,25.0,83.21265,82.57135,79.99425,75.11825,65,False
demo,D06,67,1.688184,24,6073.472123,3.411017,,,0.99443,,26.78059,,,,1.690569,,,,,,,,,,0.053065,0.166405,synthetic,False,2.0,84.4092,15.590800000000002,0.5084000000000088,0.13934500000000014,0.150976,0.15572499999999992,,,,120.002181,0.0,0.0,60.0010905,-0.18771787878788168,-0.162544384615385,26.4265516,26.37224448,,0.9929853,91.0,24.0,83.37395,82.15745,80.0788,75.80655,66,False
demo,D06,68,1.684985,24,6070.27917,3.408692,,,0.999672,,26.802648,,,,1.686187,,,,,,,,,,0.055626,0.160614,synthetic,False,2.0,84.24925,15.750749999999996,0.15994999999999493,0.19914500000000004,0.1718399999999997,0.16030599999999992,,,,121.688368,0.0,0.0,60.844184,-0.16270787878787654,-0.15916111538461616,26.4933264,26.40268752,,0.9961477999999999,91.0,23.0,84.07820000000001,82.88085,79.90915,76.1909,67,False
demo,D06,69,1.697573,24,6097.054358,3.411018,,,1.005952,,26.668663,,,,1.69125,,,,,,,,,,0.05283,0.163052,synthetic,False,2.0,84.87865,15.121350000000007,-0.6293999999999897,0.061055000000000345,0.11399600000000021,0.14546700000000015,,,,123.379618,0.0,0.0,61.689809,-0.12932818181818242,-0.15483038461538548,26.5504686,26.401334599999995,,0.9968131,91.0,22.0,82.97195,82.32015,79.42535,75.3202,68,False
demo,D06,70,1.677423,24,6054.382167,3.406917,,,1.009528,,26.311914,,,,1.677949,,,,,,,,,,0.053782,0.159345,synthetic,False,2.0,83.87115,16.12885,1.0074999999999932,0.1715299999999999,0.1659899999999999,0.16557500000000006,,,,125.05756699999999,0.0,0.0,62.528783499999996,-0.13701909090909098,-0.15468392307692258,26.5195376,26.3999268,,0.9985873999999999,91.0,21.0,82.79845,81.99,79.18889999999999,74.6303,69,False
demo,D06,71,1.664253,24,5969.95023,3.411587,,,1.000925,,26.29949,,,,1.662425,,,,,,,,,,0.054004,0.165429,synthetic,False,2.0,83.21265,16.787350000000004,0.6585000000000036,0.2258650000000003,0.18412400000000048,0.16867400000000005,,,,126.71999199999999,0.0,0.0,63.359995999999995,-0.1675133333333322,-0.15947530769230786,26.499587499999997,26.41455032,,0.9982821,91.0,20.0,82.57135,82.11175,79.14784999999999,74.38285,70,False
demo,D06,72,1.667479,24,6043.366006,3.402762,,,0.99186,,26.446267,,,,1.664756,,,,,,,,,,0.054057,0.163232,synthetic,False,2.0,83.37395,16.626050000000006,-0.1612999999999971,0.22669500000000084,0.18079200000000015,0.1626690000000002,,,,128.384748,0.0,0.0,64.192374,-0.15052515151514828,-0.15845692307692305,26.4780756,26.41074916,,0.9994392999999999,91.0,19.0,82.15745,81.85235,78.9288,75.1474,71,False
demo,D06,73,1.681564,24,6094.274306,3.406222,,,0.99542,,26.153894,,,,1.682085,,,,,,,,,,0.053474,0.16358,synthetic,False,2.0,84.07820000000001,15.92179999999999,-0.704250000000016,0.07840999999999951,0.13297599999999932,0.13852899999999976,,,,130.066833,0.0,0.0,65.0334165,-0.11955181818181719,-0.15237250000000044,26.461366700000003,26.3915312,,0.9996285,91.0,18.0,82.88085,81.62,78.46125,74.0832,72,False
demo,D06,74,1.659439,24,6003.239812,3.406115,,,1.00637,,26.270419,,,,1.657875,,,,,,,,,,0.053599,0.163183,synthetic,False,2.0,82.97195,17.028049999999993,1.1062500000000028,0.16212999999999908,0.18178199999999947,0.16435299999999983,,,,131.724708,0.0,0.0,65.862354,-0.1573518181818193,-0.1528033846153846,26.462066,26.41162688,,0.9997952,91.0,17.0,82.32015,81.5688,78.5252,74.5297,73,False
demo,D06,75,1.655969,24,5984.299481,3.413451,,,0.989787,,26.67723,,,,1.658848,,,,,,,,,,0.053541,0.163008,synthetic,False,2.0,82.79845,17.201549999999997,0.1735000000000042,0.1372799999999998,0.17061399999999993,0.15840399999999988,,,,133.383556,0.0,0.0,66.691778,-0.21309666666666194,-0.15586700000000042,26.4482848,26.43143816,,0.9998037,91.0,16.0,81.99,81.2292,78.62219999999999,74.03675,74,False
demo,D06,76,1.651427,24,5943.630525,3.410646,,,0.998219,,26.685196,,,,1.645033,,,,,,,,,,0.05291,0.161338,synthetic,False,2.0,82.57135,17.428650000000005,0.22710000000000719,0.2346250000000012,0.1804140000000001,0.178647,,,,135.028589,0.0,0.0,67.5142945,-0.21483212121211984,-0.15756688461538323,26.5096311,26.4444486,,0.9992163,91.0,15.0,82.11175,81.21555000000001,78.74355,73.69025,75,False
demo,D06,77,1.643149,24,5936.038323,3.39883,,,0.996141,,26.272883,,,,1.643396,,,,,,,,,,0.053894,0.166645,synthetic,False,2.0,82.15745,17.842550000000003,0.41389999999999816,0.22517500000000013,0.16714600000000018,0.16610100000000017,,,,136.671985,0.0,0.0,68.3359925,-0.24459787878787112,-0.16707388461538494,26.458860400000002,26.431622159999996,,0.9993874,91.0,14.0,81.85235,81.06555,78.35125,73.6177,76,False
demo,D06,78,1.657617,24,5965.700913,3.412608,,,0.998966,,26.682604,,,,1.654703,,,,,,,,,,0.055452,0.168164,synthetic,False,2.0,82.88085,17.119150000000005,-0.723399999999998,0.13684000000000082,0.11799800000000005,0.16409100000000024,,,,138.32668800000002,0.0,0.0,69.16334400000001,-0.2182748484848458,-0.1717420000000002,26.446856000000004,26.447080760000002,,0.9993168000000001,91.0,13.0,81.62,80.71334999999999,77.226,73.05545,77,False
demo,D06,79,1.646403,24,5899.429015,3.411198,,,0.989907,,26.643971,,,,1.645055,,,,,,,,,,0.054747,0.162474,synthetic,False,2.0,82.32015,17.679850000000002,0.5606999999999971,0.2558499999999995,0.1700139999999999,0.16151600000000002,,,,139.97174300000003,0.0,0.0,69.98587150000002,-0.1639887878787907,-0.17191961538461598,26.4443868,26.4650456,,0.9977122999999999,91.0,12.0,81.5688,80.42304999999999,78.0189,73.256,78,False
demo,D06,80,1.6398,24,5929.900765,3.400279,,,0.981481,,26.917772,,,,1.640799,,,,,,,,,,0.053906,0.166069,synthetic,False,2.0,81.99,18.010000000000005,0.3301500000000033,0.18811500000000053,0.17724800000000016,0.1679390000000001,,,,141.61254200000002,0.0,0.0,70.80627100000001,-0.1638654545454609,-0.17336826923077026,26.504972600000002,26.47819024,,0.9949076,91.0,11.0,81.2292,80.77265,77.47945,72.7494,79,False
demo,D06,81,1.642235,24,5932.067518,3.395194,,,1.005207,,26.678931,,,,1.638565,,,,,,,,,,0.054433,0.165607,synthetic,False,2.0,82.11175,17.88825,-0.1217500000000058,0.11008999999999958,0.16628199999999993,0.15797199999999975,,,,143.25110700000002,0.0,0.0,71.62555350000001,-0.1781993939393935,-0.1718084615384619,26.5429167,26.493553279999997,,0.9953358,91.0,10.0,81.21555000000001,79.99425,77.60295,72.76945,80,False
demo,D06,82,1.637047,24,5892.814432,3.404342,,,1.009641,,26.809075,,,,1.637585,,,,,,,,,,0.05276,0.164542,synthetic,False,2.0,81.85235,18.14765,0.2593999999999994,0.15215999999999924,0.15801199999999993,0.15235799999999983,,,,144.88869200000002,0.0,0.0,72.44434600000001,-0.1825848484848485,-0.17410688461538454,26.5791975,26.50345892,,0.9971139000000001,91.0,9.0,81.06555,80.0788,77.28265,72.97930000000001,81,False
demo,D06,83,1.6324,24,5855.040321,3.40854,,,0.982078,,26.670669,,,,1.631707,,,,,,,,,,0.053415,0.160124,synthetic,False,2.0,81.62,18.379999999999995,0.23234999999999673,0.2458200000000005,0.18482799999999996,0.1702169999999998,,,,146.52039900000003,0.0,0.0,73.26019950000001,-0.13425030303030278,-0.17113088461538448,26.630875000000003,26.52488968,,0.9957796999999999,91.0,8.0,80.71334999999999,79.90915,77.0487,72.59135,82,False
demo,D06,84,1.631376,24,5862.624938,3.410287,,,1.003689,,26.797918,,,,1.629221,,,,,,,,,,0.054634,0.16084,synthetic,False,2.0,81.5688,18.431200000000004,0.05120000000000857,0.14031500000000108,0.15681600000000004,0.149435,,,,148.14962000000003,0.0,0.0,74.07481000000001,-0.13266212121212342,-0.17258811538461644,26.6836249,26.552916760000002,,0.9955116,91.0,7.0,80.42304999999999,79.42535,76.8952,71.88355,83,False
demo,D06,85,1.624584,24,5816.549199,3.39959,,,1.010832,,26.241345,,,,1.623055,,,,,,,,,,0.055241,0.162674,synthetic,False,2.0,81.2292,18.770799999999994,0.33959999999999013,0.15692499999999968,0.17428999999999972,0.16276699999999977,,,,149.77267500000002,0.0,0.0,74.88633750000001,-0.1441563636363599,-0.1731919230769228,26.640036400000003,26.5377216,,0.9976161000000001,91.0,6.0,80.77265,79.18889999999999,76.7382,72.39655,84,False
demo,D06,86,1.624311,24,5864.097183,3.410047,,,1.005959,,26.533098,,,,1.623808,,,,,,,,,,0.052986,0.158611,synthetic,False,2.0,81.21555000000001,18.784449999999993,0.013649999999998386,0.13557999999999878,0.1702299999999997,0.16286799999999999,,,,151.39648300000002,0.0,0.0,75.69824150000001,-0.15251393939393573,-0.17172150000000105,26.6248266,26.539085880000002,,0.9983901,91.0,5.0,79.99425,79.14784999999999,76.9671,71.95165,85,False
demo,D06,87,1.621311,24,5808.646678,3.393752,,,0.995833,,26.558287,,,,1.618822,,,,,,,,,,0.053303,0.169372,synthetic,False,2.0,81.06555,18.93445,0.15000000000000568,0.10918999999999954,0.183014,0.16439899999999993,,,,153.015305,0.0,0.0,76.5076525,-0.180212727272731,-0.16666603846153746,26.653367000000003,26.53496192,,0.9983593000000001,91.0,4.0,80.0788,78.9288,76.37650000000001,71.6035,86,False
demo,D06,88,1.614267,24,5816.361718,3.400311,,,0.990565,,26.517662,,,,1.61429,,,,,,,,,,0.056039,0.166532,synthetic,False,2.0,80.71334999999999,19.28665000000001,0.3522000000000105,0.2167500000000004,0.16595800000000055,0.16251300000000016,,,,154.62959500000002,0.0,0.0,77.31479750000001,-0.16566060606060778,-0.16912815384615304,26.636872800000003,26.542829079999997,,0.9975191999999999,91.0,3.0,79.90915,78.46125,76.52640000000001,71.80235,87,False
demo,D06,89,1.608461,24,5775.802824,3.399389,,,1.00081,,26.69828,,,,1.607566,,,,,,,,,,0.054012,0.165572,synthetic,False,2.0,80.42304999999999,19.57695000000001,0.290300000000002,0.18971000000000088,0.16680800000000034,0.15845400000000012,,,,156.23716100000001,0.0,0.0,78.11858050000001,-0.1780503030303059,-0.1737689615384613,26.642303699999996,26.56022324,,0.9986095,91.0,2.0,79.42535,78.5252,76.3008,71.34009999999999,88,False
demo,D06,90,1.615453,24,5790.738078,3.406541,,,1.002478,,26.735416,,,,1.613478,,,,,,,,,,0.055669,0.158811,synthetic,False,2.0,80.77265,19.22735,-0.34960000000000946,0.12173499999999962,0.13594400000000006,0.15448000000000006,,,,157.850639,0.0,0.0,78.9253195,-0.1703857575757565,-0.17619484615384579,26.6240681,26.5570382,,1.0007092,91.0,1.0,79.18889999999999,78.62219999999999,76.03675,70.85225000000001,89,False
demo,D06,91,1.599885,24,5763.702919,3.405179,,,1.000958,,26.698237,,,,1.604972,,,,,,,,,,0.054208,0.160533,synthetic,False,2.0,79.99425,20.005750000000006,0.7784000000000049,0.2117500000000007,0.19693400000000053,0.16715100000000008,,,,159.455611,0.0,0.0,79.7278055,-0.18230696969697116,-0.17572815384615484,26.625998700000004,26.58209836,,1.0002843000000001,91.0,0.0,79.14784999999999,78.74355,75.11825,71.56774999999999,90,False
demo,D06,92,1.601576,24,5759.90044,3.404014,,,0.998199,,26.5534,,,,1.602906,,,,,,,,,,0.05423,0.16593,synthetic,False,2.0,80.0788,19.9212,-0.08455000000000723,0.177355,0.1732159999999999,0.16209599999999993,,,,161.058517,0.0,0.0,80.5292585,-0.1812430303030315,-0.17577780769230755,26.600431199999996,26.57301076,,0.9991401,91.0,,78.9288,78.35125,75.80655,70.8194,91,False
demo,D06,93,1.598183,24,5767.92503,3.394371,,,0.989173,,26.418793,,,,1.596959,,,,,,,,,,0.053713,0.171984,synthetic,False,2.0,79.90915,20.090850000000003,0.1696500000000043,0.17108500000000076,0.17360400000000026,0.172722,,,,162.655476,0.0,0.0,81.327738,-0.18342515151515246,-0.17566188461538437,26.5752436,26.55765656,,0.9998495999999999,91.0,,78.46125,77.226,76.1909,70.61115,92,False
demo,D06,94,1.588507,24,5696.879894,3.402014,,,1.004227,,26.891535,,,,1.588971,,,,,,,,,,0.055057,0.164364,synthetic,False,2.0,79.42535,20.574650000000005,0.48380000000000223,0.21434500000000015,0.21813199999999994,0.16606400000000007,,,,164.24444699999998,0.0,0.0,82.12222349999999,-0.1946721212121255,-0.17037926923076915,26.5846053,26.566571440000004,,0.9999034,91.0,,78.5252,78.0189,75.3202,70.32475000000001,93,False
demo,D06,95,1.583778,24,5688.64741,3.400008,,,1.004709,,26.711766,,,,1.580526,,,,,,,,,,0.05552,0.16924,synthetic,False,2.0,79.18889999999999,20.81110000000001,0.23645000000000493,0.20403000000000163,0.18729000000000043,0.17664000000000016,,,,165.82497299999997,0.0,0.0,82.91248649999999,-0.21547515151515134,-0.17315942307692336,26.631647400000002,26.582565520000003,,0.9992911,91.0,,78.62219999999999,77.47945,74.6303,70.6108,94,False
demo,D06,96,1.582957,24,5657.825629,3.391185,,,1.002008,,26.370911,,,,1.581574,,,,,,,,,,0.053135,0.165242,synthetic,False,2.0,79.14784999999999,20.85215000000001,0.04104999999999848,0.20677000000000162,0.1625920000000002,0.17335800000000035,,,,167.40654699999996,0.0,0.0,83.70327349999998,-0.2146963636363654,-0.17930176923076946,26.615428700000002,26.585422360000003,,0.9988959999999999,91.0,,78.74355,77.60295,74.38285,69.90960000000001,95,False
demo,D06,97,1.578576,24,5645.63444,3.389054,,,1.00111,,26.583714,,,,1.577566,,,,,,,,,,0.053862,0.167023,synthetic,False,2.0,78.9288,21.071200000000005,0.21904999999999575,0.21367500000000064,0.17780599999999994,0.17929900000000004,,,,168.98411299999995,0.0,0.0,84.49205649999998,-0.21080272727272656,-0.18272634615384764,26.6179714,26.59092024,,0.9994237,91.0,,78.35125,77.28265,75.1474,69.41355,96,False
demo,D06,98,1.569225,24,5679.6855,3.400305,,,1.016792,,26.210337,,,,1.565312,,,,,,,,,,0.055223,0.170875,synthetic,False,2.0,78.46125,21.538749999999993,0.4675499999999886,0.22520999999999844,0.2246780000000001,0.1788269999999997,,,,170.54942499999996,0.0,0.0,85.27471249999998,-0.22999181818181327,-0.180004923076923,26.5872389,26.59317796,,1.0020463999999998,91.0,,77.226,77.0487,74.0832,70.57635,97,False
demo,D06,99,1.570504,24,5689.155174,3.395593,,,0.993756,,26.653087,,,,1.571721,,,,,,,,,,0.054165,0.166142,synthetic,False,2.0,78.5252,21.474800000000002,-0.06394999999999129,0.18978499999999912,0.17787000000000033,0.1798259999999999,,,,172.12114599999995,0.0,0.0,86.06057299999998,-0.23774787878787826,-0.18343496153846217,26.5827196,26.60848468,,1.001341,91.0,,78.0189,76.8952,74.5297,69.8944,98,False
demo,D06,100,1.572444,24,5662.373463,3.391415,,,1.012814,,26.591739,,,,1.570854,,,,,,,,,,0.053782,0.165032,synthetic,False,2.0,78.62219999999999,21.377800000000008,-0.0969999999999942,0.21504500000000065,0.16705000000000042,0.16883200000000018,,,,173.69199999999995,0.0,0.0,86.84599999999998,-0.19390212121211783,-0.18428403846153793,26.5683519,26.60506504,,1.0023746,91.0,,77.47945,76.7382,74.03675,69.5553,99,False
demo,D06,101,1.574871,24,5655.523371,3.396026,,,0.99266,,26.494077,,,,1.573751,,,,,,,,,,0.055261,0.171259,synthetic,False,2.0,78.74355,21.25645,-0.12135000000000673,0.1250699999999995,0.15311199999999986,0.16676299999999997,,,,175.26575099999994,0.0,0.0,87.63287549999997,-0.1692645454545454,-0.18307146153846113,26.5479359,26.59742028,,1.0015448,91.0,,77.60295,76.9671,73.69025,69.03825,100,False
demo,D06,102,1.567025,24,5636.239139,3.397334,,,1.01109,,27.045613,,,,1.565243,,,,,,,,,,0.055433,0.167456,synthetic,False,2.0,78.35125,21.648750000000007,0.39230000000000587,0.1727550000000008,0.15224800000000016,0.15969700000000017,,,,176.83099399999995,0.0,0.0,88.41549699999997,-0.14522848484848236,-0.1866746538461544,26.597157199999998,26.62832948,,1.0028339,91.0,,77.28265,76.37650000000001,73.6177,69.33555,101,False
demo,D06,103,1.54452,24,5574.842451,3.392734,,,1.012334,,26.394182,,,,1.55366,,,,,,,,,,0.054105,0.171493,synthetic,False,2.0,77.226,22.774,1.125249999999994,0.26831499999999975,0.22619399999999984,0.17209599999999994,,,,178.38465399999995,0.0,0.0,89.19232699999998,-0.17293969696969966,-0.19050292307692263,26.5946961,26.6167926,,1.00515,91.0,,77.0487,76.52640000000001,73.05545,68.95655000000001,102,False
demo,D06,104,1.560378,24,5608.690675,3.388839,,,0.997069,,26.836032,,,,1.55831,,,,,,,,,,0.054609,0.165529,synthetic,False,2.0,78.0189,21.981099999999998,-0.792900000000003,0.14064499999999924,0.17204999999999984,0.17103199999999988,,,,179.94296399999996,0.0,0.0,89.97148199999998,-0.15713212121211964,-0.1882692307692304,26.5891458,26.624475039999997,,1.0044342,91.0,,76.8952,76.3008,73.256,68.46055,103,False
demo,D06,105,1.549589,24,5582.495814,3.401241,,,1.01661,,27.222294,,,,1.543177,,,,,,,,,,0.053296,0.172236,synthetic,False,2.0,77.47945,22.52055,0.5394500000000022,0.17094499999999896,0.1804219999999998,0.17883499999999997,,,,181.48614099999998,0.0,0.0,90.74307049999999,-0.16946454545454392,-0.19100792307692366,26.6401986,26.63665592,,1.0056243,91.0,,76.7382,76.03675,72.7494,68.29889999999999,104,False
demo,D06,106,1.552059,24,5587.196984,3.398024,,,1.00469,,26.941229,,,,1.547092,,,,,,,,,,0.053584,0.168739,synthetic,False,2.0,77.60295,22.397049999999993,-0.12350000000000705,0.1544899999999984,0.18035199999999973,0.17331699999999983,,,,183.03323299999997,0.0,0.0,91.51661649999998,-0.15707666666666462,-0.18791946153846142,26.697230400000002,26.647147840000002,,1.0058925,91.0,,76.9671,75.11825,72.76945,68.25535,105,False
demo,D06,107,1.545653,24,5554.854499,3.391865,,,0.991227,,26.673636,,,,1.548,,,,,,,,,,0.054668,0.169478,synthetic,False,2.0,77.28265,22.717349999999996,0.32030000000000314,0.16461499999999915,0.1827879999999999,0.1703999999999999,,,,184.58123299999997,0.0,0.0,92.29061649999998,-0.158036969696972,-0.18691330769230766,26.7062226,26.64173028,,1.0049042,91.0,,76.37650000000001,75.80655,72.97930000000001,67.71464999999999,106,False
demo,D06,108,1.540974,24,5538.748077,3.391441,,,0.996258,,26.405022,,,,1.545093,,,,,,,,,,0.054622,0.168756,synthetic,False,2.0,77.0487,22.951300000000003,0.2339500000000072,0.14125500000000102,0.18285200000000032,0.18384000000000014,,,,186.12632599999998,0.0,0.0,93.06316299999999,-0.18297484848484535,-0.18687503846153816,26.7256911,26.631104399999998,,1.0028508,91.0,,76.52640000000001,76.1909,72.59135,67.77295,107,False
demo,D06,109,1.537904,24,5541.324686,3.393676,,,1.011328,,26.352629,,,,1.535806,,,,,,,,,,0.053654,0.166967,synthetic,False,2.0,76.8952,23.104799999999997,0.15349999999999397,0.16299999999999953,0.18694399999999972,0.1718799999999999,,,,187.66213199999999,0.0,0.0,93.83106599999999,-0.1949003030302994,-0.18524930769230902,26.695645300000002,26.61329284,,1.004608,91.0,,76.3008,75.3202,71.88355,68.40845,108,False
demo,D06,110,1.534764,24,5508.959771,3.387327,,,1.009231,,26.594965,,,,1.53869,,,,,,,,,,0.053936,0.168604,synthetic,False,2.0,76.7382,23.261799999999994,0.15699999999999648,0.18839999999999862,0.17964,0.17696499999999987,,,,189.200822,0.0,0.0,94.600411,-0.18916515151514907,-0.18487373076923094,26.6959679,26.627437639999997,,1.0042497000000001,91.0,,76.03675,74.6303,72.39655,66.87965,109,False
demo,D06,111,1.539342,24,5549.142638,3.393709,,,0.98942,,26.519236,,,,1.541626,,,,,,,,,,0.053542,0.167099,synthetic,False,2.0,76.9671,23.032899999999998,-0.22889999999999588,0.1776449999999997,0.16993800000000023,0.17008399999999996,,,,190.742448,0.0,0.0,95.371224,-0.14001818181817963,-0.1790671153846147,26.698483799999998,26.62688316,,1.0039257000000001,91.0,,75.11825,74.38285,71.95165,67.1357,110,False
demo,D06,112,1.52753,24,5491.327802,3.385618,,,0.998607,,26.528818,,,,1.526951,,,,,,,,,,0.05518,0.171777,synthetic,False,2.0,76.37650000000001,23.623499999999993,0.5905999999999949,0.1974749999999986,0.18756199999999978,0.1852879999999999,,,,192.269399,0.0,0.0,96.1346995,-0.12770636363636254,-0.1769441538461535,26.646804300000003,26.6257044,,1.0026774,91.0,,75.80655,75.1474,71.6035,66.90805,111,False
demo,D06,113,1.530528,24,5512.005618,3.391034,,,1.002035,,26.62263,,,,1.529731,,,,,,,,,,0.052727,0.16817,synthetic,False,2.0,76.52640000000001,23.47359999999999,-0.14990000000000236,0.06995999999999895,0.16747799999999927,0.1667179999999999,,,,193.79913,0.0,0.0,96.899565,-0.1582984848484853,-0.17335253846153795,26.669649100000004,26.629903119999998,,1.0016475,91.0,,76.1909,74.0832,71.80235,67.11365,112,False
demo,D06,114,1.526016,24,5516.465919,3.386078,,,0.994924,,26.685415,,,,1.526568,,,,,,,,,,0.053728,0.16447,synthetic,False,2.0,76.3008,23.699200000000005,0.22560000000001423,0.17181000000000068,0.16488999999999976,0.16584900000000005,,,,195.325698,0.0,0.0,97.662849,-0.1398560606060585,-0.17152565384615326,26.654587399999997,26.62938852,,1.001433,91.0,,75.3202,74.5297,71.34009999999999,66.0579,113,False
demo,D06,115,1.520735,24,5471.884738,3.38562,,,1.023578,,26.8402,,,,1.523404,,,,,,,,,,0.05293,0.164132,synthetic,False,2.0,76.03675,23.963250000000002,0.26404999999999745,0.1442700000000002,0.18943600000000005,0.16269000000000006,,,,196.849102,0.0,0.0,98.424551,-0.15095424242424335,-0.16546919230769136,26.616377999999997,26.63357988,,1.0021298,91.0,,74.6303,74.03675,70.85225000000001,66.3026,114,False
demo,D06,116,1.502365,24,5423.438167,3.394379,,,1.002337,,26.437004,,,,1.503559,,,,,,,,,,0.055395,0.164725,synthetic,False,2.0,75.11825,24.881749999999997,0.9184999999999945,0.24847000000000036,0.19503999999999963,0.19598700000000008,,,,198.35266099999998,0.0,0.0,99.17633049999999,-0.18643181818181806,-0.17203219230769098,26.5659555,26.62313056,,1.0018945000000001,91.0,,74.38285,73.69025,71.56774999999999,66.07805,115,False
demo,D06,117,1.516131,24,5428.728719,3.389753,,,0.999382,,26.555242,,,,1.514079,,,,,,,,,,0.053036,0.171209,synthetic,False,2.0,75.80655,24.19345,-0.6882999999999981,0.14761000000000024,0.17089,0.17205299999999993,,,,199.86674,0.0,0.0,99.93337,-0.17560151515151906,-0.1676453846153848,26.554116099999998,26.62320424,,1.00271,91.0,,75.1474,73.6177,70.8194,66.31595,116,False
demo,D06,118,1.523818,24,5478.005269,3.391307,,,1.011909,,26.674354,,,,1.523287,,,,,,,,,,0.054794,0.165593,synthetic,False,2.0,76.1909,23.8091,-0.38434999999999775,0.08577999999999975,0.14872999999999992,0.1611670000000001,,,,201.390027,0.0,0.0,100.6950135,-0.14151121212121284,-0.15812088461538387,26.5810493,26.63342668,,1.0042751,91.0,,74.0832,73.05545,70.61115,65.81995,117,False
demo,D06,119,1.506404,24,5423.504167,3.380255,,,0.996348,,26.691523,,,,1.512373,,,,,,,,,,0.056575,0.170644,synthetic,False,2.0,75.3202,24.6798,0.8706999999999994,0.15750000000000028,0.1642059999999998,0.19116899999999987,,,,202.9024,0.0,0.0,101.4512,-0.15474939393939685,-0.15861142307692244,26.6149387,26.625426200000003,,1.0027770999999999,91.0,,74.5297,73.256,70.32475000000001,66.1767,118,False
demo,D06,120,1.492606,24,5404.385349,3.384188,,,1.010074,,27.220197,,,,1.493356,,,,,,,,,,0.056747,0.170705,synthetic,False,2.0,74.6303,25.369699999999995,0.6898999999999944,0.2107900000000001,0.18234399999999937,0.1848169999999999,,,,204.395756,0.0,0.0,102.197878,-0.19699424242424288,-0.1646769615384616,26.677461899999997,26.64576344,,1.0028614,91.0,,74.03675,72.7494,70.6108,65.6412,119,False
demo,D06,121,1.487657,24,5324.075896,3.387802,,,0.983323,,26.826576,,,,1.490244,,,,,,,,,,0.053318,0.1703,synthetic,False,2.0,74.38285,25.617149999999995,0.24745000000000061,0.25842499999999974,0.19059999999999946,0.17659599999999984,,,,205.886,0.0,0.0,102.943,-0.2119260606060619,-0.16993053846153722,26.708195900000003,26.663990039999998,,1.0022517,91.0,,73.69025,72.76945,69.90960000000001,65.12385,120,False
demo,D06,122,1.502948,24,5409.049641,3.388645,,,0.995463,,26.342181,,,,1.50457,,,,,,,,,,0.055269,0.171197,synthetic,False,2.0,75.1474,24.852599999999995,-0.7645499999999998,0.12291000000000026,0.15125599999999964,0.1645309999999998,,,,207.39057,0.0,0.0,103.695285,-0.19320424242424022,-0.1666518461538458,26.689532200000002,26.65432872,,1.0019373,91.0,,73.6177,72.97930000000001,69.41355,65.12299999999999,121,False
demo,D06,123,1.481664,24,5357.30035,3.376592,,,1.010491,,26.882049,,,,1.482474,,,,,,,,,,0.054194,0.171208,synthetic,False,2.0,74.0832,25.916799999999995,1.0641999999999996,0.24432000000000045,0.17512200000000008,0.19990000000000008,,,,208.873044,0.0,0.0,104.436522,-0.20763818181818036,-0.17496326923076874,26.7154741,26.6811972,,1.0027829000000001,91.0,,73.05545,72.59135,70.57635,64.74885,122,False
demo,D06,124,1.490594,24,5353.501759,3.387153,,,1.015702,,26.900525,,,,1.490918,,,,,,,,,,0.053901,0.162247,synthetic,False,2.0,74.5297,25.470299999999995,-0.44650000000000034,0.177109999999999,0.1598199999999997,0.16884500000000002,,,,210.363962,0.0,0.0,105.181981,-0.18314303030303153,-0.17514592307692228,26.7369851,26.691094720000002,,1.0048606999999998,91.0,,73.256,71.88355,69.8944,64.9166,123,False
demo,D06,125,1.480735,24,5327.241972,3.386558,,,0.992267,,26.747616,,,,1.483393,,,,,,,,,,0.055079,0.1698,synthetic,False,2.0,74.03675,25.963250000000002,0.49295000000000755,0.2,0.18341799999999978,0.17523400000000008,,,,211.847355,0.0,0.0,105.9236775,-0.18167151515151322,-0.1758354230769237,26.727726699999998,26.697329800000002,,1.0017296,91.0,,72.7494,72.39655,69.5553,64.0626,124,False
demo,D06,126,1.473805,24,5310.980122,3.389361,,,0.991102,,26.485943,,,,1.475924,,,,,,,,,,0.05649,0.172323,synthetic,False,2.0,73.69025,26.309749999999994,0.3464999999999918,0.14279999999999973,0.20213199999999973,0.17762199999999978,,,,213.32327899999999,0.0,0.0,106.66163949999999,-0.23609090909091004,-0.17498261538461427,26.7326206,26.69700444,,1.0006061,91.0,,72.76945,71.95165,69.03825,64.0184,125,False
demo,D06,127,1.472354,24,5303.408907,3.381423,,,1.005674,,27.230982,,,,1.473131,,,,,,,,,,0.055876,0.176027,synthetic,False,2.0,73.6177,26.3823,0.07255000000000678,0.21888500000000022,0.18934199999999976,0.17079499999999995,,,,214.79640999999998,0.0,0.0,107.39820499999999,-0.2312718181818181,-0.17483534615384627,26.800194599999998,26.704419199999997,,1.0012352999999998,91.0,,72.97930000000001,71.6035,69.33555,64.20525,126,False
demo,D06,128,1.461109,24,5284.698615,3.37367,,,0.99377,,26.540866,,,,1.459081,,,,,,,,,,0.054674,0.176615,synthetic,False,2.0,73.05545,26.944550000000007,0.5622500000000059,0.3135450000000006,0.16682200000000022,0.19650800000000004,,,,216.25549099999998,0.0,0.0,108.12774549999999,-0.20496606060605885,-0.18748938461538475,26.7868458,26.71028656,,0.9994213999999999,91.0,,72.59135,71.80235,68.95655000000001,64.23910000000001,127,False
demo,D06,129,1.46512,24,5281.527202,3.379153,,,0.997314,,26.967514,,,,1.466249,,,,,,,,,,0.056054,0.167306,synthetic,False,2.0,73.256,26.744,-0.2005500000000069,0.20641999999999996,0.19051600000000007,0.18128299999999997,,,,217.72173999999998,0.0,0.0,108.86086999999999,-0.18776242424242684,-0.1871550769230769,26.8144449,26.71554584,,0.9995180000000001,91.0,,71.88355,71.34009999999999,68.46055,64.40705,128,False
demo,D06,130,1.454988,24,5258.821123,3.377485,,,1.008764,,26.867531,,,,1.454793,,,,,,,,,,0.053206,0.170751,synthetic,False,2.0,72.7494,27.250600000000006,0.5066000000000059,0.18809000000000112,0.18920200000000023,0.184812,,,,219.17653299999998,0.0,0.0,109.58826649999999,-0.21916424242424065,-0.1932278076923086,26.7791783,26.70135532,,0.9993870000000001,91.0,,72.39655,70.85225000000001,68.29889999999999,63.8886,129,False
demo,D06,131,1.455389,24,5233.741904,3.38487,,,0.994559,,26.967119,,,,1.454492,,,,,,,,,,0.054693,0.167086,synthetic,False,2.0,72.76945,27.230549999999994,-0.02005000000001189,0.16133999999999987,0.19334000000000004,0.1868459999999999,,,,220.63102499999997,0.0,0.0,110.31551249999998,-0.24317030303029982,-0.19424196153846157,26.7932326,26.70239092,,1.0005106000000001,91.0,,71.95165,71.56774999999999,68.25535,63.236349999999995,130,False
demo,D06,132,1.459586,24,5242.836104,3.371581,,,0.980346,,27.237336,,,,1.467406,,,,,,,,,,0.05458,0.176176,synthetic,False,2.0,72.97930000000001,27.02069999999999,-0.20985000000000298,0.21680999999999956,0.1721339999999998,0.17746099999999984,,,,222.09843099999998,0.0,0.0,111.04921549999999,-0.18520363636363976,-0.19280396153846177,26.882748099999997,26.72493892,,0.9989988999999999,91.0,,71.6035,70.8194,67.71464999999999,62.515100000000004,131,False
demo,D06,133,1.451827,24,5223.037394,3.379685,,,0.986989,,26.962669,,,,1.447358,,,,,,,,,,0.05556,0.174965,synthetic,False,2.0,72.59135,27.408649999999994,0.38795000000000357,0.14918499999999996,0.17829399999999965,0.18057299999999998,,,,223.54578899999998,0.0,0.0,111.77289449999999,-0.19306454545454482,-0.19397626923076866,26.8908101,26.747244799999997,,0.9966487,91.0,,71.80235,70.61115,67.77295,61.9814,132,False
demo,D06,134,1.437671,24,5157.619785,3.385412,,,1.0001,,26.703827,,,,1.440427,,,,,,,,,,0.05542,0.173545,synthetic,False,2.0,71.88355,28.11645,0.707800000000006,0.2646150000000006,0.20046600000000012,0.19370499999999993,,,,224.98621599999998,0.0,0.0,112.49310799999999,-0.19168303030302947,-0.1997883846153843,26.8711403,26.76129272,,0.9950885000000002,91.0,,71.34009999999999,70.32475000000001,68.40845,62.22455,133,False
demo,D06,135,1.447931,24,5220.113294,3.38102,,,0.981366,,27.104601,,,,1.445433,,,,,,,,,,0.055379,0.172581,synthetic,False,2.0,72.39655,27.603449999999995,-0.5130000000000052,0.1640199999999993,0.17366600000000004,0.17665300000000003,,,,226.431649,0.0,0.0,113.2158245,-0.16310848484848642,-0.1985799999999998,26.906838800000003,26.781678160000002,,0.9939984000000001,91.0,,70.85225000000001,70.6108,66.87965,62.47865,134,False
demo,D06,136,1.439033,24,5174.520502,3.383464,,,0.997028,,26.683676,,,,1.43941,,,,,,,,,,0.055435,0.176581,synthetic,False,2.0,71.95165,28.04835,0.44490000000000407,0.17386000000000051,0.20061800000000005,0.18527800000000014,,,,227.871059,0.0,0.0,113.9355295,-0.1620200000000006,-0.19584965384615405,26.9266121,26.788255760000002,,0.9945910000000001,91.0,,71.56774999999999,69.90960000000001,67.1357,62.265800000000006,135,False
demo,D06,137,1.43207,24,5145.063111,3.372442,,,0.986079,,26.892784,,,,1.439427,,,,,,,,,,0.055702,0.176351,synthetic,False,2.0,71.6035,28.396500000000003,0.34815000000000396,0.20142000000000024,0.19092000000000042,0.1892410000000001,,,,229.310486,0.0,0.0,114.655243,-0.16368424242423973,-0.19838096153846163,26.892792300000004,26.802814400000003,,0.9926315000000001,91.0,,70.8194,69.41355,66.90805,62.27629999999999,136,False
demo,D06,138,1.436047,24,5177.502564,3.373098,,,1.016399,,26.522659,,,,1.433283,,,,,,,,,,0.05618,0.176032,synthetic,False,2.0,71.80235,28.197649999999996,-0.1988500000000073,0.12530999999999892,0.1889620000000002,0.17821999999999974,,,,230.743769,0.0,0.0,115.3718845,-0.16757090909090908,-0.1939061923076927,26.8909716,26.79881556,,0.9948944000000001,91.0,,70.61115,70.57635,67.11365,61.722,137,False
demo,D06,139,1.426802,24,5118.863523,3.384099,,,1.021651,,26.601477,,,,1.424736,,,,,,,,,,0.055881,0.174298,synthetic,False,2.0,71.34009999999999,28.659900000000007,0.4622500000000116,0.19159000000000076,0.1984280000000001,0.18165899999999993,,,,232.16850499999998,0.0,0.0,116.08425249999999,-0.168112121212124,-0.1923204615384611,26.8543679,26.79545804,,0.9973281,91.0,,70.32475000000001,69.8944,66.0579,61.35475,138,False
demo,D06,140,1.417045,24,5113.154199,3.377535,,,0.989418,,26.887279,,,,1.416995,,,,,,,,,,0.055545,0.172271,synthetic,False,2.0,70.85225000000001,29.147749999999988,0.48784999999998035,0.18971499999999822,0.20737999999999943,0.19840799999999972,,,,233.58549999999997,0.0,0.0,116.79274999999998,-0.20581363636363734,-0.19406253846153837,26.8563427,26.7973412,,0.9953934999999999,91.0,,70.6108,69.5553,66.3026,61.363299999999995,139,False
demo,D06,141,1.431355,24,5145.483029,3.379332,,,1.002568,,26.944989,,,,1.42893,,,,,,,,,,0.056088,0.175047,synthetic,False,2.0,71.56774999999999,28.43225000000001,-0.7154999999999774,0.12017000000000166,0.14202000000000056,0.1685300000000001,,,,235.01442999999998,0.0,0.0,117.50721499999999,-0.18015545454545803,-0.19439692307692255,26.854129699999998,26.8176606,,0.9961943999999999,91.0,,69.90960000000001,69.03825,66.07805,61.29715,140,False
demo,D06,142,1.416388,24,5116.728938,3.372576,,,0.990396,,26.44982,,,,1.418893,,,,,,,,,,0.056662,0.175793,synthetic,False,2.0,70.8194,29.1806,0.7483499999999879,0.21599000000000074,0.199486,0.185188,,,,236.43332299999997,0.0,0.0,118.21666149999999,-0.1667603030303039,-0.19202500000000014,26.7753781,26.81344372,,0.9971994000000001,91.0,,69.41355,69.33555,66.31595,61.155950000000004,141,False
demo,D06,143,1.412223,24,5078.013343,3.376931,,,0.996907,,27.005987,,,,1.410713,,,,,,,,,,0.055322,0.172939,synthetic,False,2.0,70.61115,29.388850000000005,0.2082500000000067,0.19802000000000106,0.22319000000000017,0.18596000000000004,,,,237.84403599999996,0.0,0.0,118.92201799999998,-0.16440696969697188,-0.18389561538461535,26.7797099,26.82670904,,0.9981912000000002,91.0,,70.57635,68.95655000000001,65.81995,60.64935,142,False
demo,D06,144,1.406495,24,5072.982278,3.371228,,,1.018035,,26.6854,,,,1.408335,,,,,,,,,,0.055876,0.172686,synthetic,False,2.0,70.32475000000001,29.67524999999999,0.2863999999999862,0.15587999999999907,0.19981799999999963,0.18201199999999973,,,,239.25237099999995,0.0,0.0,119.62618549999998,-0.20085969696969702,-0.18282480769230774,26.777867199999996,26.826464119999997,,0.9999847,91.0,,69.8944,68.46055,66.1767,60.955749999999995,143,False
demo,D06,145,1.412216,24,5086.714951,3.381274,,,0.995333,,27.201599,,,,1.408461,,,,,,,,,,0.05704,0.176911,synthetic,False,2.0,70.6108,29.389200000000002,-0.2860499999999888,0.17857500000000073,0.1607800000000003,0.17156199999999985,,,,240.66083199999994,0.0,0.0,120.33041599999997,-0.16861515151514928,-0.18216988461538533,26.787567000000003,26.8257202,,1.0013814,91.0,,69.5553,68.29889999999999,65.6412,60.29785,144,False
demo,D06,146,1.398192,24,5044.723036,3.385685,,,0.99714,,26.814721,,,,1.393139,,,,,,,,,,0.054915,0.179065,synthetic,False,2.0,69.90960000000001,30.09039999999999,0.7011999999999858,0.20420499999999892,0.17892999999999973,0.1847649999999996,,,,242.05397099999993,0.0,0.0,121.02698549999997,-0.18263242424242188,-0.1873701538461539,26.8006715,26.825246000000003,,1.0013926,91.0,,69.03825,68.25535,65.12385,60.02205000000001,145,False
demo,D06,147,1.388271,24,4999.425055,3.37547,,,0.990575,,26.636688,,,,1.387635,,,,,,,,,,0.057922,0.172221,synthetic,False,2.0,69.41355,30.58645,0.496050000000011,0.2189949999999996,0.22935400000000017,0.1903049999999999,,,,243.44160599999992,0.0,0.0,121.72080299999996,-0.22216484848485288,-0.18606288461538376,26.775061899999997,26.83702628,,1.0018422,91.0,,69.33555,67.71464999999999,65.12299999999999,59.918749999999996,146,False
demo,D06,148,1.411527,24,5056.138777,3.373901,,,1.011462,,26.901661,,,,1.407099,,,,,,,,,,0.054546,0.172749,synthetic,False,2.0,70.57635,29.423649999999995,-1.1628000000000043,0.1225999999999999,0.140274,0.15769800000000003,,,,244.8487049999999,0.0,0.0,122.42435249999996,-0.15847030303030304,-0.18025342307692313,26.812962100000004,26.837810760000004,,1.0013485,91.0,,68.95655000000001,67.77295,64.74885,60.2022,147,False
demo,D06,149,1.397888,24,5047.627184,3.364601,,,0.967367,,26.674109,,,,1.402133,,,,,,,,,,0.055676,0.175137,synthetic,False,2.0,69.8944,30.105599999999995,0.6819500000000005,0.1445699999999988,0.18541200000000002,0.17261599999999988,,,,246.2508379999999,0.0,0.0,123.12541899999995,-0.14792909090908526,-0.1735763076923073,26.820225299999997,26.82875412,,0.9959201,91.0,,68.46055,68.40845,64.9166,59.638000000000005,148,False
demo,D06,150,1.391106,24,5006.665413,3.36715,,,0.995572,,27.230577,,,,1.38685,,,,,,,,,,0.055139,0.175816,synthetic,False,2.0,69.5553,30.444699999999997,0.33910000000000196,0.12969500000000095,0.1792579999999998,0.1813379999999998,,,,247.6376879999999,0.0,0.0,123.81884399999996,-0.17088393939393923,-0.17139323076923074,26.8545551,26.848072560000002,,0.9965355,91.0,,68.29889999999999,66.87965,64.0626,59.2673,149,False
demo,D06,151,1.380765,24,4982.526614,3.378815,,,0.999541,,26.928985,,,,1.377899,,,,,,,,,,0.05838,0.173202,synthetic,False,2.0,69.03825,30.961749999999995,0.5170499999999976,0.25294999999999845,0.18608000000000005,0.1941059999999999,,,,249.01558699999993,0.0,0.0,124.50779349999996,-0.15862090909090948,-0.17400065384615418,26.852954699999998,26.86579424,,0.9962328000000001,91.0,,68.25535,67.1357,64.0184,,150,False
demo,D06,152,1.386711,24,5002.497044,3.369222,,,0.993389,,26.882014,,,,1.387858,,,,,,,,,,0.05563,0.180182,synthetic,False,2.0,69.33555,30.664450000000002,-0.2972999999999928,0.14838500000000038,0.17128600000000005,0.18031399999999992,,,,250.40344499999992,0.0,0.0,125.20172249999996,-0.14937090909090758,-0.17101080769230745,26.896174100000003,26.851835519999998,,0.9965320999999999,91.0,,67.71464999999999,66.90805,64.20525,,151,False
demo,D06,153,1.379131,24,4953.353688,3.370908,,,1.008635,,27.079254,,,,1.377514,,,,,,,,,,0.055708,0.176101,synthetic,False,2.0,68.95655000000001,31.043449999999993,0.3789999999999907,0.16545999999999877,0.16395599999999944,0.16538899999999984,,,,251.7809589999999,0.0,0.0,125.89047949999996,-0.15669090909090544,-0.1738479615384615,26.9035008,26.873371040000002,,0.9977048999999999,91.0,,67.77295,67.11365,64.23910000000001,,152,False
demo,D06,154,1.369211,24,4915.632115,3.373773,,,1.01202,,26.694947,,,,1.365053,,,,,,,,,,0.055937,0.176826,synthetic,False,2.0,68.46055,31.539450000000002,0.4960000000000093,0.18642000000000108,0.1918180000000001,0.1911670000000001,,,,253.1460119999999,0.0,0.0,126.57300599999995,-0.19010303030302955,-0.17610507692307661,26.9044555,26.86246836,,0.9971034,91.0,,68.40845,66.0579,64.40705,,153,False
demo,D06,155,1.365978,24,4927.187426,3.376676,,,0.98588,,26.628745,,,,1.371551,,,,,,,,,,0.056436,0.180638,synthetic,False,2.0,68.29889999999999,31.70110000000001,0.16165000000000873,0.23119000000000084,0.1780200000000002,0.18361100000000022,,,,254.5175629999999,0.0,0.0,127.25878149999996,-0.19066606060607091,-0.18123153846153917,26.8471701,26.85291692,,0.9961580999999999,91.0,,66.87965,66.3026,63.8886,,154,False
demo,D06,156,1.365107,24,4909.913385,3.36984,,,1.020935,,27.054428,,,,1.362372,,,,,,,,,,0.05602,0.174049,synthetic,False,2.0,68.25535,31.744649999999993,0.04354999999998199,0.16542500000000046,0.18056399999999997,0.186952,,,,255.8799349999999,0.0,0.0,127.93996749999995,-0.21232818181818292,-0.18313603846153836,26.8711408,26.85640928,,0.9985375999999999,91.0,,67.1357,66.07805,63.236349999999995,,155,False
demo,D06,157,1.354293,24,4889.149942,3.367668,,,0.985767,,26.693643,,,,1.353761,,,,,,,,,,0.056324,0.175563,synthetic,False,2.0,67.71464999999999,32.28535000000001,0.5407000000000153,0.1698900000000009,0.2105860000000007,0.19136000000000025,,,,257.2336959999999,0.0,0.0,128.61684799999995,-0.27650151515151633,-0.1844607307692305,26.8768363,26.83466156,,0.9980568,91.0,,66.90805,66.31595,62.515100000000004,,156,False
demo,D06,158,1.355459,24,4877.045109,3.369719,,,1.012886,,26.691808,,,,1.354892,,,,,,,,,,0.052916,0.172022,synthetic,False,2.0,67.77295,32.227050000000006,-0.05830000000000268,0.28034000000000103,0.19273600000000043,0.18551500000000004,,,,258.5885879999999,0.0,0.0,129.29429399999995,-0.23938212121212374,-0.18507703846153886,26.855851,26.82382712,,0.9981992,91.0,,67.11365,65.81995,61.9814,,157,False
demo,D06,159,1.368169,24,4940.531477,3.368511,,,1.001498,,27.156935,,,,1.370113,,,,,,,,,,0.056375,0.174756,synthetic,False,2.0,68.40845,31.591549999999998,-0.6355000000000075,0.14859500000000025,0.1390039999999999,0.16973500000000002,,,,259.9587009999999,0.0,0.0,129.97935049999995,-0.1790818181818208,-0.18319873076923077,26.9041336,26.84195144,,1.0016123,91.0,,66.0579,66.1767,62.22455,,158,False
demo,D06,160,1.337593,24,4821.451256,3.364904,,,0.994963,,27.124876,,,,1.33883,,,,,,,,,,0.056642,0.172029,synthetic,False,2.0,66.87965,33.12035,1.528800000000004,0.26756500000000044,0.22067600000000026,0.19717100000000015,,,,261.2975309999999,0.0,0.0,130.64876549999994,-0.20676575757575635,-0.18762926923076892,26.8935635,26.842762439999998,,1.0015513999999999,91.0,,66.3026,65.6412,62.47865,,159,False
demo,D06,161,1.342714,24,4837.945269,3.369487,,,0.995906,,26.672472,,,,1.340493,,,,,,,,,,0.057611,0.178535,synthetic,False,2.0,67.1357,32.8643,-0.2560500000000019,0.1902550000000005,0.19263800000000003,0.19662800000000005,,,,262.63802399999986,0.0,0.0,131.31901199999993,-0.2225212121212155,-0.18990149999999956,26.8679122,26.84231428,,1.0011879,91.0,,66.07805,65.12385,62.265800000000006,,160,False
demo,D06,162,1.338161,24,4811.974442,3.368011,,,0.999665,,26.837974,,,,1.337289,,,,,,,,,,0.057927,0.177734,synthetic,False,2.0,66.90805,33.09195,0.22764999999999702,0.2427499999999995,0.18781799999999976,0.1893690000000001,,,,263.97531299999986,0.0,0.0,131.98765649999993,-0.20781272727272268,-0.19405203846153846,26.863508200000002,26.840121879999998,,1.0018155,91.0,,66.31595,65.12299999999999,62.27629999999999,,161,False
demo,D06,163,1.342273,24,4835.551787,3.376311,,,1.002084,,26.760658,,,,1.341664,,,,,,,,,,0.05639,0.175478,synthetic,False,2.0,67.11365,32.88634999999999,-0.205600000000004,0.18429,0.18754799999999988,0.18825500000000006,,,,265.31697699999984,0.0,0.0,132.65848849999992,-0.17773212121211832,-0.19070434615384607,26.8316486,26.84964184,,1.0011604,91.0,,65.81995,64.74885,61.722,,162,False
demo,D06,164,1.321158,24,4773.188893,3.3669,,,0.990798,,27.462343,,,,1.323137,,,,,,,,,,0.057605,0.176852,synthetic,False,2.0,66.0579,33.942099999999996,1.0557500000000033,0.24026499999999942,0.21128799999999956,0.20485799999999985,,,,266.6401139999998,0.0,0.0,133.3200569999999,-0.2159663636363586,-0.19811784615384653,26.9083882,26.884076480000004,,0.9990382,91.0,,66.1767,64.9166,61.35475,,163,False
demo,D06,165,1.326052,24,4773.009816,3.370361,,,0.997661,,27.237425,,,,1.322953,,,,,,,,,,0.055638,0.179242,synthetic,False,2.0,66.3026,33.6974,-0.2446999999999946,0.19962999999999909,0.18198600000000056,0.194683,,,,267.9630669999998,0.0,0.0,133.9815334999999,-0.22250696969696862,-0.20408784615384665,26.9692562,26.898082320000004,,1.0002163000000002,91.0,,65.6412,64.0626,61.363299999999995,,164,False
demo,D06,166,1.321561,24,4765.20257,3.36091,,,0.992293,,26.912447,,,,1.326896,,,,,,,,,,0.057552,0.17373,synthetic,False,2.0,66.07805,33.921949999999995,0.2245499999999936,0.21773000000000026,0.2195879999999994,0.18080399999999996,,,,269.2899629999998,0.0,0.0,134.6449814999999,-0.22000151515151295,-0.20147588461538452,26.955058100000002,26.896780640000003,,0.9973521000000002,91.0,,65.12385,64.0184,61.29715,,165,False
demo,D06,167,1.326319,24,4775.412343,3.36789,,,0.98785,,27.15457,,,,1.324305,,,,,,,,,,0.056164,0.17756,synthetic,False,2.0,66.31595,33.68405,-0.23789999999999623,0.1398699999999991,0.18013800000000002,0.189812,,,,270.61426799999975,0.0,0.0,135.30713399999988,-0.21417484848484686,-0.1999285769230772,27.001150799999998,26.92497064,,0.9975604,91.0,,65.12299999999999,64.20525,61.155950000000004,,166,False
demo,D06,168,1.316399,24,4740.80865,3.361658,,,0.991827,,26.686355,,,,1.316376,,,,,,,,,,0.055651,0.179443,synthetic,False,2.0,65.81995,34.180049999999994,0.4959999999999951,0.19529999999999886,0.19164799999999957,0.20741899999999988,,,,271.93064399999975,0.0,0.0,135.96532199999987,-0.21456212121212093,-0.20157803846153774,27.0006055,26.91218536,,0.9954544999999999,91.0,,64.74885,64.23910000000001,60.64935,,167,False
demo,D06,169,1.323534,24,4789.358511,3.367024,,,0.9885,,26.846537,,,,1.320464,,,,,,,,,,0.056579,0.171712,synthetic,False,2.0,66.1767,33.8233,-0.356749999999991,0.2231750000000005,0.16592200000000049,0.18287000000000006,,,,273.25110799999976,0.0,0.0,136.62555399999988,-0.12945090909090445,-0.19911288461538465,26.969565699999997,26.918630840000002,,0.9941547,91.0,,64.9166,64.40705,60.955749999999995,,168,False
demo,D06,170,1.312824,24,4743.204466,3.366857,,,0.995798,,27.05698,,,,1.309415,,,,,,,,,,0.058272,0.179542,synthetic,False,2.0,65.6412,34.3588,0.535499999999999,0.12384500000000002,0.198784,0.17978200000000016,,,,274.56052299999976,0.0,0.0,137.28026149999988,-0.14841727272727223,-0.19553950000000012,26.962776099999996,26.912846079999998,,0.9942382000000001,91.0,,64.0626,63.8886,60.29785,,169,False
demo,D06,171,1.302477,24,4690.035284,3.363009,,,1.004325,,27.159342,,,,1.300199,,,,,,,,,,0.057156,0.172879,synthetic,False,2.0,65.12385,34.876149999999996,0.5173499999999933,0.20118499999999956,0.1914300000000003,0.18518,,,,275.8607219999998,0.0,0.0,137.9303609999999,-0.16352121212121473,-0.19993088461538427,27.011463099999997,26.926630919999997,,0.9950801,91.0,,64.0184,63.236349999999995,60.02205000000001,,170,False
demo,D06,172,1.30246,24,4691.873065,3.372437,,,1.001207,,27.021945,,,,1.299932,,,,,,,,,,0.058472,0.177549,synthetic,False,2.0,65.12299999999999,34.87700000000001,0.0008500000000140062,0.17850500000000125,0.1716220000000004,0.20048800000000028,,,,277.1606539999998,0.0,0.0,138.5803269999999,-0.16946212121212434,-0.20560926923076922,27.0298602,26.942041200000002,,0.9952342999999999,91.0,,64.20525,62.515100000000004,59.918749999999996,,171,False
demo,D06,173,1.294977,24,4652.09985,3.367584,,,1.019743,,27.119538,,,,1.293904,,,,,,,,,,0.056302,0.174711,synthetic,False,2.0,64.74885,35.251149999999996,0.374149999999986,0.23648000000000025,0.23310000000000003,0.18668700000000002,,,,278.4545579999998,0.0,0.0,139.2272789999999,-0.1604675757575751,-0.1998129230769242,27.0657482,26.950756279999997,,0.9970002000000001,91.0,,64.23910000000001,61.9814,60.2022,,172,False
demo,D06,174,1.298332,24,4671.569069,3.367,,,0.977895,,27.072086,,,,1.29579,,,,,,,,,,0.058065,0.18236,synthetic,False,2.0,64.9166,35.0834,-0.16774999999999807,0.1141300000000001,0.19911200000000007,0.19226200000000004,,,,279.7503479999998,0.0,0.0,139.8751739999999,-0.18404212121212096,-0.19480492307692315,27.026722499999998,26.96667536,,0.9957098999999999,91.0,,64.40705,62.22455,59.638000000000005,,173,False
demo,D06,175,1.281252,24,4616.788439,3.363214,,,1.004693,,27.037228,,,,1.283034,,,,,,,,,,0.056535,0.175279,synthetic,False,2.0,64.0626,35.9374,0.8539999999999992,0.22399999999999948,0.21970799999999996,0.19948299999999988,,,,281.0333819999998,0.0,0.0,140.5166909999999,-0.22405121212121154,-0.19724192307692304,27.0067028,26.9589414,,0.9964131,91.0,,63.8886,62.47865,59.2673,,174,False
demo,D06,176,1.280368,24,4621.087654,3.367099,,,1.000064,,27.005411,,,,1.278363,,,,,,,,,,0.057422,0.173835,synthetic,False,2.0,64.0184,35.9816,0.04420000000000357,0.20596500000000048,0.20079400000000022,0.19343700000000014,,,,282.3117449999998,0.0,0.0,141.1558724999999,-0.2542896969696969,-0.2010322692307702,27.0159992,26.96199844,,0.9971902,91.0,,63.236349999999995,62.265800000000006,,,175,False
demo,D06,177,1.284105,24,4633.168716,3.354765,,,1.008157,,26.967276,,,,1.28181,,,,,,,,,,0.057376,0.179036,synthetic,False,2.0,64.20525,35.79474999999999,-0.18685000000000684,0.21106999999999942,0.20521199999999964,0.18824899999999986,,,,283.5935549999998,0.0,0.0,141.7967774999999,-0.23351090909090827,-0.196263423076923,26.997269799999998,26.96540892,,0.9992208999999999,91.0,,62.515100000000004,62.27629999999999,,,176,False
demo,D06,178,1.284782,24,4609.821726,3.366079,,,1.007165,,27.130812,,,,1.283772,,,,,,,,,,0.057814,0.177368,synthetic,False,2.0,64.23910000000001,35.76089999999999,-0.033850000000001046,0.1580849999999998,0.18869799999999998,0.1763269999999997,,,,284.8773269999998,0.0,0.0,142.4386634999999,-0.21836818181817913,-0.1910257307692315,27.0417155,26.967471239999995,,1.0007547,91.0,,61.9814,61.722,,,177,False
demo,D06,179,1.288141,24,4650.900518,3.357053,,,0.99835,,27.170492,,,,1.290699,,,,,,,,,,0.057369,0.173961,synthetic,False,2.0,64.40705,35.59295,-0.1679499999999905,0.17696499999999987,0.16213999999999998,0.17697900000000005,,,,286.1680259999998,0.0,0.0,143.0840129999999,-0.1511193939393913,-0.1855689230769224,27.074111,26.98649304,,1.0017397000000001,91.0,,62.22455,61.35475,,,178,False
demo,D06,180,1.277772,24,4598.7547,3.357464,,,1.001727,,27.132932,,,,1.278321,,,,,,,,,,0.056483,0.180467,synthetic,False,2.0,63.8886,36.1114,0.5184500000000014,0.1752600000000001,0.17641199999999968,0.17721599999999996,,,,287.44634699999983,0.0,0.0,143.72317349999992,-0.12639939393939548,-0.18339623076923042,27.081706199999996,27.00666052,,1.0023326000000001,91.0,,62.47865,61.363299999999995,,,179,False
demo,D06,181,1.264727,24,4539.535374,3.360336,,,0.992559,,26.80826,,,,1.264475,,,,,,,,,,0.058233,0.173436,synthetic,False,2.0,63.236349999999995,36.763650000000005,0.6522500000000022,0.188750000000001,0.2007600000000005,0.19066200000000022,,,,288.71082199999984,0.0,0.0,144.35541099999992,-0.1505030303030299,-0.18428726923076968,27.046598,26.996813799999998,,1.001156,91.0,,62.265800000000006,61.29715,,,180,False
demo,D06,182,1.250302,24,4519.133601,3.361221,,,1.006137,,26.874815,,,,1.246719,,,,,,,,,,0.059229,0.176879,synthetic,False,2.0,62.515100000000004,37.484899999999996,0.7212499999999906,0.26078999999999863,0.20798199999999953,0.2092840000000001,,,,289.9575409999998,0.0,0.0,144.9787704999999,-0.19112545454545654,-0.19338223076923083,27.031885,27.004060680000002,,1.001649,91.0,,62.27629999999999,61.155950000000004,,,181,False
demo,D06,183,1.239628,24,4482.25251,3.350339,,,0.981211,,27.240278,,,,1.236795,,,,,,,,,,0.05702,0.178689,synthetic,False,2.0,61.9814,38.0186,0.5337000000000032,0.27674500000000035,0.23166199999999976,0.2121990000000001,,,,291.1943359999998,0.0,0.0,145.5971679999999,-0.2541912121212124,-0.20282100000000033,27.043959,27.02599948,,0.9977957999999999,91.0,,61.722,60.64935,,,182,False
demo,D06,184,1.244491,24,4483.71301,3.353511,,,1.007768,,27.501182,,,,1.241309,,,,,,,,,,0.05572,0.182627,synthetic,False,2.0,62.22455,37.77545,-0.24314999999999998,0.2692050000000002,0.24735600000000005,0.19318,,,,292.4356449999998,0.0,0.0,146.2178224999999,-0.259266060606059,-0.19920526923076923,27.086868600000003,27.03976936,,1.0007831,91.0,,61.35475,60.955749999999995,,,183,False
demo,D06,185,1.249573,24,4508.029739,3.356587,,,0.999768,,27.163744,,,,1.252839,,,,,,,,,,0.058004,0.183903,synthetic,False,2.0,62.47865,37.52135,-0.2541000000000011,0.15839500000000015,0.17603999999999986,0.19835800000000006,,,,293.6884839999998,0.0,0.0,146.8442419999999,-0.2747833333333295,-0.20377515384615322,27.0995202,27.04132408,,1.0002906,91.0,,61.363299999999995,60.29785,,,184,False
demo,D06,186,1.245316,24,4493.459009,3.354919,,,0.995129,,27.029109,,,,1.246637,,,,,,,,,,0.057216,0.183496,synthetic,False,2.0,62.265800000000006,37.734199999999994,0.212849999999996,0.1752599999999994,0.19479599999999977,0.1937169999999999,,,,294.9351209999998,0.0,0.0,147.4675604999999,-0.2856578787878815,-0.20436392307692436,27.101889999999997,27.055589559999998,,0.9997971,91.0,,61.29715,60.02205000000001,,,185,False
demo,D06,187,1.245526,24,4502.667728,3.359107,,,0.997675,,27.187797,,,,1.243379,,,,,,,,,,0.057414,0.179719,synthetic,False,2.0,62.27629999999999,37.72370000000001,-0.010499999999986187,0.19289500000000145,0.18527000000000043,0.1865440000000001,,,,296.1784999999998,0.0,0.0,148.0892499999999,-0.2622593939393928,-0.20338619230769206,27.1239421,27.069582479999998,,0.9987489,91.0,,61.155950000000004,59.918749999999996,,,186,False
demo,D06,188,1.23444,24,4453.690956,3.368049,,,0.998408,,26.864134,,,,1.233047,,,,,,,,,,0.058212,0.17334,synthetic,False,2.0,61.722,38.278,0.5542999999999907,0.25171000000000066,0.21566600000000022,0.20160700000000006,,,,297.4115469999998,0.0,0.0,148.7057734999999,-0.24345757575757396,-0.201906192307692,27.0972743,27.07372152,,0.9978732000000001,91.0,,60.64935,60.2022,,,187,False
demo,D06,189,1.227095,24,4399.946194,3.355064,,,1.012973,,27.486593,,,,1.225069,,,,,,,,,,0.057273,0.182089,synthetic,False,2.0,61.35475,38.64525,0.3672499999999985,0.30522999999999956,0.18812600000000004,0.1997069999999998,,,,298.63661599999983,0.0,0.0,149.31830799999992,-0.20298060606060775,-0.2102262692307697,27.128884399999997,27.07469152,,0.9993354999999999,91.0,,60.955749999999995,59.638000000000005,,,188,False
demo,D06,190,1.227266,24,4444.79718,3.350467,,,1.032335,,27.205749,,,,1.225092,,,,,,,,,,0.057458,0.185321,synthetic,False,2.0,61.363299999999995,38.636700000000005,-0.008549999999992508,0.25253000000000014,0.1975720000000001,0.18977900000000034,,,,299.86170799999985,0.0,0.0,149.93085399999993,-0.15960303030302908,-0.21240261538461605,27.136166099999997,27.07342448,,1.0023962999999998,91.0,,60.29785,59.2673,,,189,False
demo,D06,191,1.225943,24,4427.505828,3.348057,,,1.012199,,26.993721,,,,1.227072,,,,,,,,,,0.05764,0.184664,synthetic,False,2.0,61.29715,38.70285,0.06614999999999327,0.19391999999999926,0.1912360000000001,0.20541199999999976,,,,301.0887799999999,0.0,0.0,150.54438999999994,-0.1327072727272717,-0.21363561538461479,27.1547122,27.07667544,,1.0043602999999999,91.0,,60.02205000000001,,,,190,False
demo,D06,192,1.223119,24,4396.497619,3.351589,,,0.994347,,27.123623,,,,1.222416,,,,,,,,,,0.059239,0.182464,synthetic,False,2.0,61.155950000000004,38.844049999999996,0.14119999999999777,0.13591499999999995,0.20639999999999986,0.19326899999999994,,,,302.3111959999999,0.0,0.0,151.15559799999994,-0.1380912121212149,-0.2101153846153839,27.179593,27.07543756,,1.0031813,91.0,,59.918749999999996,,,,191,False
demo,D06,193,1.212987,24,4353.266299,3.347862,,,1.006298,,27.04876,,,,1.218036,,,,,,,,,,0.0579,0.177912,synthetic,False,2.0,60.64935,39.35065,0.5066000000000059,0.13320500000000024,0.20682400000000029,0.19923599999999994,,,,303.52923199999987,0.0,0.0,151.76461599999993,-0.19021333333333,-0.21226223076923195,27.1604412,27.089933760000005,,1.00569,91.0,,60.2022,,,,192,False
demo,D06,194,1.219115,24,4395.459314,3.35426,,,1.006733,,27.499246,,,,1.222163,,,,,,,,,,0.056573,0.179659,synthetic,False,2.0,60.955749999999995,39.044250000000005,-0.30639999999999645,0.1268800000000006,0.20883800000000008,0.18738000000000027,,,,304.7513949999999,0.0,0.0,152.37569749999994,-0.19326666666666711,-0.20403588461538497,27.1602476,27.116042120000003,,1.0055865000000002,91.0,,59.638000000000005,,,,193,False
demo,D06,195,1.205957,24,4337.819836,3.352553,,,0.990748,,27.140505,,,,1.209115,,,,,,,,,,0.056745,0.187563,synthetic,False,2.0,60.29785,39.70215,0.6578999999999979,0.2180800000000005,0.21373400000000004,0.20625900000000003,,,,305.9605099999999,0.0,0.0,152.98025499999994,-0.1998860606060616,-0.20322134615384682,27.157923699999998,27.11938312,,1.0046845000000002,91.0,,59.2673,,,,194,False
demo,D06,196,1.200441,24,4325.867109,3.348202,,,0.987392,,27.238179,,,,1.202053,,,,,,,,,,0.058135,0.177732,synthetic,False,2.0,60.02205000000001,39.97794999999999,0.2757999999999896,0.22437499999999985,0.2040719999999999,0.1977510000000001,,,,307.16256299999986,0.0,0.0,153.58128149999993,-0.20930515151515333,-0.20601588461538556,27.1788307,27.122536600000004,,1.0039108,91.0,,,,,,195,False
demo,D06,197,1.198375,24,4323.772941,3.357737,,,0.999367,,27.345869,,,,1.197362,,,,,,,,,,0.056887,0.178621,synthetic,False,2.0,59.918749999999996,40.081250000000004,0.1033000000000115,0.23575499999999963,0.2081699999999998,0.1898960000000001,,,,308.35992499999986,0.0,0.0,154.17996249999993,-0.19646181818182043,-0.20584800000000006,27.194637899999996,27.13549356,,1.00408,91.0,,,,,,196,False
demo,D06,198,1.204044,24,4327.194081,3.347564,,,1.008077,,27.008742,,,,1.205484,,,,,,,,,,0.056397,0.184666,synthetic,False,2.0,60.2022,39.7978,-0.283450000000002,0.15198000000000036,0.18186600000000028,0.20748300000000014,,,,309.5654089999999,0.0,0.0,154.78270449999994,-0.1765345454545433,-0.20280188461538462,27.2090987,27.13106172,,1.0050469,91.0,,,,,,197,False
demo,D06,199,1.19276,24,4279.557639,3.348617,,,0.983882,,27.259288,,,,1.191928,,,,,,,,,,0.058708,0.180996,synthetic,False,2.0,59.638000000000005,40.361999999999995,0.5641999999999925,0.17167499999999974,0.2111439999999999,0.20512799999999998,,,,310.7573369999999,0.0,0.0,155.37866849999995,-0.1934433333333309,-0.19978884615384682,27.186368199999997,27.1385498,,1.0021378,91.0,,,,,,198,False
demo,D06,200,1.185346,24,4272.185255,3.350725,,,0.992791,,27.29059,,,,1.189211,,,,,,,,,,0.058831,0.179041,synthetic,False,2.0,59.2673,40.7327,0.37070000000000647,0.20959999999999965,0.19181200000000018,0.20576000000000008,,,,311.9465479999999,0.0,0.0,155.97327399999995,-0.20919303030303116,-0.20467719230769219,27.1948523,27.14868428,,0.9981834,91.0,,,,,,199,False
demo,D07,1,1.900938,43,3427.929511,3.436306,,,2.001399,,47.120015,,,,1.897929,,,,,,,,,,0.05182,0.151353,synthetic,False,2.0,95.0469,4.953100000000006,,,,,,,,1.897929,0.0,0.0,0.9489645,,,,,,,36.0,35.0,92.952,90.6259,84.12165,72.5418,0,True
demo,D07,2,1.913549,43,3464.656334,3.440932,,,1.99427,,46.669828,,,,1.91648,,,,,,,,,,0.05093,0.151313,synthetic,False,2.0,95.67745,4.322550000000007,-0.6305499999999995,,,,,,,3.814409,0.0,0.0,1.9072045,,,,,,,36.0,34.0,92.1782,90.5658,83.67235,72.87015,1,True
demo,D07,3,1.894544,43,3408.888064,3.436926,,,1.99292,,46.716404,,,,1.893768,,,,,,,,,,0.052522,0.15669,synthetic,False,2.0,94.7272,5.272800000000004,0.9502499999999969,,,,,,,5.708177,0.0,0.0,2.8540885,-0.15985000000002558,-0.15985000000002558,46.83541566666667,46.83541566666667,,1.9961963333333335,36.0,33.0,91.96305,90.431,83.62174999999999,71.81895,2,True
demo,D07,4,1.867622,43,3361.30335,3.428413,,,2.004102,,46.747875,,,,1.864917,,,,,,,,,,0.049748,0.153831,synthetic,False,2.0,93.38109999999999,6.618900000000011,1.346100000000007,0.5552666666666681,0.5552666666666681,0.5552666666666681,,,,7.573094,0.0,0.0,3.786547,-0.5947650000000121,-0.5947650000000121,46.8135305,46.8135305,,1.9981727500000002,36.0,32.0,91.2791,89.46255,82.70960000000001,71.29255,3,True
demo,D07,5,1.879266,43,3398.179769,3.428365,,,1.999175,,46.931828,,,,1.88196,,,,,,,,,,0.049517,0.161577,synthetic,False,2.0,93.9633,6.036699999999996,-0.5822000000000145,0.2708999999999975,0.2708999999999975,0.2708999999999975,,,,9.455054,0.0,0.0,4.727527,-0.4463549999999934,-0.4463549999999934,46.83719,46.83719,,1.9983732,36.0,31.0,91.55330000000001,89.1551,82.8272,70.9374,4,True
demo,D07,6,1.85904,43,3340.759905,3.433432,,,1.986245,,46.855444,,,,1.862596,,,,,,,,,,0.052179,0.156886,synthetic,False,2.0,92.952,7.048000000000002,1.0113000000000056,0.41897999999999913,0.41897999999999913,0.41897999999999913,,,,11.31765,0.0,0.0,5.658825,-0.48465857142856883,-0.48465857142856883,46.84023233333334,46.84023233333334,,1.9963518333333334,36.0,30.0,90.6259,88.41395,82.1512,70.6616,5,False
demo,D07,7,1.843564,43,3305.230087,3.435978,,,2.008472,,46.845159,,,,1.843494,,,,,,,,,,0.05243,0.153227,synthetic,False,2.0,92.1782,7.821799999999996,0.7737999999999943,0.47811666666666497,0.47811666666666497,0.47811666666666497,,,,13.161144,0.0,0.0,6.580572,-0.5293178571428545,-0.5293178571428545,46.84093614285714,46.84093614285714,,1.9980832857142856,36.0,29.0,90.5658,88.25605,81.15285,70.02125,6,False
demo,D07,8,1.839261,43,3313.156113,3.430225,,,1.995197,,46.925104,,,,1.836259,,,,,,,,,,0.051414,0.155329,synthetic,False,2.0,91.96305,8.036950000000004,0.2151500000000084,0.4405499999999997,0.4405499999999997,0.4405499999999997,,,,14.997403,0.0,0.0,7.4987015,-0.5217452380952315,-0.5217452380952315,46.851457125,46.851457125,,1.9977225,36.0,28.0,90.431,88.71055,81.27865,69.53965,7,False
demo,D07,9,1.825582,43,3296.657508,3.431451,,,2.015921,,46.305473,,,,1.826569,,,,,,,,,,0.052145,0.154571,synthetic,False,2.0,91.2791,8.7209,0.6839499999999958,0.47097499999999926,0.47097499999999926,0.47097499999999926,,,,16.823972,0.0,0.0,8.411986,-0.5290249999999974,-0.5290249999999974,46.79079222222222,46.79079222222222,,1.9997445555555555,36.0,27.0,89.46255,87.73585,80.28365,68.9066,8,False
demo,D07,10,1.831066,43,3299.487892,3.432934,,,1.98597,,46.30669,,,,1.830211,,,,,,,,,,0.052435,0.159158,synthetic,False,2.0,91.55330000000001,8.446699999999993,-0.27420000000000755,0.3881777777777763,0.3881777777777763,0.3881777777777763,,,,18.654183,0.0,0.0,9.3270915,-0.4889187878787849,-0.4889187878787849,46.742382,46.742382,,1.9983671,36.0,26.0,89.1551,86.9855,80.5394,68.37180000000001,9,False
demo,D07,11,1.812518,43,3261.583215,3.427632,,,1.998193,,46.762208,,,,1.811645,,,,,,,,,,0.051061,0.152583,synthetic,False,2.0,90.6259,9.374099999999999,0.9274000000000058,0.4420999999999992,0.4420999999999992,0.4420999999999992,,,,20.465828,0.0,0.0,10.232914,-0.5149442424242404,-0.4869736363636383,46.7066013,46.74418436363636,,1.9980465000000003,36.0,25.0,88.41395,86.44225,79.7978,67.9495,10,False
demo,D07,12,1.811316,43,3246.20195,3.423157,,,1.993,,46.733607,,,,1.80946,,,,,,,,,,0.05118,0.153525,synthetic,False,2.0,90.5658,9.434200000000004,0.06010000000000559,0.5111649999999998,0.40737272727272705,0.40737272727272705,,,,22.275288,0.0,0.0,11.137644,-0.44862333333333354,-0.4694332167832197,46.7129792,46.743302916666664,,1.9979195,36.0,24.0,88.25605,87.3368,79.96765,67.7144,11,False
demo,D07,13,1.80862,43,3254.946042,3.426859,,,1.990246,,46.932022,,,,1.811966,,,,,,,,,,0.052104,0.155881,synthetic,False,2.0,90.431,9.569000000000003,0.13479999999999848,0.4296199999999999,0.38465833333333305,0.38465833333333305,,,,24.087254,0.0,0.0,12.043627,-0.3910457575757573,-0.4478000000000023,46.734541,46.75781976923077,,1.9976520999999998,36.0,23.0,88.71055,86.31545,79.27250000000001,67.2814,12,False
demo,D07,14,1.789251,43,3232.565831,3.428485,,,1.995132,,46.821128,,,,1.790145,,,,,,,,,,0.053012,0.160479,synthetic,False,2.0,89.46255,10.537450000000007,0.9684500000000043,0.3918549999999996,0.4295653846153847,0.4295653846153847,,,,25.877399,0.0,0.0,12.9386995,-0.4239575757575768,-0.4490776923076924,46.741866300000005,46.762341785714284,,1.9967551000000001,36.0,22.0,87.73585,85.1735,78.17055,66.53365,13,False
demo,D07,15,1.783102,43,3197.699752,3.425007,,,2.017706,,46.970814,,,,1.786795,,,,,,,,,,0.051003,0.162375,synthetic,False,2.0,89.1551,10.844899999999996,0.3074499999999887,0.4808199999999999,0.42084285714285635,0.42084285714285635,,,,27.664194000000002,0.0,0.0,13.832097000000001,-0.38732848484848353,-0.4463675000000007,46.7457649,46.776239933333336,,1.9986082,36.0,21.0,86.9855,85.01315000000001,77.41915,66.4001,14,False
demo,D07,16,1.768279,43,3180.564659,3.424028,,,2.001434,,46.536183,,,,1.773005,,,,,,,,,,0.052119,0.16341,synthetic,False,2.0,88.41395,11.58605,0.7411500000000046,0.45380499999999985,0.44219666666666624,0.44219666666666624,,,,29.437199000000003,0.0,0.0,14.718599500000002,-0.40026454545453943,-0.4510566176470567,46.7138388,46.761236375,,2.0001271,36.0,20.0,86.44225,84.12165,77.8698,65.6033,15,False
demo,D07,17,1.765121,43,3173.523607,3.41879,,,1.992083,,46.849633,,,,1.766741,,,,,,,,,,0.052105,0.160985,synthetic,False,2.0,88.25605,11.743949999999998,0.15789999999999793,0.3922150000000002,0.4244281249999995,0.4244281249999995,,,,31.203940000000003,0.0,0.0,15.601970000000001,-0.4183933333333333,-0.44852647058823525,46.714286200000004,46.766436176470584,,1.9984882000000002,36.0,19.0,87.3368,83.67235,76.7289,64.9864,16,False
demo,D07,18,1.774211,43,3186.895459,3.420967,,,1.981714,,46.503419,,,,1.772414,,,,,,,,,,0.052676,0.158783,synthetic,False,2.0,88.71055,11.289450000000002,-0.4544999999999959,0.32524999999999976,0.37272647058823505,0.37272647058823505,,,,32.976354,0.0,0.0,16.488177,-0.37853333333333294,-0.4309083591331226,46.6721177,46.75182411111111,,1.9971399,36.0,18.0,86.31545,83.62174999999999,77.1764,64.70705,17,False
demo,D07,19,1.754717,43,3160.839172,3.418865,,,1.982786,,46.964639,,,,1.758368,,,,,,,,,,0.052444,0.162195,synthetic,False,2.0,87.73585,12.26415,0.9746999999999986,0.35432500000000006,0.40616944444444414,0.40616944444444414,,,,34.734722,0.0,0.0,17.367361,-0.39801121212121293,-0.4268836842105245,46.738034299999995,46.763024894736844,,1.9938264,36.0,17.0,85.1735,82.70960000000001,76.1579,63.74865,18,False
demo,D07,20,1.73971,43,3135.64221,3.417258,,,1.994635,,46.420864,,,,1.74133,,,,,,,,,,0.052057,0.156978,synthetic,False,2.0,86.9855,13.014499999999998,0.7503499999999974,0.4567800000000005,0.4242842105263154,0.4242842105263154,,,,36.476051999999996,0.0,0.0,18.238025999999998,-0.3971887878787874,-0.4285723684210512,46.7494517,46.74591685,,1.9946929,36.0,16.0,85.01315000000001,82.8272,75.97235,63.7344,19,False
demo,D07,21,1.728845,43,3115.962166,3.420777,,,1.993663,,46.99381,,,,1.737847,,,,,,,,,,0.05396,0.155312,synthetic,False,2.0,86.44225,13.557749999999999,0.5432500000000005,0.418365,0.43023249999999963,0.43023249999999963,,,,38.213899,0.0,0.0,19.1069495,-0.432457575757574,-0.4313117532467572,46.7726119,46.75772128571428,,1.9942398999999997,36.0,15.0,84.12165,82.1512,75.1371,62.709199999999996,20,False
demo,D07,22,1.746736,43,3134.911209,3.408953,,,1.997759,,46.512646,,,,1.747819,,,,,,,,,,0.051993,0.16144,synthetic,False,2.0,87.3368,12.663200000000003,-0.8945499999999953,0.3228999999999999,0.3671476190476189,0.3671476190476189,,,,39.961718,0.0,0.0,19.980859,-0.37222848484848287,-0.41764731789948906,46.7505158,46.7465815,,1.9947158000000003,36.0,14.0,83.67235,81.15285,74.69795,63.57945,21,False
demo,D07,23,1.726309,43,3092.012849,3.415911,,,1.977278,,46.814654,,,,1.728718,,,,,,,,,,0.052445,0.157931,synthetic,False,2.0,86.31545,13.684550000000002,1.0213499999999982,0.4115549999999999,0.3968840909090907,0.3968840909090907,,,,41.690436,0.0,0.0,20.845218,-0.3375566666666659,-0.4138124505928875,46.738779,46.74954117391304,,1.993419,36.0,13.0,83.62174999999999,81.27865,74.27035,61.5782,22,False
demo,D07,24,1.70347,43,3068.660041,3.412616,,,1.999083,,47.168527,,,,1.70446,,,,,,,,,,0.051374,0.161665,synthetic,False,2.0,85.1735,14.826499999999996,1.1419499999999942,0.42890499999999887,0.4292782608695648,0.4292782608695648,,,,43.394895999999996,0.0,0.0,21.697447999999998,-0.37985090909091257,-0.41814097826087093,46.7735189,46.766998916666665,,1.9938140999999998,36.0,12.0,82.70960000000001,80.28365,74.13935000000001,61.636,23,False
demo,D07,25,1.700263,43,3055.829024,3.407047,,,2.010277,,47.00645,,,,1.699926,,,,,,,,,,0.052284,0.162348,synthetic,False,2.0,85.01315000000001,14.98684999999999,0.160349999999994,0.4141949999999994,0.41807291666666596,0.41807291666666596,,,,45.09482199999999,0.0,0.0,22.547410999999997,-0.3993996969696957,-0.4191309615384629,46.7770825,46.77657696,,1.9930712,36.0,11.0,82.8272,80.5394,73.4272,61.675349999999995,24,False
demo,D07,26,1.682433,43,3045.080519,3.412991,,,2.016228,,46.564936,,,,1.681562,,,,,,,,,,0.053692,0.163447,synthetic,False,2.0,84.12165,15.878349999999998,0.8915000000000077,0.4292299999999997,0.4370099999999997,0.4370099999999997,,,,46.77638399999999,0.0,0.0,23.388191999999997,-0.46678030303029944,-0.42549673076922917,46.7799578,46.7543738,,1.9945505999999997,36.0,10.0,82.1512,79.7978,72.5418,60.6604,25,False
demo,D07,27,1.673447,43,3029.233459,3.406283,,,1.981056,,46.821732,,,,1.674431,,,,,,,,,,0.053586,0.165876,synthetic,False,2.0,83.67235,16.327650000000006,0.449300000000008,0.4583700000000007,0.48020399999999996,0.43748269230769227,,,,48.45081499999999,0.0,0.0,24.225407499999996,-0.5171669696969704,-0.42130034615384593,46.77716769999999,46.760449959999995,,1.9934479,36.0,9.0,81.15285,79.96765,72.87015,60.39084999999999,26,False
demo,D07,28,1.672435,43,3028.36092,3.407626,,,1.991986,,46.616003,,,,1.674178,,,,,,,,,,0.053875,0.165599,synthetic,False,2.0,83.62174999999999,16.37825000000001,0.050600000000002865,0.5088800000000007,0.44421800000000017,0.4231537037037038,,,,50.12499299999999,0.0,0.0,25.062496499999995,-0.4844536363636368,-0.41783884615384476,46.788426099999995,46.75643392,,1.9944750999999996,36.0,8.0,81.27865,79.27250000000001,71.81895,60.404849999999996,27,False
demo,D07,29,1.654192,43,2969.148806,3.414169,,,1.991458,,46.595022,,,,1.658012,,,,,,,,,,0.054009,0.164417,synthetic,False,2.0,82.70960000000001,17.29039999999999,0.9121499999999827,0.502624999999999,0.42685999999999924,0.4406178571428566,,,,51.78300499999999,0.0,0.0,25.891502499999994,-0.5047915151515161,-0.4277155384615362,46.751464399999996,46.7503198,,1.9953423000000001,36.0,7.0,80.28365,78.17055,71.29255,59.321,28,False
demo,D07,30,1.656544,43,2986.871606,3.411108,,,2.001457,,47.0446,,,,1.657567,,,,,,,,,,0.055522,0.162412,synthetic,False,2.0,82.8272,17.172799999999995,-0.11759999999999593,0.4158299999999997,0.44544399999999995,0.421368965517241,,,,53.44057199999999,0.0,0.0,26.720285999999994,-0.5078139393939376,-0.42247584615384787,46.813838,46.75483068,,1.9960244999999996,36.0,6.0,80.5394,77.41915,70.9374,58.47,29,False
demo,D07,31,1.643024,43,2965.170241,3.407676,,,1.987802,,47.175539,,,,1.641503,,,,,,,,,,0.052822,0.164602,synthetic,False,2.0,82.1512,17.848799999999997,0.6760000000000019,0.42910499999999985,0.4320319999999998,0.4298566666666664,,,,55.08207499999999,0.0,0.0,27.541037499999995,-0.5335221212121177,-0.4250229230769212,46.8320109,46.76763448,,1.9954384,36.0,5.0,79.7978,77.8698,70.6616,58.01025,30,False
demo,D07,32,1.623057,43,2928.150013,3.404405,,,2.016823,,47.175565,,,,1.621996,,,,,,,,,,0.05215,0.163289,synthetic,False,2.0,81.15285,18.84715,0.9983500000000021,0.6183949999999996,0.44101400000000013,0.44819516129032233,,,,56.70407099999999,0.0,0.0,28.352035499999996,-0.5020363636363647,-0.4362152307692302,46.898302799999996,46.78085072,,1.9973447999999998,36.0,4.0,79.96765,76.7289,70.02125,57.69685,31,False
demo,D07,33,1.625573,43,2922.920633,3.402538,,,2.000435,,47.212297,,,,1.621272,,,,,,,,,,0.052694,0.164388,synthetic,False,2.0,81.27865,18.72135,-0.12579999999999814,0.5036799999999999,0.42737599999999987,0.43025781249999984,,,,58.32534299999999,0.0,0.0,29.162671499999995,-0.45682181818181705,-0.4399167692307687,46.9380671,46.79233844,,1.9996604999999998,36.0,3.0,79.27250000000001,77.1764,69.53965,57.004149999999996,32,False
demo,D07,34,1.605673,43,2901.301844,3.408707,,,1.998769,,47.088513,,,,1.611007,,,,,,,,,,0.05324,0.173628,synthetic,False,2.0,80.28365,19.716350000000006,0.9950000000000045,0.488985000000001,0.4398180000000002,0.4473712121212121,,,,59.93634999999999,0.0,0.0,29.968174999999995,-0.48095787878788,-0.45142365384615285,46.9300657,46.82366003999999,,1.9996291,36.0,2.0,78.17055,76.1579,68.9066,56.52315,33,False
demo,D07,35,1.610788,43,2899.421775,3.404557,,,2.015927,,47.015471,,,,1.609044,,,,,,,,,,0.052918,0.166115,synthetic,False,2.0,80.5394,19.4606,-0.25575000000000614,0.44737500000000097,0.4405560000000003,0.426691176470588,,,,61.54539399999999,0.0,0.0,30.772696999999994,-0.44256303030302807,-0.4493697307692295,46.930967800000005,46.85201128,,2.0001941,36.0,1.0,77.41915,75.97235,68.37180000000001,56.481899999999996,34,False
demo,D07,36,1.595956,43,2873.824762,3.396496,,,1.99984,,46.837799,,,,1.599044,,,,,,,,,,0.054134,0.167512,synthetic,False,2.0,79.7978,20.202200000000005,0.7416000000000054,0.43238500000000074,0.43312400000000023,0.43568857142857137,,,,63.14443799999999,0.0,0.0,31.572218999999993,-0.4498251515151536,-0.4549631153846128,46.9582541,46.85503492,,1.9985553,36.0,0.0,77.8698,75.1371,67.9495,55.9891,35,False
demo,D07,37,1.599353,43,2865.55357,3.394319,,,2.004003,,46.990951,,,,1.600237,,,,,,,,,,0.055259,0.163909,synthetic,False,2.0,79.96765,20.032349999999994,-0.16985000000001094,0.37046999999999886,0.4239259999999996,0.41886805555555523,,,,64.74467499999999,0.0,0.0,32.37233749999999,-0.42536575757575723,-0.4512603461538469,46.975176,46.865328680000005,,2.00085,36.0,,76.7289,74.69795,67.7144,54.681349999999995,36,False
demo,D07,38,1.58545,43,2859.329777,3.400449,,,1.992492,,46.791488,,,,1.586413,,,,,,,,,,0.055685,0.169642,synthetic,False,2.0,79.27250000000001,20.727499999999992,0.6951499999999982,0.43492499999999834,0.44633999999999957,0.42633513513513477,,,,66.33108799999998,0.0,0.0,33.16554399999999,-0.3972915151515182,-0.4471699230769223,46.992724499999994,46.859707320000005,,2.0009006,36.0,,77.1764,74.27035,67.2814,54.423350000000006,37,False
demo,D07,39,1.563411,43,2811.941755,3.395203,,,1.986295,,46.943592,,,,1.563044,,,,,,,,,,0.05487,0.169744,synthetic,False,2.0,78.17055,21.829449999999994,1.1019500000000022,0.45390500000000034,0.45167999999999947,0.4441144736842102,,,,67.89413199999998,0.0,0.0,33.94706599999999,-0.4374154545454549,-0.45435238461538485,47.027581500000004,46.86460588,,2.0003843,36.0,,76.1579,74.13935000000001,66.53365,54.02215,38,False
demo,D07,40,1.548383,43,2790.974779,3.387832,,,1.993896,,47.199658,,,,1.545943,,,,,,,,,,0.056657,0.170367,synthetic,False,2.0,77.41915,22.580849999999998,0.7514000000000038,0.5408050000000003,0.4694380000000001,0.45199358974358955,,,,69.44007499999998,0.0,0.0,34.72003749999999,-0.45566606060605913,-0.46285919230769423,47.0430873,46.873759639999996,,1.9996282,36.0,,75.97235,73.4272,66.4001,53.832899999999995,39,False
demo,D07,41,1.557396,43,2805.289192,3.396389,,,2.02187,,47.134455,,,,1.554379,,,,,,,,,,0.05407,0.168349,synthetic,False,2.0,77.8698,22.130200000000002,-0.450649999999996,0.4281400000000005,0.4217660000000001,0.4294274999999999,,,,70.99445399999998,0.0,0.0,35.49722699999999,-0.42885030303029764,-0.46558999999999956,47.038978900000004,46.897690520000005,,2.0030349999999997,36.0,,75.1371,72.5418,65.6033,53.4871,40,False
demo,D07,42,1.534578,43,2763.740028,3.390746,,,2.00633,,47.964315,,,,1.539883,,,,,,,,,,0.053022,0.171719,synthetic,False,2.0,76.7289,23.271100000000004,1.140900000000002,0.4423950000000005,0.4610860000000002,0.446780487804878,,,,72.53433699999998,0.0,0.0,36.26716849999999,-0.47892636363636437,-0.47232030769230776,47.1178539,46.9422778,,2.0019857,36.0,,74.69795,72.87015,64.9864,53.445,41,False
demo,D07,43,1.543528,43,2777.968827,3.395064,,,2.002745,,46.84826,,,,1.543879,,,,,,,,,,0.055618,0.172074,synthetic,False,2.0,77.1764,22.8236,-0.4475000000000051,0.4102249999999998,0.4613659999999999,0.42548809523809505,,,,74.07821599999998,0.0,0.0,37.03910799999999,-0.44258303030302804,-0.461507807692308,47.0814502,46.956071439999995,,2.0022167,36.0,,74.27035,71.81895,64.70705,51.98414999999999,42,False
demo,D07,44,1.523158,43,2748.154387,3.392162,,,1.990236,,47.183988,,,,1.526586,,,,,,,,,,0.05293,0.169923,synthetic,False,2.0,76.1579,23.842100000000002,1.018500000000003,0.41257499999999964,0.46311800000000003,0.43927906976744174,,,,75.60480199999998,0.0,0.0,37.80240099999999,-0.4784033333333311,-0.46097142307692424,47.090997699999996,46.9648454,,2.0013634,36.0,,74.13935000000001,71.29255,63.74865,52.361250000000005,43,False
demo,D07,45,1.519447,43,2733.371899,3.387498,,,2.009113,,46.864897,,,,1.523655,,,,,,,,,,0.054051,0.168878,synthetic,False,2.0,75.97235,24.027649999999994,0.1855499999999921,0.4567049999999995,0.44052599999999986,0.43351249999999975,,,,77.12845699999998,0.0,0.0,38.56422849999999,-0.4572854545454579,-0.46074519230769106,47.0759403,46.98260671999999,,2.0006820000000003,36.0,,73.4272,70.9374,63.7344,51.27705,44,False
demo,D07,46,1.502742,43,2693.126082,3.390374,,,1.986423,,47.148941,,,,1.501507,,,,,,,,,,0.055493,0.172574,synthetic,False,2.0,75.1371,24.862899999999996,0.835250000000002,0.46606999999999915,0.4522059999999999,0.4424399999999998,,,,78.62996399999999,0.0,0.0,39.31498199999999,-0.47580848484848726,-0.46518980769230805,47.107054500000004,46.98881196,,1.9993403,36.0,,72.5418,70.6616,62.709199999999996,50.38295,45,False
demo,D07,47,1.493959,43,2693.7164,3.384753,,,1.984329,,47.172288,,,,1.495225,,,,,,,,,,0.054958,0.167529,synthetic,False,2.0,74.69795,25.302049999999994,0.43914999999999793,0.52697,0.5055539999999996,0.4423684782608693,,,,80.12518899999999,0.0,0.0,40.062594499999996,-0.4504684848484877,-0.4560463461538454,47.125188200000004,47.015197640000004,,1.9973728999999998,36.0,,72.87015,70.02125,63.57945,50.0317,46,False
demo,D07,48,1.485407,43,2667.242991,3.383944,,,1.994411,,47.48311,,,,1.48554,,,,,,,,,,0.054955,0.16843,synthetic,False,2.0,74.27035,25.729650000000007,0.4276000000000124,0.5002150000000014,0.4818040000000002,0.44205425531914894,,,,81.61072899999999,0.0,0.0,40.805364499999996,-0.4309203030303003,-0.4513412692307688,47.194350400000005,47.041935880000004,,1.9975648,36.0,,71.81895,69.53965,61.5782,50.137750000000004,47,False
demo,D07,49,1.482787,43,2658.41377,3.383219,,,2.019545,,47.163402,,,,1.479356,,,,,,,,,,0.053991,0.170529,synthetic,False,2.0,74.13935000000001,25.860649999999993,0.13099999999998602,0.4031199999999998,0.44136599999999987,0.43557395833333307,,,,83.09008499999999,0.0,0.0,41.545042499999994,-0.4313487878787883,-0.4499994615384631,47.2163314,47.04173088,,2.0008898,36.0,,71.29255,68.9066,61.636,48.2579,48,False
demo,D07,50,1.468544,43,2635.27224,3.388092,,,2.018979,,47.249354,,,,1.467999,,,,,,,,,,0.055304,0.166034,synthetic,False,2.0,73.4272,26.5728,0.7121500000000083,0.3991950000000003,0.46343800000000046,0.44121836734693864,,,,84.558084,0.0,0.0,42.279042,-0.4718521212121236,-0.44834703846153856,47.221301,47.05144704,,2.0033981,36.0,,70.9374,68.37180000000001,61.675349999999995,48.56545,49,False
demo,D07,51,1.450836,43,2613.725366,3.380232,,,1.995488,,47.216166,,,,1.452541,,,,,,,,,,0.056495,0.174449,synthetic,False,2.0,72.5418,27.458200000000005,0.8854000000000042,0.5328000000000003,0.4631940000000003,0.450102,,,,86.01062499999999,0.0,0.0,43.005312499999995,-0.4822193939393939,-0.45487026923076956,47.229472099999995,47.07749624,,2.0007599,36.0,,70.6616,67.9495,60.6604,47.957100000000004,50,False
demo,D07,52,1.457403,43,2622.565162,3.387665,,,1.993258,,46.963633,,,,1.455948,,,,,,,,,,0.055446,0.168815,synthetic,False,2.0,72.87015,27.129850000000005,-0.32835000000000036,0.3858750000000001,0.43208799999999997,0.45614599999999994,,,,87.466573,0.0,0.0,43.7332865,-0.48615484848485063,-0.4539479999999998,47.1294039,47.08317228,,1.9994527000000002,36.0,,70.02125,67.7144,60.39084999999999,47.875750000000004,51,False
demo,D07,53,1.436379,43,2568.939498,3.386681,,,1.983596,,47.182406,,,,1.435445,,,,,,,,,,0.054806,0.17113,synthetic,False,2.0,71.81895,28.18105,1.0511999999999944,0.535745,0.47211199999999964,0.45816499999999993,,,,88.902018,0.0,0.0,44.451009,-0.47082242424242754,-0.4549257307692309,47.1628185,47.1058284,,1.9975378,36.0,,69.53965,67.2814,60.404849999999996,46.97785,52,False
demo,D07,54,1.425851,43,2563.578466,3.375277,,,2.00078,,47.265739,,,,1.425357,,,,,,,,,,0.054494,0.172326,synthetic,False,2.0,71.29255,28.707449999999994,0.5263999999999953,0.4865349999999992,0.45668200000000014,0.4417709999999997,,,,90.327375,0.0,0.0,45.1636875,-0.4871639393939381,-0.46080496153846146,47.1709936,47.13265708,,1.9985922000000003,36.0,,68.9066,66.53365,59.321,46.08085,53,False
demo,D07,55,1.418748,43,2562.704728,3.36566,,,2.00162,,47.390334,,,,1.42474,,,,,,,,,,0.055003,0.173368,synthetic,False,2.0,70.9374,29.062600000000003,0.35515000000000896,0.5034950000000009,0.47559200000000035,0.46051800000000015,,,,91.752115,0.0,0.0,45.8760575,-0.47627333333333655,-0.4600041538461547,47.223537300000004,47.14648644000001,,1.9978428999999998,36.0,,68.37180000000001,66.4001,58.47,45.86015,54,False
demo,D07,56,1.413232,43,2540.374294,3.380832,,,2.007896,,47.519888,,,,1.408049,,,,,,,,,,0.05626,0.17244,synthetic,False,2.0,70.6616,29.338399999999993,0.2757999999999896,0.44754999999999967,0.4595839999999998,0.4458079999999998,,,,93.16016400000001,0.0,0.0,46.580082000000004,-0.47507999999999995,-0.45936319230769257,47.260632,47.1602604,,1.9999901999999998,36.0,,67.9495,65.6033,58.01025,44.78985,55,False
demo,D07,57,1.400425,43,2519.513489,3.373685,,,2.009107,,47.340713,,,,1.40183,,,,,,,,,,0.056339,0.173781,synthetic,False,2.0,70.02125,29.978750000000005,0.6403500000000122,0.4676700000000011,0.4452640000000002,0.44313900000000017,,,,94.56199400000001,0.0,0.0,47.280997000000006,-0.48384303030302767,-0.465778499999999,47.277474500000004,47.16686632,,2.002468,36.0,,67.7144,64.9864,57.69685,44.5327,56,False
demo,D07,58,1.390793,43,2511.260227,3.370384,,,1.998026,,47.350767,,,,1.390088,,,,,,,,,,0.055292,0.174189,synthetic,False,2.0,69.53965,30.460350000000005,0.48160000000000025,0.4730699999999999,0.4695600000000002,0.44846800000000003,,,,95.95208200000002,0.0,0.0,47.97604100000001,-0.49069454545454605,-0.46681857692307854,47.2642402,47.17240512,,2.0028295,36.0,,67.2814,64.70705,57.004149999999996,44.5647,57,False
demo,D07,59,1.378132,43,2486.558318,3.369912,,,2.00556,,47.002598,,,,1.376367,,,,,,,,,,0.054008,0.173534,synthetic,False,2.0,68.9066,31.093400000000003,0.6330499999999972,0.523275000000001,0.4550819999999999,0.44745000000000007,,,,97.32844900000002,0.0,0.0,48.66422450000001,-0.4834675757575773,-0.4746221923076936,47.248159799999996,47.16896852,,2.001431,36.0,,66.53365,63.74865,56.52315,43.7772,58,False
demo,D07,60,1.367436,43,2468.929545,3.36927,,,1.992994,,47.58378,,,,1.366676,,,,,,,,,,0.056746,0.172983,synthetic,False,2.0,68.37180000000001,31.628199999999993,0.53479999999999,0.5055399999999992,0.48670399999999975,0.46363,,,,98.69512500000002,0.0,0.0,49.34756250000001,-0.4894609090909051,-0.47605334615384587,47.281602400000004,47.191700880000006,,1.9988325,36.0,,66.4001,63.7344,56.481899999999996,43.604749999999996,59,False
demo,D07,61,1.35899,43,2425.834921,3.375062,,,2.00537,,47.287541,,,,1.360804,,,,,,,,,,0.055512,0.178885,synthetic,False,2.0,67.9495,32.0505,0.422300000000007,0.45922999999999947,0.4739319999999998,0.45352800000000004,,,,100.05592900000002,0.0,0.0,50.02796450000001,-0.5162378787878773,-0.47943896153846327,47.2887399,47.20969056,,1.9998207000000001,36.0,,65.6033,62.709199999999996,55.9891,,60,False
demo,D07,62,1.354288,43,2450.396035,3.369926,,,1.994928,,47.655349,,,,1.35625,,,,,,,,,,0.057146,0.169515,synthetic,False,2.0,67.7144,32.2856,0.23510000000000275,0.5155749999999998,0.49013000000000034,0.457028,,,,101.41217900000002,0.0,0.0,50.70608950000001,-0.4782842424242401,-0.474182153846155,47.3579115,47.23626648,,1.9999877000000001,36.0,,64.9864,63.57945,54.681349999999995,,61,False
demo,D07,63,1.345628,43,2426.754571,3.373338,,,2.004595,,47.810668,,,,1.346129,,,,,,,,,,0.055788,0.175558,synthetic,False,2.0,67.2814,32.718599999999995,0.4329999999999927,0.4537549999999996,0.4796440000000001,0.46299199999999985,,,,102.75830800000003,0.0,0.0,51.379154000000014,-0.47153484848484456,-0.4704481923076927,47.420737700000004,47.277033679999995,,2.0020876000000003,36.0,,64.70705,61.5782,54.423350000000006,,62,False
demo,D07,64,1.330673,43,2412.8994,3.368311,,,2.003785,,47.457011,,,,1.333582,,,,,,,,,,0.055705,0.175366,synthetic,False,2.0,66.53365,33.466350000000006,0.7477500000000106,0.47589000000000115,0.46547600000000044,0.458578,,,,104.09189000000003,0.0,0.0,52.04594500000002,-0.48566454545454846,-0.47541211538461525,47.439864899999996,47.29757044,,2.0023881,36.0,,63.74865,61.636,54.02215,,63,False
demo,D07,65,1.328002,43,2384.793374,3.364763,,,2.000688,,47.252169,,,,1.331372,,,,,,,,,,0.056873,0.178136,synthetic,False,2.0,66.4001,33.599900000000005,0.1335499999999996,0.4537300000000002,0.44076200000000026,0.45510000000000017,,,,105.42326200000004,0.0,0.0,52.71163100000002,-0.473071818181817,-0.4801713461538464,47.4260484,47.29967088,,2.0022949,36.0,,63.7344,61.675349999999995,53.832899999999995,,64,False
demo,D07,66,1.312066,43,2349.22413,3.362447,,,2.007945,,47.527727,,,,1.314208,,,,,,,,,,0.059237,0.173154,synthetic,False,2.0,65.6033,34.396699999999996,0.7967999999999904,0.5058300000000002,0.49065999999999976,0.4562129999999999,,,,106.73747000000003,0.0,0.0,53.368735000000015,-0.46732999999999764,-0.4793029615384615,47.4268323,47.31540175999999,,2.0022998000000003,36.0,,62.709199999999996,60.6604,53.4871,,65,False
demo,D07,67,1.299728,43,2339.56136,3.364712,,,1.984296,,47.637583,,,,1.298308,,,,,,,,,,0.057752,0.176512,synthetic,False,2.0,64.9864,35.0136,0.6169000000000011,0.5034849999999992,0.46969999999999973,0.46539299999999995,,,,108.03577800000004,0.0,0.0,54.01788900000002,-0.4766145454545444,-0.4861022692307698,47.4565193,47.302332480000004,,1.9998187,36.0,,63.57945,60.39084999999999,53.445,,66,False
demo,D07,68,1.294141,43,2327.528648,3.365049,,,1.989351,,47.479909,,,,1.29542,,,,,,,,,,0.057195,0.177927,synthetic,False,2.0,64.70705,35.292950000000005,0.279350000000008,0.4832599999999999,0.4987740000000002,0.48007000000000005,,,,109.33119800000003,0.0,0.0,54.665599000000014,-0.4722145454545445,-0.4819725000000009,47.4694335,47.32759844,,1.9989512,36.0,,61.5782,60.404849999999996,51.98414999999999,,67,False
demo,D07,69,1.274973,43,2299.452005,3.363359,,,1.997299,,47.446531,,,,1.276246,,,,,,,,,,0.057609,0.182211,synthetic,False,2.0,63.74865,36.25135,0.9583999999999975,0.515795,0.49637,0.479744,,,,110.60744400000003,0.0,0.0,55.303722000000015,-0.5037172727272722,-0.487282692307693,47.5138268,47.33810016,,1.9981251,36.0,,61.636,59.321,52.361250000000005,,68,False
demo,D07,70,1.274688,43,2301.837445,3.35829,,,1.985567,,47.728851,,,,1.272609,,,,,,,,,,0.055502,0.180009,synthetic,False,2.0,63.7344,36.2656,0.014249999999996987,0.46374000000000065,0.4895180000000002,0.46502200000000005,,,,111.88005300000003,0.0,0.0,55.940026500000016,-0.5091299999999989,-0.4850343461538456,47.52833389999999,47.37265832,,1.9973824,36.0,,61.675349999999995,58.47,51.27705,,69,False
demo,D07,71,1.254184,43,2256.939608,3.357474,,,1.995931,,47.743119,,,,1.250247,,,,,,,,,,0.056336,0.176282,synthetic,False,2.0,62.709199999999996,37.290800000000004,1.0252000000000052,0.5240300000000004,0.49711600000000034,0.4746610000000001,,,,113.13030000000003,0.0,0.0,56.56515000000002,-0.5424051515151505,-0.49118807692307703,47.573891700000004,47.396425439999994,,1.9964385,36.0,,60.6604,58.01025,50.38295,,70,False
demo,D07,72,1.271589,43,2287.206468,3.361285,,,1.996254,,47.506045,,,,1.266444,,,,,,,,,,0.054773,0.177674,synthetic,False,2.0,63.57945,36.42055,-0.8702500000000057,0.4134949999999996,0.4447400000000002,0.47514699999999993,,,,114.39674400000004,0.0,0.0,57.19837200000002,-0.4803666666666644,-0.4841403076923077,47.5589613,47.40977572,,1.9965711,36.0,,60.39084999999999,57.69685,50.0317,,71,False
demo,D07,73,1.231564,43,2220.292226,3.35241,,,2.013097,,47.239137,,,,1.231736,,,,,,,,,,0.059414,0.183396,synthetic,False,2.0,61.5782,38.4218,2.001249999999999,0.5703200000000003,0.5076859999999996,0.49474499999999993,,,,115.62848000000004,0.0,0.0,57.81424000000002,-0.5062333333333291,-0.491288923076924,47.5018082,47.4000168,,1.9974212999999998,36.0,,60.404849999999996,57.004149999999996,50.137750000000004,,72,False
demo,D07,74,1.23272,43,2217.190534,3.34955,,,2.001425,,47.765014,,,,1.233455,,,,,,,,,,0.0592,0.177089,synthetic,False,2.0,61.636,38.364,-0.057800000000000296,0.4897649999999992,0.5001340000000002,0.47075,,,,116.86193500000005,0.0,0.0,58.43096750000002,-0.5096675757575775,-0.48945080769230764,47.5326085,47.42408128,,1.9971853,36.0,,59.321,56.52315,48.2579,,73,False
demo,D07,75,1.233507,43,2218.047816,3.350963,,,2.010294,,47.457908,,,,1.230591,,,,,,,,,,0.058058,0.180424,synthetic,False,2.0,61.675349999999995,38.324650000000005,-0.03934999999999178,0.47247500000000003,0.47007400000000016,0.46675600000000034,,,,118.09252600000005,0.0,0.0,59.046263000000025,-0.4604933333333312,-0.48475300000000043,47.5531824,47.43242344,,1.9981459000000001,36.0,,58.47,56.481899999999996,48.56545,,74,False
demo,D07,76,1.213208,43,2190.568911,3.350687,,,2.003017,,47.733773,,,,1.215746,,,,,,,,,,0.058003,0.181444,synthetic,False,2.0,60.6604,39.3396,1.0149499999999918,0.4942900000000002,0.4752559999999997,0.469225,,,,119.30827200000004,0.0,0.0,59.65413600000002,-0.46253030303030046,-0.48923807692307547,47.573786999999996,47.453127720000005,,1.9976531000000002,36.0,,58.01025,55.9891,47.957100000000004,,75,False
demo,D07,77,1.207817,43,2182.286578,3.353626,,,1.994643,,47.726064,,,,1.208184,,,,,,,,,,0.05637,0.18053,synthetic,False,2.0,60.39084999999999,39.60915000000001,0.2695500000000095,0.459555000000001,0.49917200000000006,0.46563000000000004,,,,120.51645600000005,0.0,0.0,60.258228000000024,-0.46048272727271955,-0.4837882692307697,47.5826351,47.48362496,,1.9986878000000001,36.0,,57.69685,54.681349999999995,47.875750000000004,,76,False
demo,D07,78,1.208097,43,2181.646756,3.356048,,,2.001337,,47.215617,,,,1.211358,,,,,,,,,,0.0577,0.189763,synthetic,False,2.0,60.404849999999996,39.595150000000004,-0.014000000000002899,0.43021999999999994,0.4565640000000002,0.4643379999999999,,,,121.72781400000005,0.0,0.0,60.863907000000026,-0.42059121212121064,-0.4791217692307703,47.556205899999995,47.4849534,,1.9998864,36.0,,57.004149999999996,54.423350000000006,46.97785,,77,False
demo,D07,79,1.18642,43,2134.477715,3.342878,,,2.007294,,47.740641,,,,1.187299,,,,,,,,,,0.059928,0.181305,synthetic,False,2.0,59.321,40.679,1.0838499999999982,0.44276499999999996,0.4788620000000003,0.46777200000000024,,,,122.91511300000005,0.0,0.0,61.457556500000024,-0.451564242424243,-0.4809439615384622,47.5856169,47.50394948,,2.0008858999999997,36.0,,56.52315,54.02215,46.08085,,78,False
demo,D07,80,1.1694,43,2091.407216,3.343786,,,2.011934,,47.874534,,,,1.166906,,,,,,,,,,0.058437,0.184573,synthetic,False,2.0,58.47,41.53,0.8509999999999991,0.5264400000000002,0.4986959999999999,0.48714400000000013,,,,124.08201900000005,0.0,0.0,62.04100950000002,-0.47623696969697477,-0.48496415384615443,47.600185200000006,47.52331748,,2.0035225999999997,36.0,,56.481899999999996,53.832899999999995,45.86015,,79,False
demo,D07,81,1.160205,43,2087.440283,3.343594,,,1.998677,,47.918981,,,,1.161268,,,,,,,,,,0.057833,0.181293,synthetic,False,2.0,58.01025,41.98975,0.45974999999999966,0.4698949999999996,0.5060540000000003,0.48281900000000005,,,,125.24328700000005,0.0,0.0,62.621643500000026,-0.530522727272728,-0.4863958846153854,47.617771399999995,47.539281200000005,,2.0037972,36.0,,55.9891,53.4871,44.78985,,80,False
demo,D07,82,1.153937,43,2072.364144,3.347421,,,1.983525,,47.798435,,,,1.155484,,,,,,,,,,0.056703,0.185426,synthetic,False,2.0,57.69685,42.30315,0.31340000000000146,0.5882600000000003,0.49297599999999986,0.46912000000000004,,,,126.39877100000005,0.0,0.0,63.19938550000003,-0.4869293939393936,-0.4873922307692302,47.6470104,47.55759008,,2.0025243,36.0,,54.681349999999995,53.445,44.5327,,81,False
demo,D07,83,1.140083,43,2051.350936,3.340398,,,1.982822,,47.295579,,,,1.138834,,,,,,,,,,0.059979,0.187009,synthetic,False,2.0,57.004149999999996,42.995850000000004,0.6927000000000021,0.45740500000000067,0.50142,0.4854900000000001,,,,127.53760500000006,0.0,0.0,63.76880250000003,-0.5432321212121167,-0.4901184230769234,47.6526546,47.55538256,,1.9994968,36.0,,54.423350000000006,51.98414999999999,44.5647,,82,False
demo,D07,84,1.130463,43,2030.736561,3.339589,,,1.996736,,48.123576,,,,1.127202,,,,,,,,,,0.058625,0.183018,synthetic,False,2.0,56.52315,43.47685,0.48099999999999454,0.5112850000000002,0.49533799999999983,0.47520999999999985,,,,128.66480700000005,0.0,0.0,64.33240350000003,-0.5664748484848483,-0.4939724230769245,47.688510799999996,47.600221680000004,,1.9990279000000002,36.0,,54.02215,52.361250000000005,43.7772,,83,False
demo,D07,85,1.129638,43,2033.221743,3.335557,,,1.976621,,47.908299,,,,1.129865,,,,,,,,,,0.056947,0.18465,synthetic,False,2.0,56.481899999999996,43.518100000000004,0.041250000000005116,0.5193449999999998,0.47559600000000046,0.4811500000000001,,,,129.79467200000005,0.0,0.0,64.89733600000002,-0.5273703030302993,-0.49402946153846156,47.7335499,47.613202439999995,,1.9956605999999997,36.0,,53.832899999999995,51.27705,43.604749999999996,,84,False
demo,D07,86,1.119782,43,2009.323943,3.341906,,,2.017951,,47.519497,,,,1.117541,,,,,,,,,,0.057878,0.182523,synthetic,False,2.0,55.9891,44.0109,0.49279999999999546,0.4671300000000002,0.478416,0.4761739999999999,,,,130.91221300000004,0.0,0.0,65.45610650000002,-0.5198581818181784,-0.49371234615384746,47.7121223,47.622480679999995,,1.9971539999999997,36.0,,53.4871,50.38295,,,85,False
demo,D07,87,1.093627,43,1960.96563,3.336058,,,2.005969,,47.662618,,,,1.096079,,,,,,,,,,0.057786,0.182822,synthetic,False,2.0,54.681349999999995,45.318650000000005,1.3077500000000057,0.5709499999999998,0.5213220000000001,0.5057260000000002,,,,132.00829200000004,0.0,0.0,66.00414600000002,-0.5450260606060644,-0.49861746153846104,47.7057777,47.62277144000001,,1.9982865999999997,36.0,,53.445,50.0317,,,86,False
demo,D07,88,1.088467,43,1966.427081,3.333442,,,1.993643,,47.925106,,,,1.087581,,,,,,,,,,0.058984,0.189572,synthetic,False,2.0,54.423350000000006,45.576649999999994,0.25799999999998846,0.598149999999999,0.514322,0.496983,,,,133.09587300000004,0.0,0.0,66.54793650000002,-0.5141272727272712,-0.5002086923076909,47.7767266,47.62734896,,1.9975172,36.0,,51.98414999999999,50.137750000000004,,,87,False
demo,D07,89,1.080443,43,1939.140909,3.334017,,,1.988904,,48.049281,,,,1.08417,,,,,,,,,,0.059403,0.18512,synthetic,False,2.0,54.02215,45.97785,0.4012000000000029,0.5298849999999995,0.5004599999999997,0.48296800000000006,,,,134.18004300000004,0.0,0.0,67.09002150000002,-0.504865757575758,-0.5030900000000001,47.807590600000005,47.65103976,,1.9956782,36.0,,52.361250000000005,48.2579,,,88,False
demo,D07,90,1.076658,43,1937.986194,3.33909,,,2.010281,,47.763022,,,,1.072084,,,,,,,,,,0.05873,0.179693,synthetic,False,2.0,53.832899999999995,46.167100000000005,0.18925000000000836,0.4637100000000004,0.502688,0.4717250000000001,,,,135.25212700000003,0.0,0.0,67.62606350000001,-0.49843181818181365,-0.4994295000000003,47.7964394,47.67147388,,1.9955129,36.0,,51.27705,48.56545,,,89,False
demo,D07,91,1.069742,43,1931.049597,3.329698,,,1.988864,,48.101768,,,,1.07003,,,,,,,,,,0.06008,0.192506,synthetic,False,2.0,53.4871,46.5129,0.345799999999997,0.45231500000000013,0.48464800000000025,0.487654,,,,136.32215700000003,0.0,0.0,68.16107850000002,-0.48530242424242326,-0.49726192307692396,47.8147181,47.694435520000006,,1.9945316000000002,36.0,,50.38295,47.957100000000004,,,90,False
demo,D07,92,1.0689,43,1929.297542,3.330246,,,1.989818,,47.448458,,,,1.071956,,,,,,,,,,0.05939,0.184838,synthetic,False,2.0,53.445,46.555,0.042099999999997806,0.42518499999999976,0.4616560000000001,0.4656779999999999,,,,137.39411300000003,0.0,0.0,68.69705650000002,-0.44053666666666674,-0.49233180769230767,47.7797204,47.68687051999999,,1.9951609000000001,36.0,,50.0317,47.875750000000004,,,91,False
demo,D07,93,1.039683,43,1875.892477,3.334969,,,1.992341,,47.67986,,,,1.037832,,,,,,,,,,0.060665,0.187674,synthetic,False,2.0,51.98414999999999,48.01585000000001,1.4608500000000078,0.5020000000000003,0.5089160000000001,0.5038450000000002,,,,138.43194500000004,0.0,0.0,69.21597250000002,-0.4700960606060618,-0.49480196153846095,47.8181485,47.694868559999996,,1.9961128000000001,36.0,,50.137750000000004,46.97785,,,92,False
demo,D07,94,1.047225,43,1886.717345,3.331206,,,2.001141,,47.413072,,,,1.046891,,,,,,,,,,0.059171,0.193034,synthetic,False,2.0,52.361250000000005,47.638749999999995,-0.37710000000001287,0.41618999999999956,0.4554959999999997,0.47593299999999983,,,,139.47883600000003,0.0,0.0,69.73941800000001,-0.4503045454545486,-0.49358834615384567,47.7470981,47.6935302,,1.9965533,36.0,,48.2579,46.08085,,,93,False
demo,D07,95,1.025541,43,1849.982447,3.330872,,,2.006208,,47.737338,,,,1.024714,,,,,,,,,,0.06279,0.188553,synthetic,False,2.0,51.27705,48.72295,1.0842000000000027,0.5204849999999993,0.4982939999999999,0.49390600000000007,,,,140.50355000000002,0.0,0.0,70.25177500000001,-0.4419539393939395,-0.4937656923076924,47.730002,47.693869680000006,,1.999512,36.0,,48.56545,45.86015,,,94,False
demo,D07,96,1.007659,43,1821.256928,3.327564,,,2.011927,,48.365531,,,,1.006281,,,,,,,,,,0.059359,0.189204,synthetic,False,2.0,50.38295,49.61705,0.8941000000000017,0.560615,0.49304999999999977,0.49508300000000005,,,,141.50983100000002,0.0,0.0,70.75491550000001,-0.4521366666666671,-0.502865692307693,47.814605400000005,47.71876616,,1.9989096000000004,36.0,,47.957100000000004,44.78985,,,95,False
demo,D07,97,1.000634,43,1803.436965,3.324938,,,2.01045,,48.5135,,,,1.001123,,,,,,,,,,0.05909,0.18629,synthetic,False,2.0,50.0317,49.9683,0.3512500000000003,0.4649649999999994,0.54191,0.4933250000000001,,,,142.51095400000003,0.0,0.0,71.25547700000001,-0.5007084848484848,-0.4970237692307695,47.8996936,47.75906436,,1.9993577000000002,36.0,,47.875750000000004,44.5327,,,96,False
demo,D07,98,1.002755,43,1795.010997,3.323951,,,2.000008,,48.054515,,,,1.000157,,,,,,,,,,0.058946,0.184985,synthetic,False,2.0,50.137750000000004,49.862249999999996,-0.10605000000000331,0.4285600000000002,0.4576179999999999,0.4826519999999998,,,,143.51111100000003,0.0,0.0,71.75555550000001,-0.5043363636363614,-0.49979407692307665,47.9126345,47.79167948,,1.9999941999999997,36.0,,46.97785,44.5647,,,97,False
demo,D07,99,0.965158,43,1734.530499,3.323971,,,2.010205,,47.892655,,,,0.964944,,,,,,,,,,0.060137,0.190895,synthetic,False,2.0,48.2579,51.7421,1.8798500000000047,0.5764250000000004,0.5351240000000002,0.5176290000000001,,,,144.47605500000003,0.0,0.0,72.23802750000002,-0.5853015151515126,-0.5105385000000002,47.8969719,47.796785119999996,,2.0021243,36.0,,46.08085,43.7772,,,98,False
demo,D07,100,0.971309,43,1752.009447,3.326063,,,1.99329,,47.987626,,,,0.972312,,,,,,,,,,0.058567,0.192236,synthetic,False,2.0,48.56545,51.43455,-0.3075499999999991,0.5267449999999997,0.5243959999999999,0.49723500000000004,,,,145.44836700000002,0.0,0.0,72.72418350000001,-0.5922381818181797,-0.5077596538461537,47.9194323,47.81797384000001,,2.0004251999999996,36.0,,45.86015,43.604749999999996,,,99,False
demo,D07,101,0.959142,43,1723.208289,3.32423,,,1.981791,,48.179621,,,,0.95873,,,,,,,,,,0.060703,0.192551,synthetic,False,2.0,47.957100000000004,52.042899999999996,0.6083499999999944,0.5529999999999994,0.5081319999999999,0.4916939999999998,,,,146.40709700000002,0.0,0.0,73.20354850000001,-0.591563030303032,-0.5106613076923064,47.9272176,47.835807759999994,,1.9997178999999998,36.0,,44.78985,,,,100,False
demo,D07,102,0.957515,43,1731.904456,3.314948,,,1.993289,,47.672982,,,,0.9556,,,,,,,,,,0.05852,0.190256,synthetic,False,2.0,47.875750000000004,52.124249999999996,0.08135000000000048,0.5569249999999997,0.5006039999999996,0.49988799999999983,,,,147.36269700000003,0.0,0.0,73.68134850000001,-0.531101515151513,-0.5072376153846153,47.94967,47.83368448,,2.000065,36.0,,44.5327,,,,101,False
demo,D07,103,0.939557,43,1690.882403,3.322664,,,1.991937,,47.947539,,,,0.941493,,,,,,,,,,0.060766,0.192478,synthetic,False,2.0,46.97785,53.02215,0.897900000000007,0.5006299999999996,0.53708,0.4968220000000001,,,,148.30419000000003,0.0,0.0,74.15209500000002,-0.5495003030303063,-0.5023352307692306,47.97643789999999,47.86296136,,2.0000246,36.0,,44.5647,,,,102,False
demo,D07,104,0.921617,43,1659.334974,3.31377,,,1.99368,,48.476298,,,,0.922963,,,,,,,,,,0.059433,0.187624,synthetic,False,2.0,46.08085,53.91915,0.8969999999999985,0.6280400000000007,0.529606,0.5042340000000002,,,,149.22715300000004,0.0,0.0,74.61357650000002,-0.5310039393939383,-0.506222884615384,48.08276049999999,47.892387639999995,,1.9992784999999997,36.0,,43.7772,,,,103,False
demo,D07,105,0.917203,43,1656.536609,3.31163,,,1.990406,,47.862768,,,,0.915293,,,,,,,,,,0.060447,0.194692,synthetic,False,2.0,45.86015,54.13985,0.22070000000000078,0.5416900000000006,0.504394,0.501545,,,,150.14244600000004,0.0,0.0,75.07122300000002,-0.5206996969696983,-0.5104730384615385,48.0953035,47.89191700000001,,1.9976982999999997,36.0,,43.604749999999996,,,,104,False
demo,D07,106,0.895797,43,1611.549577,3.311297,,,1.995389,,47.969049,,,,0.893478,,,,,,,,,,0.061647,0.194652,synthetic,False,2.0,44.78985,55.21015,1.070299999999996,0.55931,0.528816,0.5174350000000001,,,,151.03592400000002,0.0,0.0,75.51796200000001,-0.5627227272727259,-0.5195005,48.0556553,47.89391971999999,,1.9960445,36.0,,,,,,105,False
demo,D07,107,0.890654,43,1604.025268,3.314656,,,2.0062,,48.167317,,,,0.888958,,,,,,,,,,0.063397,0.200295,synthetic,False,2.0,44.5327,55.4673,0.2571500000000029,0.5499000000000003,0.526566,0.509771,,,,151.92488200000003,0.0,0.0,75.96244100000001,-0.5743936363636387,-0.5238661153846151,48.021037,47.908675,,1.9956195,36.0,,,,,,106,False
demo,D07,108,0.891294,43,1608.657137,3.313574,,,2.017153,,48.233844,,,,0.892266,,,,,,,,,,0.060009,0.194371,synthetic,False,2.0,44.5647,55.4353,-0.03200000000000358,0.5573050000000002,0.49757799999999974,0.49949899999999986,,,,152.81714800000003,0.0,0.0,76.40857400000002,-0.5105945454545394,-0.5247370769230758,48.0389699,47.94620559999999,,1.997334,36.0,,,,,,107,False
demo,D07,109,0.875544,43,1569.018252,3.308421,,,1.982747,,48.030433,,,,0.876026,,,,,,,,,,0.061094,0.19215,synthetic,False,2.0,43.7772,56.2228,0.7875000000000014,0.44806999999999986,0.509838,0.5025879999999999,,,,153.69317400000003,0.0,0.0,76.84658700000001,-0.5475212121212071,-0.5281184615384625,48.0527477,47.94247988,,1.9945882000000001,36.0,,,,,,108,False
demo,D07,110,0.872095,43,1568.427361,3.312363,,,1.987123,,48.211099,,,,0.873473,,,,,,,,,,0.060555,0.194964,synthetic,False,2.0,43.604749999999996,56.395250000000004,0.17245000000000488,0.4960700000000003,0.515086,0.49534100000000025,,,,154.56664700000002,0.0,0.0,77.28332350000001,-0.5190393939393899,-0.5236996153846155,48.075095,47.954591879999995,,1.9939715,36.0,,,,,,109,False
demo,D08,1,1.897038,24,2706.937909,3.436192,,,2.50474,,28.174073,,,,1.896486,,,,,,,,,,0.050742,0.155042,synthetic,False,2.0,94.8519,5.1480999999999995,,,,,,,,1.896486,0.0,0.0,0.948243,,,,,,,62.0,61.0,93.85025,92.683,89.33405,82.891,0,True
demo,D08,2,1.903845,24,2736.571736,3.441239,,,2.478034,,28.539672,,,,1.899558,,,,,,,,,,0.052865,0.157774,synthetic,False,2.0,95.19225,4.807749999999999,-0.3403500000000008,,,,,,,3.796044,0.0,0.0,1.898022,,,,,,,62.0,60.0,94.09345,92.56075,89.13835,82.65474999999999,1,True
demo,D08,3,1.890639,24,2713.116199,3.443573,,,2.506954,,28.60959,,,,1.893624,,,,,,,,,,0.050143,0.152801,synthetic,False,2.0,94.53195,5.468050000000005,0.6603000000000065,,,,,,,5.689668,0.0,0.0,2.844834,-0.15997500000002662,-0.15997500000002662,28.441111666666668,28.441111666666668,,2.4965759999999997,62.0,59.0,93.3433,92.89500000000001,88.4858,82.51294999999999,2,True
demo,D08,4,1.890625,24,2732.328197,3.441958,,,2.498994,,29.067789,,,,1.889047,,,,,,,,,,0.052174,0.154941,synthetic,False,2.0,94.53125,5.46875,0.0006999999999948159,0.10688333333333351,0.10688333333333351,0.10688333333333351,,,,7.578715,0.0,0.0,3.7893575,-0.162225000000014,-0.162225000000014,28.597781,28.597781,,2.4971805,62.0,58.0,93.56830000000001,91.78035,88.85849999999999,81.95115,3,True
demo,D08,5,1.875691,24,2697.422321,3.433915,,,2.49671,,28.250888,,,,1.874109,,,,,,,,,,0.050088,0.154675,synthetic,False,2.0,93.78455,6.215450000000004,0.7467000000000041,0.26683750000000117,0.26683750000000117,0.26683750000000117,,,,9.452824,0.0,0.0,4.726412,-0.27957000000000287,-0.27957000000000287,28.528402399999997,28.528402399999997,,2.4970863999999997,62.0,57.0,92.3888,92.09009999999999,88.53765,81.52000000000001,4,True
demo,D08,6,1.877005,24,2698.340502,3.434428,,,2.498909,,28.792628,,,,1.878066,,,,,,,,,,0.051885,0.155095,synthetic,False,2.0,93.85025,6.149749999999997,-0.06570000000000675,0.2003299999999996,0.2003299999999996,0.2003299999999996,,,,11.33089,0.0,0.0,5.665445,-0.26377285714285814,-0.26377285714285814,28.57244,28.57244,,2.497390166666667,62.0,56.0,92.683,91.9625,88.08985,82.64620000000001,5,False
demo,D08,7,1.881869,24,2709.496545,3.435421,,,2.4839,,28.431533,,,,1.881384,,,,,,,,,,0.051889,0.15207,synthetic,False,2.0,94.09345,5.906549999999996,-0.24320000000000164,0.1264083333333327,0.1264083333333327,0.1264083333333327,,,,13.212274,0.0,0.0,6.606137,-0.20381249999999848,-0.20381249999999848,28.552310428571428,28.552310428571428,,2.495463,62.0,55.0,92.56075,91.18455,87.37705,80.49005,6,False
demo,D08,8,1.866866,24,2683.484842,3.433946,,,2.501922,,28.139361,,,,1.869992,,,,,,,,,,0.050821,0.157053,synthetic,False,2.0,93.3433,6.656700000000001,0.750150000000005,0.2155142857142859,0.2155142857142859,0.2155142857142859,,,,15.082266,0.0,0.0,7.541133,-0.2243571428571382,-0.2243571428571382,28.50069175,28.50069175,,2.496270375,62.0,54.0,92.89500000000001,91.0435,87.0664,81.14035000000001,7,False
demo,D08,9,1.871366,24,2691.511389,3.430531,,,2.486356,,28.412955,,,,1.867872,,,,,,,,,,0.050069,0.156399,synthetic,False,2.0,93.56830000000001,6.431699999999992,-0.22500000000000853,0.1604499999999991,0.1604499999999991,0.1604499999999991,,,,16.950138,0.0,0.0,8.475069,-0.20398749999999846,-0.20398749999999846,28.490943222222224,28.490943222222224,,2.495168777777778,62.0,53.0,91.78035,90.95165,87.0164,80.36925000000001,8,False
demo,D08,10,1.847776,24,2661.572706,3.434718,,,2.497142,,28.478952,,,,1.842612,,,,,,,,,,0.049552,0.159945,synthetic,False,2.0,92.3888,7.611199999999997,1.1795000000000044,0.27367777777777746,0.27367777777777746,0.27367777777777746,,,,18.792749999999998,0.0,0.0,9.396374999999999,-0.2468272727272759,-0.2468272727272759,28.489744100000003,28.489744100000003,,2.4953661,62.0,52.0,92.09009999999999,90.2174,86.8738,80.34455,9,False
demo,D08,11,1.85366,24,2665.890861,3.432534,,,2.501563,,28.204787,,,,1.852512,,,,,,,,,,0.050848,0.155824,synthetic,False,2.0,92.683,7.316999999999993,-0.29420000000000357,0.21688999999999936,0.21688999999999936,0.21688999999999936,,,,20.645262,0.0,0.0,10.322631,-0.26351878787878236,-0.24560227272727542,28.4928155,28.46383890909091,,2.4950484,62.0,51.0,91.9625,90.27705,86.0656,80.12285,10,False
demo,D08,12,1.851215,24,2662.317313,3.431222,,,2.51074,,28.551221,,,,1.851438,,,,,,,,,,0.052014,0.154716,synthetic,False,2.0,92.56075,7.439250000000001,0.12225000000000819,0.2631500000000003,0.2082863636363638,0.2082863636363638,,,,22.496699999999997,0.0,0.0,11.248349999999999,-0.23789878787878713,-0.24015122377622722,28.493970400000002,28.47112075,,2.498319,62.0,50.0,91.18455,90.54729999999999,86.48445,79.27145,11,False
demo,D08,13,1.8579,24,2667.268137,3.427153,,,2.491804,,28.702603,,,,1.853289,,,,,,,,,,0.050343,0.158052,synthetic,False,2.0,92.89500000000001,7.10499999999999,-0.3342500000000115,0.16369499999999845,0.1630749999999992,0.1630749999999992,,,,24.349988999999997,0.0,0.0,12.174994499999999,-0.20616999999999588,-0.2179203296703304,28.503271700000006,28.488927076923076,,2.496804,62.0,49.0,91.0435,90.07135,86.4616,79.09345,12,False
demo,D08,14,1.835607,24,2634.125297,3.4297,,,2.514516,,28.556139,,,,1.830513,,,,,,,,,,0.051741,0.154193,synthetic,False,2.0,91.78035,8.219650000000001,1.1146500000000117,0.27509000000000017,0.23627307692307709,0.23627307692307709,,,,26.180501999999997,0.0,0.0,13.090250999999999,-0.21544515151515664,-0.2295674725274744,28.4521067,28.493727928571428,,2.4983562000000004,62.0,48.0,90.95165,89.61670000000001,85.98695,79.55945,13,False
demo,D08,15,1.841802,24,2652.677186,3.422652,,,2.509469,,28.351836,,,,1.842473,,,,,,,,,,0.050106,0.159583,synthetic,False,2.0,92.09009999999999,7.9099000000000075,-0.309749999999994,0.16944500000000035,0.19727142857142915,0.19727142857142915,,,,28.022974999999995,0.0,0.0,14.011487499999998,-0.22426060606060805,-0.22365517857142878,28.4622015,28.484268466666666,,2.4996321000000004,62.0,47.0,90.2174,89.4461,85.34925,78.90690000000001,14,False
demo,D08,16,1.83925,24,2650.955917,3.42758,,,2.495706,,28.454007,,,,1.836462,,,,,,,,,,0.051374,0.159679,synthetic,False,2.0,91.9625,8.037499999999994,0.12759999999998684,0.1887749999999997,0.19262666666666634,0.19262666666666634,,,,29.859436999999996,0.0,0.0,14.929718499999998,-0.21511727272726952,-0.21758029411764374,28.4283394,28.482377125,,2.4993118,62.0,46.0,90.27705,89.33405,85.05114999999999,78.3695,15,False
demo,D08,17,1.823691,24,2614.863204,3.425709,,,2.488913,,28.513328,,,,1.818393,,,,,,,,,,0.050616,0.160824,synthetic,False,2.0,91.18455,8.815449999999998,0.7779500000000041,0.29089000000000026,0.22920937499999994,0.22920937499999994,,,,31.677829999999997,0.0,0.0,15.838914999999998,-0.20931242424242508,-0.22439889705882302,28.4365189,28.484197764705883,,2.4998131,62.0,45.0,90.54729999999999,89.13835,85.1163,78.22915,16,False
demo,D08,18,1.82087,24,2628.030531,3.428757,,,2.485562,,28.573025,,,,1.824385,,,,,,,,,,0.051713,0.158295,synthetic,False,2.0,91.0435,8.956500000000005,0.141050000000007,0.22998000000000046,0.22402352941176507,0.22402352941176507,,,,33.502215,0.0,0.0,16.7511075,-0.22595181818181823,-0.22772162022703576,28.4798853,28.489132611111113,,2.4981771000000004,62.0,44.0,90.07135,88.4858,84.71655,78.31585,17,False
demo,D08,19,1.819033,24,2625.411441,3.434899,,,2.502718,,28.798908,,,,1.816734,,,,,,,,,,0.051309,0.155779,synthetic,False,2.0,90.95165,9.04835,0.09184999999999377,0.2616650000000007,0.21668055555555554,0.21668055555555554,,,,35.318948999999996,0.0,0.0,17.659474499999998,-0.20472484848484754,-0.2279546491228082,28.518480599999997,28.505436578947368,,2.4998133000000005,62.0,43.0,89.61670000000001,88.85849999999999,84.6311,77.9927,18,False
demo,D08,20,1.804348,24,2605.85807,3.427831,,,2.492627,,28.611464,,,,1.808497,,,,,,,,,,0.050766,0.158154,synthetic,False,2.0,90.2174,9.782600000000002,0.734250000000003,0.21714000000000055,0.2439210526315791,0.2439210526315791,,,,37.127446,0.0,0.0,18.563723,-0.2704642424242423,-0.2353572180451143,28.5317318,28.51073795,,2.4993618,62.0,42.0,89.4461,88.53765,84.41380000000001,76.99454999999999,19,False
demo,D08,21,1.805541,24,2602.318549,3.431486,,,2.511994,,28.191014,,,,1.805644,,,,,,,,,,0.051286,0.158919,synthetic,False,2.0,90.27705,9.722949999999997,-0.059650000000004866,0.24059500000000042,0.2287424999999999,0.2287424999999999,,,,38.93309,0.0,0.0,19.466545,-0.2870166666666652,-0.2370057792207843,28.530354499999998,28.495513,,2.5004049000000004,62.0,41.0,89.33405,88.08985,84.2953,77.64615,20,False
demo,D08,22,1.810946,24,2612.746928,3.428949,,,2.493205,,28.393,,,,1.812014,,,,,,,,,,0.050956,0.155882,synthetic,False,2.0,90.54729999999999,9.452700000000007,-0.2702499999999901,0.2013450000000006,0.20498095238095276,0.20498095238095276,,,,40.745104,0.0,0.0,20.372552,-0.2678151515151523,-0.2322289384528504,28.514532399999997,28.490853318181816,,2.4986514000000004,62.0,40.0,89.13835,87.37705,83.36200000000001,77.1667,21,False
demo,D08,23,1.801427,24,2611.05845,3.429679,,,2.490993,,28.589365,,,,1.800665,,,,,,,,,,0.050672,0.161942,synthetic,False,2.0,90.07135,9.928650000000005,0.47594999999999743,0.2823650000000015,0.2172977272727275,0.2172977272727275,,,,42.545769,0.0,0.0,21.2728845,-0.22788575757575885,-0.23124352766798434,28.503208600000004,28.49513643478261,,2.4985703,62.0,39.0,88.4858,87.0664,83.5015,76.5516,22,False
demo,D08,24,1.792334,24,2578.626933,3.43147,,,2.502336,,28.842529,,,,1.782817,,,,,,,,,,0.053159,0.160047,synthetic,False,2.0,89.61670000000001,10.383299999999991,0.4546499999999867,0.21636499999999897,0.22761739130434747,0.22761739130434747,,,,44.328586,0.0,0.0,22.164293,-0.2528393939393997,-0.23271882608695757,28.531847600000003,28.509611125000003,,2.4973523,62.0,38.0,88.85849999999999,87.0164,83.05875,75.9599,23,False
demo,D08,25,1.788922,24,2567.965817,3.420688,,,2.49314,,28.891079,,,,1.784854,,,,,,,,,,0.051751,0.155766,synthetic,False,2.0,89.4461,10.553899999999999,0.1706000000000074,0.26439999999999914,0.22524166666666665,0.22524166666666665,,,,46.113440000000004,0.0,0.0,23.056720000000002,-0.2402224242424235,-0.23329388461538778,28.585771900000005,28.52486984,,2.4957194,62.0,37.0,88.53765,86.8738,82.87044999999999,76.35315,24,False
demo,D08,26,1.786681,24,2560.98012,3.420147,,,2.500085,,29.01365,,,,1.786232,,,,,,,,,,0.049931,0.164181,synthetic,False,2.0,89.33405,10.665949999999995,0.11204999999999643,0.2628450000000001,0.22071399999999983,0.22071399999999983,,,,47.899672,0.0,0.0,23.949836,-0.2101754545454507,-0.23512465384615466,28.641736200000004,28.55845292,,2.4961573,62.0,36.0,88.08985,86.0656,82.891,75.899,25,False
demo,D08,27,1.782767,24,2580.706139,3.425521,,,2.50986,,28.608503,,,,1.784068,,,,,,,,,,0.051549,0.158981,synthetic,False,2.0,89.13835,10.861649999999997,0.1957000000000022,0.20461999999999989,0.24215599999999995,0.21975192307692298,,,,49.68374,0.0,0.0,24.84187,-0.21080636363636285,-0.2311138846153868,28.6512537,28.56120616,,2.498252,62.0,35.0,87.37705,86.48445,82.65474999999999,75.03735,26,False
demo,D08,28,1.769716,24,2561.914122,3.4212,,,2.501172,,28.786253,,,,1.763382,,,,,,,,,,0.053218,0.155929,synthetic,False,2.0,88.4858,11.514200000000002,0.6525500000000051,0.2557699999999997,0.2418459999999999,0.2357814814814816,,,,51.447122,0.0,0.0,25.723561,-0.2316318181818174,-0.23507280769230668,28.672576499999998,28.56827268,,2.499813,62.0,34.0,87.0664,86.4616,82.51294999999999,75.12325,27,False
demo,D08,29,1.77717,24,2552.026881,3.423028,,,2.50121,,28.220629,,,,1.77698,,,,,,,,,,0.051467,0.156422,synthetic,False,2.0,88.85849999999999,11.141500000000008,-0.3726999999999947,0.20931500000000086,0.2269100000000003,0.2140500000000003,,,,53.224102,0.0,0.0,26.612051,-0.20724909090908997,-0.23094753846153843,28.614748600000002,28.53438628,,2.4996622000000004,62.0,33.0,87.0164,85.98695,81.95115,75.8484,28,False
demo,D08,30,1.770753,24,2544.320626,3.420349,,,2.502051,,28.701341,,,,1.766779,,,,,,,,,,0.05379,0.163633,synthetic,False,2.0,88.53765,11.46235,0.320849999999993,0.16797499999999985,0.20987599999999987,0.2177327586206897,,,,54.990881,0.0,0.0,27.4954405,-0.22394575757575483,-0.23288730769230995,28.6237363,28.5524044,,2.5006046,62.0,32.0,86.8738,85.34925,81.52000000000001,74.63275,29,False
demo,D08,31,1.761797,24,2534.522075,3.41784,,,2.483069,,28.338488,,,,1.762624,,,,,,,,,,0.051525,0.165003,synthetic,False,2.0,88.08985,11.910150000000002,0.44780000000000086,0.21872000000000041,0.23041600000000018,0.22540166666666675,,,,56.753505000000004,0.0,0.0,28.376752500000002,-0.24073060606060132,-0.23426753846153825,28.638483700000002,28.534238799999997,,2.4977120999999998,62.0,31.0,86.0656,85.05114999999999,82.64620000000001,74.122,30,False
demo,D08,32,1.747541,24,2525.700929,3.424926,,,2.503918,,28.613054,,,,1.747473,,,,,,,,,,0.053028,0.163127,synthetic,False,2.0,87.37705,12.622950000000003,0.7128000000000014,0.31702499999999956,0.2686560000000003,0.2411241935483872,,,,58.500978,0.0,0.0,29.250489,-0.2518672727272749,-0.23536438461538584,28.6604891,28.54149964,,2.4987833999999998,62.0,30.0,86.48445,85.1163,80.49005,73.75835,31,False
demo,D08,33,1.741328,24,2497.828778,3.413267,,,2.501599,,29.395467,,,,1.743918,,,,,,,,,,0.053623,0.164305,synthetic,False,2.0,87.0664,12.933599999999998,0.31064999999999543,0.3004949999999994,0.2510759999999999,0.24329687499999997,,,,60.244896000000004,0.0,0.0,30.122448000000002,-0.2732512121212098,-0.24166380769230641,28.741099299999995,28.59174388,,2.499844,62.0,29.0,86.4616,84.71655,81.14035000000001,74.30839999999999,32,False
demo,D08,34,1.740328,24,2491.286143,3.420287,,,2.508929,,28.715397,,,,1.744041,,,,,,,,,,0.053047,0.164037,synthetic,False,2.0,87.0164,12.983599999999996,0.04999999999999716,0.2600300000000004,0.26207600000000014,0.2374393939393938,,,,61.98893700000001,0.0,0.0,30.994468500000004,-0.29124878787878766,-0.2413463846153832,28.728386099999994,28.60384156,,2.5005033,62.0,28.0,85.98695,84.6311,80.36925000000001,73.7465,33,False
demo,D08,35,1.737476,24,2518.23471,3.419281,,,2.506058,,28.427833,,,,1.739071,,,,,,,,,,0.051251,0.162172,synthetic,False,2.0,86.8738,13.126199999999997,0.14260000000000161,0.25722999999999985,0.22060000000000002,0.23464999999999994,,,,63.72800800000001,0.0,0.0,31.864004000000005,-0.2968790909090871,-0.24910034615384374,28.682061499999996,28.601796800000002,,2.5017951,62.0,27.0,85.34925,84.41380000000001,80.34455,73.6294,34,False
demo,D08,36,1.721312,24,2481.011911,3.408848,,,2.497981,,28.769979,,,,1.724274,,,,,,,,,,0.051844,0.162135,synthetic,False,2.0,86.0656,13.934399999999997,0.8081999999999994,0.32684500000000016,0.26469600000000015,0.2510371428571428,,,,65.45228200000001,0.0,0.0,32.726141000000005,-0.322883636363636,-0.2571303076923058,28.657694399999997,28.624404480000003,,2.5015847,62.0,26.0,85.05114999999999,84.2953,80.12285,72.9961,35,False
demo,D08,37,1.729689,24,2494.148258,3.412888,,,2.510324,,28.526197,,,,1.728477,,,,,,,,,,0.053873,0.162432,synthetic,False,2.0,86.48445,13.515550000000005,-0.41884999999999195,0.26539000000000074,0.24305200000000013,0.2324291666666668,,,,67.18075900000001,0.0,0.0,33.590379500000004,-0.2994709090909097,-0.2574261538461544,28.6494638,28.62340352,,2.5016311,62.0,25.0,85.1163,83.36200000000001,79.27145,73.01195,36,False
demo,D08,38,1.729232,24,2488.561581,3.413503,,,2.497074,,28.415966,,,,1.738995,,,,,,,,,,0.051903,0.163039,synthetic,False,2.0,86.4616,13.538399999999996,0.022849999999991155,0.20241999999999932,0.25733600000000023,0.22676486486486477,,,,68.91975400000001,0.0,0.0,34.459877000000006,-0.28863939393939547,-0.24991634615384536,28.612435100000006,28.61193804,,2.5012213,62.0,24.0,84.71655,83.5015,79.09345,72.09485,37,False
demo,D08,39,1.719739,24,2479.884746,3.417226,,,2.502472,,29.196176,,,,1.715547,,,,,,,,,,0.053778,0.158986,synthetic,False,2.0,85.98695,14.013050000000007,0.4746500000000111,0.28715499999999994,0.23173600000000022,0.23328815789473703,,,,70.63530100000001,0.0,0.0,35.317650500000006,-0.25431545454545634,-0.25298565384615496,28.7099898,28.63753952,,2.5013475,62.0,23.0,84.6311,83.05875,79.55945,72.1113,38,False
demo,D08,40,1.706985,24,2446.892113,3.411905,,,2.496889,,28.956226,,,,1.705183,,,,,,,,,,0.0525,0.163916,synthetic,False,2.0,85.34925,14.650750000000002,0.6376999999999953,0.3188400000000001,0.26963399999999976,0.24365769230769238,,,,72.34048400000002,0.0,0.0,36.17024200000001,-0.24135848484848785,-0.25438746153846364,28.7354783,28.66171512,,2.5008312999999998,62.0,22.0,84.41380000000001,82.87044999999999,78.90690000000001,71.86135,39,False
demo,D08,41,1.701023,24,2443.294225,3.412286,,,2.504618,,28.784849,,,,1.70409,,,,,,,,,,0.053131,0.166335,synthetic,False,2.0,85.05114999999999,14.948850000000007,0.29810000000000514,0.3038700000000006,0.27645400000000053,0.2450187500000002,,,,74.04457400000001,0.0,0.0,37.022287000000006,-0.23586757575757647,-0.2546316923076927,28.780114400000002,28.674948800000003,,2.5029862,62.0,21.0,84.2953,82.891,78.3695,71.90225,40,False
demo,D08,42,1.702326,24,2452.12208,3.40696,,,2.496235,,28.598556,,,,1.704888,,,,,,,,,,0.051591,0.161288,synthetic,False,2.0,85.1163,14.883700000000005,-0.0651500000000027,0.22607500000000016,0.24273000000000025,0.23745365853658548,,,,75.74946200000001,0.0,0.0,37.874731000000004,-0.23751030303030338,-0.2567376153846158,28.778664600000003,28.67835792,,2.5022178999999998,62.0,20.0,83.36200000000001,82.65474999999999,78.22915,71.29505,41,False
demo,D08,43,1.694331,24,2423.215204,3.421095,,,2.516476,,28.630806,,,,1.695983,,,,,,,,,,0.052448,0.161287,synthetic,False,2.0,84.71655,15.283450000000002,0.3997499999999974,0.23498500000000036,0.25307799999999986,0.2413178571428572,,,,77.445445,0.0,0.0,38.7227225,-0.25426454545454813,-0.259276153846154,28.7021985,28.680669159999997,,2.5037056,62.0,19.0,83.5015,82.51294999999999,78.31585,70.72315,42,False
demo,D08,44,1.692622,24,2435.163945,3.411863,,,2.520174,,29.096687,,,,1.694908,,,,,,,,,,0.052198,0.163725,synthetic,False,2.0,84.6311,15.368899999999996,0.08544999999999447,0.23853000000000008,0.2528219999999999,0.23769302325581387,,,,79.140353,0.0,0.0,39.5701765,-0.2505299999999993,-0.25865507692307804,28.7403275,28.69258032,,2.5048301,62.0,18.0,83.05875,81.95115,77.9927,70.64095,43,False
demo,D08,45,1.688276,24,2428.46077,3.41303,,,2.508739,,28.794231,,,,1.68124,,,,,,,,,,0.053343,0.16052,synthetic,False,2.0,84.41380000000001,15.586199999999991,0.2172999999999945,0.24599999999999939,0.23214399999999955,0.23722954545454525,,,,80.82159300000001,0.0,0.0,40.410796500000004,-0.23924212121212124,-0.2625203846153846,28.776967300000003,28.699891,,2.5050982,62.0,17.0,82.87044999999999,81.52000000000001,76.99454999999999,69.82935,44,False
demo,D08,46,1.685906,24,2425.500415,3.408576,,,2.515413,,27.950439,,,,1.691265,,,,,,,,,,0.053234,0.158613,synthetic,False,2.0,84.2953,15.704700000000003,0.1185000000000116,0.1770300000000006,0.2392700000000002,0.23459111111111117,,,,82.51285800000001,0.0,0.0,41.256429000000004,-0.25847969696969764,-0.26241873076923145,28.695013300000006,28.690267999999996,,2.5068414,62.0,16.0,82.891,82.64620000000001,77.64615,69.34609999999999,45,False
demo,D08,47,1.66724,24,2396.856982,3.405795,,,2.484608,,29.354374,,,,1.666561,,,,,,,,,,0.05379,0.166754,synthetic,False,2.0,83.36200000000001,16.63799999999999,0.9332999999999885,0.31224499999999866,0.28741199999999933,0.2497804347826085,,,,84.17941900000001,0.0,0.0,42.089709500000005,-0.27924303030303443,-0.26362830769230716,28.777831,28.72872296,,2.5042698,62.0,15.0,82.65474999999999,80.49005,77.1667,70.00145,46,False
demo,D08,48,1.67003,24,2397.657955,3.416404,,,2.485786,,28.790721,,,,1.674191,,,,,,,,,,0.052809,0.161846,synthetic,False,2.0,83.5015,16.498500000000007,-0.13949999999998397,0.2960100000000011,0.2627940000000001,0.2414978723404257,,,,85.85361,0.0,0.0,42.926805,-0.25607272727272407,-0.2627825384615388,28.8153065,28.736777200000002,,2.5031410000000003,62.0,14.0,82.51294999999999,81.14035000000001,76.5516,69.34885,47,False
demo,D08,49,1.661175,24,2379.016461,3.39998,,,2.496784,,28.84408,,,,1.654419,,,,,,,,,,0.052458,0.163608,synthetic,False,2.0,83.05875,16.941249999999997,0.44274999999998954,0.29281999999999897,0.2623180000000002,0.24569062499999994,,,,87.50802900000001,0.0,0.0,43.754014500000004,-0.25281575757575575,-0.2655164615384628,28.7800969,28.73683924,,2.5025722000000004,62.0,13.0,81.95115,80.36925000000001,75.9599,69.09165,48,False
demo,D08,50,1.657409,24,2387.7047,3.408291,,,2.500412,,29.035561,,,,1.658259,,,,,,,,,,0.053609,0.161873,synthetic,False,2.0,82.87044999999999,17.12955000000001,0.18830000000001235,0.24788000000000068,0.2630260000000004,0.24451938775510224,,,,89.16628800000001,0.0,0.0,44.583144000000004,-0.26684969696969807,-0.2666499615384628,28.788030399999997,28.74261852,,2.5029244999999998,62.0,12.0,81.52000000000001,80.34455,76.35315,69.1277,49,False
demo,D08,51,1.65782,24,2385.111959,3.402382,,,2.498018,,28.87962,,,,1.655952,,,,,,,,,,0.052392,0.167517,synthetic,False,2.0,82.891,17.108999999999995,-0.02055000000001428,0.21601499999999874,0.257722,0.2392179999999999,,,,90.82224000000001,0.0,0.0,45.411120000000004,-0.2695899999999986,-0.26365607692307774,28.797507499999995,28.737257319999998,,2.5022645,62.0,11.0,82.64620000000001,80.12285,75.899,69.0055,50,False
demo,D08,52,1.653095,24,2370.635951,3.405017,,,2.483579,,28.957084,,,,1.654987,,,,,,,,,,0.054547,0.166436,synthetic,False,2.0,82.65474999999999,17.345250000000007,0.2362500000000125,0.24615500000000026,0.2593440000000004,0.2507500000000002,,,,92.47722700000001,0.0,0.0,46.23861350000001,-0.2546896969696988,-0.25984376923076885,28.8333603,28.751200559999997,,2.5009989,62.0,10.0,80.49005,79.27145,75.03735,68.45425,51,False
demo,D08,53,1.650259,24,2376.818962,3.40373,,,2.511516,,28.66868,,,,1.651306,,,,,,,,,,0.053383,0.163267,synthetic,False,2.0,82.51294999999999,17.48705000000001,0.14180000000000348,0.22036000000000086,0.23891400000000032,0.24038000000000012,,,,94.12853300000002,0.0,0.0,47.06426650000001,-0.244336969696973,-0.2588785000000004,28.837147699999996,28.746497639999998,,2.5005029,62.0,9.0,81.14035000000001,79.09345,75.12325,68.5794,52,False
demo,D08,54,1.639023,24,2358.104877,3.400934,,,2.521542,,28.484016,,,,1.640223,,,,,,,,,,0.053284,0.160899,synthetic,False,2.0,81.95115,18.04885,0.561799999999991,0.26799500000000054,0.27629399999999976,0.25160200000000005,,,,95.76875600000002,0.0,0.0,47.88437800000001,-0.24361424242424326,-0.254777576923078,28.7758806,28.757033120000003,,2.5006397,62.0,8.0,80.36925000000001,79.55945,75.8484,67.85845,53,False
demo,D08,55,1.6304,24,2344.528759,3.403942,,,2.51281,,28.874458,,,,1.626947,,,,,,,,,,0.054158,0.163743,synthetic,False,2.0,81.52000000000001,18.47999999999999,0.43114999999998815,0.28937999999999986,0.28070599999999957,0.2452909999999997,,,,97.39570300000003,0.0,0.0,48.69785150000001,-0.2484112121212123,-0.2525516538461547,28.7839033,28.7639578,,2.5010468,62.0,7.0,80.34455,78.90690000000001,74.63275,67.50455,54,False
demo,D08,56,1.652924,24,2364.808366,3.396343,,,2.510855,,29.128518,,,,1.652735,,,,,,,,,,0.053394,0.165594,synthetic,False,2.0,82.64620000000001,17.353799999999993,-1.1261999999999972,0.164909999999999,0.21774599999999963,0.2240809999999999,,,,99.04843800000003,0.0,0.0,49.524219000000016,-0.164602727272726,-0.23900984615384632,28.9017112,28.795558999999997,,2.500591,62.0,6.0,80.12285,78.3695,74.122,67.1918,55,False
demo,D08,57,1.609801,24,2322.861298,3.399963,,,2.502261,,28.673348,,,,1.609221,,,,,,,,,,0.052244,0.166174,synthetic,False,2.0,80.49005,19.509950000000003,2.156150000000011,0.28719500000000125,0.27548,0.27206800000000014,,,,100.65765900000004,0.0,0.0,50.32882950000002,-0.240633333333332,-0.24831153846153758,28.8336086,28.79797076,,2.5023562999999998,62.0,5.0,79.27145,78.22915,73.75835,66.43945,56,False
demo,D08,58,1.622807,24,2328.197267,3.40249,,,2.49157,,28.633784,,,,1.624414,,,,,,,,,,0.052711,0.165415,synthetic,False,2.0,81.14035000000001,18.859649999999988,-0.6503000000000156,0.23611499999999808,0.2370419999999996,0.24405899999999975,,,,102.28207300000004,0.0,0.0,51.14103650000002,-0.2370815151515153,-0.24941926923077037,28.817914899999998,28.76750344,,2.5029347,62.0,4.0,79.09345,78.31585,74.30839999999999,66.81685,57,False
demo,D08,59,1.607385,24,2315.074441,3.395486,,,2.500725,,29.144177,,,,1.610566,,,,,,,,,,0.054984,0.16634,synthetic,False,2.0,80.36925000000001,19.630749999999992,0.7711000000000041,0.2689499999999995,0.26588599999999984,0.263981,,,,103.89263900000005,0.0,0.0,51.94631950000002,-0.2764863636363636,-0.2535863461538467,28.8479246,28.78465464,,2.5033288000000002,62.0,3.0,79.55945,77.9927,73.7465,65.501,58,False
demo,D08,60,1.606891,24,2308.311652,3.406914,,,2.521056,,28.725353,,,,1.607374,,,,,,,,,,0.054015,0.168001,synthetic,False,2.0,80.34455,19.655450000000002,0.024700000000009936,0.2525899999999993,0.2611700000000002,0.2408850000000001,,,,105.50001300000005,0.0,0.0,52.750006500000026,-0.2971918181818163,-0.2542942307692304,28.8169038,28.796555440000002,,2.5053932,62.0,2.0,78.90690000000001,76.99454999999999,73.6294,65.7629,59,False
demo,D08,61,1.602457,24,2304.847553,3.397929,,,2.49648,,28.743674,,,,1.598367,,,,,,,,,,0.052294,0.165776,synthetic,False,2.0,80.12285,19.87715,0.22169999999999845,0.2768150000000006,0.23771000000000014,0.2512030000000001,,,,107.09838000000005,0.0,0.0,53.549190000000024,-0.29800303030302816,-0.2601080769230778,28.803309199999994,28.79550324,,2.5052394,62.0,1.0,78.3695,77.64615,72.9961,65.64935,60,False
demo,D08,62,1.585429,24,2290.910529,3.397229,,,2.49545,,28.77857,,,,1.585771,,,,,,,,,,0.054498,0.167933,synthetic,False,2.0,79.27145,20.72855,0.8513999999999982,0.33832999999999913,0.2885199999999998,0.26578599999999997,,,,108.68415100000004,0.0,0.0,54.34207550000002,-0.32745090909090635,-0.26502115384615443,28.7854578,28.805598160000002,,2.5064265,62.0,0.0,78.22915,77.1667,73.01195,65.10884999999999,61,False
demo,D08,63,1.581869,24,2281.524536,3.395365,,,2.511073,,28.860951,,,,1.59013,,,,,,,,,,0.053622,0.163764,synthetic,False,2.0,79.09345,20.906549999999996,0.17799999999999727,0.34194999999999853,0.294726,0.27603100000000014,,,,110.27428100000004,0.0,0.0,55.13714050000002,-0.33505151515151493,-0.26625734615384594,28.8046849,28.823397560000004,,2.5063822,62.0,,78.31585,76.5516,72.09485,64.91315,62,False
demo,D08,64,1.591189,24,2299.080401,3.398572,,,2.511737,,28.469807,,,,1.596428,,,,,,,,,,0.053214,0.174014,synthetic,False,2.0,79.55945,20.44055,-0.465999999999994,0.23917000000000002,0.2570999999999998,0.244418,,,,111.87070900000005,0.0,0.0,55.935354500000024,-0.31323878787878695,-0.2622706923076915,28.803264000000002,28.7943428,,2.5054017,62.0,,77.9927,75.9599,72.1113,65.30295000000001,63,False
demo,D08,65,1.578138,24,2274.770758,3.4025,,,2.491521,,28.747958,,,,1.56875,,,,,,,,,,0.053074,0.166023,synthetic,False,2.0,78.90690000000001,21.093099999999993,0.6525499999999909,0.26131000000000026,0.25769399999999965,0.2636639999999997,,,,113.43945900000004,0.0,0.0,56.71972950000002,-0.32677272727272794,-0.26574034615384673,28.790613999999998,28.78601208,,2.5032728,62.0,,76.99454999999999,76.35315,71.86135,64.78439999999999,64,False
demo,D08,66,1.56739,24,2259.723452,3.405816,,,2.497385,,28.956508,,,,1.567588,,,,,,,,,,0.055326,0.167915,synthetic,False,2.0,78.3695,21.630499999999998,0.5374000000000052,0.42767000000000055,0.2672659999999996,0.27186000000000005,,,,115.00704700000004,0.0,0.0,57.50352350000002,-0.2628654545454531,-0.2721959615384617,28.773412999999998,28.79287844,,2.5019258,62.0,,77.64615,75.899,71.90225,63.9491,65,False
demo,D08,67,1.564583,24,2240.961252,3.398555,,,2.494981,,28.958935,,,,1.5675,,,,,,,,,,0.052389,0.169116,synthetic,False,2.0,78.22915,21.770849999999996,0.14034999999999798,0.22608999999999924,0.2754859999999997,0.25910799999999995,,,,116.57454700000004,0.0,0.0,58.28727350000002,-0.29851818181818385,-0.2741558846153846,28.801971700000003,28.807293599999998,,2.5011978000000004,62.0,,77.1667,75.03735,71.29505,63.71525,66,False
demo,D08,68,1.566317,24,2253.348311,3.400142,,,2.500697,,29.190022,,,,1.565746,,,,,,,,,,0.053499,0.166115,synthetic,False,2.0,78.31585,21.684150000000002,-0.08669999999999334,0.2824500000000015,0.25602800000000003,0.2545529999999999,,,,118.14029300000004,0.0,0.0,59.07014650000002,-0.2586836363636366,-0.27401519230769356,28.857595500000002,28.82966224,,2.5021105,62.0,,76.5516,75.12325,70.72315,63.1738,67,False
demo,D08,69,1.559854,24,2244.674802,3.401848,,,2.511037,,29.370066,,,,1.558419,,,,,,,,,,0.054522,0.167629,synthetic,False,2.0,77.9927,22.0073,0.32314999999999827,0.2376550000000009,0.26553600000000016,0.25917900000000005,,,,119.69871200000004,0.0,0.0,59.84935600000002,-0.25364575757575825,-0.2727883076923081,28.8801844,28.840597399999996,,2.5031417,62.0,,75.9599,75.8484,70.64095,63.468849999999996,68,False
demo,D08,70,1.539891,24,2225.583365,3.393482,,,2.49196,,29.318284,,,,1.539069,,,,,,,,,,0.056179,0.168391,synthetic,False,2.0,76.99454999999999,23.00545000000001,0.9981500000000096,0.33500000000000085,0.29677000000000076,0.26445700000000016,,,,121.23778100000004,0.0,0.0,60.61889050000002,-0.2758924242424224,-0.2778416538461539,28.9394775,28.86155952,,2.5002321000000003,62.0,,76.35315,74.63275,69.82935,62.88245,69,False
demo,D08,71,1.552923,24,2232.812537,3.400396,,,2.510897,,29.149279,,,,1.554638,,,,,,,,,,0.055025,0.165141,synthetic,False,2.0,77.64615,22.353849999999994,-0.6516000000000162,0.2476699999999994,0.26596599999999965,0.25261799999999995,,,,122.79241900000004,0.0,0.0,61.39620950000002,-0.23677121212121402,-0.27235811538461563,28.980038,28.90951312,,2.5016738,62.0,,75.899,74.122,69.34609999999999,62.06700000000001,70,False
demo,D08,72,1.543334,24,2224.166364,3.396086,,,2.501017,,28.897816,,,,1.539789,,,,,,,,,,0.053721,0.169582,synthetic,False,2.0,77.1667,22.833299999999994,0.47944999999999993,0.21047499999999958,0.24781200000000012,0.26761199999999974,,,,124.33220800000004,0.0,0.0,62.16610400000002,-0.25054121212120556,-0.27551853846153884,28.9919626,28.8912508,,2.5022305000000005,62.0,,75.03735,73.75835,70.00145,62.386399999999995,71,False
demo,D08,73,1.531032,24,2206.179583,3.391955,,,2.523262,,28.797684,,,,1.534672,,,,,,,,,,0.056219,0.163811,synthetic,False,2.0,76.5516,23.448400000000007,0.6151000000000124,0.2541850000000011,0.27799599999999997,0.27039500000000005,,,,125.86688000000004,0.0,0.0,62.93344000000002,-0.2842166666666657,-0.2781961923076927,28.9856359,28.89152932,,2.5034494,62.0,,75.12325,74.30839999999999,69.34885,62.18665,72,False
demo,D08,74,1.519198,24,2195.242228,3.391301,,,2.503188,,28.975673,,,,1.519027,,,,,,,,,,0.053453,0.17449,synthetic,False,2.0,75.9599,24.040099999999995,0.5916999999999888,0.35995499999999936,0.28395399999999993,0.2731360000000001,,,,127.38590700000003,0.0,0.0,63.692953500000016,-0.28828969696969753,-0.28541711538461584,29.0362225,28.89679304,,2.5025945,62.0,,75.8484,73.7465,69.09165,62.042249999999996,73,False
demo,D08,75,1.527063,24,2198.08888,3.383597,,,2.499031,,29.1058,,,,1.524208,,,,,,,,,,0.054995,0.171296,synthetic,False,2.0,76.35315,23.64685,-0.39324999999999477,0.2553750000000008,0.26069199999999965,0.26185900000000006,,,,128.91011500000002,0.0,0.0,64.45505750000001,-0.27078515151514787,-0.28543038461538506,29.072006700000003,28.899602599999998,,2.5033455,62.0,,74.63275,73.6294,69.1277,61.4293,74,False
demo,D08,76,1.51798,24,2191.319284,3.390916,,,2.505747,,29.178515,,,,1.521393,,,,,,,,,,0.055308,0.171198,synthetic,False,2.0,75.899,24.101,0.4541499999999985,0.24705000000000013,0.27968000000000015,0.2687010000000001,,,,130.431508,0.0,0.0,65.215754,-0.2829245454545417,-0.28441699999999853,29.0942074,28.9115584,,2.5041817,62.0,,74.122,72.9961,69.0055,61.0371,75,False
demo,D08,77,1.500747,24,2150.022776,3.381418,,,2.496629,,29.154651,,,,1.496109,,,,,,,,,,0.054111,0.16476,synthetic,False,2.0,75.03735,24.962649999999996,0.8616499999999974,0.3191800000000001,0.3046959999999996,0.28202,,,,131.927617,0.0,0.0,65.9638085,-0.3214742424242361,-0.28834134615384677,29.113779,28.91946108,,2.5043464999999996,62.0,,73.75835,73.01195,68.45425,61.44195,76,False
demo,D08,78,1.502465,24,2153.073179,3.381307,,,2.482047,,28.966009,,,,1.500796,,,,,,,,,,0.055673,0.167524,synthetic,False,2.0,75.12325,24.87675,-0.0858999999999952,0.3192599999999999,0.29558799999999963,0.26725099999999996,,,,133.428413,0.0,0.0,66.7142065,-0.31086999999999904,-0.2870312307692318,29.0913777,28.93135424,,2.5024815,62.0,,74.30839999999999,72.09485,68.5794,60.544799999999995,77,False
demo,D08,79,1.516968,24,2169.47089,3.390393,,,2.497595,,29.171263,,,,1.515234,,,,,,,,,,0.054316,0.173489,synthetic,False,2.0,75.8484,24.151600000000002,-0.7251499999999993,0.21443000000000012,0.24411000000000002,0.2602019999999999,,,,134.943647,0.0,0.0,67.4718235,-0.24355727272727487,-0.27896103846153897,29.0714974,28.95884412,,2.5011373,62.0,,73.7465,72.1113,67.85845,60.45505,78,False
demo,D08,80,1.492655,24,2154.491573,3.382126,,,2.497437,,29.326235,,,,1.499055,,,,,,,,,,0.055769,0.182748,synthetic,False,2.0,74.63275,25.36725,1.2156499999999966,0.2361799999999988,0.27549000000000035,0.27809799999999996,,,,136.442702,0.0,0.0,68.221351,-0.2831045454545486,-0.2817293076923088,29.072292500000003,28.976915199999997,,2.501685,62.0,,73.6294,71.86135,67.50455,59.7733,79,False
demo,D08,81,1.48244,24,2139.027706,3.385277,,,2.484077,,29.24638,,,,1.480409,,,,,,,,,,0.053336,0.174286,synthetic,False,2.0,74.122,25.878,0.5107500000000016,0.3524150000000006,0.3409680000000003,0.27935699999999997,,,,137.923111,0.0,0.0,68.9615555,-0.2784430303030286,-0.272652307692308,29.0820026,28.98162968,,2.499003,62.0,,72.9961,71.90225,67.1918,59.837700000000005,80,False
demo,D08,82,1.475167,24,2129.956039,3.38495,,,2.49927,,29.029246,,,,1.468809,,,,,,,,,,0.055583,0.174104,synthetic,False,2.0,73.75835,26.241650000000007,0.3636500000000069,0.3408350000000013,0.2692680000000001,0.27237400000000006,,,,139.39192,0.0,0.0,69.69596,-0.282863333333332,-0.2819365000000006,29.095145600000002,28.995865600000002,,2.4988283,62.0,,73.01195,71.29505,66.43945,58.889250000000004,81,False
demo,D08,83,1.486168,24,2135.733341,3.386503,,,2.479329,,28.812286,,,,1.484439,,,,,,,,,,0.054726,0.172128,synthetic,False,2.0,74.30839999999999,25.691600000000008,-0.5500499999999988,0.22432000000000016,0.2732780000000008,0.2551600000000002,,,,140.876359,0.0,0.0,70.4381795,-0.2569742424242401,-0.27446207692307756,29.096605800000003,29.00300568,,2.494435,62.0,,72.09485,70.72315,66.81685,58.88205,82,False
demo,D08,84,1.47493,24,2120.30907,3.38075,,,2.496523,,28.823212,,,,1.476274,,,,,,,,,,0.0564,0.16846,synthetic,False,2.0,73.7465,26.253500000000003,0.5618999999999943,0.2213400000000007,0.2649100000000004,0.26539800000000013,,,,142.352633,0.0,0.0,71.1763165,-0.27399060606060466,-0.27463007692307817,29.081359699999997,28.990167080000003,,2.4937685,62.0,,72.1113,70.64095,65.501,58.352599999999995,83,False
demo,D08,85,1.472588,24,2119.756333,3.387668,,,2.502436,,28.870814,,,,1.474897,,,,,,,,,,0.05523,0.174082,synthetic,False,2.0,73.6294,26.370599999999996,0.11709999999999354,0.27237499999999953,0.2686059999999998,0.26488799999999996,,,,143.82753,0.0,0.0,71.913765,-0.24434848484848198,-0.2710315769230765,29.057861099999997,28.995985519999998,,2.494109,62.0,,71.86135,69.82935,65.7629,58.227549999999994,84,False
demo,D08,86,1.459922,24,2111.393609,3.382133,,,2.50097,,29.124385,,,,1.46657,,,,,,,,,,0.05665,0.168299,synthetic,False,2.0,72.9961,27.0039,0.6333000000000055,0.29029000000000027,0.28507000000000005,0.2613900000000001,,,,145.2941,0.0,0.0,72.64705,-0.2465115151515138,-0.2703304230769247,29.0524481,29.01121396,,2.4936313,62.0,,71.90225,69.34609999999999,65.64935,58.4778,85,False
demo,D08,87,1.460239,24,2113.428894,3.384294,,,2.495889,,29.189593,,,,1.464348,,,,,,,,,,0.055905,0.167959,synthetic,False,2.0,73.01195,26.98805,-0.015850000000000364,0.20254000000000047,0.2503800000000001,0.2694499999999999,,,,146.758448,0.0,0.0,73.379224,-0.270066666666668,-0.2725148461538458,29.055942299999998,29.02765488,,2.4935573,62.0,,71.29505,70.00145,65.10884999999999,57.61214999999999,86,False
demo,D08,88,1.441897,24,2081.276412,3.375451,,,2.499145,,28.733521,,,,1.442439,,,,,,,,,,0.055454,0.168504,synthetic,False,2.0,72.09485,27.905150000000006,0.9171000000000049,0.3028400000000005,0.2799440000000004,0.28733500000000023,,,,148.200887,0.0,0.0,74.1004435,-0.3133684848484817,-0.2801298076923079,29.0326935,29.02255768,,2.4952671000000004,62.0,,70.72315,69.34885,64.91315,57.704100000000004,87,False
demo,D08,89,1.442226,24,2078.867783,3.379565,,,2.492159,,28.960662,,,,1.439655,,,,,,,,,,0.056365,0.175238,synthetic,False,2.0,72.1113,27.8887,-0.01645000000000607,0.3737099999999998,0.2979259999999999,0.27751299999999984,,,,149.64054199999998,0.0,0.0,74.82027099999999,-0.27072181818181895,-0.2775493846153848,29.0116334,29.04219188,,2.4947235,62.0,,70.64095,69.09165,65.30295000000001,57.6362,88,False
demo,D08,90,1.437227,24,2077.898455,3.384043,,,2.500108,,29.15498,,,,1.441895,,,,,,,,,,0.056422,0.172339,synthetic,False,2.0,71.86135,28.13865,0.24994999999999834,0.27714,0.28182200000000024,0.26975799999999994,,,,151.08243699999997,0.0,0.0,75.54121849999999,-0.2774539393939362,-0.27807234615384613,28.994507899999995,29.05847276,,2.4949906,62.0,,69.82935,69.1277,64.78439999999999,56.86475,89,False
demo,D08,91,1.438045,24,2069.195932,3.383636,,,2.500581,,28.868012,,,,1.436985,,,,,,,,,,0.056091,0.172781,synthetic,False,2.0,71.90225,28.097750000000005,-0.0408999999999935,0.22197500000000048,0.2586900000000003,0.26297799999999993,,,,152.51942199999996,0.0,0.0,76.25971099999998,-0.28241242424242113,-0.27817211538461634,28.9566711,29.054932920000002,,2.496641,62.0,,69.34609999999999,69.0055,63.9491,56.86275,90,False
demo,D08,92,1.425901,24,2050.888743,3.375048,,,2.490998,,29.219625,,,,1.424024,,,,,,,,,,0.053449,0.172918,synthetic,False,2.0,71.29505,28.704949999999997,0.6071999999999917,0.24632999999999897,0.27736400000000005,0.27642499999999987,,,,153.94344599999997,0.0,0.0,76.97172299999998,-0.31782818181818334,-0.28030549999999965,28.975709000000002,29.06536052,,2.4958137999999996,62.0,,70.00145,68.45425,63.71525,56.4152,91,False
demo,D08,93,1.414463,24,2036.037759,3.374626,,,2.502677,,29.051449,,,,1.413283,,,,,,,,,,0.054873,0.170044,synthetic,False,2.0,70.72315,29.276849999999996,0.5718999999999994,0.35852499999999876,0.30370799999999976,0.2798679999999999,,,,155.35672899999997,0.0,0.0,77.67836449999999,-0.31791030303030343,-0.2815170384615381,28.999625299999998,29.059817600000002,,2.4981486,62.0,,69.34885,68.5794,63.1738,55.98165,92,False
demo,D08,94,1.412819,24,2028.486561,3.372648,,,2.502615,,28.949916,,,,1.409281,,,,,,,,,,0.057256,0.171475,synthetic,False,2.0,70.64095,29.359049999999996,0.08220000000000027,0.31055499999999936,0.29406999999999983,0.279803,,,,156.76600999999997,0.0,0.0,78.38300499999998,-0.3164784848484864,-0.2808783076923077,29.012295700000003,29.0430116,,2.4987578,62.0,,69.09165,67.85845,63.468849999999996,55.86225,93,False
demo,D08,95,1.396587,24,2010.029634,3.371948,,,2.498338,,29.168421,,,,1.395288,,,,,,,,,,0.054778,0.172275,synthetic,False,2.0,69.82935,30.170649999999995,0.8115999999999985,0.38000499999999987,0.28660799999999936,0.2916890000000001,,,,158.16129799999996,0.0,0.0,79.08064899999998,-0.3294793939393914,-0.29205757692307704,29.0420564,29.037017080000002,,2.498348,62.0,,69.1277,67.50455,62.88245,55.87915,94,False
demo,D08,96,1.386922,24,1990.472362,3.367769,,,2.52421,,29.267687,,,,1.386275,,,,,,,,,,0.057013,0.170307,synthetic,False,2.0,69.34609999999999,30.653900000000007,0.4832500000000124,0.36500000000000055,0.3320020000000005,0.2989840000000001,,,,159.54757299999997,0.0,0.0,79.77378649999999,-0.3649981818181837,-0.29566992307692325,29.056386600000003,29.041753399999997,,2.500672,62.0,,69.0055,67.1918,62.06700000000001,54.82565,95,False
demo,D08,97,1.400029,24,2022.240924,3.374451,,,2.498593,,28.937824,,,,1.402075,,,,,,,,,,0.056706,0.172486,synthetic,False,2.0,70.00145,29.998549999999994,-0.6553500000000128,0.3010499999999993,0.28661000000000003,0.2672110000000001,,,,160.94964799999997,0.0,0.0,80.47482399999998,-0.31947151515151695,-0.29164273076923125,29.031209699999998,29.04335372,,2.5009424,62.0,,68.45425,66.43945,62.386399999999995,54.418350000000004,96,False
demo,D08,98,1.386977,24,2000.504429,3.375905,,,2.497208,,29.108881,,,,1.3859,,,,,,,,,,0.055404,0.171277,synthetic,False,2.0,69.34885,30.65115,0.6526000000000067,0.2745999999999995,0.2881099999999998,0.2830529999999999,,,,162.33554799999996,0.0,0.0,81.16777399999998,-0.3341903030303028,-0.294278807692307,29.0687457,29.0558016,,2.5007487,62.0,,68.5794,66.81685,62.18665,54.08965,97,False
demo,D08,99,1.381833,24,1998.373146,3.369589,,,2.495776,,29.29417,,,,1.37833,,,,,,,,,,0.054186,0.17646,synthetic,False,2.0,69.09165,30.90835,0.25719999999999743,0.3019649999999999,0.27473000000000014,0.27934200000000003,,,,163.71387799999997,0.0,0.0,81.85693899999998,-0.3285566666666643,-0.29966546153846213,29.1020965,29.068541480000004,,2.5011104,62.0,,67.85845,65.501,62.042249999999996,54.38185,98,False
demo,D08,100,1.382554,24,1981.147294,3.372457,,,2.490291,,28.985646,,,,1.37812,,,,,,,,,,0.055606,0.176681,synthetic,False,2.0,69.1277,30.872299999999996,-0.036050000000003024,0.27336499999999975,0.2890179999999998,0.27485499999999974,,,,165.09199799999996,0.0,0.0,82.54599899999998,-0.30101818181817913,-0.2955035769230771,29.0851631,29.06373532,,2.5001287000000003,62.0,,67.50455,65.7629,61.4293,54.110400000000006,99,False
demo,D08,101,1.38011,24,1998.695948,3.371632,,,2.506859,,28.765396,,,,1.380688,,,,,,,,,,0.058277,0.170915,synthetic,False,2.0,69.0055,30.994500000000002,0.12220000000000653,0.28967499999999974,0.2757400000000001,0.2777100000000001,,,,166.47268599999995,0.0,0.0,83.23634299999998,-0.24428333333333338,-0.2914531538461535,29.0749015,29.047210560000003,,2.5007565,62.0,,67.1918,65.64935,61.0371,53.298199999999994,100,False
demo,D08,102,1.369085,24,1962.181765,3.375356,,,2.493138,,28.812229,,,,1.369284,,,,,,,,,,0.055446,0.174347,synthetic,False,2.0,68.45425,31.545749999999998,0.551249999999996,0.28408000000000017,0.26332400000000006,0.2840099999999998,,,,167.84196999999995,0.0,0.0,83.92098499999997,-0.22298454545454366,-0.29580500000000004,29.034161899999997,29.033513680000002,,2.5009705,62.0,,66.43945,65.10884999999999,61.44195,52.505849999999995,101,False
demo,D08,103,1.371588,24,1967.986491,3.369002,,,2.494321,,29.088105,,,,1.370067,,,,,,,,,,0.05549,0.180705,synthetic,False,2.0,68.5794,31.420599999999993,-0.12515000000000498,0.2143749999999997,0.26175399999999965,0.27867099999999967,,,,169.21203699999995,0.0,0.0,84.60601849999998,-0.19855212121212146,-0.2930786923076916,29.037827500000002,29.03839752,,2.5001349,62.0,,66.81685,64.91315,60.544799999999995,52.6312,102,False
demo,D08,104,1.357169,24,1950.683489,3.367345,,,2.494618,,28.884642,,,,1.3559,,,,,,,,,,0.055431,0.172771,synthetic,False,2.0,67.85845,32.141549999999995,0.720950000000002,0.2782499999999999,0.3195979999999997,0.2818539999999999,,,,170.56793699999994,0.0,0.0,85.28396849999997,-0.192939393939392,-0.28472207692307633,29.0313001,29.02693268,,2.4993352,62.0,,65.501,65.30295000000001,60.45505,52.684549999999994,103,False
demo,D08,105,1.350091,24,1951.75806,3.365377,,,2.490151,,29.137933,,,,1.35114,,,,,,,,,,0.057714,0.177276,synthetic,False,2.0,67.50455,32.495450000000005,0.3539000000000101,0.23248000000000105,0.28512800000000027,0.2803090000000003,,,,171.91907699999993,0.0,0.0,85.95953849999997,-0.22700969696969664,-0.2856426153846148,29.0282513,29.019400600000004,,2.4985165,62.0,,65.7629,64.78439999999999,59.7733,52.186350000000004,104,False
demo,D08,106,1.343836,24,1936.433806,3.363429,,,2.482489,,29.650481,,,,1.347574,,,,,,,,,,0.056319,0.176563,synthetic,False,2.0,67.1918,32.8082,0.3127499999999941,0.2154299999999992,0.27720799999999995,0.30908800000000014,,,,173.26665099999994,0.0,0.0,86.63332549999997,-0.2821763636363634,-0.2890743461538464,29.066530699999998,29.035564639999997,,2.4943444,62.0,,65.64935,63.9491,59.837700000000005,51.946250000000006,105,False
demo,D08,107,1.328789,24,1912.056332,3.368215,,,2.495371,,28.912167,,,,1.326716,,,,,,,,,,0.056086,0.180127,synthetic,False,2.0,66.43945,33.560550000000006,0.752350000000007,0.3562000000000012,0.29275599999999996,0.28101200000000004,,,,174.59336699999994,0.0,0.0,87.29668349999997,-0.3085775757575774,-0.2977564230769229,29.063965000000003,29.030881479999998,,2.4940222000000003,62.0,,65.10884999999999,63.71525,58.889250000000004,51.42060000000001,106,False
demo,D08,108,1.336337,24,1919.749962,3.366502,,,2.508733,,29.174843,,,,1.336575,,,,,,,,,,0.05805,0.177433,synthetic,False,2.0,66.81685,33.18315,-0.3774000000000086,0.25319999999999965,0.2996619999999996,0.2864700000000002,,,,175.92994199999995,0.0,0.0,87.96497099999998,-0.3147242424242372,-0.2918243846153838,29.070561200000004,29.04538376,,2.4951747,62.0,,64.91315,63.1738,58.88205,51.566849999999995,107,False
demo,D08,109,1.31002,24,1878.641516,3.363972,,,2.50197,,29.818047,,,,1.31253,,,,,,,,,,0.057479,0.176305,synthetic,False,2.0,65.501,34.498999999999995,1.3158499999999975,0.35906499999999963,0.3298199999999997,0.29736500000000005,,,,177.24247199999996,0.0,0.0,88.62123599999998,-0.37910030303029996,-0.29789492307692356,29.1229489,29.085177159999997,,2.4957941000000003,62.0,,65.30295000000001,63.468849999999996,58.352599999999995,51.050200000000004,108,False
demo,D08,110,1.315258,24,1900.40657,3.369506,,,2.515606,,29.379146,,,,1.313216,,,,,,,,,,0.055928,0.17759,synthetic,False,2.0,65.7629,34.2371,-0.26189999999999714,0.3364800000000002,0.3146600000000001,0.2916329999999999,,,,178.55568799999998,0.0,0.0,89.27784399999999,-0.3832645454545395,-0.2963762307692313,29.162298899999996,29.10551044,,2.4983256,62.0,,64.78439999999999,62.88245,58.227549999999994,50.807449999999996,109,False
demo,D08,111,1.312987,24,1895.231528,3.369452,,,2.50751,,29.188588,,,,1.312946,,,,,,,,,,0.055647,0.177725,synthetic,False,2.0,65.64935,34.35065,0.11355000000000359,0.33561499999999994,0.29387,0.28947,,,,179.868634,0.0,0.0,89.934317,-0.36098363636363584,-0.2961875384615386,29.204618099999998,29.10807856,,2.4983907,62.0,,63.9491,62.06700000000001,58.4778,,110,False
demo,D08,112,1.302177,24,1882.743135,3.356187,,,2.50524,,29.257514,,,,1.302078,,,,,,,,,,0.058136,0.177638,synthetic,False,2.0,65.10884999999999,34.89115000000001,0.5405000000000086,0.3345400000000012,0.31612400000000035,0.2832520000000002,,,,181.17071199999998,0.0,0.0,90.58535599999999,-0.3642539393939409,-0.2951782307692316,29.2491466,29.110795399999997,,2.4996009,62.0,,63.71525,62.386399999999995,57.61214999999999,,111,False
demo,D08,113,1.298263,24,1871.724183,3.364874,,,2.518826,,29.409946,,,,1.294858,,,,,,,,,,0.057034,0.174112,synthetic,False,2.0,64.91315,35.08685,0.195699999999988,0.36662500000000053,0.2872679999999997,0.283606,,,,182.46556999999999,0.0,0.0,91.23278499999999,-0.32930515151515033,-0.29906707692307777,29.2813307,29.137852399999996,,2.5020514,62.0,,63.1738,62.18665,57.704100000000004,,112,False
demo,D08,114,1.306059,24,1865.818075,3.36416,,,2.499029,,29.714854,,,,1.306499,,,,,,,,,,0.05539,0.181487,synthetic,False,2.0,65.30295000000001,34.69704999999999,-0.38980000000000814,0.2555499999999995,0.27233399999999963,0.2851299999999998,,,,183.772069,0.0,0.0,91.8860345,-0.27671848484848255,-0.2936688846153844,29.364351899999996,29.16802008,,2.5024925,62.0,,63.468849999999996,62.042249999999996,57.6362,,113,False
demo,D08,115,1.295688,24,1858.824824,3.360115,,,2.500631,,29.173754,,,,1.29577,,,,,,,,,,0.05526,0.181372,synthetic,False,2.0,64.78439999999999,35.21560000000001,0.5185500000000189,0.2720150000000004,0.28307800000000044,0.2824500000000003,,,,185.067839,0.0,0.0,92.5339195,-0.24503393939394083,-0.2903196153846157,29.367934,29.168771039999996,,2.5035404999999997,62.0,,62.88245,61.4293,56.86475,,114,False
demo,D08,116,1.278982,24,1844.302916,3.361184,,,2.499885,,29.142124,,,,1.280402,,,,,,,,,,0.056094,0.175708,synthetic,False,2.0,63.9491,36.0509,0.8352999999999895,0.32426999999999995,0.31812599999999974,0.288408,,,,186.348241,0.0,0.0,93.1741205,-0.2467896969696952,-0.28882799999999903,29.317098299999998,29.179735519999998,,2.5052801000000002,62.0,,62.06700000000001,61.0371,56.86275,,115,False
demo,D08,117,1.274305,24,1832.963275,3.352383,,,2.515438,,28.993841,,,,1.27128,,,,,,,,,,0.056017,0.178126,synthetic,False,2.0,63.71525,36.28475,0.2338500000000039,0.2724199999999996,0.30319200000000024,0.29027800000000015,,,,187.619521,0.0,0.0,93.8097605,-0.272152121212124,-0.2894491923076935,29.3252657,29.17070416,,2.5072868,62.0,,62.386399999999995,61.44195,56.4152,,116,False
demo,D08,118,1.263476,24,1816.35587,3.363785,,,2.500025,,29.380559,,,,1.263502,,,,,,,,,,0.055319,0.178786,synthetic,False,2.0,63.1738,36.8262,0.5414499999999975,0.3643050000000002,0.3019740000000002,0.30284099999999997,,,,188.88302299999998,0.0,0.0,94.44151149999999,-0.26886757575757614,-0.2949567692307687,29.3458373,29.183868559999997,,2.506416,62.0,,62.18665,60.544799999999995,55.98165,,117,False
demo,D08,119,1.269377,24,1821.852892,3.360732,,,2.493517,,28.994513,,,,1.272885,,,,,,,,,,0.056207,0.175755,synthetic,False,2.0,63.468849999999996,36.531150000000004,-0.29504999999999626,0.20321500000000087,0.2868840000000003,0.29047700000000004,,,,190.15590799999998,0.0,0.0,95.07795399999999,-0.2930545454545508,-0.2927556153846147,29.2634839,29.18565244,,2.5055707,62.0,,62.042249999999996,60.45505,55.86225,,118,False
demo,D08,120,1.257649,24,1816.162327,3.353745,,,2.505877,,29.247581,,,,1.262874,,,,,,,,,,0.056504,0.174094,synthetic,False,2.0,62.88245,37.11755,0.5863999999999976,0.28804500000000033,0.27787600000000023,0.2822419999999998,,,,191.418782,0.0,0.0,95.709391,-0.3071348484848474,-0.29856638461538554,29.250327400000003,29.18881884,,2.5045978,62.0,,61.4293,59.7733,55.87915,,119,False
demo,D08,121,1.24134,24,1789.976461,3.352826,,,2.491837,,29.160819,,,,1.244518,,,,,,,,,,0.057124,0.178335,synthetic,False,2.0,62.06700000000001,37.93299999999999,0.8154499999999913,0.3582349999999991,0.2911639999999994,0.31158299999999994,,,,192.6633,0.0,0.0,96.33165,-0.3383496969696955,-0.3113931153846146,29.2475505,29.18454412,,2.5030305000000004,62.0,,61.0371,59.837700000000005,54.82565,,120,False
demo,D08,122,1.247728,24,1799.429474,3.349153,,,2.505335,,29.646939,,,,1.24479,,,,,,,,,,0.059216,0.179022,synthetic,False,2.0,62.386399999999995,37.613600000000005,-0.31939999999998747,0.2722449999999995,0.30460200000000043,0.2956060000000002,,,,193.90809,0.0,0.0,96.954045,-0.3447536363636353,-0.3091187307692307,29.286493,29.212908719999994,,2.50304,62.0,,61.44195,58.889250000000004,54.418350000000004,,121,False
demo,D08,123,1.243733,24,1787.570815,3.354211,,,2.504138,,29.257302,,,,1.244855,,,,,,,,,,0.057296,0.175927,synthetic,False,2.0,62.18665,37.81335,0.19974999999999454,0.27265000000000017,0.28648799999999996,0.28729899999999986,,,,195.152945,0.0,0.0,97.5764725,-0.3421003030303054,-0.3093564615384614,29.2712286,29.21884556,,2.5015712,62.0,,60.544799999999995,58.88205,54.08965,,122,False
demo,D08,124,1.240845,24,1787.762332,3.353175,,,2.498106,,29.487965,,,,1.239646,,,,,,,,,,0.057424,0.180897,synthetic,False,2.0,62.042249999999996,37.957750000000004,0.14440000000000452,0.3260700000000014,0.2819760000000002,0.2783530000000002,,,,196.39259099999998,0.0,0.0,98.19629549999999,-0.28828818181818266,-0.3079897307692298,29.248539700000002,29.226597359999996,,2.5014789,62.0,,60.45505,58.352599999999995,54.38185,,123,False
demo,D08,125,1.228586,24,1762.063685,3.348273,,,2.505658,,29.006098,,,,1.229284,,,,,,,,,,0.058223,0.184345,synthetic,False,2.0,61.4293,38.5707,0.6129499999999979,0.3355099999999993,0.30793600000000027,0.29847700000000005,,,,197.621875,0.0,0.0,98.8109375,-0.2629560606060603,-0.30649788461538513,29.231774099999996,29.22741544,,2.5019816,62.0,,59.7733,58.227549999999994,54.110400000000006,,124,False
demo,D08,126,1.220742,24,1757.183322,3.3557,,,2.485122,,29.451764,,,,1.218856,,,,,,,,,,0.057555,0.183697,synthetic,False,2.0,61.0371,38.9629,0.39219999999999544,0.2911999999999999,0.3187359999999998,0.29723799999999995,,,,198.84073099999998,0.0,0.0,99.42036549999999,-0.274035454545453,-0.303926499999999,29.2627381,29.25487016,,2.5005053,62.0,,59.837700000000005,58.4778,53.298199999999994,,125,False
demo,D08,127,1.228839,24,1756.108084,3.358712,,,2.50163,,29.105952,,,,1.224628,,,,,,,,,,0.058112,0.180466,synthetic,False,2.0,61.44195,38.55805,-0.40484999999999616,0.2273299999999999,0.28049200000000013,0.2719080000000001,,,,200.06535899999997,0.0,0.0,100.03267949999999,-0.24332515151515155,-0.2970010000000008,29.273949199999997,29.26661908,,2.4991244999999997,62.0,,58.889250000000004,57.61214999999999,52.505849999999995,,126,False
demo,D08,128,1.210896,24,1735.487506,3.351253,,,2.495372,,29.327244,,,,1.210062,,,,,,,,,,0.058172,0.176043,synthetic,False,2.0,60.544799999999995,39.455200000000005,0.8971500000000034,0.26290000000000047,0.32138400000000045,0.2915690000000001,,,,201.27542099999997,0.0,0.0,100.63771049999998,-0.27009181818181804,-0.29171130769230796,29.2686177,29.27618464,,2.4986591999999996,62.0,,58.88205,57.704100000000004,52.6312,,127,False
demo,D08,129,1.209101,24,1739.422501,3.349915,,,2.528623,,29.989149,,,,1.210849,,,,,,,,,,0.058032,0.183783,synthetic,False,2.0,60.45505,39.54495,0.08974999999999511,0.30137999999999965,0.2961360000000002,0.30786699999999995,,,,202.48626999999996,0.0,0.0,101.24313499999998,-0.25021727272727406,-0.28827911538461587,29.3680813,29.320364920000003,,2.5021698,62.0,,58.352599999999995,57.6362,52.684549999999994,,128,False
demo,D08,130,1.195466,24,1733.737461,3.351173,,,2.501558,,29.689844,,,,1.196155,,,,,,,,,,0.060812,0.182621,synthetic,False,2.0,59.7733,40.2267,0.681750000000001,0.31091499999999994,0.3092499999999998,0.29718900000000004,,,,203.68242499999997,0.0,0.0,101.84121249999998,-0.2700915151515145,-0.2889840769230773,29.4123076,29.34244136,,2.5017378999999997,62.0,,58.227549999999994,56.86475,52.186350000000004,,129,False
demo,D08,131,1.196754,24,1714.016465,3.349516,,,2.494036,,29.422765,,,,1.197719,,,,,,,,,,0.058944,0.183403,synthetic,False,2.0,59.837700000000005,40.162299999999995,-0.06440000000000623,0.2229300000000002,0.2941639999999998,0.2856859999999999,,,,204.88014399999997,0.0,0.0,102.44007199999999,-0.30312969696969133,-0.28627496153846094,29.438502200000006,29.33333272,,2.5019578,62.0,,58.4778,56.86275,51.946250000000006,,130,False
demo,D08,132,1.177785,24,1689.682412,3.342894,,,2.486217,,30.283059,,,,1.178294,,,,,,,,,,0.05714,0.188697,synthetic,False,2.0,58.889250000000004,41.110749999999996,0.9484500000000011,0.34971499999999905,0.3020079999999996,0.29738199999999976,,,,206.05843799999997,0.0,0.0,103.02921899999998,-0.3395863636363667,-0.29418726923076877,29.5021142,29.388168399999998,,2.500046,62.0,,57.61214999999999,56.4152,51.42060000000001,,131,False
demo,D08,133,1.177641,24,1696.906488,3.344594,,,2.513054,,29.254744,,,,1.178594,,,,,,,,,,0.058594,0.18042,synthetic,False,2.0,58.88205,41.11795,0.007200000000004536,0.3304600000000001,0.3173920000000001,0.30852699999999983,,,,207.23703199999997,0.0,0.0,103.61851599999999,-0.34736272727272527,-0.29258419230769206,29.501858400000003,29.391364439999997,,2.5009376,62.0,,57.704100000000004,55.98165,51.566849999999995,,132,False
demo,D08,134,1.167052,24,1689.475337,3.344696,,,2.4965,,29.790726,,,,1.168288,,,,,,,,,,0.057538,0.174693,synthetic,False,2.0,58.352599999999995,41.647400000000005,0.5294500000000042,0.36896500000000004,0.28593600000000036,0.30787800000000004,,,,208.40531999999996,0.0,0.0,104.20265999999998,-0.3535890909090862,-0.3029231538461535,29.532134499999994,29.390271600000002,,2.5007770000000002,62.0,,57.6362,55.86225,51.050200000000004,,133,False
demo,D08,135,1.164551,24,1677.970763,3.346562,,,2.492086,,29.120005,,,,1.163911,,,,,,,,,,0.058801,0.180258,synthetic,False,2.0,58.227549999999994,41.772450000000006,0.12505000000000166,0.32017500000000043,0.30141400000000035,0.3080370000000002,,,,209.56923099999997,0.0,0.0,104.78461549999999,-0.36277666666666897,-0.30629865384615396,29.543525200000005,29.379905960000002,,2.4994198,62.0,,56.86475,55.87915,50.807449999999996,,134,False
demo,D08,136,1.169556,24,1687.707485,3.346232,,,2.503363,,29.434686,,,,1.169749,,,,,,,,,,0.056929,0.184676,synthetic,False,2.0,58.4778,41.5222,-0.2502500000000083,0.25593000000000005,0.28686199999999984,0.2903659999999999,,,,210.73897999999997,0.0,0.0,105.36948999999998,-0.3456518181818175,-0.30270323076923084,29.541817400000003,29.38974988,,2.5012439,62.0,,56.86275,54.82565,,,135,False
demo,D08,137,1.152243,24,1657.548736,3.344872,,,2.506497,,29.184689,,,,1.15626,,,,,,,,,,0.05737,0.183991,synthetic,False,2.0,57.61214999999999,42.38785000000001,0.8656500000000094,0.3829800000000006,0.29986799999999986,0.3079960000000001,,,,211.89523999999997,0.0,0.0,105.94761999999999,-0.317732424242422,-0.3069868461538459,29.5496911,29.38683688,,2.5017306,62.0,,56.4152,54.418350000000004,,,136,False
demo,D08,138,1.154082,24,1659.332166,3.338161,,,2.50634,,29.583196,,,,1.15441,,,,,,,,,,0.058803,0.18019,synthetic,False,2.0,57.704100000000004,42.295899999999996,-0.0919500000000113,0.2840699999999991,0.2883619999999999,0.2878149999999998,,,,213.04964999999999,0.0,0.0,106.52482499999999,-0.2981857575757582,-0.3066120000000005,29.5752863,29.39376688,,2.5028274,62.0,,55.98165,54.08965,,,137,False
demo,D08,139,1.152724,24,1660.331777,3.346751,,,2.500198,,29.534907,,,,1.152822,,,,,,,,,,0.05947,0.179632,synthetic,False,2.0,57.6362,42.3638,0.06790000000000163,0.2818849999999998,0.3066700000000003,0.2895019999999999,,,,214.20247199999997,0.0,0.0,107.10123599999999,-0.25389333333333886,-0.29742049999999964,29.529862099999995,29.386568999999998,,2.4999849000000003,62.0,,55.86225,54.38185,,,138,False
demo,D08,140,1.137295,24,1634.470643,3.342176,,,2.501592,,29.467141,,,,1.137529,,,,,,,,,,0.05913,0.183444,synthetic,False,2.0,56.86475,43.13525,0.7714500000000015,0.2908549999999998,0.3167859999999996,0.29993200000000003,,,,215.34000099999997,0.0,0.0,107.67000049999999,-0.26296212121212,-0.29463807692307664,29.5075918,29.39830448,,2.4999883,62.0,,55.87915,54.110400000000006,,,139,False
demo,D08,141,1.137255,24,1641.206113,3.352368,,,2.50232,,29.817131,,,,1.13676,,,,,,,,,,0.059482,0.180771,synthetic,False,2.0,56.86275,43.13725,0.0020000000000024443,0.2974950000000007,0.2834540000000001,0.30078999999999995,,,,216.47676099999998,0.0,0.0,108.23838049999999,-0.23259151515151652,-0.29413507692307694,29.5470284,29.42530476,,2.5008167,62.0,,54.82565,53.298199999999994,,,140,False
demo,D08,142,1.128304,24,1616.928066,3.339487,,,2.503364,,29.41577,,,,1.127321,,,,,,,,,,0.059091,0.18643,synthetic,False,2.0,56.4152,43.5848,0.44754999999999967,0.24740500000000054,0.29200199999999993,0.2975970000000001,,,,217.60408199999998,0.0,0.0,108.80204099999999,-0.25380272727272785,-0.29465076923076916,29.460299499999998,29.44218192,,2.5025314,62.0,,54.418350000000004,52.505849999999995,,,141,False
demo,D08,143,1.119633,24,1616.575554,3.341248,,,2.504249,,29.652264,,,,1.1201,,,,,,,,,,0.058976,0.18398,synthetic,False,2.0,55.98165,44.01835,0.43354999999999677,0.29003999999999974,0.28768599999999994,0.29483000000000004,,,,218.72418199999998,0.0,0.0,109.36209099999999,-0.26915363636363815,-0.2989675384615382,29.500051499999994,29.453050120000004,,2.5016509,62.0,,54.08965,52.6312,,,142,False
demo,D08,144,1.117245,24,1609.022005,3.350972,,,2.510945,,29.779272,,,,1.116115,,,,,,,,,,0.058324,0.183429,synthetic,False,2.0,55.86225,44.13775,0.11939999999999884,0.24903499999999923,0.3042639999999997,0.295574,,,,219.840297,0.0,0.0,109.9201485,-0.29115757575757567,-0.29590353846153894,29.498906100000006,29.484440480000004,,2.5030954,62.0,,54.38185,52.684549999999994,,,143,False
demo,D08,145,1.117583,24,1608.283396,3.340474,,,2.500564,,29.20282,,,,1.117258,,,,,,,,,,0.059637,0.183022,synthetic,False,2.0,55.87915,44.12085,-0.016899999999999693,0.2348399999999991,0.2801319999999998,0.27900400000000003,,,,220.95755499999999,0.0,0.0,110.47877749999999,-0.2903903030303006,-0.2926963076923073,29.507187599999998,29.48265004,,2.5039431999999997,62.0,,54.110400000000006,52.186350000000004,,,144,False
demo,D08,146,1.096513,24,1571.196519,3.336794,,,2.491832,,29.418126,,,,1.09478,,,,,,,,,,0.06006,0.186929,synthetic,False,2.0,54.82565,45.17435,1.0534999999999997,0.3652149999999999,0.2896540000000002,0.2904089999999998,,,,222.05233499999997,0.0,0.0,111.02616749999999,-0.3019378787878771,-0.3019810384615379,29.505531599999994,29.49294232,,2.5027901,62.0,,53.298199999999994,51.946250000000006,,,145,False
demo,D08,147,1.088367,24,1562.642067,3.332098,,,2.498557,,29.630914,,,,1.088602,,,,,,,,,,0.059053,0.186593,synthetic,False,2.0,54.418350000000004,45.581649999999996,0.40729999999999933,0.3193799999999989,0.3187219999999996,0.31166200000000005,,,,223.14093699999998,0.0,0.0,111.57046849999999,-0.34914333333333647,-0.3062611923076905,29.550154099999997,29.492301320000003,,2.5019961,62.0,,52.505849999999995,51.42060000000001,,,146,False
demo,D08,148,1.081793,24,1563.383069,3.341337,,,2.507538,,29.784849,,,,1.083057,,,,,,,,,,0.059065,0.187334,synthetic,False,2.0,54.08965,45.91035,0.3287000000000049,0.3614450000000005,0.32388000000000006,0.305184,,,,224.22399399999998,0.0,0.0,112.11199699999999,-0.36943515151514955,-0.3094437307692308,29.5703194,29.5134032,,2.5021159,62.0,,52.6312,51.566849999999995,,,147,False
demo,D08,149,1.087637,24,1565.216569,3.331318,,,2.482135,,29.973855,,,,1.087176,,,,,,,,,,0.060715,0.187035,synthetic,False,2.0,54.38185,45.61815,-0.2922000000000011,0.32543500000000025,0.3064159999999998,0.294196,,,,225.31116999999998,0.0,0.0,112.65558499999999,-0.33450393939393325,-0.30514457692307684,29.614214200000003,29.5328388,,2.5003096,62.0,,52.684549999999994,51.050200000000004,,,148,False
demo,D08,150,1.082208,24,1559.681664,3.336985,,,2.482192,,29.572717,,,,1.077861,,,,,,,,,,0.059157,0.186495,synthetic,False,2.0,54.110400000000006,45.889599999999994,0.2714499999999944,0.27543499999999954,0.2927559999999997,0.300346,,,,226.389031,0.0,0.0,113.1945155,-0.3263624242424213,-0.30358799999999975,29.6247718,29.55550356,,2.4983696,62.0,,52.186350000000004,50.807449999999996,,,149,False
demo,D08,151,1.065964,24,1530.938571,3.331351,,,2.509183,,29.571936,,,,1.067223,,,,,,,,,,0.059416,0.184262,synthetic,False,2.0,53.298199999999994,46.701800000000006,0.8122000000000114,0.3564550000000004,0.30955600000000033,0.3141460000000001,,,,227.456254,0.0,0.0,113.728127,-0.32927000000000145,-0.3078207307692313,29.6002523,29.56031044,,2.4990559,62.0,,51.946250000000006,,,,150,False
demo,D08,152,1.050117,24,1512.037114,3.330507,,,2.515201,,29.456675,,,,1.05037,,,,,,,,,,0.059983,0.185804,synthetic,False,2.0,52.505849999999995,47.494150000000005,0.792349999999999,0.39093500000000037,0.35744400000000015,0.31896800000000014,,,,228.506624,0.0,0.0,114.253312,-0.36202666666666505,-0.309365961538461,29.6043428,29.57433936,,2.5002395999999996,62.0,,51.42060000000001,,,,151,False
demo,D08,153,1.052624,24,1509.538735,3.325882,,,2.487348,,29.75356,,,,1.050533,,,,,,,,,,0.059376,0.186711,synthetic,False,2.0,52.6312,47.3688,-0.1253500000000045,0.3350450000000002,0.3165439999999998,0.31896400000000014,,,,229.557157,0.0,0.0,114.7785785,-0.369463333333331,-0.3118516923076924,29.614472400000004,29.591392,,2.4985495,62.0,,51.566849999999995,,,,152,False
demo,D08,154,1.053691,24,1517.769493,3.337084,,,2.501005,,29.595184,,,,1.05532,,,,,,,,,,0.058643,0.194048,synthetic,False,2.0,52.684549999999994,47.315450000000006,-0.05334999999999468,0.3177700000000009,0.3108200000000002,0.3034780000000002,,,,230.61247699999998,0.0,0.0,115.30623849999999,-0.3413384848484859,-0.308655076923077,29.596063599999997,29.5756334,,2.4975555,62.0,,51.050200000000004,,,,153,False
demo,D08,155,1.043727,24,1504.638104,3.329355,,,2.496005,,29.615901,,,,1.040808,,,,,,,,,,0.059941,0.184204,synthetic,False,2.0,52.186350000000004,47.813649999999996,0.49819999999999,0.36927999999999983,0.3034779999999998,0.3063639999999998,,,,231.65328499999998,0.0,0.0,115.82664249999999,-0.3007439393939465,-0.3108974230769241,29.6373717,29.572675680000003,,2.4970996,62.0,,50.807449999999996,,,,154,False
demo,D08,156,1.038925,24,1497.491564,3.325005,,,2.497392,,29.66814,,,,1.041098,,,,,,,,,,0.059572,0.187186,synthetic,False,2.0,51.946250000000006,48.053749999999994,0.2400999999999982,0.2879399999999997,0.31565799999999994,0.3049109999999999,,,,232.694383,0.0,0.0,116.3471915,-0.29871787878788203,-0.30887596153846053,29.662373100000003,29.58249068,,2.4976556,62.0,,,,,,155,False
demo,D08,157,1.028412,24,1476.898244,3.333562,,,2.503055,,29.84529,,,,1.028294,,,,,,,,,,0.061558,0.189158,synthetic,False,2.0,51.42060000000001,48.57939999999999,0.5256499999999988,0.2997749999999996,0.29874599999999985,0.3003769999999997,,,,233.72267699999998,0.0,0.0,116.86133849999999,-0.3176151515151475,-0.31512080769230694,29.683810700000002,29.56497992,,2.4981054,62.0,,,,,,156,False
demo,D08,158,1.031337,24,1483.601011,3.326901,,,2.487071,,29.562062,,,,1.026657,,,,,,,,,,0.060475,0.187837,synthetic,False,2.0,51.566849999999995,48.433150000000005,-0.14624999999998778,0.2522800000000004,0.2926080000000002,0.30500000000000016,,,,234.74933399999998,0.0,0.0,117.37466699999999,-0.3141121212121232,-0.31434253846153826,29.661532,29.57727264,,2.4960587,62.0,,,,,,157,False
demo,D08,159,1.021004,24,1472.615753,3.328964,,,2.488928,,29.525454,,,,1.021369,,,,,,,,,,0.059194,0.192382,synthetic,False,2.0,51.050200000000004,48.949799999999996,0.5166499999999914,0.3331649999999996,0.2920959999999997,0.289016,,,,235.77070299999997,0.0,0.0,117.88535149999998,-0.2887306060606075,-0.31800076923076936,29.6166919,29.56666176,,2.4967379999999997,62.0,,,,,,158,False
demo,D08,160,1.016149,24,1462.326947,3.330384,,,2.496987,,29.833707,,,,1.015324,,,,,,,,,,0.060568,0.188429,synthetic,False,2.0,50.807449999999996,49.192550000000004,0.24275000000000801,0.330295000000001,0.2968039999999999,0.2991090000000001,,,,236.78602699999996,0.0,0.0,118.39301349999998,-0.2543030303030277,-0.3195330384615376,29.6427909,29.59520984,,2.4982175,62.0,,,,,,159,False
demo,D09,1,1.919014,24,4626.057123,3.43922,,,1.51471,,26.763172,,,,1.918886,,,,,,,,,,0.050054,0.153396,synthetic,False,2.0,95.9507,4.049300000000002,,,,,,,,1.918886,0.0,0.0,0.959443,,,,,,,90.0,89.0,95.32365,94.61855,91.83305,87.44364999999999,0,True
demo,D09,2,1.919701,24,4625.806995,3.437516,,,1.510901,,26.647126,,,,1.913189,,,,,,,,,,0.051658,0.155058,synthetic,False,2.0,95.98505,4.014949999999999,-0.03435000000000343,,,,,,,3.832075,0.0,0.0,1.9160375,,,,,,,90.0,88.0,95.01610000000001,94.2363,91.45455,87.78224999999999,1,True
demo,D09,3,1.914495,24,4585.489199,3.431492,,,1.515861,,26.822436,,,,1.913608,,,,,,,,,,0.051402,0.15551,synthetic,False,2.0,95.72475,4.27525,0.26030000000000086,,,,,,,5.745683,0.0,0.0,2.8728415,-0.11297500000001585,-0.11297500000001585,26.744244666666663,26.744244666666663,,1.5138239999999998,90.0,87.0,94.73455,94.08595,92.0393,86.5156,2,True
demo,D09,4,1.903151,24,4567.693485,3.441348,,,1.50237,,26.406453,,,,1.903075,,,,,,,,,,0.051383,0.154132,synthetic,False,2.0,95.15755,4.8424499999999995,0.5671999999999997,0.26438333333333236,0.26438333333333236,0.26438333333333236,,,,7.648758,0.0,0.0,3.824379,-0.2639749999999969,-0.2639749999999969,26.659796749999998,26.659796749999998,,1.5109605,90.0,86.0,95.14045,93.74385,91.73989999999999,86.78099999999999,3,True
demo,D09,5,1.918766,24,4593.772981,3.437645,,,1.499643,,26.768041,,,,1.919863,,,,,,,,,,0.049205,0.156534,synthetic,False,2.0,95.9383,4.061700000000002,-0.7807499999999976,0.0030999999999998806,0.0030999999999998806,0.0030999999999998806,,,,9.568621,0.0,0.0,4.7843105,-0.08522999999999939,-0.08522999999999939,26.6814456,26.6814456,,1.5086970000000002,90.0,85.0,94.35475,93.71935,90.7056,87.06255,4,True
demo,D09,6,1.906473,24,4557.52415,3.450142,,,1.507036,,26.824559,,,,1.90366,,,,,,,,,,0.050832,0.152616,synthetic,False,2.0,95.32365,4.676349999999999,0.6146499999999975,0.1254099999999994,0.1254099999999994,0.1254099999999994,,,,11.472281,0.0,0.0,5.7361405,-0.10979142857142843,-0.10979142857142843,26.705297833333333,26.705297833333333,,1.5084201666666666,90.0,84.0,94.61855,93.73785,91.81899999999999,86.414,5,False
demo,D09,7,1.900322,24,4552.71751,3.434583,,,1.494225,,26.630913,,,,1.904658,,,,,,,,,,0.04982,0.149655,synthetic,False,2.0,95.01610000000001,4.983899999999991,0.307549999999992,0.15576666666666483,0.15576666666666483,0.15576666666666483,,,,13.376939,0.0,0.0,6.6884695,-0.13975178571428393,-0.13975178571428393,26.69467142857143,26.69467142857143,,1.5063922857142857,90.0,83.0,94.2363,93.63485,91.10464999999999,86.24525,6,False
demo,D09,8,1.894691,24,4565.350019,3.445257,,,1.501301,,27.094925,,,,1.894743,,,,,,,,,,0.051016,0.155644,synthetic,False,2.0,94.73455,5.265450000000001,0.28155000000000996,0.17373571428571413,0.17373571428571413,0.17373571428571413,,,,15.271682,0.0,0.0,7.635841,-0.1640517857142867,-0.1640517857142867,26.744703125,26.744703125,,1.505755875,90.0,82.0,94.08595,93.1569,90.66105,85.85635,7,False
demo,D09,9,1.902809,24,4578.260811,3.440845,,,1.498243,,26.841094,,,,1.899306,,,,,,,,,,0.048657,0.154267,synthetic,False,2.0,95.14045,4.859549999999999,-0.4059000000000026,0.10128124999999955,0.10128124999999955,0.10128124999999955,,,,17.170988,0.0,0.0,8.585494,-0.13739500000000363,-0.13739500000000363,26.755413222222224,26.755413222222224,,1.5049211111111112,90.0,81.0,93.74385,93.19295,91.01615,85.63589999999999,8,False
demo,D09,10,1.887095,24,4515.848973,3.431774,,,1.48539,,26.760408,,,,1.885366,,,,,,,,,,0.049588,0.156007,synthetic,False,2.0,94.35475,5.645250000000004,0.7857000000000056,0.177327777777778,0.177327777777778,0.177327777777778,,,,19.056354000000002,0.0,0.0,9.528177000000001,-0.15918636363636146,-0.15918636363636146,26.7559127,26.7559127,,1.5029679999999999,90.0,80.0,93.71935,93.3138,90.5699,85.17694999999999,9,False
demo,D09,11,1.892371,24,4537.399941,3.437475,,,1.501275,,26.830111,,,,1.89967,,,,,,,,,,0.052265,0.150512,synthetic,False,2.0,94.61855,5.381450000000001,-0.26380000000000337,0.13321499999999986,0.13321499999999986,0.13321499999999986,,,,20.956024000000003,0.0,0.0,10.478012000000001,-0.15692606060605724,-0.151845909090913,26.762606599999998,26.762658,,1.5016245,90.0,79.0,93.73785,92.37485,90.29335,85.34455,10,False
demo,D09,12,1.884726,24,4533.508534,3.438676,,,1.49559,,27.011688,,,,1.887231,,,,,,,,,,0.051522,0.159983,synthetic,False,2.0,94.2363,5.7637,0.3822499999999991,0.1748750000000001,0.15585454545454525,0.15585454545454525,,,,22.843255000000003,0.0,0.0,11.421627500000001,-0.15707848484848594,-0.156472727272731,26.7990628,26.783410500000002,,1.5000934000000001,90.0,78.0,93.63485,92.6975,89.71504999999999,85.0448,11,False
demo,D09,13,1.881719,24,4508.390222,3.434314,,,1.497574,,26.945727,,,,1.885665,,,,,,,,,,0.050829,0.156863,synthetic,False,2.0,94.08595,5.914050000000003,0.1503500000000031,0.16388000000000033,0.1553958333333334,0.1553958333333334,,,,24.728920000000002,0.0,0.0,12.364460000000001,-0.16158818181818213,-0.15906730769231006,26.8113919,26.795896384615386,,1.4982647,90.0,77.0,93.1569,92.2393,89.9867,85.18495,12,False
demo,D09,14,1.874877,24,4500.779057,3.437712,,,1.503638,,26.762441,,,,1.870971,,,,,,,,,,0.050342,0.154141,synthetic,False,2.0,93.74385,6.256150000000005,0.34210000000000207,0.14137000000000058,0.16975769230769253,0.16975769230769253,,,,26.599891000000003,0.0,0.0,13.299945500000002,-0.2027069696969746,-0.1659276923076938,26.846990700000003,26.793506714285716,,1.4983914999999999,90.0,76.0,93.19295,92.03335,89.27374999999999,84.7208,13,False
demo,D09,15,1.874387,24,4503.952013,3.437562,,,1.512725,,26.969833,,,,1.871805,,,,,,,,,,0.050172,0.152218,synthetic,False,2.0,93.71935,6.280649999999994,0.024499999999989086,0.22189499999999923,0.15938214285714228,0.15938214285714228,,,,28.471696,0.0,0.0,14.235848,-0.17597636363636213,-0.16685125000000217,26.8671699,26.8052618,,1.4996997,90.0,75.0,93.3138,92.25145,89.8648,84.62045,14,False
demo,D09,16,1.874757,24,4504.694017,3.43673,,,1.491512,,26.925195,,,,1.872202,,,,,,,,,,0.051453,0.158241,synthetic,False,2.0,93.73785,6.262150000000005,-0.01849999999998886,0.1585800000000006,0.14752333333333353,0.14752333333333353,,,,30.343898000000003,0.0,0.0,15.171949000000001,-0.16231696969696527,-0.16338058823529308,26.8772335,26.812757625,,1.4981472999999998,90.0,74.0,92.37485,91.83305,89.4162,84.43555,15,False
demo,D09,17,1.872697,24,4497.899187,3.434021,,,1.496634,,26.656089,,,,1.873387,,,,,,,,,,0.050929,0.151787,synthetic,False,2.0,93.63485,6.36515,0.10299999999999443,0.13812500000000086,0.14474062499999985,0.14474062499999985,,,,32.217285000000004,0.0,0.0,16.108642500000002,-0.1555572727272739,-0.1598148284313712,26.8797511,26.80354182352941,,1.4983882,90.0,73.0,92.6975,91.45455,88.85805,84.3633,16,False
demo,D09,18,1.863138,24,4462.762345,3.428193,,,1.492349,,26.883167,,,,1.86249,,,,,,,,,,0.052915,0.162259,synthetic,False,2.0,93.1569,6.843100000000007,0.477950000000007,0.15776500000000054,0.1643411764705885,0.1643411764705885,,,,34.079775000000005,0.0,0.0,17.039887500000003,-0.17689515151514965,-0.16289385964911915,26.858575300000002,26.807965444444445,,1.497493,90.0,72.0,92.2393,92.0393,89.16239999999999,84.02539999999999,17,False
demo,D09,19,1.863859,24,4465.868128,3.432675,,,1.491698,,27.099046,,,,1.862035,,,,,,,,,,0.051177,0.153606,synthetic,False,2.0,93.19295,6.807050000000004,-0.036050000000003024,0.1947500000000005,0.15320833333333342,0.15320833333333342,,,,35.941810000000004,0.0,0.0,17.970905000000002,-0.15008363636363464,-0.16195657894736884,26.8843705,26.823285473684212,,1.4968385,90.0,71.0,92.03335,91.73989999999999,89.40854999999999,83.6713,18,False
demo,D09,20,1.866276,24,4463.828504,3.433989,,,1.494054,,27.093621,,,,1.864917,,,,,,,,,,0.051396,0.16051,synthetic,False,2.0,93.3138,6.6861999999999995,-0.12085000000000434,0.10409499999999952,0.13878421052631565,0.13878421052631565,,,,37.806727,0.0,0.0,18.9033635,-0.14545424242424135,-0.15723360902255734,26.9176918,26.836802249999998,,1.4977049,90.0,70.0,92.25145,90.7056,88.4855,83.8211,19,False
demo,D09,21,1.847497,24,4413.223097,3.423433,,,1.498035,,26.921264,,,,1.844563,,,,,,,,,,0.050137,0.155547,synthetic,False,2.0,92.37485,7.625150000000005,0.9389500000000055,0.2243700000000004,0.17879250000000013,0.17879250000000013,,,,39.65129,0.0,0.0,19.825645,-0.16183606060606165,-0.1638895454545502,26.9268071,26.84082423809524,,1.4973809,90.0,69.0,91.83305,91.81899999999999,88.53020000000001,83.92075,20,False
demo,D09,22,1.85395,24,4447.948436,3.432421,,,1.505859,,27.138268,,,,1.853283,,,,,,,,,,0.0511,0.160584,synthetic,False,2.0,92.6975,7.302499999999995,-0.3226500000000101,0.1538799999999995,0.15491428571428537,0.15491428571428537,,,,41.504573,0.0,0.0,20.7522865,-0.15890575757575634,-0.16311883116882936,26.9394651,26.85434440909091,,1.4984078,90.0,68.0,91.45455,91.10464999999999,88.04945,83.4439,21,False
demo,D09,23,1.844786,24,4438.329158,3.430211,,,1.503204,,26.737832,,,,1.848894,,,,,,,,,,0.051729,0.154004,synthetic,False,2.0,92.2393,7.7607,0.45820000000000505,0.1846649999999997,0.16869999999999988,0.16869999999999988,,,,43.353467,0.0,0.0,21.6767335,-0.17233939393939376,-0.1657398221343865,26.9186756,26.849278652173915,,1.4989708,90.0,67.0,92.0393,90.66105,88.01805,83.02695,22,False
demo,D09,24,1.840667,24,4399.307568,3.424897,,,1.489431,,26.751753,,,,1.835096,,,,,,,,,,0.051221,0.15643,synthetic,False,2.0,92.03335,7.966650000000001,0.2059500000000014,0.17104999999999962,0.17031956521739125,0.17031956521739125,,,,45.188563,0.0,0.0,22.5942815,-0.19742969696969992,-0.1681600869565222,26.917606799999998,26.845215083333333,,1.4975501000000002,90.0,66.0,91.73989999999999,91.01615,87.35340000000001,82.97715,23,False
demo,D09,25,1.845029,24,4431.696886,3.429297,,,1.512942,,26.919642,,,,1.846308,,,,,,,,,,0.051064,0.158613,synthetic,False,2.0,92.25145,7.7485499999999945,-0.21810000000000684,0.14679000000000003,0.15413541666666633,0.15413541666666633,,,,47.034871,0.0,0.0,23.5174355,-0.19152363636363579,-0.16647869230769397,26.9125877,26.84819216,,1.4975718,90.0,65.0,90.7056,90.5699,87.6181,82.20275000000001,24,False
demo,D09,26,1.836661,24,4418.363245,3.428335,,,1.509444,,27.369399,,,,1.841731,,,,,,,,,,0.05196,0.15852,synthetic,False,2.0,91.83305,8.16695,0.41840000000000543,0.19047999999999946,0.1647059999999999,0.1647059999999999,,,,48.876602000000005,0.0,0.0,24.438301000000003,-0.1894133333333337,-0.16879173076923118,26.957008100000003,26.872441239999997,,1.499365,90.0,64.0,91.81899999999999,90.29335,87.44364999999999,82.57965,25,False
demo,D09,27,1.829091,24,4365.629226,3.436357,,,1.490988,,27.047177,,,,1.828421,,,,,,,,,,0.053224,0.160139,synthetic,False,2.0,91.45455,8.545450000000002,0.3785000000000025,0.21803000000000025,0.18122000000000013,0.17292884615384616,,,,50.705023000000004,0.0,0.0,25.352511500000002,-0.19172666666666696,-0.17108769230769424,26.996116899999997,26.88844328,,1.4988004,90.0,63.0,91.10464999999999,89.71504999999999,87.78224999999999,83.60155,26,False
demo,D09,28,1.840786,24,4414.299247,3.430979,,,1.512241,,26.91998,,,,1.838839,,,,,,,,,,0.051737,0.154906,synthetic,False,2.0,92.0393,7.960700000000003,-0.5847499999999997,0.1117599999999996,0.14741800000000013,0.14486666666666667,,,,52.543862000000004,0.0,0.0,26.271931000000002,-0.16758000000000164,-0.16710396153846133,26.999798200000004,26.89234504,,1.5007895999999998,90.0,62.0,90.66105,89.9867,86.5156,81.94749999999999,27,False
demo,D09,29,1.834798,24,4425.26344,3.433494,,,1.503269,,27.383837,,,,1.83819,,,,,,,,,,0.052796,0.156862,synthetic,False,2.0,91.73989999999999,8.260100000000008,0.29940000000000566,0.14530500000000046,0.13670600000000036,0.1503857142857145,,,,54.382052,0.0,0.0,27.191026,-0.14381424242424284,-0.1687209615384598,27.028277300000003,26.9314404,,1.5019467,90.0,61.0,91.01615,89.27374999999999,86.78099999999999,81.80444999999999,28,False
demo,D09,30,1.814112,24,4361.077645,3.426293,,,1.498435,,26.957098,,,,1.810541,,,,,,,,,,0.05248,0.161181,synthetic,False,2.0,90.7056,9.294399999999996,1.0342999999999876,0.26081999999999966,0.20930799999999977,0.1808655172413791,,,,56.192593,0.0,0.0,28.0962965,-0.1507954545454547,-0.16944888461538585,27.014625000000002,26.939002679999998,,1.5023848,90.0,60.0,90.5699,89.8648,87.06255,81.70925,29,False
demo,D09,31,1.83638,24,4382.580695,3.422052,,,1.503581,,27.554113,,,,1.836297,,,,,,,,,,0.052721,0.154429,synthetic,False,2.0,91.81899999999999,8.181000000000012,-1.1133999999999844,0.05558500000000066,0.14018600000000048,0.13772333333333364,,,,58.028890000000004,0.0,0.0,29.014445000000002,-0.12802787878787666,-0.1620206153846137,27.0779099,26.96818484,,1.5029394,90.0,59.0,90.29335,89.4162,86.414,81.93195,30,False
demo,D09,32,1.822093,24,4381.658835,3.430451,,,1.499742,,26.88904,,,,1.818303,,,,,,,,,,0.051169,0.158834,synthetic,False,2.0,91.10464999999999,8.895350000000008,0.714349999999996,0.1592850000000013,0.15645800000000065,0.15632419354838728,,,,59.847193000000004,0.0,0.0,29.923596500000002,-0.1159772727272723,-0.16156596153846253,27.052987100000003,26.97850992,,1.5023277,90.0,58.0,89.71504999999999,88.85805,86.24525,81.76339999999999,31,False
demo,D09,33,1.813221,24,4341.968881,3.42402,,,1.505451,,26.777236,,,,1.806439,,,,,,,,,,0.051661,0.156814,synthetic,False,2.0,90.66105,9.338949999999997,0.44359999999998934,0.15782499999999972,0.16293999999999983,0.16530156249999983,,,,61.653632,0.0,0.0,30.826816,-0.13936242424242498,-0.1650127692307677,27.0569275,26.965802359999998,,1.5025524000000001,90.0,57.0,89.9867,89.16239999999999,85.85635,80.9586,32,False
demo,D09,34,1.820323,24,4377.835737,3.426198,,,1.501873,,26.977925,,,,1.81977,,,,,,,,,,0.051594,0.157805,synthetic,False,2.0,91.01615,8.983850000000004,-0.3550999999999931,0.10172000000000025,0.1649720000000002,0.14953181818181824,,,,63.473402,0.0,0.0,31.736701,-0.13797818181818253,-0.15798926923076775,27.079544699999996,26.9712756,,1.5037966,90.0,56.0,89.27374999999999,89.40854999999999,85.63589999999999,80.88255,33,False
demo,D09,35,1.811398,24,4338.353931,3.422213,,,1.496626,,26.970633,,,,1.80682,,,,,,,,,,0.052432,0.157798,synthetic,False,2.0,90.5699,9.430099999999996,0.44624999999999204,0.16815500000000014,0.15139399999999967,0.15825882352941156,,,,65.280222,0.0,0.0,32.640111,-0.13406515151514808,-0.15976946153845958,27.084643800000002,26.9796846,,1.5021650000000002,90.0,55.0,89.8648,88.4855,85.17694999999999,80.69085,34,False
demo,D09,36,1.805867,24,4333.391432,3.426024,,,1.479742,,26.839269,,,,1.805825,,,,,,,,,,0.052734,0.1554,synthetic,False,2.0,90.29335,9.706649999999996,0.2765500000000003,0.15396999999999963,0.1730079999999998,0.16163857142857124,,,,67.086047,0.0,0.0,33.5430235,-0.15274757575757397,-0.15855299999999917,27.0316308,26.980050920000004,,1.4991948000000002,90.0,54.0,89.4162,88.53020000000001,85.34455,80.8818,35,False
demo,D09,37,1.794301,24,4299.377642,3.428548,,,1.505272,,27.709042,,,,1.798302,,,,,,,,,,0.052182,0.157446,synthetic,False,2.0,89.71504999999999,10.28495000000001,0.5783000000000129,0.17395000000000066,0.18085000000000037,0.17321250000000019,,,,68.884349,0.0,0.0,34.4421745,-0.20954393939393742,-0.16317011538461643,27.097817299999996,27.00794508,,1.5006232000000002,90.0,53.0,88.85805,88.04945,85.0448,80.4826,36,False
demo,D09,38,1.799734,24,4319.401612,3.428698,,,1.496263,,27.130056,,,,1.806408,,,,,,,,,,0.052879,0.158445,synthetic,False,2.0,89.9867,10.013300000000001,-0.27165000000000816,0.20525999999999983,0.16396999999999992,0.16118918918918915,,,,70.690757,0.0,0.0,35.3453785,-0.19145484848484967,-0.1633053076923084,27.1188249,27.015318240000003,,1.4990254,90.0,52.0,89.16239999999999,88.01805,85.18495,80.26645,37,False
demo,D09,39,1.785475,24,4277.846302,3.429529,,,1.507779,,27.187851,,,,1.785809,,,,,,,,,,0.051582,0.158273,synthetic,False,2.0,89.27374999999999,10.726250000000007,0.7129500000000064,0.2466149999999999,0.17880400000000007,0.1757092105263159,,,,72.476566,0.0,0.0,36.238283,-0.20733393939394015,-0.17028930769230893,27.099226299999998,27.03233464,,1.4994764,90.0,51.0,89.40854999999999,87.35340000000001,84.7208,80.1989,38,False
demo,D09,40,1.797296,24,4310.617967,3.431574,,,1.504817,,26.938586,,,,1.80096,,,,,,,,,,0.052912,0.162826,synthetic,False,2.0,89.8648,10.135199999999998,-0.5910500000000098,0.08408000000000015,0.15418200000000012,0.15604871794871783,,,,74.27752600000001,0.0,0.0,37.138763000000004,-0.2300345454545426,-0.16862392307692528,27.0973751,27.03108476,,1.5001146,90.0,50.0,88.4855,87.6181,84.62045,79.65815,39,False
demo,D09,41,1.788324,24,4276.84166,3.415357,,,1.496523,,26.923096,,,,1.789751,,,,,,,,,,0.053133,0.161497,synthetic,False,2.0,89.4162,10.583799999999997,0.448599999999999,0.2402799999999985,0.17286599999999963,0.16336249999999986,,,,76.067277,0.0,0.0,38.0336385,-0.19278606060606007,-0.1679494230769232,27.0342734,27.031000799999997,,1.4994087999999999,90.0,49.0,88.53020000000001,87.44364999999999,84.43555,80.045,40,False
demo,D09,42,1.777161,24,4271.465063,3.417371,,,1.51023,,27.340648,,,,1.775799,,,,,,,,,,0.052906,0.159783,synthetic,False,2.0,88.85805,11.141949999999994,0.5581499999999977,0.22465999999999867,0.19107199999999977,0.17299146341463395,,,,77.84307600000001,0.0,0.0,38.921538000000005,-0.2044806060606051,-0.1701327307692313,27.0794342,27.058383159999998,,1.5004576,90.0,48.0,88.04945,87.78224999999999,84.3633,79.43375,41,False
demo,D09,43,1.783248,24,4282.046731,3.415673,,,1.502048,,26.656167,,,,1.776384,,,,,,,,,,0.052302,0.156381,synthetic,False,2.0,89.16239999999999,10.837600000000009,-0.30434999999998524,0.1498650000000012,0.1597800000000001,0.16162619047619065,,,,79.61946,0.0,0.0,39.80973,-0.20191606060605957,-0.17061169230769266,27.0673273,27.04930316,,1.5001172999999999,90.0,47.0,88.01805,86.5156,84.02539999999999,78.97565,42,False
demo,D09,44,1.788171,24,4270.798863,3.426049,,,1.501636,,26.782027,,,,1.793988,,,,,,,,,,0.052832,0.156001,synthetic,False,2.0,89.40854999999999,10.591450000000009,-0.2461500000000001,0.1607600000000005,0.1513760000000002,0.1521430232558141,,,,81.413448,0.0,0.0,40.706724,-0.14408636363636318,-0.16538530769230947,27.0477375,27.036622400000002,,1.5000936,90.0,46.0,87.35340000000001,86.78099999999999,83.6713,78.9614,43,False
demo,D09,45,1.76971,24,4259.956544,3.418441,,,1.498619,,27.033607,,,,1.765997,,,,,,,,,,0.051409,0.165133,synthetic,False,2.0,88.4855,11.514499999999998,0.9230499999999893,0.20844000000000024,0.19313199999999994,0.16966363636363627,,,,83.179445,0.0,0.0,41.5897225,-0.1468687878787922,-0.16455980769230738,27.054034899999998,27.03422184,,1.5002929,90.0,45.0,87.6181,87.06255,83.8211,79.1974,44,False
demo,D09,46,1.770604,24,4247.202842,3.419369,,,1.516836,,27.431855,,,,1.775501,,,,,,,,,,0.052492,0.156146,synthetic,False,2.0,88.53020000000001,11.469799999999992,-0.04470000000000596,0.1763149999999996,0.15378599999999948,0.16489999999999977,,,,84.954946,0.0,0.0,42.477473,-0.14038424242423841,-0.16899711538461462,27.113293499999997,27.054645479999998,,1.5040023000000002,90.0,44.0,87.44364999999999,86.414,83.92075,78.4975,45,False
demo,D09,47,1.760989,24,4228.42345,3.419257,,,1.492867,,27.014888,,,,1.762879,,,,,,,,,,0.052691,0.159902,synthetic,False,2.0,88.04945,11.950550000000007,0.48075000000001467,0.16655999999999976,0.18592200000000048,0.1717663043478262,,,,86.717825,0.0,0.0,43.3589125,-0.17730424242424614,-0.17168819230769197,27.0438781,27.04971028,,1.5027617999999998,90.0,43.0,87.78224999999999,86.24525,83.4439,78.7068,46,False
demo,D09,48,1.760361,24,4234.557889,3.421575,,,1.496773,,27.213496,,,,1.756925,,,,,,,,,,0.051067,0.160668,synthetic,False,2.0,88.01805,11.981949999999998,0.03139999999999077,0.19686499999999968,0.16884999999999992,0.16877978723404247,,,,88.47475,0.0,0.0,44.237375,-0.1776378787878737,-0.17567569230769203,27.0522221,27.06873684,,1.5028128,90.0,42.0,86.5156,85.85635,83.02695,78.03095,47,False
demo,D09,49,1.747068,24,4197.091739,3.412442,,,1.487627,,27.13633,,,,1.748158,,,,,,,,,,0.053004,0.159183,synthetic,False,2.0,87.35340000000001,12.646599999999992,0.6646499999999946,0.19203499999999848,0.18719799999999964,0.17911041666666647,,,,90.222908,0.0,0.0,45.111454,-0.23789272727272542,-0.18461080769230842,27.04707,27.08411992,,1.5007975999999998,90.0,41.0,86.78099999999999,85.63589999999999,82.97715,77.7852,48,False
demo,D09,50,1.752362,24,4220.370789,3.41401,,,1.507267,,27.445521,,,,1.759838,,,,,,,,,,0.051228,0.156899,synthetic,False,2.0,87.6181,12.381900000000002,-0.2646999999999906,0.22467000000000042,0.18533400000000028,0.1700530612244898,,,,91.982746,0.0,0.0,45.991373,-0.22102909090909367,-0.18532157692307744,27.097763500000003,27.10515508,,1.5010426,90.0,40.0,87.06255,85.17694999999999,82.20275000000001,78.0088,49,False
demo,D09,51,1.748873,24,4193.60296,3.418614,,,1.494179,,26.730509,,,,1.754245,,,,,,,,,,0.052083,0.15769,synthetic,False,2.0,87.44364999999999,12.556350000000009,0.17445000000000732,0.19725500000000123,0.17557600000000037,0.17014100000000013,,,,93.736991,0.0,0.0,46.8684955,-0.2163548484848504,-0.18826253846153912,27.0785048,27.079599480000002,,1.5008082,90.0,39.0,86.414,85.34455,82.57965,77.34445,50,False
demo,D09,52,1.755645,24,4226.623239,3.424251,,,1.4953,,27.300524,,,,1.753844,,,,,,,,,,0.052483,0.158135,synthetic,False,2.0,87.78224999999999,12.21775000000001,-0.33859999999999957,0.10758000000000152,0.14689200000000027,0.1640560000000002,,,,95.490835,0.0,0.0,47.7454175,-0.20651181818181824,-0.18848650000000033,27.074492400000004,27.08973336,,1.4993152,90.0,38.0,86.24525,85.0448,83.60155,77.6488,51,False
demo,D09,53,1.730312,24,4154.280252,3.416187,,,1.494831,,27.104807,,,,1.727848,,,,,,,,,,0.051966,0.158659,synthetic,False,2.0,86.5156,13.484399999999994,1.2666499999999843,0.26467999999999847,0.22094799999999964,0.18418299999999987,,,,97.218683,0.0,0.0,48.6093415,-0.2324287878787907,-0.19173026923076897,27.119356399999997,27.097126439999997,,1.4985935,90.0,37.0,85.85635,85.18495,81.94749999999999,77.30265,52,False
demo,D09,54,1.73562,24,4171.8328,3.413786,,,1.500627,,27.37779,,,,1.735968,,,,,,,,,,0.052726,0.164558,synthetic,False,2.0,86.78099999999999,13.219000000000008,-0.2653999999999854,0.26275499999999996,0.198356,0.16753100000000018,,,,98.954651,0.0,0.0,49.4773255,-0.19537696969697307,-0.1912691923076924,27.1789327,27.09688456,,1.4984926,90.0,36.0,85.63589999999999,84.7208,81.80444999999999,76.72995,53,False
demo,D09,55,1.741251,24,4184.062224,3.409064,,,1.487492,,26.933303,,,,1.740674,,,,,,,,,,0.052654,0.160323,synthetic,False,2.0,87.06255,12.937449999999998,-0.28155000000000996,0.142295,0.1457220000000001,0.17751499999999992,,,,100.695325,0.0,0.0,50.3476625,-0.1726554545454561,-0.19473765384615402,27.168902300000003,27.09593276,,1.4973798999999999,90.0,35.0,85.17694999999999,84.62045,81.70925,76.7651,54,False
demo,D09,56,1.72828,24,4163.312089,3.419846,,,1.477568,,27.163678,,,,1.732427,,,,,,,,,,0.051897,0.159297,synthetic,False,2.0,86.414,13.585999999999999,0.6485500000000002,0.21162000000000064,0.21619999999999948,0.178193,,,,102.427752,0.0,0.0,51.213876,-0.16508151515151337,-0.1902563846153849,27.142084599999997,27.08031536,,1.4934531,90.0,34.0,85.34455,84.43555,81.93195,76.41615,55,False
demo,D09,57,1.724905,24,4148.730321,3.412669,,,1.504577,,27.137017,,,,1.727456,,,,,,,,,,0.053319,0.161325,synthetic,False,2.0,86.24525,13.754750000000001,0.16875000000000284,0.18041999999999944,0.19437599999999974,0.1754170000000002,,,,104.155208,0.0,0.0,52.077604,-0.17311121212120797,-0.19031861538461498,27.154297500000002,27.09023444,,1.4946241,90.0,33.0,85.0448,84.3633,81.76339999999999,76.4794,56,False
demo,D09,58,1.717127,24,4115.629266,3.410051,,,1.478864,,26.9237,,,,1.711316,,,,,,,,,,0.052065,0.163319,synthetic,False,2.0,85.85635,14.143649999999994,0.3888999999999925,0.2161699999999996,0.1921879999999999,0.17756399999999986,,,,105.866524,0.0,0.0,52.933262,-0.18257787878788034,-0.19466869230769324,27.1253179,27.096093,,1.4928332,90.0,32.0,85.18495,84.02539999999999,80.9586,76.7347,57,False
demo,D09,59,1.712718,24,4102.616035,3.407228,,,1.508541,,26.860819,,,,1.714289,,,,,,,,,,0.055161,0.160457,synthetic,False,2.0,85.63589999999999,14.364100000000008,0.2204500000000138,0.17175000000000154,0.21521000000000015,0.19009100000000018,,,,107.58081299999999,0.0,0.0,53.790406499999996,-0.22217666666666577,-0.19380676923077006,27.0977668,27.09140876,,1.4949245999999998,90.0,31.0,84.7208,83.6713,80.88255,75.8505,58,False
demo,D09,60,1.703539,24,4087.882492,3.407186,,,1.515585,,27.049589,,,,1.702928,,,,,,,,,,0.052855,0.164564,synthetic,False,2.0,85.17694999999999,14.82305000000001,0.4589500000000015,0.24411500000000075,0.21571800000000052,0.1835560000000001,,,,109.28374099999999,0.0,0.0,54.641870499999996,-0.24834424242424025,-0.1975051538461537,27.058173599999996,27.094567,,1.4957564,90.0,30.0,84.62045,83.8211,80.69085,75.9149,59,False
demo,D09,61,1.706891,24,4087.197517,3.409517,,,1.498358,,27.222146,,,,1.707018,,,,,,,,,,0.05176,0.157911,synthetic,False,2.0,85.34455,14.655450000000002,-0.1676000000000073,0.2099099999999993,0.19795200000000024,0.18548,,,,110.990759,0.0,0.0,55.4953795,-0.24741030303030082,-0.19827353846154072,27.1073373,27.109882080000002,,1.4961743,90.0,29.0,84.43555,83.92075,80.8818,75.55485,60,False
demo,D09,62,1.700896,24,4069.264744,3.411657,,,1.512995,,27.009428,,,,1.701743,,,,,,,,,,0.052007,0.165478,synthetic,False,2.0,85.0448,14.955200000000005,0.29975000000000307,0.27374499999999957,0.18680999999999984,0.1838300000000001,,,,112.69250199999999,0.0,0.0,56.346250999999995,-0.21480939393939297,-0.20378507692307773,27.078227700000003,27.08189752,,1.4979438,90.0,28.0,84.3633,83.4439,80.4826,75.34725,61,False
demo,D09,63,1.703699,24,4062.77339,3.408127,,,1.499757,,27.111933,,,,1.707783,,,,,,,,,,0.054111,0.161825,synthetic,False,2.0,85.18495,14.81505,-0.14015000000000555,0.13306500000000057,0.19206999999999994,0.17801999999999993,,,,114.400285,0.0,0.0,57.2001425,-0.22582606060605878,-0.2016939230769238,27.0789403,27.0811726,,1.4984364,90.0,27.0,84.02539999999999,83.02695,80.26645,75.08265,62,False
demo,D09,64,1.694416,24,4047.698335,3.412545,,,1.515992,,26.736926,,,,1.69773,,,,,,,,,,0.052647,0.162079,synthetic,False,2.0,84.7208,15.279200000000003,0.4641500000000036,0.20601999999999948,0.18211799999999984,0.18046099999999995,,,,116.098015,0.0,0.0,58.0490075,-0.22833757575757715,-0.20732307692307733,27.0148539,27.0631356,,1.4999729,90.0,26.0,83.6713,82.97715,80.1989,74.66685,63,False
demo,D09,65,1.692409,24,4085.975276,3.410565,,,1.495438,,27.118724,,,,1.689872,,,,,,,,,,0.051712,0.160225,synthetic,False,2.0,84.62045,15.379549999999995,0.10034999999999172,0.24420999999999965,0.20977399999999988,0.181978,,,,117.787887,0.0,0.0,58.8939435,-0.19258060606060598,-0.20446576923077026,27.033396,27.070341120000002,,1.5007674999999998,90.0,25.0,83.8211,82.20275000000001,79.65815,74.81625,64,False
demo,D09,66,1.688711,24,4044.92502,3.419977,,,1.476351,,27.47283,,,,1.688513,,,,,,,,,,0.053967,0.158768,synthetic,False,2.0,84.43555,15.564449999999994,0.18489999999999895,0.19784499999999952,0.19922599999999988,0.18604599999999977,,,,119.4764,0.0,0.0,59.7382,-0.18054454545454487,-0.20376711538461617,27.0643112,27.09233048,,1.5006457999999998,90.0,24.0,83.92075,82.57965,80.045,74.4204,65,False
demo,D09,67,1.687266,24,4072.56319,3.404091,,,1.499201,,27.395395,,,,1.685753,,,,,,,,,,0.052712,0.157509,synthetic,False,2.0,84.3633,15.636700000000005,0.07225000000001103,0.18819500000000033,0.17979000000000042,0.1854310000000001,,,,121.162153,0.0,0.0,60.5810765,-0.15971818181818112,-0.20548561538461482,27.090149000000004,27.09452036,,1.5001082000000001,90.0,23.0,83.4439,83.60155,79.43375,74.7632,66,False
demo,D09,68,1.680508,24,4038.097763,3.410709,,,1.51708,,27.207507,,,,1.674856,,,,,,,,,,0.053848,0.160491,synthetic,False,2.0,84.02539999999999,15.97460000000001,0.33790000000000475,0.18309500000000156,0.20548000000000002,0.18263000000000004,,,,122.83700900000001,0.0,0.0,61.418504500000004,-0.1604378787878806,-0.20382219230769344,27.1185297,27.11657396,,1.5039298,90.0,22.0,83.02695,81.94749999999999,78.97565,74.39305,67,False
demo,D09,69,1.673426,24,4015.622404,3.409874,,,1.50535,,27.300774,,,,1.67306,,,,,,,,,,0.054201,0.164826,synthetic,False,2.0,83.6713,16.328699999999998,0.3540999999999883,0.19645999999999902,0.22948999999999956,0.19043299999999988,,,,124.51006900000002,0.0,0.0,62.25503450000001,-0.17297545454545354,-0.19901434615384705,27.162525199999997,27.13732384,,1.5036107,90.0,21.0,82.97715,81.80444999999999,78.9614,73.90894999999999,68,False
demo,D09,70,1.676422,24,4005.298968,3.40543,,,1.494847,,27.028303,,,,1.682607,,,,,,,,,,0.05351,0.160059,synthetic,False,2.0,83.8211,16.1789,-0.14979999999999905,0.13558499999999896,0.18657600000000002,0.189854,,,,126.19267600000002,0.0,0.0,63.09633800000001,-0.18412545454545184,-0.1976409615384615,27.160396600000002,27.137111679999997,,1.5015369,90.0,20.0,82.20275000000001,81.70925,79.1974,73.601,69,False
demo,D09,71,1.678415,24,4028.253553,3.410183,,,1.503289,,27.638486,,,,1.672668,,,,,,,,,,0.055612,0.158218,synthetic,False,2.0,83.92075,16.079250000000002,-0.09964999999999691,0.14238,0.18437800000000037,0.16908199999999993,,,,127.86534400000002,0.0,0.0,63.93267200000001,-0.16223212121211888,-0.19131273076923058,27.2020306,27.14537692,,1.50203,90.0,19.0,82.57965,81.93195,78.4975,73.86135,70,False
demo,D09,72,1.668878,24,4028.044331,3.411688,,,1.509711,,27.763623,,,,1.668798,,,,,,,,,,0.051586,0.160518,synthetic,False,2.0,83.4439,16.5561,0.4768499999999989,0.16008999999999957,0.18422199999999975,0.18507200000000013,,,,129.53414200000003,0.0,0.0,64.76707100000002,-0.16907393939393794,-0.19064796153846214,27.2774501,27.175326320000003,,1.5017016,90.0,18.0,83.60155,81.76339999999999,78.7068,72.6981,71,False
demo,D09,73,1.660539,24,4003.916297,3.407953,,,1.499144,,27.300398,,,,1.660352,,,,,,,,,,0.052577,0.162424,synthetic,False,2.0,83.02695,16.97305,0.41694999999999993,0.21580000000000013,0.19964400000000013,0.18424700000000002,,,,131.19449400000002,0.0,0.0,65.59724700000001,-0.16991030303029805,-0.19060323076923136,27.296296599999998,27.1788024,,1.5016402999999998,90.0,17.0,81.94749999999999,80.9586,78.03095,73.4201,72,False
demo,D09,74,1.659543,24,3986.179075,3.412981,,,1.526264,,27.908358,,,,1.660498,,,,,,,,,,0.053149,0.162582,synthetic,False,2.0,82.97715,17.022850000000005,0.04980000000000473,0.17436500000000024,0.1750500000000005,0.1811240000000001,,,,132.854992,0.0,0.0,66.427496,-0.1782487878787887,-0.19382538461538507,27.413439800000003,27.209683520000002,,1.5026675,90.0,16.0,81.80444999999999,80.88255,77.7852,72.56320000000001,73,False
demo,D09,75,1.644055,24,3932.134413,3.396796,,,1.494826,,27.113872,,,,1.640889,,,,,,,,,,0.055821,0.163851,synthetic,False,2.0,82.20275000000001,17.79724999999999,0.7743999999999858,0.24176999999999965,0.21661399999999958,0.20097399999999993,,,,134.495881,0.0,0.0,67.2479405,-0.2143821212121174,-0.19818249999999982,27.4129546,27.19641756,,1.5026063,90.0,15.0,81.70925,80.69085,78.0088,72.67949999999999,74,False
demo,D09,76,1.651593,24,3952.440217,3.40308,,,1.510025,,26.959841,,,,1.646885,,,,,,,,,,0.055282,0.167034,synthetic,False,2.0,82.57965,17.42035,-0.376899999999992,0.18559000000000053,0.1945599999999996,0.18506799999999998,,,,136.142766,0.0,0.0,68.071383,-0.21297848484848203,-0.1966393846153832,27.3616557,27.20559084,,1.5059736999999997,90.0,14.0,81.93195,80.8818,77.34445,72.2281,75,False
demo,D09,77,1.672031,24,4002.609402,3.414904,,,1.507619,,27.064548,,,,1.66742,,,,,,,,,,0.054568,0.166867,synthetic,False,2.0,83.60155,16.398449999999997,-1.0219000000000023,0.07617499999999922,0.1672279999999995,0.1570599999999999,,,,137.810186,0.0,0.0,68.905093,-0.13815575757575396,-0.1785358076923078,27.328571,27.1961518,,1.5068155,90.0,13.0,81.76339999999999,80.4826,77.6488,71.91579999999999,76,False
demo,D09,78,1.63895,24,3948.562021,3.408517,,,1.493002,,27.236703,,,,1.643312,,,,,,,,,,0.052816,0.170458,synthetic,False,2.0,81.94749999999999,18.05250000000001,1.6540500000000122,0.20778999999999997,0.1827240000000006,0.20183600000000013,,,,139.453498,0.0,0.0,69.726749,-0.16684727272727118,-0.18515096153846158,27.331490600000002,27.201427640000002,,1.5044077,90.0,12.0,80.9586,80.26645,77.30265,72.37475,77,False
demo,D09,79,1.636089,24,3945.834554,3.406673,,,1.495756,,27.873883,,,,1.632873,,,,,,,,,,0.052962,0.159682,synthetic,False,2.0,81.80444999999999,18.19555000000001,0.14305000000000234,0.18668500000000138,0.19906200000000013,0.19870900000000005,,,,141.08637099999999,0.0,0.0,70.54318549999999,-0.20176151515151708,-0.18691865384615444,27.3888015,27.22127136,,1.5034483,90.0,11.0,80.88255,80.1989,76.72995,72.32509999999999,78,False
demo,D09,80,1.634185,24,3924.347703,3.409206,,,1.510181,,27.228433,,,,1.632552,,,,,,,,,,0.05283,0.162065,synthetic,False,2.0,81.70925,18.290750000000003,0.09519999999999129,0.2111850000000004,0.21413200000000018,0.17992700000000014,,,,142.718923,0.0,0.0,71.3594615,-0.20925333333333782,-0.18292150000000054,27.4088145,27.23307656,,1.5049817,90.0,10.0,80.69085,79.65815,76.7651,71.4892,79,False
demo,D09,81,1.638639,24,3929.157164,3.397164,,,1.501448,,27.077128,,,,1.645536,,,,,,,,,,0.05283,0.16655,synthetic,False,2.0,81.93195,18.06805,-0.22270000000000323,0.19887999999999978,0.17928200000000005,0.19774099999999975,,,,144.36445899999998,0.0,0.0,72.18222949999999,-0.17235636363636223,-0.17923623076923115,27.352678700000002,27.22961456,,1.5047975999999998,90.0,9.0,80.8818,80.045,76.41615,71.4433,80,False
demo,D09,82,1.635268,24,3942.877675,3.407591,,,1.503381,,27.072483,,,,1.632867,,,,,,,,,,0.05514,0.163227,synthetic,False,2.0,81.76339999999999,18.23660000000001,0.1685500000000104,0.16805000000000092,0.17927400000000035,0.18682500000000005,,,,145.997326,0.0,0.0,72.998663,-0.15233636363636455,-0.17534657692307676,27.2835647,27.2270332,,1.5041646,90.0,8.0,80.4826,79.43375,76.4794,71.14654999999999,81,False
demo,D09,83,1.619172,24,3874.605075,3.406654,,,1.48364,,27.606247,,,,1.620281,,,,,,,,,,0.053565,0.167815,synthetic,False,2.0,80.9586,19.041399999999996,0.804799999999986,0.20683499999999952,0.19591000000000008,0.19404899999999997,,,,147.617607,0.0,0.0,73.8088035,-0.18364151515151594,-0.17932726923076933,27.3141496,27.25433508,,1.5026142,90.0,7.0,80.26645,78.97565,76.7347,71.43509999999999,82,False
demo,D09,84,1.617651,24,3882.967096,3.399572,,,1.50656,,27.572848,,,,1.621093,,,,,,,,,,0.053712,0.165915,synthetic,False,2.0,80.88255,19.117450000000005,0.07605000000000928,0.20945999999999998,0.19013399999999991,0.20267200000000002,,,,149.2387,0.0,0.0,74.61935,-0.1973439393939404,-0.1824469615384625,27.2805986,27.282816240000002,,1.5006438,90.0,6.0,80.1989,78.9614,75.8505,70.06824999999999,83,False
demo,D09,85,1.613817,24,3878.540263,3.412244,,,1.502873,,27.207905,,,,1.617095,,,,,,,,,,0.054636,0.170185,synthetic,False,2.0,80.69085,19.309150000000002,0.19169999999999732,0.15119000000000113,0.17944399999999974,0.19758100000000012,,,,150.855795,0.0,0.0,75.4278975,-0.24774030303029818,-0.1882692692307688,27.2900019,27.28914888,,1.5014485,90.0,5.0,79.65815,79.1974,75.9149,70.60125000000001,84,False
demo,D09,86,1.617636,24,3872.277762,3.40299,,,1.499361,,26.8546,,,,1.613328,,,,,,,,,,0.05216,0.168423,synthetic,False,2.0,80.8818,19.1182,-0.19095000000000084,0.16978500000000024,0.17851,0.18823100000000012,,,,152.469123,0.0,0.0,76.2345615,-0.2442684848484807,-0.18720211538461684,27.279477800000002,27.27444704,,1.5003821,90.0,4.0,80.045,78.4975,75.55485,70.0557,85,False
demo,D09,87,1.609652,24,3855.794829,3.392435,,,1.503609,,27.053374,,,,1.607355,,,,,,,,,,0.053956,0.168797,synthetic,False,2.0,80.4826,19.517399999999995,0.39919999999999334,0.3118949999999998,0.1824879999999996,0.18464899999999973,,,,154.076478,0.0,0.0,77.038239,-0.17386454545454963,-0.18938449999999954,27.278360400000004,27.27620488,,1.4999811,90.0,3.0,79.43375,78.7068,75.34725,69.35245,86,False
demo,D09,88,1.605329,24,3844.541112,3.402191,,,1.495908,,27.772317,,,,1.6063,,,,,,,,,,0.05285,0.164551,synthetic,False,2.0,80.26645,19.733549999999994,0.21614999999999895,0.16810499999999848,0.19673999999999978,0.19440499999999986,,,,155.682778,0.0,0.0,77.841389,-0.18771515151514817,-0.18865123076923057,27.331921799999996,27.30262024,,1.5002717,90.0,2.0,78.97565,78.03095,75.08265,69.7362,87,False
demo,D09,89,1.603978,24,3865.908203,3.397618,,,1.494081,,27.516235,,,,1.610166,,,,,,,,,,0.053666,0.165549,synthetic,False,2.0,80.1989,19.801100000000005,0.06755000000001132,0.1605549999999994,0.1808760000000001,0.18149699999999996,,,,157.292944,0.0,0.0,78.646472,-0.1944106060606058,-0.18939953846153904,27.296157,27.333792600000002,,1.5001042,90.0,1.0,78.9614,77.7852,74.66685,70.1836,88,False
demo,D09,90,1.593163,24,3845.550945,3.403805,,,1.497581,,27.376621,,,,1.590737,,,,,,,,,,0.053482,0.165358,synthetic,False,2.0,79.65815,20.341849999999994,0.5407499999999885,0.2051099999999991,0.19849199999999997,0.20413299999999993,,,,158.883681,0.0,0.0,79.4418405,-0.21748696969696396,-0.19266449999999977,27.3109758,27.34410848,,1.4988442,90.0,0.0,79.1974,78.0088,74.81625,69.21695,89,False
demo,D09,91,1.6009,24,3843.483563,3.402304,,,1.495358,,27.815858,,,,1.59932,,,,,,,,,,0.053353,0.161446,synthetic,False,2.0,80.045,19.955,-0.3868499999999955,0.1886949999999999,0.1756220000000002,0.18742400000000004,,,,160.483001,0.0,0.0,80.2415005,-0.179753939393937,-0.1903903846153857,27.384848800000004,27.3578296,,1.4982351999999999,90.0,,78.4975,77.34445,74.4204,69.4353,90,False
demo,D09,92,1.588675,24,3809.752933,3.396193,,,1.521805,,27.856568,,,,1.590009,,,,,,,,,,0.054339,0.170868,synthetic,False,2.0,79.43375,20.566249999999997,0.6112499999999983,0.23296499999999867,0.19718199999999966,0.18848600000000004,,,,162.07301,0.0,0.0,81.036505,-0.16372636363636386,-0.19110373076923093,27.4632573,27.37627652,,1.5000776,90.0,,78.7068,77.6488,74.7632,69.34169999999999,91,False
demo,D09,93,1.579513,24,3784.01011,3.403449,,,1.509119,,27.371745,,,,1.581471,,,,,,,,,,0.054426,0.169056,synthetic,False,2.0,78.97565,21.02435,0.45810000000000173,0.19829500000000025,0.20198999999999956,0.20373499999999978,,,,163.654481,0.0,0.0,81.8272405,-0.1981012121212117,-0.19563273076922996,27.439807100000003,27.38284604,,1.5026255000000002,90.0,,78.03095,77.30265,74.39305,68.76205,92,False
demo,D09,94,1.579228,24,3790.166151,3.401161,,,1.490315,,27.376766,,,,1.581376,,,,,,,,,,0.053988,0.165796,synthetic,False,2.0,78.9614,21.038600000000002,0.014250000000004093,0.19211499999999973,0.18839600000000017,0.20894299999999988,,,,165.235857,0.0,0.0,82.6179285,-0.2142875757575776,-0.19994984615384595,27.420198899999995,27.38588572,,1.501001,90.0,,77.7852,76.72995,73.90894999999999,68.58545000000001,93,False
demo,D09,95,1.583948,24,3795.199444,3.394682,,,1.520363,,27.228567,,,,1.581267,,,,,,,,,,0.054531,0.170556,synthetic,False,2.0,79.1974,20.802599999999998,-0.2360000000000042,0.14934499999999956,0.18494799999999997,0.185762,,,,166.817124,0.0,0.0,83.408562,-0.20709454545454611,-0.19696749999999993,27.422265099999997,27.393896280000003,,1.50275,90.0,,78.0088,76.7651,73.601,67.81765,94,False
demo,D09,96,1.56995,24,3766.782714,3.395636,,,1.495671,,27.323924,,,,1.568279,,,,,,,,,,0.053432,0.165311,synthetic,False,2.0,78.4975,21.502499999999998,0.6998999999999995,0.23842999999999961,0.21692999999999985,0.2006540000000001,,,,168.385403,0.0,0.0,84.1927015,-0.20724545454545637,-0.19589257692307696,27.4691975,27.381313799999997,,1.5023810000000002,90.0,,77.34445,76.41615,73.86135,67.9006,95,False
demo,D09,97,1.574136,24,3782.611038,3.398835,,,1.500295,,27.017214,,,,1.574815,,,,,,,,,,0.05494,0.16152,synthetic,False,2.0,78.7068,21.2932,-0.20929999999999893,0.17758000000000038,0.18948399999999993,0.18685299999999982,,,,169.960218,0.0,0.0,84.980109,-0.1936927272727309,-0.19348242307692357,27.465581500000003,27.35145744,,1.5020495999999999,90.0,,77.6488,76.4794,72.6981,68.17025,96,False
demo,D09,98,1.560619,24,3740.932496,3.39362,,,1.508974,,27.036474,,,,1.564559,,,,,,,,,,0.054188,0.170597,synthetic,False,2.0,78.03095,21.969049999999996,0.675849999999997,0.2235500000000002,0.1998399999999998,0.19974199999999998,,,,171.524777,0.0,0.0,85.7623885,-0.20988969696969387,-0.19783646153846052,27.3919972,27.340900480000002,,1.5033562,90.0,,77.30265,76.7347,73.4201,67.69874999999999,97,False
demo,D09,99,1.555704,24,3731.565986,3.393125,,,1.4803,,26.985779,,,,1.554962,,,,,,,,,,0.053959,0.163936,synthetic,False,2.0,77.7852,22.214799999999997,0.24575000000000102,0.24136999999999914,0.20767799999999967,0.1913640000000001,,,,173.079739,0.0,0.0,86.5398695,-0.21689757575757504,-0.20111388461538512,27.3389516,27.303997319999997,,1.5019781,90.0,,76.72995,75.8505,72.56320000000001,67.57284999999999,98,False
demo,D09,100,1.560176,24,3742.339021,3.395169,,,1.49763,,27.68082,,,,1.560106,,,,,,,,,,0.053603,0.167006,synthetic,False,2.0,78.0088,21.991200000000006,-0.22359999999999047,0.16493500000000125,0.1677580000000006,0.19218600000000008,,,,174.63984499999998,0.0,0.0,87.31992249999999,-0.21850212121211782,-0.2060775000000001,27.3693715,27.326675240000004,,1.5019829999999998,90.0,,76.7651,75.9149,72.67949999999999,67.28444999999999,99,False
demo,D09,101,1.546889,24,3708.996539,3.389098,,,1.494267,,27.039316,,,,1.543715,,,,,,,,,,0.05429,0.168743,synthetic,False,2.0,77.34445,22.655550000000005,0.6643499999999989,0.2700550000000007,0.20940800000000023,0.2019839999999999,,,,176.18355999999997,0.0,0.0,88.09177999999999,-0.21056181818182212,-0.21017846153846184,27.2917173,27.32985424,,1.5018739,90.0,,76.41615,75.55485,72.2281,67.68365,100,False
demo,D09,102,1.552976,24,3722.207416,3.385191,,,1.502051,,27.908026,,,,1.558764,,,,,,,,,,0.056341,0.169037,synthetic,False,2.0,77.6488,22.351200000000006,-0.30434999999999945,0.1784950000000009,0.23811000000000035,0.20266899999999993,,,,177.74232399999997,0.0,0.0,88.87116199999998,-0.19403666666666805,-0.19722396153846158,27.296863100000003,27.36359336,,1.4998985,90.0,,76.4794,75.34725,71.91579999999999,66.6782,101,False
demo,D09,103,1.546053,24,3719.012638,3.394213,,,1.5037,,27.248325,,,,1.54653,,,,,,,,,,0.054476,0.170703,synthetic,False,2.0,77.30265,22.69735,0.3461499999999944,0.16730000000000017,0.18579399999999965,0.18425900000000012,,,,179.28885399999996,0.0,0.0,89.64442699999998,-0.20529666666666976,-0.19942615384615334,27.2845211,27.36405824,,1.4993566,90.0,,76.7347,75.08265,72.37475,67.07005000000001,102,False
demo,D09,104,1.534599,24,3663.471607,3.383869,,,1.499227,,27.88244,,,,1.537906,,,,,,,,,,0.05351,0.170359,synthetic,False,2.0,76.72995,23.270049999999998,0.5726999999999975,0.22314499999999954,0.20297999999999944,0.20102099999999978,,,,180.82675999999995,0.0,0.0,90.41337999999998,-0.2284660606060603,-0.20477234615384532,27.3350885,27.36440052,,1.5002478,90.0,,75.8505,74.66685,72.32509999999999,66.40925,103,False
demo,D09,105,1.535302,24,3702.127432,3.387941,,,1.498764,,27.355783,,,,1.535394,,,,,,,,,,0.055566,0.170238,synthetic,False,2.0,76.7651,23.234899999999996,-0.03515000000000157,0.24322999999999978,0.19776599999999975,0.20594899999999997,,,,182.36215399999995,0.0,0.0,91.18107699999997,-0.20693696969697015,-0.2068426153846157,27.347810099999997,27.36949452,,1.4980879,90.0,,75.9149,74.81625,71.4892,66.65795,104,False
demo,D09,106,1.528323,24,3669.466087,3.383954,,,1.510651,,27.065969,,,,1.528583,,,,,,,,,,0.054245,0.166495,synthetic,False,2.0,76.41615,23.583849999999998,0.3489500000000021,0.20813500000000004,0.22063199999999994,0.199957,,,,183.89073699999994,0.0,0.0,91.94536849999997,-0.22161909090909016,-0.20610376923076937,27.3220146,27.36904816,,1.4995859,90.0,,75.55485,74.4204,71.4433,65.56245000000001,105,False
demo,D09,107,1.529588,24,3677.729578,3.384605,,,1.503015,,27.776563,,,,1.524998,,,,,,,,,,0.054988,0.169699,synthetic,False,2.0,76.4794,23.5206,-0.06324999999999648,0.2227400000000003,0.21135999999999966,0.19531700000000002,,,,185.41573499999996,0.0,0.0,92.70786749999998,-0.1936693939393955,-0.20222365384615404,27.3979495,27.397211359999996,,1.4998578999999999,90.0,,75.34725,74.7632,71.14654999999999,65.76530000000001,106,False
demo,D09,108,1.534694,24,3691.277406,3.393542,,,1.500414,,27.798426,,,,1.528092,,,,,,,,,,0.054047,0.164096,synthetic,False,2.0,76.7347,23.265299999999996,-0.2553000000000054,0.12962500000000005,0.16895600000000002,0.18243300000000004,,,,186.94382699999994,0.0,0.0,93.47191349999997,-0.1698521212121181,-0.19997030769230695,27.4741447,27.404898520000003,,1.4990019,90.0,,75.08265,74.39305,71.43509999999999,65.37145,107,False
demo,D09,109,1.51701,24,3633.09015,3.388737,,,1.501479,,27.247972,,,,1.520808,,,,,,,,,,0.056111,0.174006,synthetic,False,2.0,75.8505,24.149500000000003,0.884200000000007,0.19347000000000064,0.20128199999999993,0.1957079999999999,,,,188.46463499999993,0.0,0.0,94.23231749999997,-0.1949351515151505,-0.2033901538461549,27.500363999999998,27.39190348,,1.5011198000000001,90.0,,74.66685,73.90894999999999,70.06824999999999,65.31085,108,False
demo,D09,110,1.518298,24,3633.91976,3.388754,,,1.518359,,27.38964,,,,1.518535,,,,,,,,,,0.054226,0.16506,synthetic,False,2.0,75.9149,24.085099999999997,-0.06440000000000623,0.20938999999999908,0.1910379999999998,0.18524099999999977,,,,189.98316999999992,0.0,0.0,94.99158499999996,-0.17814787878787408,-0.2042617307692314,27.471246,27.399172880000002,,1.5031927,90.0,,74.81625,73.601,70.60125000000001,65.4149,109,False
demo,D09,111,1.511097,24,3615.402734,3.383624,,,1.501727,,27.256905,,,,1.511721,,,,,,,,,,0.056287,0.168517,synthetic,False,2.0,75.55485,24.445149999999998,0.3600500000000011,0.1789599999999993,0.21307799999999985,0.1957939999999999,,,,191.4948909999999,0.0,0.0,95.74744549999996,-0.19990909090908987,-0.2028735384615387,27.4930049,27.415265079999998,,1.5039387,90.0,,74.4204,73.86135,70.0557,64.94069999999999,110,False
demo,D09,112,1.506945,24,3613.986408,3.385745,,,1.494856,,27.459451,,,,1.50318,,,,,,,,,,0.053881,0.165766,synthetic,False,2.0,75.34725,24.652749999999997,0.20759999999999934,0.23015499999999917,0.2054140000000001,0.19395099999999985,,,,192.9980709999999,0.0,0.0,96.49903549999995,-0.19101181818181973,-0.2032960000000005,27.4481474,27.431508160000003,,1.5032192,90.0,,74.7632,72.6981,69.35245,64.9718,111,False
demo,D09,113,1.501653,24,3611.526396,3.389212,,,1.48091,,27.524478,,,,1.498941,,,,,,,,,,0.054691,0.167743,synthetic,False,2.0,75.08265,24.91735,0.2646000000000015,0.2219999999999999,0.2073520000000002,0.202046,,,,194.4970119999999,0.0,0.0,97.24850599999995,-0.19172636363636256,-0.20437215384615365,27.4757627,27.4215946,,1.5009402,90.0,,74.39305,73.4201,69.7362,64.183,112,False
demo,D09,114,1.493337,24,3577.733231,3.386459,,,1.485661,,27.422148,,,,1.49651,,,,,,,,,,0.056467,0.170307,synthetic,False,2.0,74.66685,25.333150000000003,0.4158000000000044,0.20631000000000058,0.22128199999999992,0.201079,,,,195.9935219999999,0.0,0.0,97.99676099999995,-0.22639181818181656,-0.2059744230769227,27.429733499999998,27.417831119999995,,1.4995836,90.0,,73.90894999999999,72.56320000000001,70.1836,63.915299999999995,113,False
demo,D09,115,1.496325,24,3597.729439,3.390331,,,1.49533,,27.05079,,,,1.501533,,,,,,,,,,0.055205,0.168561,synthetic,False,2.0,74.81625,25.183750000000003,-0.14939999999999998,0.19488500000000072,0.19367600000000038,0.19608400000000017,,,,197.4950549999999,0.0,0.0,98.74752749999995,-0.22555757575757815,-0.2073496923076929,27.399234200000002,27.404797879999997,,1.4992401999999998,90.0,,73.601,72.67949999999999,69.21695,63.9448,114,False
demo,D09,116,1.488408,24,3546.803391,3.389911,,,1.498916,,27.372168,,,,1.486559,,,,,,,,,,0.057387,0.173896,synthetic,False,2.0,74.4204,25.5796,0.3958499999999958,0.1995750000000001,0.22498400000000005,0.20030300000000012,,,,198.9816139999999,0.0,0.0,99.49080699999995,-0.24595606060606226,-0.20478592307692262,27.4298541,27.387050279999997,,1.4980667,90.0,,73.86135,72.2281,69.4353,,115,False
demo,D09,117,1.495264,24,3584.48259,3.385899,,,1.494444,,27.682984,,,,1.497272,,,,,,,,,,0.054778,0.17087,synthetic,False,2.0,74.7632,25.236800000000002,-0.3427999999999969,0.17162000000000005,0.18682200000000024,0.19200199999999995,,,,200.4788859999999,0.0,0.0,100.23944299999995,-0.21924878787878718,-0.20084373076923145,27.420496200000002,27.38010692,,1.4972096000000001,90.0,,72.6981,71.91579999999999,69.34169999999999,,116,False
demo,D09,118,1.487861,24,3583.369653,3.378574,,,1.503511,,27.465984,,,,1.488427,,,,,,,,,,0.055378,0.169097,synthetic,False,2.0,74.39305,25.606949999999998,0.3701499999999953,0.23416500000000012,0.18330399999999997,0.19264699999999976,,,,201.9673129999999,0.0,0.0,100.98365649999995,-0.17490909090908782,-0.20130657692307682,27.387252,27.383876480000005,,1.4975193,90.0,,73.4201,72.37475,68.76205,,117,False
demo,D09,119,1.478179,24,3545.810606,3.381746,,,1.494315,,27.450871,,,,1.477823,,,,,,,,,,0.057123,0.170472,synthetic,False,2.0,73.90894999999999,26.09105000000001,0.4841000000000122,0.19415500000000066,0.2020980000000003,0.19524700000000025,,,,203.4451359999999,0.0,0.0,101.72256799999995,-0.18753787878788386,-0.20285546153846126,27.407541900000002,27.38684068,,1.4968029,90.0,,72.56320000000001,72.32509999999999,68.58545000000001,,118,False
demo,D09,120,1.47202,24,3524.060453,3.383612,,,1.490855,,27.309276,,,,1.477472,,,,,,,,,,0.053766,0.174778,synthetic,False,2.0,73.601,26.399,0.30794999999999106,0.23139000000000037,0.2238560000000001,0.20440200000000006,,,,204.9226079999999,0.0,0.0,102.46130399999996,-0.18913666666666523,-0.20100046153846216,27.399505499999997,27.39006904,,1.4940525,90.0,,72.67949999999999,71.4892,67.81765,,119,False
demo,D09,121,1.477227,24,3538.358016,3.381547,,,1.506126,,27.381647,,,,1.475888,,,,,,,,,,0.05359,0.173638,synthetic,False,2.0,73.86135,26.13865,-0.2603500000000025,0.16935000000000003,0.18544600000000003,0.20118799999999992,,,,206.3984959999999,0.0,0.0,103.19924799999995,-0.17249060606060737,-0.19943630769230694,27.4119797,27.392377960000005,,1.4944924,90.0,,72.2281,71.4433,67.9006,,120,False
demo,D09,122,1.453962,24,3457.809854,3.377527,,,1.513694,,27.921294,,,,1.45757,,,,,,,,,,0.054665,0.168425,synthetic,False,2.0,72.6981,27.301900000000003,1.163250000000005,0.26491500000000057,0.24034800000000017,0.21491600000000005,,,,207.8560659999999,0.0,0.0,103.92803299999996,-0.21260727272727248,-0.20295057692307722,27.458164,27.428541159999998,,1.4963762,90.0,,71.91579999999999,71.14654999999999,68.17025,,121,False
demo,D09,123,1.468402,24,3513.467041,3.383829,,,1.488928,,27.262453,,,,1.469522,,,,,,,,,,0.056129,0.169222,synthetic,False,2.0,73.4201,26.579899999999995,-0.7220000000000084,0.1662549999999996,0.18443399999999996,0.1921369999999999,,,,209.32558799999993,0.0,0.0,104.66279399999996,-0.19887121212121328,-0.2019366538461534,27.4319615,27.43758032,,1.4971780000000001,90.0,,72.37475,71.43509999999999,67.69874999999999,,122,False
demo,D09,124,1.451264,24,3494.081937,3.391129,,,1.502437,,27.753309,,,,1.451215,,,,,,,,,,0.053878,0.173374,synthetic,False,2.0,72.56320000000001,27.43679999999999,0.856899999999996,0.21036499999999875,0.20887999999999976,0.20827899999999971,,,,210.77680299999992,0.0,0.0,105.38840149999996,-0.23944303030302871,-0.20774326923076855,27.4650776,27.46828152,,1.4988556000000002,90.0,,72.32509999999999,70.06824999999999,67.57284999999999,,123,False
demo,D09,125,1.45359,24,3482.518212,3.379746,,,1.48095,,27.581379,,,,1.457579,,,,,,,,,,0.056061,0.172917,synthetic,False,2.0,72.67949999999999,27.32050000000001,-0.1162999999999812,0.21367500000000064,0.21317200000000014,0.19046500000000038,,,,212.23438199999993,0.0,0.0,106.11719099999996,-0.23821242424242248,-0.20622342307692354,27.518136500000004,27.46430388,,1.4974176,90.0,,71.4892,70.60125000000001,67.28444999999999,,124,False
demo,D09,126,1.444562,24,3462.116414,3.380559,,,1.485255,,27.64436,,,,1.4454,,,,,,,,,,0.056081,0.169066,synthetic,False,2.0,72.2281,27.771900000000002,0.4513999999999925,0.2192300000000003,0.2046539999999999,0.20703100000000008,,,,213.67978199999993,0.0,0.0,106.83989099999997,-0.2620936363636368,-0.2114143846153837,27.545355699999998,27.48850564,,1.4960515,90.0,,71.4433,70.0557,67.68365,,125,False
demo,D09,127,1.438316,24,3427.81011,3.374541,,,1.494112,,27.409437,,,,1.438038,,,,,,,,,,0.057631,0.174715,synthetic,False,2.0,71.91579999999999,28.08420000000001,0.31230000000000757,0.28474000000000077,0.22932000000000016,0.23371500000000026,,,,215.11781999999994,0.0,0.0,107.55890999999997,-0.25358272727272707,-0.2125089615384623,27.518001000000005,27.46856208,,1.4960183,90.0,,71.14654999999999,69.35245,66.6782,,126,False
demo,D09,128,1.447495,24,3456.992309,3.385911,,,1.511349,,27.490813,,,,1.451489,,,,,,,,,,0.056571,0.169428,synthetic,False,2.0,72.37475,27.625249999999994,-0.45895000000001573,0.20182999999999965,0.19711599999999976,0.1914549999999997,,,,216.56930899999995,0.0,0.0,108.28465449999997,-0.21020090909090824,-0.2084185769230773,27.5204839,27.4782616,,1.4968021,90.0,,71.43509999999999,69.7362,67.07005000000001,,127,False
demo,D09,129,1.446502,24,3483.998674,3.384312,,,1.492213,,27.578817,,,,1.450116,,,,,,,,,,0.055899,0.176051,synthetic,False,2.0,72.32509999999999,27.674900000000008,0.04965000000001396,0.15838499999999983,0.1761940000000004,0.18958699999999992,,,,218.01942499999996,0.0,0.0,109.00971249999998,-0.17733636363636224,-0.20672280769230847,27.5332785,27.46611668,,1.4965919,90.0,,70.06824999999999,70.1836,66.40925,,128,False
demo,D09,130,1.429784,24,3437.836762,3.381946,,,1.491839,,27.475157,,,,1.433221,,,,,,,,,,0.057061,0.174397,synthetic,False,2.0,71.4892,28.510800000000003,0.8358999999999952,0.21118000000000023,0.21103600000000028,0.204401,,,,219.45264599999996,0.0,0.0,109.72632299999998,-0.19139818181818077,-0.2090031923076927,27.5498666,27.47089164,,1.4966903,90.0,,70.60125000000001,69.21695,66.65795,,129,False
demo,D09,131,1.428866,24,3415.929991,3.384047,,,1.500361,,27.689559,,,,1.417755,,,,,,,,,,0.05625,0.16945,synthetic,False,2.0,71.4433,28.556700000000006,0.04590000000000316,0.2418050000000008,0.19891400000000034,0.20977300000000013,,,,220.87040099999996,0.0,0.0,110.43520049999998,-0.16500939393938951,-0.21113838461538506,27.5806578,27.49583524,,1.4961138,90.0,,70.0557,69.4353,65.56245000000001,,130,False
demo,D09,132,1.422931,24,3408.573279,3.376157,,,1.500371,,27.729964,,,,1.424183,,,,,,,,,,0.055311,0.171496,synthetic,False,2.0,71.14654999999999,28.85345000000001,0.29675000000000296,0.1551550000000006,0.2133140000000003,0.212337,,,,222.29458399999996,0.0,0.0,111.14729199999998,-0.20304727272727743,-0.2115550384615386,27.5615248,27.49397128,,1.4947815,90.0,,69.35245,69.34169999999999,65.76530000000001,,131,False
demo,D09,133,1.428702,24,3428.584621,3.377378,,,1.492149,,28.150124,,,,1.429308,,,,,,,,,,0.054568,0.171213,synthetic,False,2.0,71.43509999999999,28.56490000000001,-0.28855000000000075,0.19850000000000137,0.2119840000000005,0.19047000000000025,,,,223.72389199999995,0.0,0.0,111.86194599999997,-0.15840606060606208,-0.2026529615384617,27.650291900000003,27.5080392,,1.4951036,90.0,,69.7362,68.76205,65.37145,,132,False
demo,D09,134,1.401365,24,3351.206506,3.38201,,,1.519862,,27.7175,,,,1.401267,,,,,,,,,,0.055417,0.174425,synthetic,False,2.0,70.06824999999999,29.931750000000008,1.3668499999999995,0.24949500000000172,0.2312900000000002,0.21628600000000006,,,,225.12515899999994,0.0,0.0,112.56257949999997,-0.2213863636363614,-0.21113334615384624,27.646711,27.52682032,,1.4968461,90.0,,70.1836,68.58545000000001,65.31085,,133,False
demo,D09,135,1.412025,24,3368.485742,3.379034,,,1.497346,,27.153901,,,,1.413747,,,,,,,,,,0.05584,0.172907,synthetic,False,2.0,70.60125000000001,29.398749999999993,-0.5330000000000155,0.2078249999999983,0.21254599999999982,0.2017919999999998,,,,226.53890599999994,0.0,0.0,113.26945299999997,-0.21729878787878926,-0.20960184615384578,27.6039632,27.517390759999998,,1.4984857,90.0,,69.21695,67.81765,65.4149,,134,False
demo,D09,136,1.401114,24,3361.066297,3.366262,,,1.501136,,27.939085,,,,1.401844,,,,,,,,,,0.056164,0.170519,synthetic,False,2.0,70.0557,29.9443,0.5455500000000058,0.2172399999999996,0.219966,0.21652199999999994,,,,227.94074999999995,0.0,0.0,113.97037499999998,-0.24787090909090856,-0.21261926923076946,27.6334357,27.544677959999998,,1.5000737999999998,90.0,,69.4353,67.9006,64.94069999999999,,135,False
demo,D09,137,1.387049,24,3334.634952,3.3752,,,1.495982,,27.61846,,,,1.388929,,,,,,,,,,0.053994,0.170335,synthetic,False,2.0,69.35245,30.647549999999995,0.703249999999997,0.25633499999999854,0.23979199999999992,0.222603,,,,229.32967899999994,0.0,0.0,114.66483949999997,-0.3112899999999966,-0.2199741153846151,27.654338000000003,27.551038319999996,,1.5002608,90.0,,69.34169999999999,68.17025,64.9718,,136,False
demo,D09,138,1.394724,24,3353.280194,3.372014,,,1.5044,,28.160896,,,,1.393976,,,,,,,,,,0.055833,0.175858,synthetic,False,2.0,69.7362,30.263800000000003,-0.38374999999999204,0.26385500000000095,0.2138580000000002,0.21060500000000018,,,,230.72365499999995,0.0,0.0,115.36182749999998,-0.29210969696969696,-0.22182126923077033,27.7213463,27.57649504,,1.4995659,90.0,,68.76205,67.69874999999999,64.183,,137,False
demo,D09,139,1.403672,24,3377.658655,3.379052,,,1.51235,,28.012223,,,,1.407878,,,,,,,,,,0.055992,0.174712,synthetic,False,2.0,70.1836,29.8164,-0.4474000000000018,0.21414999999999934,0.17932999999999993,0.20030599999999993,,,,232.13153299999996,0.0,0.0,116.06576649999998,-0.21985333333333773,-0.21958392307692265,27.764686900000004,27.600098040000002,,1.5015796,90.0,,68.58545000000001,67.57284999999999,63.915299999999995,,138,False
demo,D09,140,1.384339,24,3306.929056,3.374675,,,1.516637,,27.547175,,,,1.386496,,,,,,,,,,0.056704,0.174943,synthetic,False,2.0,69.21695,30.783050000000003,0.9666500000000013,0.22722499999999995,0.22397199999999998,0.20882400000000018,,,,233.51802899999996,0.0,0.0,116.75901449999998,-0.2300924242424237,-0.22132684615384604,27.771888699999998,27.61995344,,1.5040594,90.0,,67.81765,67.28444999999999,63.9448,,139,False
demo,D09,141,1.388706,24,3333.473254,3.366626,,,1.492377,,27.847417,,,,1.390213,,,,,,,,,,0.05774,0.175264,synthetic,False,2.0,69.4353,30.564700000000002,-0.21835000000000093,0.20079999999999956,0.1994040000000001,0.21219400000000008,,,,234.90824199999994,0.0,0.0,117.45412099999997,-0.2039390909090935,-0.2207055769230769,27.7876745,27.6389634,,1.503261,90.0,,67.9006,67.68365,,,140,False
demo,D09,142,1.386834,24,3325.720909,3.37443,,,1.511008,,27.52126,,,,1.388203,,,,,,,,,,0.056317,0.17267,synthetic,False,2.0,69.34169999999999,30.65830000000001,0.09360000000000923,0.18048500000000017,0.21686000000000036,0.2018410000000003,,,,236.29644499999995,0.0,0.0,118.14822249999997,-0.17833515151515184,-0.2136856153846155,27.7668041,27.632494440000002,,1.5043247,90.0,,68.17025,66.6782,,,141,False
demo,D09,143,1.375241,24,3299.714246,3.372748,,,1.505497,,27.687812,,,,1.378424,,,,,,,,,,0.055338,0.175542,synthetic,False,2.0,68.76205,31.237949999999998,0.5796499999999867,0.2673049999999989,0.22524,0.20427199999999998,,,,237.67486899999994,0.0,0.0,118.83743449999997,-0.14323484848485063,-0.21154738461538455,27.7205729,27.64136756,,1.5056595,90.0,,67.69874999999999,67.07005000000001,,,142,False
demo,D09,144,1.371709,24,3290.010683,3.372918,,,1.509745,,27.861432,,,,1.374512,,,,,,,,,,0.054465,0.182747,synthetic,False,2.0,68.58545000000001,31.41454999999999,0.17659999999999343,0.14827999999999833,0.21293999999999927,0.2075189999999998,,,,239.04938099999995,0.0,0.0,119.52469049999998,-0.1764900000000029,-0.21154876923076912,27.7349661,27.65779,,1.5046478,90.0,,67.57284999999999,66.40925,,,143,False
demo,D09,145,1.356353,24,3248.797217,3.371846,,,1.499081,,27.993721,,,,1.356047,,,,,,,,,,0.057123,0.17927,synthetic,False,2.0,67.81765,32.18235,0.7678000000000083,0.2783600000000007,0.23133399999999996,0.22759500000000002,,,,240.40542799999994,0.0,0.0,120.20271399999997,-0.19811848484848255,-0.21762203846153802,27.8189481,27.6851678,,1.5048213000000001,90.0,,67.28444999999999,66.65795,,,144,False
demo,D09,146,1.358012,24,3229.722748,3.375735,,,1.49813,,27.936783,,,,1.360702,,,,,,,,,,0.055551,0.174814,synthetic,False,2.0,67.9006,32.0994,-0.08294999999999675,0.21551000000000045,0.23843000000000017,0.2119380000000001,,,,241.76612999999995,0.0,0.0,120.88306499999997,-0.21785181818181606,-0.21587738461538464,27.818717900000003,27.707373239999995,,1.5045207,90.0,,67.68365,65.56245000000001,,,145,False
demo,D09,147,1.363405,24,3283.576342,3.372081,,,1.509357,,27.72364,,,,1.363879,,,,,,,,,,0.057233,0.173894,synthetic,False,2.0,68.17025,31.829750000000004,-0.2696499999999986,0.11822000000000088,0.18111400000000002,0.2107310000000001,,,,243.13000899999994,0.0,0.0,121.56500449999997,-0.24363787878788234,-0.21869096153846065,27.829235899999997,27.699467079999998,,1.5058582,90.0,,66.6782,65.76530000000001,,,146,False
demo,D09,148,1.353975,24,3252.755808,3.369338,,,1.509547,,28.339894,,,,1.359165,,,,,,,,,,0.057858,0.16726,synthetic,False,2.0,67.69874999999999,32.30125000000001,0.471500000000006,0.20374500000000068,0.2288540000000006,0.2066440000000003,,,,244.48917399999993,0.0,0.0,122.24458699999997,-0.2552290909090923,-0.2151538846153838,27.847135700000003,27.74256472,,1.5063729000000001,90.0,,67.07005000000001,65.37145,,,147,False
demo,D09,149,1.351457,24,3229.053674,3.373524,,,1.515657,,27.63156,,,,1.354424,,,,,,,,,,0.054941,0.179148,synthetic,False,2.0,67.57284999999999,32.42715000000001,0.12590000000000146,0.261075000000001,0.19961400000000082,0.2042470000000003,,,,245.84359799999993,0.0,0.0,122.92179899999996,-0.2191645454545407,-0.21694692307692295,27.8090694,27.73769476,,1.5067036,90.0,,66.40925,65.31085,,,148,False
demo,D09,150,1.345689,24,3234.23719,3.377182,,,1.501985,,27.329667,,,,1.344005,,,,,,,,,,0.057097,0.178532,synthetic,False,2.0,67.28444999999999,32.71555000000001,0.28839999999999577,0.19325000000000045,0.2158019999999999,0.214487,,,,247.18760299999994,0.0,0.0,123.59380149999997,-0.2316287878787875,-0.21640038461538477,27.7873186,27.72762628,,1.5052384,90.0,,66.65795,65.4149,,,149,False
demo,D09,151,1.353673,24,3244.456556,3.372869,,,1.498931,,27.365815,,,,1.359983,,,,,,,,,,0.057756,0.174222,synthetic,False,2.0,67.68365,32.31635,-0.39920000000000755,0.1751649999999998,0.1817779999999999,0.1932159999999999,,,,248.54758599999994,0.0,0.0,124.27379299999997,-0.1843375757575767,-0.21253288461538508,27.7391584,27.71648448,,1.5058938000000002,90.0,,65.56245000000001,64.94069999999999,,,150,False
demo,D09,152,1.333564,24,3196.531821,3.36752,,,1.475401,,28.118155,,,,1.327958,,,,,,,,,,0.057683,0.172362,synthetic,False,2.0,66.6782,33.321799999999996,1.0054499999999962,0.2663499999999985,0.20950399999999944,0.2194119999999998,,,,249.87554399999993,0.0,0.0,124.93777199999997,-0.17689696969696767,-0.21757373076923012,27.7988479,27.7448332,,1.5023331,90.0,,65.76530000000001,64.9718,,,151,False
demo,D09,153,1.341401,24,3211.940493,3.369405,,,1.483887,,27.718736,,,,1.343111,,,,,,,,,,0.05449,0.172878,synthetic,False,2.0,67.07005000000001,32.92994999999999,-0.39185000000000514,0.1691999999999993,0.21218799999999988,0.2046519999999998,,,,251.21865499999993,0.0,0.0,125.60932749999996,-0.15444121212121018,-0.21037907692307703,27.801940300000002,27.75395012,,1.5001721,90.0,,65.37145,64.183,,,152,False
demo,D09,154,1.328185,24,3192.778018,3.367047,,,1.496057,,27.797487,,,,1.326335,,,,,,,,,,0.055865,0.178206,synthetic,False,2.0,66.40925,33.59075,0.6608000000000089,0.21762000000000087,0.23663399999999968,0.20641400000000004,,,,252.54498999999993,0.0,0.0,126.27249499999996,-0.15929333333333492,-0.20570007692307657,27.795545800000003,27.76269692,,1.4988033,90.0,,65.31085,63.915299999999995,,,153,False
demo,D09,155,1.333159,24,3191.904142,3.366719,,,1.488989,,27.614631,,,,1.338177,,,,,,,,,,0.055388,0.176406,synthetic,False,2.0,66.65795,33.34205,-0.24869999999999948,0.11597000000000009,0.1932499999999999,0.20214300000000007,,,,253.88316699999993,0.0,0.0,126.94158349999996,-0.17538848484848946,-0.20253373076923178,27.7576368,27.76827588,,1.4977941,90.0,,65.4149,63.9448,,,154,False
demo,D09,156,1.311249,24,3136.641239,3.372567,,,1.508141,,27.669952,,,,1.311912,,,,,,,,,,0.057411,0.179625,synthetic,False,2.0,65.56245000000001,34.43754999999999,1.095499999999987,0.23381499999999847,0.23523399999999925,0.2170739999999998,,,,255.19507899999994,0.0,0.0,127.59753949999997,-0.23165121212121192,-0.20622234615384538,27.730953699999997,27.7674916,,1.4987952,90.0,,64.94069999999999,,,,155,False
demo,D09,157,1.315306,24,3167.451249,3.361417,,,1.4869,,27.580268,,,,1.313217,,,,,,,,,,0.05726,0.177647,synthetic,False,2.0,65.76530000000001,34.23469999999999,-0.20284999999999798,0.24049499999999852,0.2152499999999992,0.21428199999999975,,,,256.5082959999999,0.0,0.0,128.25414799999996,-0.23053151515151044,-0.20648226923076818,27.716616500000004,27.76150376,,1.4965495,90.0,,64.9718,,,,156,False
demo,D09,158,1.307429,24,3136.146847,3.368048,,,1.494987,,27.906643,,,,1.306733,,,,,,,,,,0.054228,0.180603,synthetic,False,2.0,65.37145,34.628550000000004,0.3938500000000147,0.23272999999999938,0.24254599999999982,0.22726500000000016,,,,257.8150289999999,0.0,0.0,128.90751449999996,-0.25317696969696907,-0.20335280769230715,27.6732914,27.751764520000002,,1.4950935,90.0,,64.183,,,,157,False
demo,D09,159,1.306217,24,3133.533756,3.362774,,,1.49538,,27.76633,,,,1.304352,,,,,,,,,,0.056637,0.17886,synthetic,False,2.0,65.31085,34.68915,0.06059999999999377,0.22619999999999862,0.1902959999999996,0.2107929999999999,,,,259.1193809999999,0.0,0.0,129.55969049999996,-0.259311515151517,-0.2097868846153842,27.6867684,27.75371772,,1.4930657999999999,90.0,,63.915299999999995,,,,158,False
demo,D09,160,1.308298,24,3146.437256,3.357616,,,1.512047,,27.896305,,,,1.307498,,,,,,,,,,0.057718,0.180154,synthetic,False,2.0,65.4149,34.5851,-0.10405000000000086,0.18695499999999896,0.20745400000000017,0.21,,,,260.42687899999993,0.0,0.0,130.21343949999996,-0.2515790909090891,-0.20627096153846083,27.7434322,27.78341388,,1.4940719999999998,90.0,,63.9448,,,,159,False
demo,D09,161,1.298814,24,3110.911125,3.361599,,,1.493918,,27.886638,,,,1.29796,,,,,,,,,,0.05716,0.171778,synthetic,False,2.0,64.94069999999999,35.05930000000001,0.4742000000000104,0.27429500000000073,0.20460000000000036,0.2122830000000002,,,,261.7248389999999,0.0,0.0,130.86241949999996,-0.22043757575757972,-0.20859826923076863,27.795514500000003,27.781316,,1.4935706999999998,90.0,,,,,,160,False
demo,D09,162,1.299436,24,3114.266866,3.360242,,,1.504524,,27.694376,,,,1.297484,,,,,,,,,,0.057152,0.17432,synthetic,False,2.0,64.9718,35.0282,-0.03110000000000923,0.1706400000000002,0.1752260000000001,0.20750900000000003,,,,263.0223229999999,0.0,0.0,131.51116149999996,-0.22138181818181565,-0.21373638461538486,27.753136599999998,27.78435264,,1.496483,90.0,,,,,,161,False
demo,D09,163,1.28366,24,3083.609136,3.362768,,,1.501957,,27.459828,,,,1.284353,,,,,,,,,,0.056798,0.177561,synthetic,False,2.0,64.183,35.81699999999999,0.7887999999999948,0.2887050000000002,0.22212799999999958,0.21799299999999988,,,,264.3066759999999,0.0,0.0,132.15333799999996,-0.21854454545454674,-0.2189484999999995,27.727245800000002,27.756309920000003,,1.4982900000000001,90.0,,,,,,162,False
demo,D09,164,1.278306,24,3053.748109,3.360153,,,1.509033,,27.446091,,,,1.279306,,,,,,,,,,0.056158,0.182106,synthetic,False,2.0,63.915299999999995,36.084700000000005,0.26770000000001204,0.24939500000000053,0.2507320000000001,0.21503100000000003,,,,265.58598199999994,0.0,0.0,132.79299099999997,-0.23936787878787608,-0.21788600000000016,27.6921062,27.733664639999997,,1.4995876,90.0,,,,,,163,False
demo,D09,165,1.278896,24,3071.387203,3.355774,,,1.508502,,28.588318,,,,1.276348,,,,,,,,,,0.057194,0.184486,synthetic,False,2.0,63.9448,36.0552,-0.029500000000005855,0.27131499999999986,0.21088599999999985,0.21742899999999993,,,,266.86232999999993,0.0,0.0,133.43116499999996,-0.21177242424242324,-0.22139592307692255,27.7894749,27.775310360000002,,1.5015389,90.0,,,,,,164,False
demo,D10,1,1.95122,30,3517.20437,3.447219,,,1.994045,,33.938373,,,,1.955871,,,,,,,,,,0.049241,0.148653,synthetic,False,2.0,97.56099999999999,2.439000000000007,,,,,,,,1.955871,0.0,0.0,0.9779355,,,,,,,66.0,65.0,96.5877,95.041,90.7748,84.2249,0,True
demo,D10,2,1.948019,30,3513.703424,3.437676,,,1.98914,,33.377831,,,,1.953497,,,,,,,,,,0.04872,0.1447,synthetic,False,2.0,97.40095,2.5990500000000054,0.16004999999999825,,,,,,,3.9093679999999997,0.0,0.0,1.9546839999999999,,,,,,,66.0,64.0,96.84725,94.94055,90.93769999999999,83.2568,1,True
demo,D10,3,1.944556,30,3500.573611,3.439132,,,1.996082,,33.302559,,,,1.946271,,,,,,,,,,0.050191,0.155305,synthetic,False,2.0,97.2278,2.772199999999998,0.1731499999999926,,,,,,,5.855639,0.0,0.0,2.9278195,-0.16660000000000771,-0.16660000000000771,33.53958766666667,33.53958766666667,,1.993089,66.0,63.0,96.7261,94.5112,90.69745,83.20355,2,True
demo,D10,4,1.938743,30,3489.102569,3.443672,,,2.002046,,33.648898,,,,1.929995,,,,,,,,,,0.050542,0.154125,synthetic,False,2.0,96.93715,3.0628499999999974,0.2906499999999994,0.20794999999999675,0.20794999999999675,0.20794999999999675,,,,7.785634,0.0,0.0,3.892817,-0.20446999999999557,-0.20446999999999557,33.56691525,33.56691525,,1.99532825,66.0,62.0,95.01925,94.48845,90.04575,83.00555,3,True
demo,D10,5,1.940068,30,3513.740307,3.440022,,,1.980406,,33.233433,,,,1.937604,,,,,,,,,,0.05178,0.153029,synthetic,False,2.0,97.0034,2.996600000000001,-0.06624999999999659,0.13939999999999841,0.13939999999999841,0.13939999999999841,,,,9.723238,0.0,0.0,4.861619,-0.1578999999999905,-0.1578999999999905,33.5002188,33.5002188,,1.9923438,66.0,61.0,94.6366,93.9385,90.4366,83.30175,4,True
demo,D10,6,1.931754,30,3489.681449,3.438436,,,1.992199,,33.943439,,,,1.936872,,,,,,,,,,0.051312,0.155321,synthetic,False,2.0,96.5877,3.412300000000002,0.41570000000000107,0.19465999999999894,0.19465999999999894,0.19465999999999894,,,,11.66011,0.0,0.0,5.830055,-0.18142285714286097,-0.18142285714286097,33.574088833333334,33.574088833333334,,1.9923196666666667,66.0,60.0,95.041,93.5524,90.3385,84.4029,5,False
demo,D10,7,1.936945,30,3495.218809,3.440179,,,1.980033,,33.47747,,,,1.943232,,,,,,,,,,0.051214,0.155105,synthetic,False,2.0,96.84725,3.1527499999999975,-0.2595500000000044,0.11895833333333172,0.11895833333333172,0.11895833333333172,,,,13.603342,0.0,0.0,6.801671,-0.14257678571428564,-0.14257678571428564,33.560286142857144,33.560286142857144,,1.9905644285714286,66.0,59.0,94.94055,93.33765000000001,89.29945000000001,82.3541,6,False
demo,D10,8,1.934522,30,3483.510049,3.444734,,,1.993829,,34.003669,,,,1.939794,,,,,,,,,,0.049762,0.153202,synthetic,False,2.0,96.7261,3.2738999999999976,0.12115000000000009,0.11927142857142721,0.11927142857142721,0.11927142857142721,,,,15.543136,0.0,0.0,7.771568,-0.1246053571428541,-0.1246053571428541,33.615709,33.615709,,1.9909725,66.0,58.0,94.5112,93.1793,89.66005,81.9902,7,False
demo,D10,9,1.900385,30,3410.37131,3.433817,,,2.011973,,33.443322,,,,1.899487,,,,,,,,,,0.051881,0.153222,synthetic,False,2.0,95.01925,4.9807500000000005,1.7068500000000029,0.31771874999999916,0.31771874999999916,0.31771874999999916,,,,17.442623,0.0,0.0,8.7213115,-0.22170166666666985,-0.22170166666666985,33.59655488888889,33.59655488888889,,1.9933058888888888,66.0,57.0,94.48845,93.2302,88.2246,82.07965,8,False
demo,D10,10,1.892732,30,3418.439936,3.436375,,,1.988139,,33.632852,,,,1.887786,,,,,,,,,,0.052464,0.153039,synthetic,False,2.0,94.6366,5.363399999999999,0.38264999999999816,0.3249333333333324,0.3249333333333324,0.3249333333333324,,,,19.330409,0.0,0.0,9.6652045,-0.2799115151515132,-0.2799115151515132,33.6001846,33.6001846,,1.9927892,66.0,56.0,93.9385,93.732,88.9867,82.4067,9,False
demo,D10,11,1.90082,30,3422.957829,3.436088,,,2.007032,,33.965573,,,,1.900666,,,,,,,,,,0.051386,0.15523,synthetic,False,2.0,95.041,4.959000000000003,-0.40439999999999543,0.2519999999999996,0.2519999999999996,0.2519999999999996,,,,21.231075,0.0,0.0,10.6155375,-0.3002412121212045,-0.2805572727272762,33.6029046,33.63340172727273,,1.9940879000000002,66.0,55.0,93.5524,92.36315,88.13045000000001,81.4203,10,False
demo,D10,12,1.898811,30,3411.942164,3.440631,,,2.028488,,33.570973,,,,1.898867,,,,,,,,,,0.051434,0.158239,synthetic,False,2.0,94.94055,5.059449999999998,0.10044999999999504,0.2460399999999993,0.23822272727272645,0.23822272727272645,,,,23.129942,0.0,0.0,11.564971,-0.30617454545454403,-0.2740026223776261,33.6222188,33.628199333333335,,1.9980227000000004,66.0,54.0,93.33765000000001,92.35584999999999,88.40390000000001,81.1031,11,False
demo,D10,13,1.890224,30,3399.922045,3.43967,,,2.014535,,33.732686,,,,1.896143,,,,,,,,,,0.049833,0.154082,synthetic,False,2.0,94.5112,5.488799999999998,0.42934999999999945,0.27165999999999996,0.2541499999999992,0.2541499999999992,,,,25.026085,0.0,0.0,12.5130425,-0.31724727272727415,-0.2751623626373627,33.6652315,33.63623676923077,,1.999868,66.0,53.0,93.1793,91.85915,87.54525,80.61675000000001,12,False
demo,D10,14,1.889769,30,3391.724991,3.42888,,,2.001335,,33.938511,,,,1.89063,,,,,,,,,,0.052157,0.158839,synthetic,False,2.0,94.48845,5.51155,0.022750000000002046,0.24487000000000023,0.23634999999999942,0.23634999999999942,,,,26.916715,0.0,0.0,13.4583575,-0.31600909090909063,-0.2686795604395621,33.6941928,33.65782778571428,,1.9997969000000002,66.0,52.0,93.2302,91.98695000000001,87.535,80.5257,13,False
demo,D10,15,1.87877,30,3392.513014,3.439027,,,2.008584,,33.542833,,,,1.878833,,,,,,,,,,0.052993,0.155969,synthetic,False,2.0,93.9385,6.061499999999995,0.5499499999999955,0.30648999999999943,0.25874999999999915,0.25874999999999915,,,,28.795548,0.0,0.0,14.397774,-0.31067030303030024,-0.2714974999999993,33.7251328,33.65016146666667,,2.0026147,66.0,51.0,93.732,91.1084,87.0338,80.1438,14,False
demo,D10,16,1.871048,30,3374.787969,3.431438,,,1.986303,,33.377993,,,,1.871323,,,,,,,,,,0.051612,0.1563,synthetic,False,2.0,93.5524,6.447599999999994,0.386099999999999,0.30352999999999924,0.26723999999999914,0.26723999999999914,,,,30.666871,0.0,0.0,15.3334355,-0.31695454545454077,-0.2759110294117644,33.6685882,33.6331509375,,2.0020251,66.0,50.0,92.36315,90.7748,86.93325,79.9686,15,False
demo,D10,17,1.866753,30,3361.985958,3.434289,,,1.984266,,33.335193,,,,1.868246,,,,,,,,,,0.050738,0.162545,synthetic,False,2.0,93.33765000000001,6.662349999999989,0.2147499999999951,0.35095999999999916,0.2639593749999989,0.2639593749999989,,,,32.535117,0.0,0.0,16.2675585,-0.2808575757575723,-0.27774068627450665,33.654360499999996,33.615624,,2.0024484,66.0,49.0,92.35584999999999,90.93769999999999,87.26635,79.1248,16,False
demo,D10,18,1.863586,30,3354.024196,3.429193,,,2.000287,,33.850479,,,,1.865921,,,,,,,,,,0.051202,0.160415,synthetic,False,2.0,93.1793,6.820700000000002,0.15835000000001287,0.35468000000000044,0.2577470588235291,0.2577470588235291,,,,34.401038,0.0,0.0,17.200519,-0.21893393939393668,-0.2769300825593349,33.6390415,33.6286715,,2.0030942000000005,66.0,48.0,91.85915,90.69745,87.2158,79.41454999999999,17,False
demo,D10,19,1.864604,30,3349.434292,3.43456,,,2.003986,,33.800288,,,,1.861902,,,,,,,,,,0.050934,0.160452,synthetic,False,2.0,93.2302,6.769800000000004,-0.05089999999999861,0.1789050000000003,0.24059999999999981,0.24059999999999981,,,,36.26294,0.0,0.0,18.13147,-0.22503242424242467,-0.27117359649122724,33.6747381,33.637703947368415,,2.0022955,66.0,47.0,91.98695000000001,90.04575,86.7885,79.24285,18,False
demo,D10,20,1.87464,30,3352.789175,3.444535,,,2.010944,,33.953456,,,,1.870675,,,,,,,,,,0.050893,0.152622,synthetic,False,2.0,93.732,6.268000000000001,-0.5018000000000029,0.0904600000000002,0.20152631578947333,0.20152631578947333,,,,38.133615,0.0,0.0,19.0668075,-0.20758454545454458,-0.25593710526315777,33.706798500000005,33.65349155,,2.004576,66.0,46.0,91.1084,90.4366,85.75775,78.7353,19,False
demo,D10,21,1.847263,30,3310.979476,3.431417,,,1.994312,,33.660594,,,,1.852327,,,,,,,,,,0.052175,0.162686,synthetic,False,2.0,92.36315,7.6368499999999955,1.3688499999999948,0.2677849999999992,0.2598924999999994,0.2598924999999994,,,,39.985942,0.0,0.0,19.992971,-0.22687636363636365,-0.2591115584415618,33.676300600000005,33.65382976190476,,2.003304,66.0,45.0,90.7748,90.3385,86.0385,78.523,20,False
demo,D10,22,1.847117,30,3317.403017,3.42905,,,2.001934,,33.37164,,,,1.841055,,,,,,,,,,0.051808,0.155869,synthetic,False,2.0,92.35584999999999,7.64415000000001,0.007300000000014961,0.2584700000000012,0.24786428571428587,0.24786428571428587,,,,41.826997,0.0,0.0,20.9134985,-0.22080424242424304,-0.25850962732918953,33.6563673,33.641002954545456,,2.0006486,66.0,44.0,90.93769999999999,89.29945000000001,84.82015000000001,78.01275,21,False
demo,D10,23,1.837183,30,3298.071197,3.428719,,,2.001591,,33.156037,,,,1.843201,,,,,,,,,,0.052632,0.15583,synthetic,False,2.0,91.85915,8.14085,0.4966999999999899,0.26520500000000025,0.2591749999999997,0.2591749999999997,,,,43.670198,0.0,0.0,21.835099,-0.2391184848484856,-0.2606406620553386,33.5987024,33.61991747826087,,1.9993542000000002,66.0,43.0,90.69745,89.66005,84.93815000000001,78.01575,22,False
demo,D10,24,1.839739,30,3314.405594,3.424091,,,1.998686,,34.457382,,,,1.832709,,,,,,,,,,0.051974,0.149933,synthetic,False,2.0,91.98695000000001,8.013049999999993,-0.12780000000000769,0.2501499999999993,0.24234999999999937,0.24234999999999937,,,,45.502907,0.0,0.0,22.7514535,-0.21983242424242605,-0.25839715217391296,33.6505895,33.65481183333333,,1.9990893,66.0,42.0,90.04575,88.2246,84.57894999999999,77.47005,23,False
demo,D10,25,1.822168,30,3287.887068,3.433567,,,1.999275,,33.898479,,,,1.820038,,,,,,,,,,0.050914,0.158092,synthetic,False,2.0,91.1084,8.891599999999997,0.8785500000000042,0.28301000000000015,0.2688583333333329,0.2688583333333329,,,,47.322945,0.0,0.0,23.6614725,-0.2548093939393971,-0.26237515384615695,33.686154099999996,33.66455852,,1.9981584000000001,66.0,41.0,90.4366,88.9867,84.91615,76.80765000000001,24,False
demo,D10,26,1.815496,30,3266.633271,3.428189,,,1.991453,,33.810954,,,,1.819025,,,,,,,,,,0.051344,0.15413,synthetic,False,2.0,90.7748,9.225200000000001,0.3336000000000041,0.2777600000000007,0.27144799999999975,0.27144799999999975,,,,49.14197,0.0,0.0,24.570985,-0.2994184848484848,-0.26851465384615303,33.7294502,33.659461760000006,,1.9986734000000002,66.0,40.0,90.3385,88.13045000000001,84.2249,77.0992,25,False
demo,D10,27,1.818754,30,3287.595382,3.423149,,,2.002797,,33.841528,,,,1.818756,,,,,,,,,,0.05125,0.158475,synthetic,False,2.0,90.93769999999999,9.062300000000008,-0.16289999999999338,0.23999500000000182,0.2585300000000001,0.2547423076923077,,,,50.960726,0.0,0.0,25.480363,-0.31579090909090934,-0.26953080769231,33.7800837,33.67800964,,2.0005265,66.0,39.0,89.29945000000001,88.40390000000001,83.2568,76.06349999999999,26,False
demo,D10,28,1.813949,30,3257.439648,3.422678,,,2.00195,,33.421242,,,,1.809173,,,,,,,,,,0.051674,0.153957,synthetic,False,2.0,90.69745,9.302549999999997,0.24024999999998897,0.24818499999999943,0.26121399999999995,0.2542055555555552,,,,52.769899,0.0,0.0,26.3849495,-0.3267342424242409,-0.26952442307692076,33.73716,33.68275696,,2.0006928,66.0,38.0,89.66005,87.54525,83.20355,76.3387,27,False
demo,D10,29,1.800915,30,3240.328239,3.425175,,,1.9956,,33.59991,,,,1.802451,,,,,,,,,,0.053786,0.163357,synthetic,False,2.0,90.04575,9.954250000000002,0.6517000000000053,0.3184449999999998,0.2756560000000002,0.2684017857142855,,,,54.57235,0.0,0.0,27.286175,-0.33974848484848497,-0.27341688461538227,33.7171222,33.68079744,,1.9998542000000001,66.0,37.0,88.2246,87.535,83.00555,75.8382,28,False
demo,D10,30,1.808732,30,3255.218876,3.429819,,,2.006658,,34.222735,,,,1.808974,,,,,,,,,,0.053868,0.159305,synthetic,False,2.0,90.4366,9.563400000000001,-0.39085000000000036,0.32954000000000006,0.262672,0.24566896551724118,,,,56.381324,0.0,0.0,28.190662,-0.2593909090909083,-0.26773792307692507,33.744050099999995,33.720369520000006,,1.9994256,66.0,36.0,88.9867,87.0338,83.30175,75.51814999999999,29,False
demo,D10,31,1.80677,30,3262.842344,3.421242,,,2.010278,,33.954432,,,,1.80599,,,,,,,,,,0.052769,0.164569,synthetic,False,2.0,90.3385,9.661500000000004,0.0981000000000023,0.20246500000000084,0.24996800000000008,0.24074999999999988,,,,58.187314,0.0,0.0,29.093657,-0.2356966666666622,-0.2620701153846148,33.7734339,33.72080924,,2.0010222,66.0,35.0,88.13045000000001,86.93325,84.4029,75.40285,30,False
demo,D10,32,1.785989,30,3215.801764,3.427702,,,2.006774,,33.630117,,,,1.783761,,,,,,,,,,0.052259,0.155491,synthetic,False,2.0,89.29945000000001,10.700549999999993,1.039049999999989,0.30563999999999825,0.3019119999999998,0.2665016129032253,,,,59.971075,0.0,0.0,29.9855375,-0.2446233333333334,-0.25859096153846184,33.7992816,33.72691512,,2.0015062,66.0,34.0,88.40390000000001,87.26635,82.3541,74.8366,31,False
demo,D10,33,1.793201,30,3229.055729,3.423784,,,1.989576,,33.503494,,,,1.793077,,,,,,,,,,0.050706,0.162919,synthetic,False,2.0,89.66005,10.339950000000002,-0.36059999999999093,0.21991000000000013,0.28264200000000017,0.24690468749999983,,,,61.764151999999996,0.0,0.0,30.882075999999998,-0.229946969696968,-0.2471886923076902,33.8340273,33.70690812,,2.0003047,66.0,33.0,87.54525,87.2158,81.9902,74.9007,32,False
demo,D10,34,1.764492,30,3160.317032,3.41684,,,2.000996,,33.724339,,,,1.762438,,,,,,,,,,0.052575,0.154012,synthetic,False,2.0,88.2246,11.775400000000005,1.435450000000003,0.3762350000000012,0.2717860000000002,0.2829212121212121,,,,63.52659,0.0,0.0,31.763295,-0.2583921212121203,-0.2606698076923059,33.760723,33.7181488,,2.0005357,66.0,32.0,87.535,86.7885,82.07965,74.46125,33,False
demo,D10,35,1.779734,30,3194.872174,3.420596,,,1.990886,,33.751542,,,,1.788399,,,,,,,,,,0.051413,0.159435,synthetic,False,2.0,88.9867,11.013300000000001,-0.7621000000000038,0.2121700000000004,0.22599600000000009,0.2521852941176469,,,,65.314989,0.0,0.0,32.6574945,-0.2582339393939375,-0.26571599999999795,33.7460293,33.722896399999996,,1.9996968,66.0,31.0,87.0338,85.75775,82.4067,73.95575,34,False
demo,D10,36,1.762609,30,3183.128247,3.42732,,,2.000966,,34.368372,,,,1.761763,,,,,,,,,,0.054004,0.157601,synthetic,False,2.0,88.13045000000001,11.86954999999999,0.8562499999999886,0.26443499999999887,0.27642199999999945,0.2694442857142852,,,,67.076752,0.0,0.0,33.538376,-0.3013027272727296,-0.2702759615384604,33.8017711,33.73900836,,2.0006481,66.0,30.0,86.93325,86.0385,81.4203,74.2386,35,False
demo,D10,37,1.768078,30,3162.725015,3.415457,,,1.990925,,33.800817,,,,1.766756,,,,,,,,,,0.050713,0.157933,synthetic,False,2.0,88.40390000000001,11.596099999999993,-0.27344999999999686,0.2533799999999985,0.26146599999999975,0.2543638888888885,,,,68.843508,0.0,0.0,34.421754,-0.2865433333333312,-0.26800046153846335,33.797700000000006,33.748202119999995,,1.9994609,66.0,29.0,87.26635,84.82015000000001,81.1031,73.59434999999999,36,False
demo,D10,38,1.750905,30,3164.327062,3.415936,,,2.012772,,33.576254,,,,1.749008,,,,,,,,,,0.052875,0.158414,synthetic,False,2.0,87.54525,12.454750000000004,0.8586500000000115,0.3152200000000008,0.2786380000000003,0.27069594594594587,,,,70.592516,0.0,0.0,35.296258,-0.303923333333333,-0.2729162692307703,33.8132012,33.74194484,,2.0005431000000002,66.0,28.0,87.2158,84.93815000000001,80.61675000000001,73.4174,37,False
demo,D10,39,1.7507,30,3155.98406,3.422648,,,2.007833,,33.859299,,,,1.756922,,,,,,,,,,0.051619,0.157228,synthetic,False,2.0,87.535,12.465000000000003,0.010249999999999204,0.25107500000000016,0.27813800000000016,0.2638421052631578,,,,72.349438,0.0,0.0,36.174719,-0.32710060606060704,-0.27279576923077065,33.839140099999995,33.738776359999996,,2.0017664,66.0,27.0,86.7885,84.57894999999999,80.5257,73.34795,38,False
demo,D10,40,1.740676,30,3126.189655,3.41845,,,2.01153,,33.955071,,,,1.734969,,,,,,,,,,0.052584,0.156594,synthetic,False,2.0,87.0338,12.9662,0.5011999999999972,0.3402799999999999,0.2761880000000002,0.269928205128205,,,,74.08440700000001,0.0,0.0,37.04220350000001,-0.3211260606060582,-0.27745242307692536,33.8123737,33.755265879999996,,2.0022536,66.0,26.0,85.75775,84.91615,80.1438,73.03735,39,False
demo,D10,41,1.738665,30,3121.785446,3.414168,,,2.010517,,33.571866,,,,1.739915,,,,,,,,,,0.053279,0.159126,synthetic,False,2.0,86.93325,13.066749999999999,0.10054999999999836,0.3405249999999995,0.26476600000000017,0.2656937499999998,,,,75.82432200000001,0.0,0.0,37.912161000000005,-0.28593000000000157,-0.2815869230769227,33.7741171,33.7630208,,2.0022775,66.0,25.0,86.0385,84.2249,79.9686,72.48505,40,False
demo,D10,42,1.745327,30,3159.458257,3.422025,,,1.997294,,33.98255,,,,1.744492,,,,,,,,,,0.053569,0.160535,synthetic,False,2.0,87.26635,12.733649999999997,-0.33310000000000173,0.20331000000000046,0.24285200000000032,0.25108902439024366,,,,77.568814,0.0,0.0,38.784407,-0.2605590909090885,-0.2797024999999996,33.8093604,33.78891508,,2.0013294999999998,66.0,24.0,84.82015000000001,83.2568,79.1248,71.9137,41,False
demo,D10,43,1.744316,30,3153.063806,3.422089,,,1.995744,,34.185755,,,,1.739351,,,,,,,,,,0.052496,0.163718,synthetic,False,2.0,87.2158,12.784199999999998,0.050550000000001205,0.24442499999999967,0.23853999999999986,0.2463142857142855,,,,79.308165,0.0,0.0,39.6540825,-0.18926181818181845,-0.2751979615384606,33.87758649999999,33.80232612,,2.0019462999999997,66.0,23.0,84.93815000000001,83.20355,79.41454999999999,71.2685,42,False
demo,D10,44,1.73577,30,3123.267287,3.418297,,,2.017417,,33.931012,,,,1.732927,,,,,,,,,,0.053404,0.161455,synthetic,False,2.0,86.7885,13.211500000000001,0.42730000000000246,0.14360999999999963,0.2576679999999999,0.25052325581395335,,,,81.041092,0.0,0.0,40.520546,-0.2073412121212119,-0.26954142307692375,33.8982538,33.80755508,,2.0035884,66.0,22.0,84.57894999999999,83.00555,79.24285,71.4519,43,False
demo,D10,45,1.715155,30,3088.526434,3.411945,,,1.998349,,33.728,,,,1.716243,,,,,,,,,,0.052186,0.164893,synthetic,False,2.0,85.75775,14.242249999999999,1.0307499999999976,0.32289499999999977,0.3189699999999999,0.2682556818181816,,,,82.75733500000001,0.0,0.0,41.378667500000006,-0.21342939393939553,-0.2634263461538459,33.8958996,33.798536840000004,,2.0043347000000002,66.0,21.0,84.91615,83.30175,78.7353,71.41024999999999,44,False
demo,D10,46,1.72077,30,3091.382243,3.413263,,,1.986454,,33.786627,,,,1.717796,,,,,,,,,,0.053038,0.156735,synthetic,False,2.0,86.0385,13.961500000000001,-0.2807499999999976,0.20919500000000113,0.2529860000000002,0.2560555555555554,,,,84.47513100000002,0.0,0.0,42.23756550000001,-0.2221484848484848,-0.26227419230769194,33.8377251,33.80357816,,2.0028835000000003,66.0,20.0,84.2249,84.4029,78.523,70.87965,45,False
demo,D10,47,1.696403,30,3054.759895,3.413189,,,2.010075,,33.540687,,,,1.697284,,,,,,,,,,0.054038,0.160845,synthetic,False,2.0,84.82015000000001,15.179849999999988,1.2183499999999867,0.3583749999999995,0.3014279999999991,0.2769749999999996,,,,86.17241500000002,0.0,0.0,43.08620750000001,-0.2537360606060631,-0.2675762307692302,33.8117121,33.81034004,,2.0047985,66.0,19.0,83.2568,82.3541,78.01275,69.43105,46,False
demo,D10,48,1.698763,30,3051.591835,3.407098,,,2.001438,,33.918396,,,,1.704638,,,,,,,,,,0.053344,0.164182,synthetic,False,2.0,84.93815000000001,15.061849999999993,-0.117999999999995,0.26070999999999883,0.2768399999999997,0.26857127659574437,,,,87.87705300000002,0.0,0.0,43.93852650000001,-0.29269121212120774,-0.2709593461538463,33.8459263,33.8408344,,2.0036651,66.0,18.0,83.20355,81.9902,78.01575,70.41605,47,False
demo,D10,49,1.691579,30,3044.124542,3.416759,,,2.015059,,34.040327,,,,1.692156,,,,,,,,,,0.052555,0.163366,synthetic,False,2.0,84.57894999999999,15.421050000000008,0.3592000000000155,0.29560500000000045,0.29632000000000064,0.270459375,,,,89.56920900000001,0.0,0.0,44.78460450000001,-0.3203212121212118,-0.2710563076923093,33.864029099999996,33.8241522,,2.0043877,66.0,17.0,83.00555,82.07965,77.47005,70.1246,48,False
demo,D10,50,1.698323,30,3073.584271,3.419091,,,2.00243,,33.728357,,,,1.693386,,,,,,,,,,0.052738,0.159484,synthetic,False,2.0,84.91615,15.083849999999998,-0.33720000000000994,0.21176499999999976,0.24769000000000005,0.25805816326530595,,,,91.26259500000002,0.0,0.0,45.63129750000001,-0.32714090909091054,-0.2711276923076933,33.8413577,33.817347319999996,,2.0034777,66.0,16.0,83.30175,82.4067,76.80765000000001,69.4445,49,False
demo,D10,51,1.684498,30,3031.227116,3.409618,,,1.9998,,34.458178,,,,1.681645,,,,,,,,,,0.054171,0.165422,synthetic,False,2.0,84.2249,15.775099999999995,0.6912499999999966,0.2708349999999996,0.26199599999999973,0.26672199999999974,,,,92.94424000000002,0.0,0.0,46.47212000000001,-0.35269999999999796,-0.27615257692307715,33.9299889,33.84323628,,2.0024059999999997,66.0,15.0,84.4029,81.4203,77.0992,69.5206,50,False
demo,D10,52,1.665136,30,2987.821959,3.409566,,,2.015261,,34.200365,,,,1.664186,,,,,,,,,,0.052257,0.161801,synthetic,False,2.0,83.2568,16.7432,0.9681000000000068,0.40095500000000045,0.3072359999999998,0.28288299999999994,,,,94.60842600000002,0.0,0.0,47.30421300000001,-0.3760293939393967,-0.2834463846153845,33.9517704,33.85758976,,2.0042027,66.0,14.0,82.3541,81.1031,76.06349999999999,69.10125000000001,51,False
demo,D10,53,1.664071,30,2983.049094,3.412752,,,1.984615,,33.5557,,,,1.662898,,,,,,,,,,0.052415,0.161105,synthetic,False,2.0,83.20355,16.796449999999993,0.05324999999999136,0.40122499999999944,0.29975599999999986,0.2804849999999999,,,,96.27132400000002,0.0,0.0,48.13566200000001,-0.35703272727273133,-0.28772584615384633,33.8887649,33.86296808,,2.0030898,66.0,13.0,81.9902,80.61675000000001,76.3387,68.3955,52,False
demo,D10,54,1.660111,30,2989.338821,3.415336,,,1.994146,,33.566768,,,,1.660615,,,,,,,,,,0.054,0.165056,synthetic,False,2.0,83.00555,16.99445,0.1980000000000075,0.37829499999999994,0.28160799999999997,0.27863200000000005,,,,97.93193900000003,0.0,0.0,48.965969500000014,-0.3286893939393933,-0.2945854615384614,33.852340500000004,33.8616424,,2.0007627,66.0,12.0,82.07965,80.5257,75.8382,68.67045,53,False
demo,D10,55,1.666035,30,2992.017213,3.414482,,,1.991126,,33.754942,,,,1.667076,,,,,,,,,,0.052901,0.163377,synthetic,False,2.0,83.30175,16.69825,-0.2961999999999989,0.24560000000000032,0.285394,0.274033,,,,99.59901500000002,0.0,0.0,49.79950750000001,-0.3070524242424256,-0.28938688461538525,33.8550347,33.84293068,,2.0000404,66.0,11.0,82.4067,80.1438,75.51814999999999,67.5962,54,False
demo,D10,56,1.688058,30,3040.752586,3.404065,,,1.978049,,34.361209,,,,1.693901,,,,,,,,,,0.051666,0.160909,synthetic,False,2.0,84.4029,15.597099999999998,-1.101150000000004,0.16355999999999965,0.23742399999999975,0.2436959999999999,,,,101.29291600000002,0.0,0.0,50.64645800000001,-0.1768663636363644,-0.26951649999999977,33.912492900000004,33.85920176,,1.9991999,66.0,10.0,81.4203,79.9686,75.40285,67.64625,55,False
demo,D10,57,1.647082,30,2950.343588,3.404623,,,2.008732,,34.252107,,,,1.64707,,,,,,,,,,0.05488,0.162446,synthetic,False,2.0,82.3541,17.645899999999997,2.0488,0.246605000000001,0.27781400000000017,0.289863,,,,102.93998600000002,0.0,0.0,51.46999300000001,-0.21983090909091016,-0.2743827692307682,33.983634900000006,33.88408136,,1.9990656000000002,66.0,9.0,81.1031,79.1248,74.8366,67.30285,56,False
demo,D10,58,1.639804,30,2957.75898,3.406978,,,1.994426,,34.446222,,,,1.636025,,,,,,,,,,0.052502,0.161198,synthetic,False,2.0,81.9902,18.0098,0.363900000000001,0.2947950000000006,0.30679399999999984,0.29471800000000004,,,,104.57601100000002,0.0,0.0,52.28800550000001,-0.2448863636363607,-0.2736595384615401,34.0364175,33.92179048,,1.9983643999999998,66.0,8.0,80.61675000000001,79.41454999999999,74.9007,66.78840000000001,57,False
demo,D10,59,1.641593,30,2945.468607,3.403222,,,2.009054,,34.040164,,,,1.645381,,,,,,,,,,0.053385,0.163149,synthetic,False,2.0,82.07965,17.92035,-0.08944999999999936,0.2499299999999991,0.24579799999999977,0.25879199999999997,,,,106.22139200000002,0.0,0.0,53.11069600000001,-0.25327666666666826,-0.28056523076923123,34.0364012,33.93442348,,1.9977638999999996,66.0,7.0,80.5257,79.24285,74.46125,66.81280000000001,58,False
demo,D10,60,1.648134,30,2967.053531,3.413148,,,2.003891,,33.975426,,,,1.652297,,,,,,,,,,0.052899,0.167375,synthetic,False,2.0,82.4067,17.5933,-0.32704999999999984,0.2509450000000001,0.26319999999999993,0.244598,,,,107.87368900000003,0.0,0.0,53.936844500000014,-0.1910533333333302,-0.2721041153846154,34.0611081,33.94337884,,1.9979100000000003,66.0,6.0,80.1438,78.7353,73.95575,66.79995,59,False
demo,D10,61,1.628406,30,2928.156209,3.410068,,,2.006071,,33.745513,,,,1.629163,,,,,,,,,,0.053418,0.165597,synthetic,False,2.0,81.4203,18.579700000000003,0.9864000000000033,0.28046000000000076,0.26840600000000053,0.272414,,,,109.50285200000003,0.0,0.0,54.751426000000016,-0.19829939393939255,-0.2762491923076941,33.9898416,33.918464480000004,,1.9985371,66.0,5.0,79.9686,78.523,74.2386,66.4659,60,False
demo,D10,62,1.622062,30,2934.763148,3.399494,,,1.995446,,34.154328,,,,1.621263,,,,,,,,,,0.052895,0.167993,synthetic,False,2.0,81.1031,18.896900000000002,0.3171999999999997,0.21537000000000006,0.2920320000000004,0.2767490000000001,,,,111.12411500000003,0.0,0.0,55.562057500000016,-0.25339212121211774,-0.27542611538461664,33.9852379,33.932604919999996,,1.9965556,66.0,4.0,79.1248,78.01275,73.59434999999999,65.99295,61,False
demo,D10,63,1.612335,30,2903.696712,3.400892,,,1.992358,,34.032455,,,,1.614343,,,,,,,,,,0.054591,0.167055,synthetic,False,2.0,80.61675000000001,19.38324999999999,0.4863499999999874,0.2586799999999997,0.27713999999999944,0.27788899999999983,,,,112.73845800000004,0.0,0.0,56.36922900000002,-0.312457575757573,-0.28206292307692266,34.0329134,33.95085296,,1.9973299,66.0,3.0,79.41454999999999,78.01575,73.4174,64.95094999999999,62,False
demo,D10,64,1.610514,30,2915.845105,3.398316,,,2.000898,,34.02556,,,,1.609834,,,,,,,,,,0.054006,0.163743,synthetic,False,2.0,80.5257,19.4743,0.09105000000000985,0.2479849999999999,0.28037199999999984,0.279255,,,,114.34829200000004,0.0,0.0,57.17414600000002,-0.35833424242424555,-0.2843130769230766,34.0787926,33.9575034,,1.9980050999999999,66.0,2.0,79.24285,77.47005,73.34795,64.74235,63,False
demo,D10,65,1.602876,30,2890.029579,3.399579,,,2.009192,,34.500199,,,,1.596285,,,,,,,,,,0.054955,0.160938,synthetic,False,2.0,80.1438,19.8562,0.3819000000000017,0.31579499999999994,0.2756,0.27589400000000014,,,,115.94457700000004,0.0,0.0,57.97228850000002,-0.37523636363636226,-0.2897086923076934,34.1533183,33.979308520000004,,1.9998116999999997,66.0,1.0,78.7353,76.80765000000001,73.03735,64.87595,64,False
demo,D10,66,1.599372,30,2891.179881,3.39902,,,1.999496,,34.069356,,,,1.601174,,,,,,,,,,0.053397,0.163245,synthetic,False,2.0,79.9686,20.031400000000005,0.1752000000000038,0.44343000000000077,0.2785860000000002,0.2716760000000002,,,,117.54575100000004,0.0,0.0,58.77287550000002,-0.29000666666666575,-0.29242703846153856,34.124133,33.999208120000006,,2.0019564,66.0,0.0,78.523,77.0992,72.48505,64.49835,65,False
demo,D10,67,1.582496,30,2846.709289,3.401629,,,1.992981,,34.459001,,,,1.58532,,,,,,,,,,0.056308,0.164686,synthetic,False,2.0,79.1248,20.875200000000007,0.8438000000000017,0.32293000000000094,0.3256620000000004,0.28425700000000037,,,,119.13107100000003,0.0,0.0,59.56553550000002,-0.33364000000000327,-0.29424588461538537,34.1448224,34.018266159999996,,2.0003813,66.0,,78.01275,76.06349999999999,71.9137,64.0413,66,False
demo,D10,68,1.588291,30,2861.887857,3.394983,,,1.98801,,33.720544,,,,1.592869,,,,,,,,,,0.052212,0.164223,synthetic,False,2.0,79.41454999999999,20.58545000000001,-0.28974999999999795,0.25756500000000104,0.3120500000000004,0.2752950000000001,,,,120.72394000000003,0.0,0.0,60.361970000000014,-0.3465857575757601,-0.2876328846153858,34.072254599999994,33.99965772,,1.9997397,66.0,,78.01575,76.3387,71.2685,64.44395,67,False
demo,D10,69,1.584857,30,2863.172082,3.38764,,,2.002042,,34.794743,,,,1.582541,,,,,,,,,,0.052566,0.169549,synthetic,False,2.0,79.24285,20.757149999999996,0.17169999999998709,0.28367999999999965,0.3018259999999998,0.27974699999999986,,,,122.30648100000003,0.0,0.0,61.15324050000002,-0.33171363636363754,-0.28087684615384656,34.1477125,34.03420696,,1.9990385000000004,66.0,,77.47005,75.8382,71.4519,63.58535,68,False
demo,D10,70,1.574706,30,2842.165768,3.39042,,,1.994459,,34.044624,,,,1.575418,,,,,,,,,,0.056006,0.169924,synthetic,False,2.0,78.7353,21.264700000000005,0.507550000000009,0.3671400000000006,0.28089800000000026,0.2999340000000001,,,,123.88189900000003,0.0,0.0,61.940949500000016,-0.2883372727272717,-0.2833090384615383,34.1546323,34.04687192,,1.9980953,66.0,,76.80765000000001,75.51814999999999,71.41024999999999,63.397099999999995,69,False
demo,D10,71,1.57046,30,2831.330907,3.392194,,,1.999283,,34.321106,,,,1.571238,,,,,,,,,,0.054769,0.173817,synthetic,False,2.0,78.523,21.477000000000004,0.21229999999999905,0.28973000000000015,0.3006200000000001,0.2768030000000002,,,,125.45313700000003,0.0,0.0,62.72656850000001,-0.27779909090908994,-0.279491538461539,34.2121916,34.06825108,,1.9974165,66.0,,77.0992,75.40285,70.87965,64.37675,70,False
demo,D10,72,1.560255,30,2805.696698,3.392409,,,1.997612,,34.376185,,,,1.560522,,,,,,,,,,0.054739,0.165299,synthetic,False,2.0,78.01275,21.987250000000003,0.5102499999999992,0.30903500000000006,0.2722960000000006,0.28686199999999984,,,,127.01365900000003,0.0,0.0,63.506829500000016,-0.2811206060606003,-0.2867863846153854,34.23437729999999,34.101670999999996,,1.9976330999999998,66.0,,76.06349999999999,74.8366,69.43105,62.61115,71,False
demo,D10,73,1.560315,30,2807.229244,3.395788,,,1.995556,,34.035188,,,,1.560673,,,,,,,,,,0.054828,0.17238,synthetic,False,2.0,78.01575,21.984250000000003,-0.0030000000000001137,0.26010000000000133,0.2768960000000004,0.27686800000000006,,,,128.57433200000003,0.0,0.0,64.28716600000001,-0.27924303030302955,-0.2876370769230778,34.234650599999995,34.106342680000004,,1.9979529,66.0,,76.3387,74.9007,70.41605,63.051449999999996,72,False
demo,D10,74,1.549401,30,2798.439563,3.389356,,,2.002938,,34.380657,,,,1.549516,,,,,,,,,,0.055077,0.172798,synthetic,False,2.0,77.47005,22.52995,0.5456999999999965,0.305565,0.28435599999999966,0.29033800000000015,,,,130.12384800000004,0.0,0.0,65.06192400000002,-0.2816736363636379,-0.291792076923078,34.2701603,34.11995588,,1.9981569000000001,66.0,,75.8382,74.46125,70.1246,61.6711,73,False
demo,D10,75,1.536153,30,2776.240837,3.387175,,,2.005545,,34.413521,,,,1.536804,,,,,,,,,,0.054938,0.167857,synthetic,False,2.0,76.80765000000001,23.19234999999999,0.662399999999991,0.33361499999999894,0.3243399999999997,0.28601499999999985,,,,131.66065200000003,0.0,0.0,65.83032600000001,-0.30865696969696377,-0.2932211538461539,34.2614925,34.14736244,,1.9977922,66.0,,75.51814999999999,73.95575,69.4445,61.45,74,False
demo,D10,76,1.541984,30,2770.635319,3.38903,,,2.019653,,34.008737,,,,1.544269,,,,,,,,,,0.053614,0.169741,synthetic,False,2.0,77.0992,22.900800000000004,-0.29154999999998665,0.28693999999999986,0.28502800000000034,0.27351200000000003,,,,133.204921,0.0,0.0,66.6024605,-0.2909793939393904,-0.292634192307691,34.2554306,34.129384800000004,,1.9998079,66.0,,75.40285,74.2386,69.5206,61.0272,75,False
demo,D10,77,1.52127,30,2732.176643,3.385696,,,2.00758,,34.04277,,,,1.524983,,,,,,,,,,0.055605,0.172871,synthetic,False,2.0,76.06349999999999,23.93650000000001,1.0357000000000056,0.3061300000000003,0.2877320000000003,0.297484,,,,134.729904,0.0,0.0,67.364952,-0.3512672727272683,-0.3058072307692308,34.213807499999994,34.123081,,2.0012678,66.0,,74.8366,73.59434999999999,69.10125000000001,61.456599999999995,76,False
demo,D10,78,1.526774,30,2740.739003,3.388629,,,2.015937,,34.221166,,,,1.524465,,,,,,,,,,0.055393,0.168752,synthetic,False,2.0,76.3387,23.661299999999997,-0.2752000000000123,0.30758499999999883,0.27459400000000017,0.287175,,,,136.254369,0.0,0.0,68.1271845,-0.3401209090909092,-0.31143915384615417,34.2638697,34.14969964,,2.0040605,66.0,,74.9007,73.4174,68.3955,60.9058,77,False
demo,D10,79,1.516764,30,2736.971399,3.387206,,,1.991814,,34.19598,,,,1.516242,,,,,,,,,,0.056261,0.16892,synthetic,False,2.0,75.8382,24.1618,0.5005000000000024,0.34046500000000035,0.28669399999999995,0.28415099999999993,,,,137.770611,0.0,0.0,68.8853055,-0.3304381818181801,-0.3183904230769236,34.203993399999995,34.17486812,,2.0030376999999997,66.0,,74.46125,73.34795,68.67045,60.17885,78,False
demo,D10,80,1.510363,30,2711.073261,3.391552,,,1.983991,,34.582738,,,,1.509087,,,,,,,,,,0.056661,0.167703,synthetic,False,2.0,75.51814999999999,24.48185000000001,0.32005000000000905,0.32171500000000036,0.3113440000000003,0.29836900000000016,,,,139.279698,0.0,0.0,69.639849,-0.3307809090909129,-0.31982065384615443,34.257804799999995,34.207979959999996,,2.0019909,66.0,,73.95575,73.03735,67.5962,59.7594,79,False
demo,D10,81,1.508057,30,2721.160283,3.384549,,,1.999856,,34.413582,,,,1.506351,,,,,,,,,,0.05525,0.162598,synthetic,False,2.0,75.40285,24.59715,0.11529999999999063,0.31201499999999954,0.36000200000000004,0.2987129999999999,,,,140.786049,0.0,0.0,70.3930245,-0.31257030303030064,-0.3053163076923091,34.2670524,34.21007488,,2.0020482,66.0,,74.2386,72.48505,67.64625,60.1101,80,False
demo,D10,82,1.496732,30,2698.528133,3.385661,,,2.00858,,34.237296,,,,1.491895,,,,,,,,,,0.053805,0.170342,synthetic,False,2.0,74.8366,25.163399999999996,0.5662499999999966,0.31761499999999926,0.3006999999999999,0.28925700000000004,,,,142.277944,0.0,0.0,71.138972,-0.3214427272727268,-0.30960376923076877,34.25316350000001,34.20948244,,2.003145,66.0,,73.59434999999999,71.9137,67.30285,59.4788,81,False
demo,D10,83,1.498014,30,2692.016291,3.385072,,,2.007012,,34.404498,,,,1.498087,,,,,,,,,,0.056792,0.16795,synthetic,False,2.0,74.9007,25.0993,-0.06409999999999627,0.31150499999999964,0.28358000000000005,0.295187,,,,143.776031,0.0,0.0,71.8880155,-0.2881199999999964,-0.311155846153847,34.2900945,34.20781348,,2.0042906,66.0,,73.4174,71.2685,66.78840000000001,59.4686,82,False
demo,D10,84,1.489225,30,2693.182036,3.389389,,,2.012114,,33.754499,,,,1.490653,,,,,,,,,,0.05409,0.167205,synthetic,False,2.0,74.46125,25.538749999999993,0.4394499999999937,0.30087999999999937,0.3047359999999998,0.27526699999999976,,,,145.266684,0.0,0.0,72.633342,-0.2773890909090904,-0.31041642307692413,34.22747869999999,34.19638688,,2.0052081999999998,66.0,,73.34795,71.4519,66.81280000000001,58.70225,83,False
demo,D10,85,1.479115,30,2650.727381,3.384272,,,1.974635,,34.1275,,,,1.478656,,,,,,,,,,0.055547,0.172102,synthetic,False,2.0,73.95575,26.044250000000005,0.505500000000012,0.2851900000000015,0.3380380000000002,0.3006190000000001,,,,146.74534,0.0,0.0,73.37267,-0.3019206060606043,-0.30521234615384596,34.19887659999999,34.20246984,,2.0021172,66.0,,73.03735,71.41024999999999,66.79995,58.548100000000005,84,False
demo,D10,86,1.484772,30,2685.895556,3.389799,,,2.01253,,34.344797,,,,1.484746,,,,,,,,,,0.054896,0.166255,synthetic,False,2.0,74.2386,25.761399999999995,-0.2828500000000105,0.2860599999999991,0.2872679999999997,0.2778370000000001,,,,148.230086,0.0,0.0,74.115043,-0.25701878787878446,-0.30076061538461674,34.2324826,34.2264412,,2.0014049,66.0,,72.48505,70.87965,66.4659,58.15865,85,False
demo,D10,87,1.471887,30,2651.930424,3.379376,,,2.003355,,34.571011,,,,1.473118,,,,,,,,,,0.054851,0.173543,synthetic,False,2.0,73.59434999999999,26.40565000000001,0.6442500000000138,0.2469149999999999,0.30035000000000023,0.2961910000000003,,,,149.703204,0.0,0.0,74.851602,-0.28163060606061113,-0.2999034230769224,34.2853067,34.24310851999999,,2.0009824,66.0,,71.9137,69.43105,65.99295,57.554899999999996,86,False
demo,D10,88,1.468348,30,2626.585794,3.383346,,,1.98456,,34.34742,,,,1.472492,,,,,,,,,,0.056081,0.172717,synthetic,False,2.0,73.4174,26.5826,0.17694999999999084,0.2921300000000002,0.2879740000000004,0.2825569999999999,,,,151.175696,0.0,0.0,75.587848,-0.26761848484848466,-0.2997671538461535,34.2979321,34.25570712,,1.9978447000000004,66.0,,71.2685,70.41605,64.95094999999999,57.372,87,False
demo,D10,89,1.466959,30,2653.135733,3.381066,,,2.007235,,34.664122,,,,1.465727,,,,,,,,,,0.055575,0.170121,synthetic,False,2.0,73.34795,26.652050000000003,0.06945000000000334,0.24902500000000033,0.28711000000000014,0.28374099999999997,,,,152.64142299999997,0.0,0.0,76.32071149999999,-0.2553515151515173,-0.2956445000000001,34.344746300000004,34.2812496,,1.9993868,66.0,,71.4519,70.1246,64.74235,56.73264999999999,88,False
demo,D10,90,1.460747,30,2637.012703,3.377689,,,2.001695,,34.525865,,,,1.457324,,,,,,,,,,0.055906,0.17138,synthetic,False,2.0,73.03735,26.962649999999996,0.31059999999999377,0.2480799999999988,0.2842579999999998,0.27992899999999993,,,,154.09874699999997,0.0,0.0,77.04937349999999,-0.25117818181818213,-0.2926865769230767,34.339059,34.282276239999995,,2.0011572,66.0,,71.41024999999999,69.4445,64.87595,56.90845,89,False
demo,D10,91,1.449701,30,2606.110019,3.380943,,,2.003812,,34.203366,,,,1.449439,,,,,,,,,,0.054687,0.168441,synthetic,False,2.0,72.48505,27.51495,0.5523000000000025,0.29178,0.2993419999999998,0.288964,,,,155.548186,0.0,0.0,77.774093,-0.25474666666666673,-0.2911123076923089,34.318037399999994,34.28763664,,2.0015528,66.0,,70.87965,69.5206,64.49835,56.66045,90,False
demo,D10,92,1.438274,30,2581.400885,3.386716,,,2.009991,,34.307581,,,,1.443692,,,,,,,,,,0.055443,0.17472,synthetic,False,2.0,71.9137,28.086299999999994,0.5713499999999954,0.2922899999999998,0.2884439999999995,0.30705299999999996,,,,156.99187799999999,0.0,0.0,78.49593899999999,-0.2918624242424247,-0.2974934615384618,34.325065900000006,34.28157984,,2.0016939000000002,66.0,,69.43105,69.10125000000001,64.0413,56.40055,91,False
demo,D10,93,1.42537,30,2553.589264,3.37476,,,2.004303,,34.46405,,,,1.422061,,,,,,,,,,0.054977,0.173547,synthetic,False,2.0,71.2685,28.731499999999997,0.6452000000000027,0.36321999999999977,0.3258419999999995,0.31894599999999995,,,,158.413939,0.0,0.0,79.2069695,-0.32446848484848423,-0.30138580769230705,34.3310211,34.31132008,,2.001423,66.0,,70.41605,68.3955,64.44395,55.974500000000006,92,False
demo,D10,94,1.429038,30,2590.907079,3.37812,,,1.985272,,34.244285,,,,1.430896,,,,,,,,,,0.055511,0.173624,synthetic,False,2.0,71.4519,28.548100000000005,-0.1833999999999918,0.3009350000000012,0.31163800000000036,0.30673200000000006,,,,159.844835,0.0,0.0,79.9224175,-0.33234090909091196,-0.2990360384615379,34.3799997,34.28930176,,1.9987388,66.0,,70.1246,68.67045,63.58535,55.40665,93,False
demo,D10,95,1.428205,30,2563.646818,3.373277,,,1.99857,,34.740516,,,,1.431512,,,,,,,,,,0.055599,0.174377,synthetic,False,2.0,71.41024999999999,28.58975000000001,0.041650000000004184,0.2545500000000004,0.2930020000000002,0.2869500000000002,,,,161.276347,0.0,0.0,80.6381735,-0.3397081818181841,-0.29615319230769194,34.441301300000006,34.317137439999996,,2.0011323,66.0,,69.4445,67.5962,63.397099999999995,55.5809,94,False
demo,D10,96,1.417593,30,2541.99528,3.371362,,,1.983824,,34.096428,,,,1.410887,,,,,,,,,,0.057668,0.171369,synthetic,False,2.0,70.87965,29.120350000000002,0.5305999999999926,0.3358950000000007,0.30573399999999995,0.30317700000000003,,,,162.687234,0.0,0.0,81.343617,-0.3263060606060607,-0.2946565384615381,34.4164644,34.30815032,,1.9982617,66.0,,69.5206,67.64625,64.37675,55.052800000000005,95,False
demo,D10,97,1.388621,30,2501.527089,3.370429,,,2.006491,,34.496095,,,,1.38976,,,,,,,,,,0.055854,0.169898,synthetic,False,2.0,69.43105,30.56895,1.448599999999999,0.41632999999999926,0.3432679999999999,0.3077820000000003,,,,164.07699399999998,0.0,0.0,82.03849699999999,-0.3941539393939429,-0.30575457692307734,34.4089728,34.31294672,,1.9985753000000002,66.0,,69.10125000000001,67.30285,62.61115,54.87105,96,False
demo,D10,98,1.408321,30,2522.521765,3.37424,,,2.01398,,34.57138,,,,1.410021,,,,,,,,,,0.053791,0.176539,synthetic,False,2.0,70.41605,29.58395,-0.9849999999999994,0.3001350000000002,0.3039879999999999,0.2904420000000002,,,,165.48701499999999,0.0,0.0,82.74350749999999,-0.3696069696969685,-0.3011289999999997,34.4313688,34.334394399999994,,2.0015172999999997,66.0,,68.3955,66.78840000000001,63.051449999999996,54.5588,97,False
demo,D10,99,1.402492,30,2517.052701,3.373689,,,1.987585,,34.3179,,,,1.401743,,,,,,,,,,0.05737,0.175966,synthetic,False,2.0,70.1246,29.8754,0.29144999999999754,0.32233499999999965,0.29381799999999997,0.2890869999999998,,,,166.888758,0.0,0.0,83.444379,-0.3292072727272738,-0.2988048076923086,34.3967466,34.33188412,,1.9995523000000002,66.0,,68.67045,66.81280000000001,61.6711,53.754250000000006,98,False
demo,D10,100,1.38889,30,2507.463903,3.372707,,,1.993285,,34.281965,,,,1.387094,,,,,,,,,,0.05656,0.172838,synthetic,False,2.0,69.4445,30.555499999999995,0.6800999999999959,0.35928499999999985,0.2945260000000002,0.30943299999999996,,,,168.275852,0.0,0.0,84.137926,-0.307539696969693,-0.3037321153846155,34.372356599999996,34.32662188,,1.9987113,66.0,,67.5962,66.79995,61.45,53.576449999999994,99,False
demo,D10,101,1.390412,30,2506.22672,3.367208,,,1.991176,,34.395362,,,,1.388769,,,,,,,,,,0.055965,0.175611,synthetic,False,2.0,69.5206,30.4794,-0.07609999999999673,0.29644499999999996,0.3031439999999998,0.29408600000000007,,,,169.66462099999998,0.0,0.0,84.83231049999999,-0.2749915151515162,-0.2993774999999995,34.391556200000004,34.34208688,,1.9974477,66.0,,67.64625,66.4659,61.0272,53.36015,100,False
demo,D10,102,1.382025,30,2484.761411,3.370249,,,1.995461,,34.629962,,,,1.381117,,,,,,,,,,0.055743,0.178493,synthetic,False,2.0,69.10125000000001,30.898749999999993,0.41934999999999434,0.28124499999999986,0.27848999999999935,0.28311099999999984,,,,171.04573799999997,0.0,0.0,85.52286899999999,-0.2674742424242401,-0.3034211153846156,34.4237943,34.36557456,,1.9959947,66.0,,67.30285,65.99295,61.456599999999995,52.45035,101,False
demo,D10,103,1.36791,30,2462.374092,3.372996,,,2.004124,,34.323172,,,,1.367084,,,,,,,,,,0.055374,0.1787,synthetic,False,2.0,68.3955,31.6045,0.705750000000009,0.28730000000000044,0.3177280000000002,0.2961610000000002,,,,172.41282199999998,0.0,0.0,86.20641099999999,-0.3073754545454558,-0.305871769230769,34.4097065,34.369654800000006,,1.9959768,66.0,,66.78840000000001,64.95094999999999,60.9058,52.1239,102,False
demo,D10,104,1.373409,30,2468.854077,3.366243,,,1.995569,,34.172657,,,,1.372061,,,,,,,,,,0.058204,0.17337,synthetic,False,2.0,68.67045,31.329549999999998,-0.274950000000004,0.27814499999999925,0.2867099999999999,0.28670199999999996,,,,173.78488299999998,0.0,0.0,86.89244149999999,-0.28522848484848506,-0.30467926923076927,34.4025437,34.368721879999995,,1.9970065000000001,66.0,,66.81280000000001,64.74235,60.17885,51.7387,103,False
demo,D10,105,1.351924,30,2433.011205,3.36757,,,2.006525,,34.75976,,,,1.350993,,,,,,,,,,0.056533,0.171457,synthetic,False,2.0,67.5962,32.403800000000004,1.0742500000000064,0.38140499999999944,0.3168779999999998,0.31411100000000003,,,,175.13587599999997,0.0,0.0,87.56793799999998,-0.29073909090909134,-0.3110897692307692,34.404468099999995,34.37580276,,1.997802,66.0,,66.79995,64.87595,59.7594,51.7621,104,False
demo,D10,106,1.352925,30,2429.699495,3.370287,,,2.010654,,34.570437,,,,1.356147,,,,,,,,,,0.054733,0.171931,synthetic,False,2.0,67.64625,32.353750000000005,-0.05004999999999882,0.3233400000000003,0.31026400000000026,0.3351330000000001,,,,176.49202299999996,0.0,0.0,88.24601149999998,-0.28266212121212003,-0.312097461538462,34.451869,34.38207696,,2.000485,66.0,,66.4659,64.49835,60.1101,,105,False
demo,D10,107,1.346057,30,2418.684829,3.365128,,,2.011018,,34.732879,,,,1.342788,,,,,,,,,,0.056867,0.175223,synthetic,False,2.0,67.30285,32.69714999999999,0.3433999999999884,0.21281999999999926,0.3013499999999999,0.30102499999999993,,,,177.83481099999997,0.0,0.0,88.91740549999999,-0.35069666666666915,-0.31597088461538514,34.475547399999996,34.40190028,,2.0009377,66.0,,65.99295,64.0413,59.4788,,106,False
demo,D10,108,1.335768,30,2399.976968,3.368337,,,1.988818,,34.686181,,,,1.331095,,,,,,,,,,0.057848,0.180956,synthetic,False,2.0,66.78840000000001,33.21159999999999,0.5144499999999965,0.36276499999999884,0.3244919999999996,0.3040359999999998,,,,179.16590599999998,0.0,0.0,89.58295299999999,-0.3553290909090873,-0.3181568846153838,34.487027499999996,34.413167599999994,,1.9984214999999999,66.0,,64.95094999999999,64.44395,59.4686,,107,False
demo,D10,109,1.336256,30,2400.02244,3.360947,,,2.013859,,35.040589,,,,1.339481,,,,,,,,,,0.056794,0.174364,synthetic,False,2.0,66.81280000000001,33.18719999999999,-0.024399999999999977,0.3311799999999991,0.3059379999999999,0.3053369999999998,,,,180.50538699999998,0.0,0.0,90.25269349999999,-0.3340890909090854,-0.3182719230769236,34.559296399999994,34.4646112,,2.0010489,66.0,,64.74235,63.58535,58.70225,,108,False
demo,D10,110,1.335999,30,2412.328775,3.370554,,,2.014661,,34.774745,,,,1.335486,,,,,,,,,,0.055738,0.174771,synthetic,False,2.0,66.79995,33.200050000000005,0.012850000000014461,0.26445500000000094,0.286232,0.3121350000000001,,,,181.840873,0.0,0.0,90.9204365,-0.31874696969696364,-0.3176771538461541,34.6085744,34.490501,,2.0031865,66.0,,64.87595,63.397099999999995,58.548100000000005,,109,False
demo,D10,111,1.329318,30,2398.299874,3.367628,,,2.015527,,34.325004,,,,1.328285,,,,,,,,,,0.055716,0.174977,synthetic,False,2.0,66.4659,33.534099999999995,0.33404999999999063,0.3054699999999997,0.310908,0.29908799999999985,,,,183.16915799999998,0.0,0.0,91.58457899999999,-0.28449727272727116,-0.31183296153846096,34.6015386,34.48970928,,2.0056216,66.0,,64.49835,64.37675,58.15865,,110,False
demo,D10,112,1.319859,30,2369.101085,3.365205,,,1.998422,,34.637778,,,,1.319565,,,,,,,,,,0.055884,0.17561,synthetic,False,2.0,65.99295,34.00705000000001,0.47295000000001153,0.3108300000000014,0.30405599999999994,0.3022030000000001,,,,184.488723,0.0,0.0,92.2443615,-0.2669748484848476,-0.31081796153846164,34.602320199999994,34.49237996,,2.0059177000000004,66.0,,64.0413,62.61115,57.554899999999996,,111,False
demo,D10,113,1.299019,30,2329.855079,3.366877,,,1.992482,,34.4121,,,,1.299562,,,,,,,,,,0.058531,0.178006,synthetic,False,2.0,64.95094999999999,35.04905000000001,1.0420000000000016,0.3444550000000007,0.33865800000000035,0.31331600000000037,,,,185.788285,0.0,0.0,92.8941425,-0.31566242424242646,-0.31534369230769244,34.611213,34.49496716,,2.0047535,66.0,,64.44395,63.051449999999996,57.372,,112,False
demo,D10,114,1.294847,30,2329.624172,3.360538,,,1.990158,,34.444199,,,,1.293489,,,,,,,,,,0.05698,0.174366,synthetic,False,2.0,64.74235,35.25765,0.2085999999999899,0.39281000000000005,0.3442239999999998,0.315667,,,,187.081774,0.0,0.0,93.540887,-0.31564606060605777,-0.3159768076923074,34.6383672,34.48617024,,2.0042124,66.0,,63.58535,61.6711,56.73264999999999,,113,False
demo,D10,115,1.297519,30,2350.63501,3.359718,,,1.988982,,34.200597,,,,1.298832,,,,,,,,,,0.055346,0.181352,synthetic,False,2.0,64.87595,35.12405,-0.13360000000000127,0.2720249999999993,0.326456,0.30535699999999993,,,,188.380606,0.0,0.0,94.190303,-0.3323457575757616,-0.3118629999999997,34.582450900000005,34.473159519999996,,2.0024581,66.0,,63.397099999999995,61.45,56.90845,,114,False
demo,D10,116,1.289967,30,2314.781784,3.366736,,,2.000117,,34.493521,,,,1.287484,,,,,,,,,,0.057484,0.177967,synthetic,False,2.0,64.49835,35.50165,0.37760000000000105,0.3147899999999993,0.319468,0.3094049999999999,,,,189.66809,0.0,0.0,94.834045,-0.3333324242424273,-0.3104797307692295,34.5747593,34.48476572,,2.0014044,66.0,,64.37675,61.0272,56.66045,,115,False
demo,D10,117,1.280826,30,2304.371407,3.367466,,,2.008479,,34.71502,,,,1.280053,,,,,,,,,,0.057333,0.186204,synthetic,False,2.0,64.0413,35.95869999999999,0.4570499999999953,0.326155,0.31489599999999995,0.3016699999999997,,,,190.94814300000002,0.0,0.0,95.47407150000001,-0.34398606060606424,-0.31288526923076976,34.5729734,34.501063280000004,,2.0011505,66.0,,62.61115,61.456599999999995,56.40055,,116,False
demo,D10,118,1.288879,30,2320.600471,3.358336,,,2.013066,,34.550175,,,,1.28317,,,,,,,,,,0.056662,0.174924,synthetic,False,2.0,64.44395,35.55605,-0.4026499999999942,0.2344450000000009,0.27298200000000006,0.2994119999999998,,,,192.23131300000003,0.0,0.0,96.11565650000001,-0.3274396969696965,-0.3119703461538452,34.5593728,34.50450828,,2.0035753,66.0,,63.051449999999996,60.9058,55.974500000000006,,117,False
demo,D10,119,1.271707,30,2288.326748,3.358508,,,1.995144,,34.317597,,,,1.274689,,,,,,,,,,0.056263,0.183901,synthetic,False,2.0,63.58535,36.41465,0.8586000000000027,0.32274500000000117,0.3146619999999999,0.3131500000000001,,,,193.50600200000002,0.0,0.0,96.75300100000001,-0.32768181818182207,-0.3118973076923075,34.487073599999995,34.50744076,,2.0017038,66.0,,61.6711,60.17885,55.40665,,118,False
demo,D10,120,1.267942,30,2279.158661,3.362673,,,1.999613,,34.217332,,,,1.267496,,,,,,,,,,0.056257,0.183456,synthetic,False,2.0,63.397099999999995,36.602900000000005,0.18825000000000358,0.34028500000000006,0.32052599999999987,0.30676400000000004,,,,194.77349800000002,0.0,0.0,97.38674900000001,-0.29992818181818054,-0.30792726923077,34.431332299999994,34.48651340000001,,2.000199,66.0,,61.45,59.7594,55.5809,,119,False
demo,D10,121,1.287535,30,2325.593437,3.360629,,,1.998958,,35.096659,,,,1.28926,,,,,,,,,,0.058211,0.177264,synthetic,False,2.0,64.37675,35.62325,-0.9796500000000066,0.20891500000000035,0.26011599999999985,0.28292499999999987,,,,196.06275800000003,0.0,0.0,98.03137900000002,-0.1997624242424272,-0.29405634615384507,34.5084978,34.526522639999996,,1.9985420999999999,66.0,,61.0272,60.1101,55.052800000000005,,120,False
demo,D10,122,1.252223,30,2257.074482,3.358906,,,1.993647,,34.702956,,,,1.253417,,,,,,,,,,0.057725,0.178726,synthetic,False,2.0,62.61115,37.38885,1.7655999999999992,0.33817999999999915,0.27279599999999987,0.3080319999999999,,,,197.31617500000004,0.0,0.0,98.65808750000002,-0.20210909090908674,-0.3059670384615385,34.5150156,34.53479708,,1.9980646,66.0,,61.456599999999995,59.4788,54.87105,,121,False
demo,D10,123,1.261029,30,2275.612554,3.36075,,,2.007357,,34.402439,,,,1.262416,,,,,,,,,,0.057868,0.176795,synthetic,False,2.0,63.051449999999996,36.948550000000004,-0.4402999999999935,0.18994999999999962,0.2945840000000001,0.29928600000000005,,,,198.57859100000005,0.0,0.0,99.28929550000002,-0.2089145454545497,-0.29871734615384543,34.514049500000006,34.52803944,,1.9995521,66.0,,60.9058,59.4686,54.5588,,122,False
demo,D10,124,1.233422,30,2224.085178,3.351929,,,2.003628,,34.765313,,,,1.233403,,,,,,,,,,0.057911,0.177934,synthetic,False,2.0,61.6711,38.3289,1.3803499999999929,0.3071249999999999,0.33813999999999994,0.31597899999999995,,,,199.81199400000006,0.0,0.0,99.90599700000003,-0.28189424242424255,-0.30145876923076853,34.546160900000004,34.54593596,,2.0008991,66.0,,60.17885,58.70225,53.754250000000006,,123,False
demo,D10,125,1.229,30,2218.133491,3.355302,,,2.001418,,35.203796,,,,1.229955,,,,,,,,,,0.058038,0.180838,synthetic,False,2.0,61.45,38.55,0.22109999999999985,0.34259500000000004,0.31978000000000006,0.3071530000000001,,,,201.04194900000005,0.0,0.0,100.52097450000002,-0.3208000000000001,-0.3065394230769243,34.6464808,34.5828092,,2.0021427,66.0,,59.7594,58.548100000000005,53.576449999999994,,124,False
demo,D10,126,1.220544,30,2207.42167,3.352543,,,2.003583,,34.8243,,,,1.218197,,,,,,,,,,0.057326,0.18124,synthetic,False,2.0,61.0272,38.9728,0.4228000000000023,0.3471150000000002,0.33973600000000004,0.3214399999999999,,,,202.26014600000005,0.0,0.0,101.13007300000002,-0.36641424242424375,-0.3086122307692294,34.6795587,34.599966720000005,,2.0024892999999997,66.0,,60.1101,58.15865,53.36015,,125,False
demo,D10,127,1.229132,30,2221.272496,3.348774,,,2.006155,,33.959535,,,,1.226253,,,,,,,,,,0.057503,0.176028,synthetic,False,2.0,61.456599999999995,38.543400000000005,-0.429399999999994,0.2584700000000012,0.3057860000000005,0.2921379999999999,,,,203.48639900000006,0.0,0.0,101.74319950000003,-0.37700212121211946,-0.304381461538462,34.604010200000005,34.57314964,,2.0022569,66.0,,59.4788,57.554899999999996,52.45035,,126,False
demo,D10,128,1.218116,30,2207.900276,3.348306,,,2.006054,,35.335899,,,,1.217869,,,,,,,,,,0.058984,0.188156,synthetic,False,2.0,60.9058,39.0942,0.5507999999999953,0.35381500000000016,0.29958799999999997,0.3086580000000001,,,,204.70426800000007,0.0,0.0,102.35213400000004,-0.3594606060606034,-0.30641199999999974,34.6825826,34.61365872,,2.0015557,66.0,,59.4686,57.372,52.1239,,127,False
demo,D10,129,1.203577,30,2174.349641,3.347837,,,1.991615,,34.232324,,,,1.20194,,,,,,,,,,0.059379,0.181078,synthetic,False,2.0,60.17885,39.82115,0.7269500000000022,0.3406500000000001,0.3396640000000002,0.31318700000000005,,,,205.90620800000008,0.0,0.0,102.95310400000004,-0.39592424242424334,-0.3066420384615382,34.674055300000006,34.6160454,,2.0012028,66.0,,58.70225,56.73264999999999,51.7387,,128,False
demo,D10,130,1.195188,30,2147.017783,3.353113,,,2.008963,,34.655715,,,,1.198595,,,,,,,,,,0.056826,0.182389,synthetic,False,2.0,59.7594,40.2406,0.41944999999999766,0.36376999999999954,0.31347199999999986,0.3151749999999998,,,,207.1048030000001,0.0,0.0,103.55240150000004,-0.42652606060606013,-0.3149544230769237,34.717893600000004,34.6118836,,2.0021378,66.0,,58.548100000000005,56.90845,51.7621,,129,False
demo,D10,131,1.202202,30,2169.464104,3.354121,,,2.002554,,34.413346,,,,1.203104,,,,,,,,,,0.05777,0.180033,synthetic,False,2.0,60.1101,39.8899,-0.35070000000000334,0.42666499999999985,0.30144599999999966,0.305855,,,,208.30790700000009,0.0,0.0,104.15395350000004,-0.3285954545454514,-0.3135007692307694,34.6495623,34.60559996,,2.0024974,66.0,,58.15865,56.66045,,,130,False
demo,D10,132,1.189576,30,2145.79957,3.351697,,,1.995654,,34.530636,,,,1.187871,,,,,,,,,,0.058944,0.181616,synthetic,False,2.0,59.4788,40.5212,0.6313000000000031,0.31323500000000026,0.3129620000000003,0.3071560000000001,,,,209.4957780000001,0.0,0.0,104.74788900000004,-0.33108909090909355,-0.31551146153846155,34.6323303,34.59751024,,2.0026981,66.0,,57.554899999999996,56.40055,,,131,False
demo,D10,133,1.189372,30,2153.203369,3.350432,,,2.002342,,34.787044,,,,1.188726,,,,,,,,,,0.059988,0.181351,synthetic,False,2.0,59.4686,40.5314,0.010199999999997544,0.35828499999999935,0.29279200000000033,0.30864199999999997,,,,210.6845040000001,0.0,0.0,105.34225200000004,-0.26681787878787805,-0.31674230769230777,34.6707908,34.60154476,,2.0021966,66.0,,57.372,55.974500000000006,,,132,False
demo,D10,134,1.174045,30,2107.148918,3.348407,,,2.003445,,34.221177,,,,1.174357,,,,,,,,,,0.060042,0.183029,synthetic,False,2.0,58.70225,41.29775,0.7663500000000028,0.29688500000000034,0.32442200000000043,0.3151800000000001,,,,211.85886100000008,0.0,0.0,105.92943050000004,-0.29294242424241845,-0.3191725384615387,34.6163772,34.56876828,,2.0021782999999997,66.0,,56.73264999999999,55.40665,,,133,False
demo,D10,135,1.170962,30,2111.260197,3.347481,,,2.010818,,34.720995,,,,1.170803,,,,,,,,,,0.057495,0.183118,synthetic,False,2.0,58.548100000000005,41.451899999999995,0.15414999999999424,0.2901899999999998,0.3300739999999996,0.3081529999999998,,,,213.02966400000008,0.0,0.0,106.51483200000004,-0.3062290909090915,-0.31691530769230764,34.5680971,34.56661828,,2.0031182999999997,66.0,,56.90845,55.5809,,,134,False
demo,D10,136,1.163173,30,2089.434393,3.347027,,,1.989538,,35.042075,,,,1.163806,,,,,,,,,,0.059643,0.185888,synthetic,False,2.0,58.15865,41.84135,0.3894500000000036,0.2868549999999999,0.33229000000000014,0.3215990000000001,,,,214.19347000000008,0.0,0.0,107.09673500000004,-0.3337706060606063,-0.31524592307692334,34.589874599999995,34.59530112,,2.0017138,66.0,,56.66045,55.052800000000005,,,135,False
demo,D10,137,1.151098,30,2075.162481,3.345789,,,2.01325,,34.562543,,,,1.151256,,,,,,,,,,0.058548,0.184638,synthetic,False,2.0,57.554899999999996,42.445100000000004,0.6037500000000051,0.3901699999999998,0.3375219999999999,0.3207889999999999,,,,215.34472600000007,0.0,0.0,107.67236300000003,-0.33084696969696764,-0.3174889230769225,34.6501754,34.59229172,,2.0024233000000002,66.0,,56.40055,54.87105,,,136,False
demo,D10,138,1.14744,30,2064.061566,3.337812,,,2.000232,,34.431269,,,,1.144249,,,,,,,,,,0.05957,0.186215,synthetic,False,2.0,57.372,42.628,0.1828999999999965,0.3533799999999999,0.30315799999999965,0.320908,,,,216.48897500000007,0.0,0.0,108.24448750000003,-0.32732636363636186,-0.32534942307692377,34.5597124,34.593058479999996,,2.0018411,66.0,,55.974500000000006,54.5588,,,137,False
demo,D10,139,1.134653,30,2045.313124,3.338671,,,1.994938,,34.763194,,,,1.129772,,,,,,,,,,0.059442,0.184584,synthetic,False,2.0,56.73264999999999,43.26735000000001,0.6393500000000074,0.3446200000000005,0.3203880000000004,0.3323060000000001,,,,217.61874700000007,0.0,0.0,108.80937350000004,-0.36430878787879467,-0.3353676538461528,34.61279939999999,34.60581828,,2.0021733999999998,66.0,,55.40665,53.754250000000006,,,138,False
demo,D10,140,1.138169,30,2040.035928,3.338155,,,1.994632,,34.708161,,,,1.137318,,,,,,,,,,0.057354,0.185167,synthetic,False,2.0,56.90845,43.09155,-0.1758000000000095,0.28509499999999977,0.31870000000000004,0.32257800000000003,,,,218.75606500000006,0.0,0.0,109.37803250000003,-0.37789333333333436,-0.33626580769230774,34.618044,34.626120840000006,,2.0007403,66.0,,55.5809,53.576449999999994,,,139,False
demo,D10,141,1.133209,30,2044.629968,3.34608,,,1.989986,,34.65138,,,,1.134479,,,,,,,,,,0.059218,0.183948,synthetic,False,2.0,56.66045,43.33955,0.24800000000000466,0.3449650000000005,0.3135160000000002,0.31649200000000005,,,,219.89054400000006,0.0,0.0,109.94527200000003,-0.34706818181818255,-0.3371003461538463,34.6418474,34.6324352,,1.9994835000000002,66.0,,55.052800000000005,53.36015,,,140,False
demo,D10,142,1.128011,30,2031.675154,3.347618,,,1.982591,,34.510897,,,,1.127194,,,,,,,,,,0.059726,0.187889,synthetic,False,2.0,56.40055,43.59945,0.2598999999999947,0.3078249999999997,0.3056300000000002,0.31026300000000007,,,,221.01773800000007,0.0,0.0,110.50886900000003,-0.3306921212121216,-0.33887530769230756,34.6398735,34.62427028,,1.9981772,66.0,,54.87105,52.45035,,,141,False
demo,D10,143,1.11949,30,2016.00177,3.33126,,,2.006774,,34.950561,,,,1.122258,,,,,,,,,,0.058785,0.186188,synthetic,False,2.0,55.974500000000006,44.025499999999994,0.4260499999999965,0.3494099999999996,0.3387779999999998,0.30587999999999993,,,,222.13999600000005,0.0,0.0,111.06999800000003,-0.30092303030303275,-0.33467903846153796,34.6562252,34.64028572,,1.9986204,66.0,,54.5588,52.1239,,,142,False
demo,D10,144,1.108133,30,2006.310208,3.344776,,,2.019809,,34.986616,,,,1.10803,,,,,,,,,,0.058672,0.1852,synthetic,False,2.0,55.40665,44.59335,0.5678500000000071,0.32956,0.327148,0.32090499999999994,,,,223.24802600000007,0.0,0.0,111.62401300000003,-0.31086484848484913,-0.3377955000000004,34.7327691,34.667046479999996,,2.0002568,66.0,,53.754250000000006,51.7387,,,143,False
demo,D10,145,1.111618,30,1998.617081,3.339299,,,1.983824,,34.566161,,,,1.114636,,,,,,,,,,0.057312,0.184972,synthetic,False,2.0,55.5809,44.4191,-0.17425000000000068,0.29672000000000054,0.3126479999999998,0.31658699999999984,,,,224.36266200000006,0.0,0.0,112.18133100000003,-0.2816321212121189,-0.3348946923076925,34.7172857,34.68099964,,1.9975574000000003,66.0,,53.576449999999994,51.7621,,,144,False
demo,D10,146,1.101056,30,1983.935646,3.341683,,,1.990496,,34.616603,,,,1.103593,,,,,,,,,,0.059673,0.18563,synthetic,False,2.0,55.052800000000005,44.947199999999995,0.5280999999999949,0.31058499999999967,0.37295799999999985,0.31653699999999985,,,,225.46625500000005,0.0,0.0,112.73312750000002,-0.27120212121212034,-0.321059692307692,34.674738500000004,34.6617974,,1.9976532000000002,66.0,,53.36015,,,,145,False
demo,D10,147,1.097421,30,1975.951279,3.339203,,,2.007516,,34.887992,,,,1.099728,,,,,,,,,,0.059235,0.186195,synthetic,False,2.0,54.87105,45.12895,0.18175000000000807,0.268385,0.3096040000000002,0.29120000000000007,,,,226.56598300000005,0.0,0.0,113.28299150000002,-0.27328909090909365,-0.3193861153846143,34.7072834,34.66919884000001,,1.9970797999999998,66.0,,52.45035,,,,146,False
demo,D10,148,1.091176,30,1965.283768,3.342159,,,1.999544,,34.621993,,,,1.08855,,,,,,,,,,0.058166,0.186184,synthetic,False,2.0,54.5588,45.4412,0.3122499999999988,0.2813200000000002,0.3397059999999999,0.317145,,,,227.65453300000004,0.0,0.0,113.82726650000002,-0.27206969696969646,-0.3102379230769229,34.72635580000001,34.677981,,1.997011,66.0,,52.1239,,,,147,False
demo,D10,149,1.075085,30,1948.052411,3.335225,,,2.008344,,34.932037,,,,1.075122,,,,,,,,,,0.058923,0.18532,synthetic,False,2.0,53.754250000000006,46.245749999999994,0.8045499999999919,0.29783999999999866,0.31667399999999984,0.3274069999999999,,,,228.72965500000004,0.0,0.0,114.36482750000002,-0.3232587878787818,-0.3157870384615385,34.743240099999994,34.684649959999994,,1.9983516000000001,66.0,,51.7387,,,,148,False
demo,D10,150,1.071529,30,1929.121098,3.328487,,,1.998983,,35.259718,,,,1.074149,,,,,,,,,,0.059439,0.189434,synthetic,False,2.0,53.576449999999994,46.423550000000006,0.17780000000001195,0.3332000000000008,0.31494200000000033,0.3173610000000002,,,,229.80380400000004,0.0,0.0,114.90190200000002,-0.3363242424242405,-0.3190985,34.7983958,34.68688684,,1.9987867000000001,66.0,,51.7621,,,,149,False
demo,D10,151,1.067203,30,1917.69662,3.332978,,,1.994194,,34.884239,,,,1.067785,,,,,,,,,,0.058769,0.189796,synthetic,False,2.0,53.36015,46.63985,0.21629999999999683,0.33003,0.3066820000000001,0.3232090000000001,,,,230.87158900000003,0.0,0.0,115.43579450000001,-0.33733333333333687,-0.32257800000000036,34.8216817,34.6892844,,1.9992075,66.0,,,,,,150,False
demo,D10,152,1.049007,30,1898.810657,3.333189,,,1.997742,,34.623085,,,,1.05017,,,,,,,,,,0.059513,0.193391,synthetic,False,2.0,52.45035,47.54965,0.909799999999997,0.39502000000000026,0.3602499999999998,0.33301800000000015,,,,231.92175900000004,0.0,0.0,115.96087950000002,-0.36529090909090606,-0.32426392307692337,34.8329005,34.7158264,,2.0007226,66.0,,,,,,151,False
demo,D10,153,1.042478,30,1874.728137,3.329446,,,1.976179,,35.034309,,,,1.039584,,,,,,,,,,0.057825,0.18649,synthetic,False,2.0,52.1239,47.8761,0.32645000000000124,0.38506000000000074,0.35127600000000003,0.325432,,,,232.96134300000003,0.0,0.0,116.48067150000001,-0.3915769696969679,-0.3275433461538461,34.8412753,34.7037628,,1.9976631,66.0,,,,,,152,False
demo,D10,154,1.034774,30,1853.622999,3.331978,,,1.988565,,34.903426,,,,1.038745,,,,,,,,,,0.061002,0.190608,synthetic,False,2.0,51.7387,48.2613,0.38519999999999754,0.36679499999999976,0.33760599999999985,0.338635,,,,234.00008800000003,0.0,0.0,117.00004400000002,-0.4300566666666676,-0.33489265384615374,34.8329563,34.73060688,,1.9945387,66.0,,,,,,153,False
demo,D10,155,1.035242,30,1859.294591,3.329142,,,2.009483,,34.909597,,,,1.033604,,,,,,,,,,0.059663,0.182863,synthetic,False,2.0,51.7621,48.2379,-0.023399999999995202,0.38188000000000033,0.3198920000000001,0.31668199999999996,,,,235.03369200000003,0.0,0.0,117.51684600000002,-0.4111833333333414,-0.3397280384615392,34.8672999,34.74076216,,1.9971046000000001,66.0,,,,,,154,False
demo,D11,1,1.868483,30,2259.296811,3.43649,,,3.008011,,35.545441,,,,1.869731,,,,,,,,,,0.051207,0.1635,synthetic,False,2.0,93.42415,6.575850000000003,,,,,,,,1.869731,0.0,0.0,0.9348655,,,,,,,41.0,40.0,91.59140000000001,90.50645,85.35625,76.91485,0,True
demo,D11,2,1.850109,30,2219.88375,3.430967,,,2.991548,,35.353929,,,,1.851942,,,,,,,,,,0.052911,0.154696,synthetic,False,2.0,92.50545,7.494550000000004,0.9187000000000012,,,,,,,3.721673,0.0,0.0,1.8608365,,,,,,,41.0,39.0,91.71325,89.75595,85.4025,76.1387,1,True
demo,D11,3,1.852325,30,2215.567516,3.429668,,,2.997599,,35.478111,,,,1.855555,,,,,,,,,,0.052792,0.155335,synthetic,False,2.0,92.61625,7.383750000000006,-0.11079999999999757,,,,,,,5.577228,0.0,0.0,2.788614,-0.4039500000000093,-0.4039500000000093,35.45916033333333,35.45916033333333,,2.999052666666667,41.0,38.0,91.11955,90.55290000000001,84.4725,75.9762,2,True
demo,D11,4,1.86812,30,2237.239306,3.434972,,,3.005936,,35.475102,,,,1.869817,,,,,,,,,,0.050632,0.154202,synthetic,False,2.0,93.406,6.593999999999994,-0.7897500000000122,0.0060499999999971505,0.0060499999999971505,0.0060499999999971505,,,,7.447045,0.0,0.0,3.7235225,0.005634999999996916,0.005634999999996916,35.463145749999995,35.463145749999995,,3.0007735,41.0,37.0,91.32915,89.5957,84.54845,75.70265,3,True
demo,D11,5,1.844337,30,2212.054563,3.433184,,,3.015183,,34.97878,,,,1.845376,,,,,,,,,,0.052375,0.155396,synthetic,False,2.0,92.21685,7.783150000000006,1.1891500000000121,0.3018250000000009,0.3018250000000009,0.3018250000000009,,,,9.292421000000001,0.0,0.0,4.6462105000000005,-0.15140499999999818,-0.15140499999999818,35.3662726,35.3662726,,3.0036554000000004,41.0,36.0,91.8993,89.0709,83.81045,75.3385,4,True
demo,D11,6,1.831828,30,2197.038387,3.422602,,,2.987061,,35.362036,,,,1.834434,,,,,,,,,,0.051205,0.15696,synthetic,False,2.0,91.59140000000001,8.408599999999993,0.6254499999999865,0.36654999999999804,0.36654999999999804,0.36654999999999804,,,,11.126855,0.0,0.0,5.5634275,-0.26399428571427963,-0.26399428571427963,35.3655665,35.3655665,,3.000889666666667,41.0,35.0,90.50645,88.69505,83.8347,74.9384,5,False
demo,D11,7,1.834265,30,2209.716554,3.430786,,,2.986319,,35.497392,,,,1.825363,,,,,,,,,,0.05234,0.159392,synthetic,False,2.0,91.71325,8.286749999999998,-0.1218499999999949,0.2851499999999992,0.2851499999999992,0.2851499999999992,,,,12.952218,0.0,0.0,6.476109,-0.26286428571428555,-0.26286428571428555,35.384398714285716,35.384398714285716,,2.998808142857143,41.0,34.0,89.75595,88.28385,83.1948,74.483,6,False
demo,D11,8,1.822391,30,2186.348601,3.430409,,,2.99054,,35.157423,,,,1.830006,,,,,,,,,,0.052582,0.158316,synthetic,False,2.0,91.11955,8.880449999999996,0.5936999999999983,0.3292285714285705,0.3292285714285705,0.3292285714285705,,,,14.782224,0.0,0.0,7.391112,-0.2899630952380884,-0.2899630952380884,35.35602675,35.35602675,,2.997774625,41.0,33.0,90.55290000000001,87.88725,82.88895,74.51015,7,False
demo,D11,9,1.826583,30,2204.098815,3.418913,,,2.984625,,35.062469,,,,1.83239,,,,,,,,,,0.052976,0.160168,synthetic,False,2.0,91.32915,8.670850000000002,-0.20959999999999468,0.26187499999999986,0.26187499999999986,0.26187499999999986,,,,16.614614,0.0,0.0,8.307307,-0.2693050000000022,-0.2693050000000022,35.323409222222224,35.323409222222224,,2.9963135555555556,41.0,32.0,89.5957,87.54335,82.85575,73.38974999999999,8,False
demo,D11,10,1.837986,30,2202.721373,3.430533,,,2.985336,,35.375623,,,,1.838784,,,,,,,,,,0.051128,0.159613,synthetic,False,2.0,91.8993,8.100700000000003,-0.5701499999999982,0.16942777777777784,0.16942777777777784,0.16942777777777784,,,,18.453398,0.0,0.0,9.226699,-0.21299969696969695,-0.21299969696969695,35.3286306,35.3286306,,2.9952158,41.0,31.0,89.0709,87.9464,83.9421,73.13300000000001,9,False
demo,D11,11,1.810129,30,2174.933293,3.429045,,,2.990273,,34.9144,,,,1.805013,,,,,,,,,,0.052913,0.158221,synthetic,False,2.0,90.50645,9.493549999999999,1.3928499999999957,0.29176999999999964,0.29176999999999964,0.29176999999999964,,,,20.258411,0.0,0.0,10.1292055,-0.2215996969696951,-0.2359172727272789,35.2655265,35.29097327272727,,2.9934420000000004,41.0,30.0,88.69505,86.93889999999999,81.85405,72.74249999999999,10,False
demo,D11,12,1.795119,30,2160.747245,3.426713,,,3.012335,,35.03532,,,,1.799464,,,,,,,,,,0.050176,0.159324,synthetic,False,2.0,89.75595,10.244050000000001,0.7505000000000024,0.27494999999999975,0.33347272727272714,0.33347272727272714,,,,22.057875,0.0,0.0,11.0289375,-0.2970166666666683,-0.2689305944055963,35.2336656,35.269668833333334,,2.9955207,41.0,29.0,88.28385,86.12645,81.40785000000001,72.32300000000001,11,False
demo,D11,13,1.811058,30,2181.061326,3.429592,,,2.996879,,35.116724,,,,1.808544,,,,,,,,,,0.053186,0.160884,synthetic,False,2.0,90.55290000000001,9.447099999999992,-0.7969500000000096,0.20633499999999855,0.23927083333333243,0.23927083333333243,,,,23.866419,0.0,0.0,11.9332095,-0.288249696969694,-0.2537447802197813,35.1975269,35.257903846153845,,2.9954487,41.0,28.0,87.88725,86.07495,81.6739,71.46265000000001,12,False
demo,D11,14,1.791914,30,2158.760042,3.422679,,,3.000314,,35.424757,,,,1.793828,,,,,,,,,,0.052056,0.15499,synthetic,False,2.0,89.5957,10.404300000000006,0.9572000000000145,0.3810300000000012,0.29449615384615413,0.29449615384615413,,,,25.660247000000002,0.0,0.0,12.830123500000001,-0.25403333333333655,-0.26429813186813367,35.192492400000006,35.26982192857143,,2.9948865000000002,41.0,27.0,87.54335,86.3614,81.0149,72.09689999999999,13,False
demo,D11,15,1.781418,30,2135.956681,3.418518,,,2.990445,,35.382602,,,,1.776847,,,,,,,,,,0.052182,0.166238,synthetic,False,2.0,89.0709,10.929100000000005,0.524799999999999,0.3145949999999999,0.3109464285714288,0.3109464285714288,,,,27.437094000000002,0.0,0.0,13.718547000000001,-0.28153363636363593,-0.27767035714285815,35.232874599999995,35.2773406,,2.9924127,41.0,26.0,87.9464,85.66460000000001,80.36385,72.03665000000001,14,False
demo,D11,16,1.773901,30,2128.646238,3.414539,,,3.006335,,35.597241,,,,1.7818,,,,,,,,,,0.050224,0.157506,synthetic,False,2.0,88.69505,11.304950000000005,0.3758499999999998,0.28963500000000125,0.3152733333333335,0.3152733333333335,,,,29.218894000000002,0.0,0.0,14.609447000000001,-0.3330987878787849,-0.28878367647058606,35.2563951,35.297334375,,2.9943400999999996,41.0,25.0,86.93889999999999,85.35625,79.92755,70.98375,15,False
demo,D11,17,1.765677,30,2103.052033,3.425079,,,3.018758,,35.121017,,,,1.760584,,,,,,,,,,0.051955,0.15832,synthetic,False,2.0,88.28385,11.716149999999999,0.4111999999999938,0.34294000000000013,0.32126874999999977,0.32126874999999977,,,,30.979478000000004,0.0,0.0,15.489739000000002,-0.36386242424242454,-0.2988107843137278,35.218757599999996,35.28696276470588,,2.9975840000000002,41.0,24.0,86.12645,85.4025,80.0724,70.1294,16,False
demo,D11,18,1.757745,30,2108.054187,3.42253,,,2.991124,,35.119514,,,,1.757988,,,,,,,,,,0.053778,0.156054,synthetic,False,2.0,87.88725,12.112750000000005,0.3966000000000065,0.3232300000000009,0.32570000000000016,0.32570000000000016,,,,32.737466000000005,0.0,0.0,16.368733000000002,-0.4142703030303039,-0.307562951496386,35.214966700000005,35.27766005555556,,2.9976424,41.0,23.0,86.07495,84.4725,79.4402,70.3647,17,False
demo,D11,19,1.750867,30,2107.918203,3.423532,,,3.017247,,35.504678,,,,1.743435,,,,,,,,,,0.052065,0.156419,synthetic,False,2.0,87.54335,12.456649999999996,0.34389999999999077,0.3785799999999995,0.32671111111111073,0.32671111111111073,,,,34.480901,0.0,0.0,17.2404505,-0.4302836363636354,-0.3144014035087725,35.2591876,35.28960836842106,,3.0009046,41.0,22.0,86.3614,84.54845,78.99635,69.5647,18,False
demo,D11,20,1.758928,30,2116.391985,3.416965,,,3.003644,,35.161942,,,,1.758783,,,,,,,,,,0.053124,0.162565,synthetic,False,2.0,87.9464,12.053600000000003,-0.40304999999999325,0.39529,0.28830263157894737,0.28830263157894737,,,,36.239684000000004,0.0,0.0,18.119842000000002,-0.3404139393939384,-0.30913439849624125,35.23781949999999,35.28322505,,3.0027353999999997,41.0,21.0,85.66460000000001,83.81045,78.71894999999999,69.0807,19,False
demo,D11,21,1.738778,30,2085.992197,3.420563,,,3.000169,,35.240957,,,,1.737299,,,,,,,,,,0.052647,0.167259,synthetic,False,2.0,86.93889999999999,13.06110000000001,1.0075000000000074,0.35675500000000115,0.3242625000000004,0.3242625000000004,,,,37.976983000000004,0.0,0.0,18.988491500000002,-0.350441515151514,-0.3143051298701342,35.27047520000001,35.28121228571428,,3.003725,41.0,20.0,85.35625,83.8347,78.42405,69.10035,20,False
demo,D11,22,1.722529,30,2077.571783,3.409305,,,3.004001,,34.952015,,,,1.726447,,,,,,,,,,0.053837,0.159397,synthetic,False,2.0,86.12645,13.873549999999994,0.8124499999999841,0.36294999999999933,0.34750952380952344,0.34750952380952344,,,,39.703430000000004,0.0,0.0,19.851715000000002,-0.41157484848484843,-0.3240951439864464,35.2621447,35.26624877272727,,3.0028916000000003,41.0,19.0,85.4025,83.1948,77.9432,68.4517,21,False
demo,D11,23,1.721499,30,2063.419129,3.411709,,,3.003905,,35.490463,,,,1.720035,,,,,,,,,,0.052977,0.162182,synthetic,False,2.0,86.07495,13.925049999999999,0.05150000000000432,0.4477950000000007,0.33405454545454527,0.33405454545454527,,,,41.42346500000001,0.0,0.0,20.711732500000004,-0.378393333333331,-0.32858107707509915,35.2995186,35.27599721739131,,3.0035942,41.0,18.0,84.4725,82.88895,77.958,68.10885,22,False
demo,D11,24,1.727228,30,2068.220409,3.416407,,,3.018571,,35.794481,,,,1.731161,,,,,,,,,,0.051796,0.161571,synthetic,False,2.0,86.3614,13.638599999999997,-0.2864500000000021,0.32342999999999905,0.3070760869565215,0.3070760869565215,,,,43.15462600000001,0.0,0.0,21.577313000000004,-0.3391224242424262,-0.3258849347826094,35.336491,35.297600708333334,,3.0054198999999997,41.0,17.0,84.54845,82.85575,77.61065,67.95125,23,False
demo,D11,25,1.713292,30,2053.062957,3.416814,,,3.005202,,35.17274,,,,1.709783,,,,,,,,,,0.052924,0.164469,synthetic,False,2.0,85.66460000000001,14.335399999999993,0.6967999999999961,0.34062999999999877,0.3233145833333329,0.3233145833333329,,,,44.86440900000001,0.0,0.0,22.432204500000005,-0.33364181818181865,-0.3272099230769248,35.3155048,35.29260628,,3.0068956,41.0,16.0,83.81045,83.9421,77.56805,67.75765,24,False
demo,D11,26,1.707125,30,2041.651335,3.420107,,,3.005411,,35.694739,,,,1.706162,,,,,,,,,,0.05453,0.168371,synthetic,False,2.0,85.35625,14.643749999999997,0.30835000000000434,0.3338799999999992,0.3227159999999998,0.3227159999999998,,,,46.57057100000001,0.0,0.0,23.285285500000004,-0.3287484848484826,-0.3303149230769228,35.3252546,35.2985782,,3.0068032000000002,41.0,15.0,83.8347,81.85405,76.91485,67.78285,25,False
demo,D11,27,1.70805,30,2053.487378,3.412546,,,2.995785,,35.423075,,,,1.707156,,,,,,,,,,0.053417,0.166241,synthetic,False,2.0,85.4025,14.597499999999997,-0.04625000000000057,0.28813499999999975,0.2841179999999997,0.30852499999999977,,,,48.277727000000006,0.0,0.0,24.138863500000003,-0.30827545454545385,-0.3359739230769253,35.355460400000005,35.30134404,,3.0045059,41.0,14.0,83.1948,81.40785000000001,76.1387,66.45425,26,False
demo,D11,28,1.68945,30,2029.094598,3.407718,,,3.008391,,35.024471,,,,1.691125,,,,,,,,,,0.052989,0.161706,synthetic,False,2.0,84.4725,15.527500000000003,0.9300000000000068,0.3414749999999998,0.3257499999999999,0.3315425925925926,,,,49.968852000000005,0.0,0.0,24.984426000000003,-0.3300442424242432,-0.34364573076922966,35.3459561,35.28319844,,3.0062325999999997,41.0,13.0,82.88895,81.6739,75.9762,66.37465,27,False
demo,D11,29,1.690969,30,2032.876234,3.407703,,,2.990432,,35.239865,,,,1.692215,,,,,,,,,,0.055346,0.163948,synthetic,False,2.0,84.54845,15.451549999999997,-0.07595000000000596,0.29949000000000014,0.3543020000000001,0.31698928571428553,,,,51.661067,0.0,0.0,25.8305335,-0.329206060606058,-0.3364545384615373,35.319474799999995,35.273788960000005,,3.0035511,41.0,12.0,82.85575,81.0149,75.70265,66.1448,28,False
demo,D11,30,1.676209,30,2008.950684,3.406775,,,3.00109,,35.246569,,,,1.67863,,,,,,,,,,0.054397,0.164836,synthetic,False,2.0,83.81045,16.189549999999997,0.7379999999999995,0.4135949999999994,0.3362559999999996,0.33150689655172394,,,,53.339697,0.0,0.0,26.6698485,-0.3054506060606062,-0.3411536538461555,35.327937500000004,35.28450052,,3.0032957000000002,41.0,11.0,83.9421,80.36385,75.3385,66.0366,29,False
demo,D11,31,1.676694,30,2011.682826,3.418471,,,3.028833,,35.405826,,,,1.677589,,,,,,,,,,0.05405,0.162872,synthetic,False,2.0,83.8347,16.165300000000002,-0.024249999999994998,0.31041999999999914,0.3102680000000004,0.3196483333333333,,,,55.017286,0.0,0.0,27.508643,-0.2974063636363622,-0.3454169615384595,35.344424399999994,35.28625212,,3.0061621,41.0,10.0,81.85405,79.92755,74.9384,64.89049999999999,30,False
demo,D11,32,1.663896,30,1983.626471,3.411015,,,2.974958,,35.609035,,,,1.666097,,,,,,,,,,0.053678,0.160156,synthetic,False,2.0,83.1948,16.8052,0.6398999999999972,0.29316500000000045,0.34073800000000004,0.3299790322580644,,,,56.683383,0.0,0.0,28.3416915,-0.3408024242424274,-0.3484018461538458,35.410126399999996,35.29071784,,3.0032578,41.0,9.0,81.40785000000001,80.0724,74.483,64.73,31,False
demo,D11,33,1.657779,30,1991.579594,3.411672,,,3.002331,,35.975563,,,,1.654802,,,,,,,,,,0.054152,0.161293,synthetic,False,2.0,82.88895,17.111050000000006,0.3058500000000066,0.3186000000000007,0.3292240000000004,0.3292250000000001,,,,58.338184999999996,0.0,0.0,29.169092499999998,-0.3687793939393924,-0.3535943076923064,35.4586364,35.32344344,,3.0031004,41.0,8.0,81.6739,79.4402,74.51015,64.79105,32,False
demo,D11,34,1.657115,30,1989.128037,3.406183,,,3.002716,,35.156541,,,,1.658404,,,,,,,,,,0.054192,0.16716,synthetic,False,2.0,82.85575,17.14425,0.03319999999999368,0.3505650000000003,0.3389359999999999,0.32025454545454535,,,,59.99658899999999,0.0,0.0,29.998294499999997,-0.3408524242424234,-0.3506659999999984,35.394842399999995,35.32720632,,3.0015149,41.0,7.0,81.0149,78.99635,73.38974999999999,64.6425,33,False
demo,D11,35,1.678842,30,2007.959371,3.409849,,,2.997719,,35.360542,,,,1.684242,,,,,,,,,,0.051029,0.1666,synthetic,False,2.0,83.9421,16.057900000000004,-1.086349999999996,0.17225000000000107,0.318288,0.27888382352941177,,,,61.68083099999999,0.0,0.0,30.840415499999995,-0.2576306060606035,-0.3254903461538453,35.4136226,35.32660308,,3.0007666,41.0,6.0,80.36385,78.71894999999999,73.13300000000001,63.36429999999999,34,False
demo,D11,36,1.637081,30,1963.880848,3.407432,,,2.997955,,35.320383,,,,1.631581,,,,,,,,,,0.054024,0.163894,synthetic,False,2.0,81.85405,18.14595,2.0880499999999955,0.3502200000000002,0.346096,0.3305742857142856,,,,63.31241199999999,0.0,0.0,31.656205999999994,-0.28798030303030653,-0.3273965769230741,35.376187,35.3428424,,3.000021,41.0,5.0,79.92755,78.42405,72.74249999999999,63.05165,35,False
demo,D11,37,1.628157,30,1952.277631,3.401496,,,3.000914,,35.240769,,,,1.62975,,,,,,,,,,0.053558,0.165657,synthetic,False,2.0,81.40785000000001,18.59214999999999,0.4461999999999904,0.3994649999999993,0.3339239999999995,0.33378611111111073,,,,64.94216199999998,0.0,0.0,32.47108099999999,-0.29713393939393906,-0.33427088461538546,35.3579564,35.35106036,,3.0005339,41.0,4.0,80.0724,77.9432,72.32300000000001,62.998050000000006,36,False
demo,D11,38,1.633478,30,1970.548803,3.40302,,,2.99748,,35.573645,,,,1.635689,,,,,,,,,,0.053165,0.168253,synthetic,False,2.0,81.6739,18.326099999999997,-0.2660499999999928,0.27985999999999933,0.3551600000000002,0.31757432432432414,,,,66.57785099999998,0.0,0.0,33.28892549999999,-0.30535575757575817,-0.3242982307692305,35.4128738,35.3693372,,2.9994428,41.0,3.0,79.4402,77.958,71.46265000000001,62.3202,37,False
demo,D11,39,1.620298,30,1938.168144,3.399838,,,3.00222,,35.569923,,,,1.625033,,,,,,,,,,0.053602,0.160075,synthetic,False,2.0,81.0149,18.985100000000003,0.659000000000006,0.35335500000000053,0.34323199999999987,0.3265592105263158,,,,68.20288399999998,0.0,0.0,34.10144199999999,-0.3105372727272763,-0.32315065384615366,35.4458796,35.37514384,,3.0006215999999997,41.0,2.0,78.99635,77.61065,72.09689999999999,61.875,38,False
demo,D11,40,1.607277,30,1930.650588,3.39912,,,2.995124,,35.135633,,,,1.609611,,,,,,,,,,0.052371,0.16437,synthetic,False,2.0,80.36385,19.63615,0.6510499999999979,0.34466000000000035,0.3482819999999998,0.3348794871794871,,,,69.81249499999998,0.0,0.0,34.90624749999999,-0.35759969696969646,-0.32666015384615527,35.434785999999995,35.36526508,,3.000025,41.0,1.0,78.71894999999999,77.56805,72.03665000000001,61.7847,39,False
demo,D11,41,1.598551,30,1911.984325,3.400015,,,3.020224,,35.606711,,,,1.598872,,,,,,,,,,0.05221,0.172112,synthetic,False,2.0,79.92755,20.072450000000003,0.4363000000000028,0.39071500000000015,0.35069999999999996,0.337415,,,,71.41136699999998,0.0,0.0,35.70568349999999,-0.38506666666666567,-0.331257807692308,35.4548745,35.36564388,,2.9991641,41.0,0.0,78.42405,76.91485,70.98375,61.7842,40,False
demo,D11,42,1.601448,30,1918.521508,3.396894,,,2.99748,,35.296479,,,,1.602826,,,,,,,,,,0.055232,0.16684,synthetic,False,2.0,80.0724,19.927599999999998,-0.14485000000000525,0.3122399999999999,0.32845799999999997,0.3256524390243901,,,,73.01419299999998,0.0,0.0,36.50709649999999,-0.39993333333333175,-0.33188615384615444,35.423618899999994,35.37266236,,3.0014163,41.0,,77.9432,76.1387,70.1294,60.533950000000004,41,False
demo,D11,43,1.588804,30,1908.148047,3.399744,,,3.005696,,35.619751,,,,1.586468,,,,,,,,,,0.054574,0.16306,synthetic,False,2.0,79.4402,20.559799999999996,0.6321999999999974,0.344874999999999,0.3378819999999996,0.3329511904761903,,,,74.60066099999997,0.0,0.0,37.30033049999999,-0.43182636363636445,-0.33599969230769194,35.3880377,35.39267184,,3.0017527999999998,41.0,,77.958,75.9762,70.3647,60.9831,42,False
demo,D11,44,1.579927,30,1894.710149,3.398629,,,2.99331,,35.947484,,,,1.578701,,,,,,,,,,0.051788,0.167155,synthetic,False,2.0,78.99635,21.003649999999993,0.44384999999999764,0.3859399999999994,0.3418799999999999,0.3355302325581393,,,,76.17936199999997,0.0,0.0,38.089680999999985,-0.44833969696969445,-0.3411515769230776,35.46713200000001,35.41038408,,3.0008122,41.0,,77.61065,75.70265,69.5647,59.967400000000005,43,False
demo,D11,45,1.574379,30,1889.220762,3.39608,,,3.009331,,35.754199,,,,1.570173,,,,,,,,,,0.05368,0.170089,synthetic,False,2.0,78.71894999999999,21.281050000000008,0.2774000000000143,0.5223150000000004,0.3690980000000002,0.334209090909091,,,,77.74953499999997,0.0,0.0,38.87476749999998,-0.36078000000000143,-0.3382589615384606,35.5064977,35.43407436,,3.0019734,41.0,,77.56805,75.3385,69.0807,59.8492,44,False
demo,D11,46,1.568481,30,1884.055871,3.39275,,,3.007335,,35.691658,,,,1.573146,,,,,,,,,,0.055196,0.159621,synthetic,False,2.0,78.42405,21.575950000000006,0.2948999999999984,0.3430000000000007,0.34059399999999984,0.3333355555555556,,,,79.32268099999996,0.0,0.0,39.66134049999998,-0.3651981818181811,-0.3410654615384614,35.5436252,35.4521024,,3.0029114,41.0,,76.91485,74.9384,69.10035,59.82775,45,False
demo,D11,47,1.558864,30,1867.865731,3.395278,,,3.004193,,35.529513,,,,1.560267,,,,,,,,,,0.054131,0.168174,synthetic,False,2.0,77.9432,22.056799999999996,0.48084999999998956,0.3464650000000006,0.32733000000000007,0.33654239130434765,,,,80.88294799999996,0.0,0.0,40.44147399999998,-0.3840154545454578,-0.34988519230769183,35.5724996,35.47520232,,3.0032392999999997,41.0,,76.1387,74.483,68.4517,59.052499999999995,46,False
demo,D11,48,1.55916,30,1875.954592,3.392875,,,2.989727,,35.677977,,,,1.556303,,,,,,,,,,0.055653,0.166516,synthetic,False,2.0,77.958,22.042,-0.014799999999993929,0.3715900000000005,0.32467800000000013,0.3290670212765957,,,,82.43925099999996,0.0,0.0,41.21962549999998,-0.342293030303026,-0.35278850000000117,35.582932799999995,35.48270288,,3.002464,41.0,,75.9762,74.51015,68.10885,58.4695,47,False
demo,D11,49,1.552213,30,1860.948169,3.394213,,,2.992476,,35.812495,,,,1.553055,,,,,,,,,,0.055528,0.162985,synthetic,False,2.0,77.61065,22.389349999999993,0.3473499999999916,0.34042499999999903,0.35002999999999984,0.32944791666666645,,,,83.99230599999996,0.0,0.0,41.99615299999998,-0.3184090909090916,-0.34978980769230933,35.60719,35.483423439999996,,3.0014896,41.0,,75.70265,73.38974999999999,67.95125,58.377449999999996,48,False
demo,D11,50,1.551361,30,1861.088238,3.398313,,,3.016862,,35.789,,,,1.554958,,,,,,,,,,0.05313,0.168191,synthetic,False,2.0,77.56805,22.43195,0.0426000000000073,0.27958,0.3238620000000003,0.32359387755102037,,,,85.54726399999996,0.0,0.0,42.77363199999998,-0.29898848484848806,-0.34742100000000087,35.672526700000006,35.508073839999994,,3.0036633999999998,41.0,,75.3385,73.13300000000001,67.75765,57.71275,49,False
demo,D11,51,1.538297,30,1847.957659,3.387275,,,2.992365,,35.667749,,,,1.541352,,,,,,,,,,0.054474,0.168059,synthetic,False,2.0,76.91485,23.08515,0.6531999999999982,0.30126999999999954,0.33765600000000007,0.3301859999999999,,,,87.08861599999996,0.0,0.0,43.54430799999998,-0.31039515151515285,-0.34793711538461664,35.678630500000004,35.50699424,,3.0008775,41.0,,74.9384,72.74249999999999,67.78285,57.523199999999996,50,False
demo,D11,52,1.522774,30,1828.572947,3.399041,,,3.006409,,35.770183,,,,1.519949,,,,,,,,,,0.054324,0.169017,synthetic,False,2.0,76.1387,23.8613,0.7761500000000012,0.39337000000000016,0.37055200000000016,0.32733499999999993,,,,88.60856499999996,0.0,0.0,44.30428249999998,-0.3179630303030331,-0.3486618076923082,35.726000899999995,35.52087856,,3.0017704,41.0,,74.483,72.32300000000001,66.45425,56.90690000000001,51,False
demo,D11,53,1.519524,30,1826.952722,3.38965,,,2.990553,,35.391574,,,,1.51,,,,,,,,,,0.053416,0.168174,synthetic,False,2.0,75.9762,24.023799999999994,0.16249999999999432,0.3463999999999999,0.33985199999999965,0.33280099999999974,,,,90.11856499999996,0.0,0.0,45.05928249999998,-0.32886000000000154,-0.35306049999999967,35.7031832,35.53556268,,3.0002561,41.0,,74.51015,71.46265000000001,66.37465,56.82755,52,False
demo,D11,54,1.514053,30,1818.591268,3.390904,,,3.010084,,35.545336,,,,1.51525,,,,,,,,,,0.053405,0.166374,synthetic,False,2.0,75.70265,24.297349999999994,0.2735500000000002,0.3293700000000001,0.35383199999999987,0.354067,,,,91.63381499999996,0.0,0.0,45.81690749999998,-0.3422800000000016,-0.3526891538461538,35.6629684,35.54778152,,3.0019335000000003,41.0,,73.38974999999999,72.09689999999999,66.1448,55.7513,53,False
demo,D11,55,1.50677,30,1810.668703,3.385335,,,2.993136,,35.916734,,,,1.504098,,,,,,,,,,0.054126,0.165365,synthetic,False,2.0,75.3385,24.661500000000004,0.3641500000000093,0.3380449999999996,0.3388780000000003,0.33756699999999995,,,,93.13791299999995,0.0,0.0,46.56895649999998,-0.3541324242424243,-0.3562547307692306,35.6792219,35.57458812,,3.0003140000000004,41.0,,73.13300000000001,72.03665000000001,66.0366,55.46529999999999,54,False
demo,D11,56,1.498768,30,1796.76566,3.391915,,,2.990368,,35.962357,,,,1.500633,,,,,,,,,,0.054371,0.167977,synthetic,False,2.0,74.9384,25.0616,0.4000999999999948,0.34856499999999924,0.35585199999999984,0.33306000000000013,,,,94.63854599999995,0.0,0.0,47.319272999999974,-0.36649333333333417,-0.35675415384615383,35.706291799999995,35.59684936,,2.9986173000000003,41.0,,72.74249999999999,70.98375,64.89049999999999,54.94584999999999,55,False
demo,D11,57,1.48966,30,1781.860461,3.385705,,,2.992877,,35.78891,,,,1.492491,,,,,,,,,,0.055387,0.172991,synthetic,False,2.0,74.483,25.516999999999996,0.45539999999999736,0.34602000000000005,0.3484719999999999,0.34460499999999994,,,,96.13103699999995,0.0,0.0,48.065518499999975,-0.39350060606060405,-0.36101296153846046,35.7322315,35.604044359999996,,2.9974857,41.0,,72.32300000000001,70.1294,64.73,54.95025,56,False
demo,D11,58,1.490203,30,1780.584315,3.384699,,,2.994462,,36.134437,,,,1.493522,,,,,,,,,,0.056142,0.171091,synthetic,False,2.0,74.51015,25.489850000000004,-0.027149999999991792,0.34478500000000023,0.33515199999999995,0.33218800000000015,,,,97.62455899999995,0.0,0.0,48.812279499999974,-0.3760984848484866,-0.3613782692307699,35.7778775,35.61039932,,2.9979592,41.0,,71.46265000000001,70.3647,64.79105,54.106350000000006,57,False
demo,D11,59,1.467795,30,1752.52544,3.381172,,,3.004047,,35.925313,,,,1.472916,,,,,,,,,,0.055836,0.171081,synthetic,False,2.0,73.38974999999999,26.610250000000008,1.1204000000000036,0.42209000000000146,0.3786400000000003,0.3587880000000001,,,,99.09747499999995,0.0,0.0,49.54873749999997,-0.4011736363636394,-0.36597250000000037,35.7891593,35.6411502,,2.9991163,41.0,,72.09689999999999,69.5647,64.6425,53.955149999999996,58,False
demo,D11,60,1.46266,30,1764.474264,3.381759,,,3.000694,,35.747728,,,,1.466277,,,,,,,,,,0.056124,0.168374,synthetic,False,2.0,73.13300000000001,26.86699999999999,0.2567499999999825,0.443504999999999,0.43236399999999947,0.3753259999999997,,,,100.56375199999995,0.0,0.0,50.281875999999976,-0.39193090909090755,-0.35479169230769136,35.7850321,35.65663764,,2.9974995,41.0,,72.03665000000001,69.0807,63.36429999999999,53.95435,59,False
demo,D11,61,1.45485,30,1734.230303,3.38353,,,2.989048,,35.512787,,,,1.45994,,,,,,,,,,0.055185,0.170684,synthetic,False,2.0,72.74249999999999,27.257500000000007,0.39050000000001717,0.41723500000000086,0.36446200000000034,0.3552790000000002,,,,102.02369199999995,0.0,0.0,51.01184599999998,-0.393776666666667,-0.3597813076923095,35.7695359,35.6643338,,2.9971678,41.0,,70.98375,69.10035,63.05165,53.799850000000006,60,False
demo,D11,62,1.44646,30,1741.967456,3.381499,,,2.999721,,36.189994,,,,1.450449,,,,,,,,,,0.056138,0.174353,synthetic,False,2.0,72.32300000000001,27.676999999999992,0.4194999999999851,0.38156999999999924,0.3633940000000001,0.34865899999999983,,,,103.47414099999996,0.0,0.0,51.73707049999998,-0.41967363636363336,-0.36609634615384695,35.811517,35.702302800000005,,2.996499,41.0,,70.1294,68.4517,62.998050000000006,52.654500000000006,61,False
demo,D11,63,1.429253,30,1710.879689,3.378497,,,2.988565,,36.0487,,,,1.433444,,,,,,,,,,0.055559,0.174344,synthetic,False,2.0,71.46265000000001,28.53734999999999,0.8603499999999968,0.4513549999999995,0.4084499999999997,0.38180499999999995,,,,104.90758499999995,0.0,0.0,52.45379249999998,-0.4570812121212102,-0.37070423076923087,35.8772296,35.721305,,2.9963002000000003,41.0,,70.3647,68.10885,62.3202,52.16094999999999,62,False
demo,D11,64,1.441938,30,1736.484873,3.377397,,,3.006436,,36.28667,,,,1.441821,,,,,,,,,,0.055139,0.170891,synthetic,False,2.0,72.09689999999999,27.90310000000001,-0.6342499999999802,0.3605750000000015,0.35672000000000026,0.34997600000000006,,,,106.34940599999996,0.0,0.0,53.17470299999998,-0.42342030303030215,-0.3681926923076923,35.951363,35.749974879999996,,2.9959353999999996,41.0,,69.5647,67.95125,61.875,52.2161,63,False
demo,D11,65,1.440733,30,1717.455992,3.377015,,,3.008269,,36.380612,,,,1.437018,,,,,,,,,,0.05749,0.164536,synthetic,False,2.0,72.03665000000001,27.96334999999999,0.06024999999998215,0.33018499999999873,0.3330879999999996,0.34068499999999974,,,,107.78642399999995,0.0,0.0,53.89321199999998,-0.3736163636363616,-0.3658878076923077,35.997750800000006,35.799774039999996,,2.9974487,41.0,,69.0807,67.75765,61.7847,52.2417,64,False
demo,D11,66,1.419675,30,1702.408643,3.375616,,,2.999761,,35.548752,,,,1.426723,,,,,,,,,,0.053473,0.171188,synthetic,False,2.0,70.98375,29.01625,1.0529000000000082,0.39546500000000007,0.35775199999999985,0.3542259999999999,,,,109.21314699999995,0.0,0.0,54.606573499999975,-0.36789424242424074,-0.371259461538462,35.9563903,35.79745568,,2.998388,41.0,,69.10035,67.78285,61.7842,51.29435,65,False
demo,D11,67,1.402588,30,1690.447981,3.377165,,,3.002717,,35.575034,,,,1.402765,,,,,,,,,,0.054101,0.172448,synthetic,False,2.0,70.1294,29.870599999999996,0.8543499999999966,0.43536,0.3977199999999999,0.36308899999999994,,,,110.61591199999995,0.0,0.0,55.307955999999976,-0.3911978787878811,-0.376189076923077,35.9350027,35.80859788,,2.999372,41.0,,68.4517,66.45425,60.533950000000004,50.91055,66,False
demo,D11,68,1.407294,30,1692.366061,3.378561,,,3.017521,,35.173259,,,,1.410752,,,,,,,,,,0.05631,0.170987,synthetic,False,2.0,70.3647,29.6353,-0.23529999999999518,0.41454499999999966,0.36302000000000023,0.3504509999999999,,,,112.02666399999995,0.0,0.0,56.01333199999998,-0.34708606060605957,-0.37762023076923146,35.8388849,35.7907382,,3.0016779,41.0,,68.10885,66.37465,60.9831,50.90175,67,False
demo,D11,69,1.391294,30,1667.863652,3.3771,,,2.998424,,36.142649,,,,1.389763,,,,,,,,,,0.055822,0.173109,synthetic,False,2.0,69.5647,30.435299999999998,0.7999999999999972,0.38250499999999904,0.3772660000000002,0.35957300000000003,,,,113.41642699999996,0.0,0.0,56.70821349999998,-0.3710560606060617,-0.3838933461538463,35.8606185,35.7985448,,3.0011156,41.0,,67.95125,66.1448,59.967400000000005,50.36985000000001,68,False
demo,D11,70,1.381614,30,1648.273149,3.372696,,,2.990557,,36.091699,,,,1.384278,,,,,,,,,,0.054747,0.177185,synthetic,False,2.0,69.0807,30.919300000000007,0.48400000000000887,0.40523000000000164,0.38553,0.3773140000000001,,,,114.80070499999995,0.0,0.0,57.400352499999975,-0.3921784848484821,-0.39015303846153726,35.8950156,35.812044799999995,,3.0001018999999998,41.0,,67.75765,66.0366,59.8492,49.8253,69,False
demo,D11,71,1.382007,30,1651.828261,3.374285,,,3.005792,,35.951435,,,,1.375249,,,,,,,,,,0.055125,0.174608,synthetic,False,2.0,69.10035,30.899649999999994,-0.019650000000012824,0.3642149999999987,0.3729479999999995,0.35677099999999967,,,,116.17595399999995,0.0,0.0,58.087976999999974,-0.3891436363636363,-0.39176630769230736,35.9388804,35.82243588,,3.0017763,41.0,,67.78285,64.89049999999999,59.82775,49.1137,70,False
demo,D11,72,1.369034,30,1649.686745,3.370455,,,2.988673,,35.639916,,,,1.36791,,,,,,,,,,0.055385,0.178208,synthetic,False,2.0,68.4517,31.548299999999998,0.6486500000000035,0.38713000000000053,0.3796600000000001,0.35349500000000006,,,,117.54386399999994,0.0,0.0,58.77193199999997,-0.40530909090908823,-0.3970035384615387,35.8838726,35.826852,,3.0006715,41.0,,66.45425,64.73,59.052499999999995,49.015350000000005,71,False
demo,D11,73,1.362177,30,1632.905279,3.363303,,,2.997894,,35.934475,,,,1.361909,,,,,,,,,,0.057271,0.170988,synthetic,False,2.0,68.10885,31.891149999999996,0.34284999999999854,0.3353800000000007,0.39396599999999976,0.3593219999999999,,,,118.90577299999994,0.0,0.0,59.45288649999997,-0.4506072727272681,-0.39795638461538524,35.8724501,35.837111920000005,,3.0016043999999997,41.0,,66.37465,64.79105,58.4695,48.05995,72,False
demo,D11,74,1.359025,30,1630.478275,3.369014,,,2.99401,,36.007639,,,,1.360282,,,,,,,,,,0.057622,0.174724,synthetic,False,2.0,67.95125,32.04875,0.15760000000000218,0.4145649999999989,0.3863760000000002,0.36820300000000006,,,,120.26605499999994,0.0,0.0,60.13302749999997,-0.4215663636363656,-0.39626123076923153,35.844547,35.84491768,,3.0003618,41.0,,66.1448,64.6425,58.377449999999996,47.870200000000004,73,False
demo,D11,75,1.355153,30,1627.566368,3.367893,,,2.992982,,36.162953,,,,1.358058,,,,,,,,,,0.058088,0.169977,synthetic,False,2.0,67.75765,32.24235,0.19360000000000355,0.42790000000000106,0.39241600000000004,0.3581390000000002,,,,121.62411299999994,0.0,0.0,60.81205649999997,-0.35685181818181405,-0.3893488461538464,35.8227811,35.8598758,,2.9988330999999997,41.0,,66.0366,63.36429999999999,57.71275,48.075250000000004,74,False
demo,D11,76,1.355657,30,1620.429533,3.365301,,,2.997499,,36.034762,,,,1.35269,,,,,,,,,,0.054854,0.174494,synthetic,False,2.0,67.78285,32.217150000000004,-0.025199999999998113,0.32009000000000043,0.3652800000000002,0.3514680000000001,,,,122.97680299999993,0.0,0.0,61.488401499999966,-0.3090893939393932,-0.3811893846153833,35.8713821,35.874556319999996,,2.9986069,41.0,,64.89049999999999,63.05165,57.523199999999996,47.62435,75,False
demo,D11,77,1.329085,30,1596.850212,3.363866,,,3.008999,,36.172324,,,,1.330839,,,,,,,,,,0.055342,0.1737,synthetic,False,2.0,66.45425,33.54575,1.3285999999999945,0.3675150000000002,0.38737799999999994,0.37896500000000005,,,,124.30764199999993,0.0,0.0,62.153820999999965,-0.3519539393939368,-0.386030807692308,35.931111099999995,35.890641959999996,,2.9992351,41.0,,64.73,62.998050000000006,56.90690000000001,46.95245,76,False
demo,D11,78,1.327493,30,1590.986338,3.366477,,,3.011057,,35.977728,,,,1.33075,,,,,,,,,,0.055289,0.180744,synthetic,False,2.0,66.37465,33.62535,0.07959999999999923,0.39900499999999967,0.3840620000000001,0.36195699999999986,,,,125.63839199999993,0.0,0.0,62.81919599999996,-0.33892636363636475,-0.3857824230769234,36.011558,35.91408812,,2.9985887,41.0,,64.79105,62.3202,56.82755,45.82925,77,False
demo,D11,79,1.322896,30,1588.873346,3.360829,,,3.009262,,36.311027,,,,1.329102,,,,,,,,,,0.05806,0.178313,synthetic,False,2.0,66.1448,33.855199999999996,0.229849999999999,0.34198999999999985,0.3823140000000001,0.368073,,,,126.96749399999993,0.0,0.0,63.483746999999966,-0.3434051515151513,-0.3830054230769236,36.0283958,35.94471576,,2.9996725,41.0,,64.6425,61.875,55.7513,45.631949999999996,78,False
demo,D11,80,1.320732,30,1582.129723,3.362248,,,3.003364,,36.176835,,,,1.322598,,,,,,,,,,0.05721,0.180215,synthetic,False,2.0,66.0366,33.96339999999999,0.10819999999999652,0.3044099999999986,0.3720759999999996,0.35547699999999993,,,,128.29009199999993,0.0,0.0,64.14504599999997,-0.34459909090909496,-0.3775165000000004,36.0369094,35.9551198,,3.0009532,41.0,,63.36429999999999,61.7847,55.46529999999999,45.37635,79,False
demo,D11,81,1.29781,30,1550.022247,3.368418,,,2.997423,,35.756552,,,,1.296617,,,,,,,,,,0.057102,0.1768,synthetic,False,2.0,64.89049999999999,35.10950000000001,1.1461000000000183,0.4209850000000017,0.4019160000000005,0.37888400000000017,,,,129.58670899999993,0.0,0.0,64.79335449999996,-0.37009939393939384,-0.37945265384615456,36.0174211,35.9468876,,3.0001163,41.0,,63.05165,61.7842,54.94584999999999,45.1139,80,False
demo,D11,82,1.2946,30,1551.528775,3.355414,,,2.976422,,36.405404,,,,1.291308,,,,,,,,,,0.057284,0.175157,synthetic,False,2.0,64.73,35.269999999999996,0.16049999999998477,0.37216999999999983,0.39012,0.36929599999999996,,,,130.87801699999991,0.0,0.0,65.43900849999996,-0.39656909090909037,-0.37969519230769283,36.093969900000005,35.97154736,,2.9988912,41.0,,62.998050000000006,60.533950000000004,54.95025,44.375,81,False
demo,D11,83,1.295821,30,1557.974227,3.361245,,,3.003677,,36.362662,,,,1.300561,,,,,,,,,,0.056985,0.175012,synthetic,False,2.0,64.79105,35.20895,-0.0610499999999945,0.3317800000000005,0.3887639999999999,0.3619579999999999,,,,132.1785779999999,0.0,0.0,66.08928899999995,-0.39745393939393525,-0.37160038461538497,36.1367886,35.980676360000004,,2.9994695,41.0,,62.3202,60.9831,54.106350000000006,44.2604,82,False
demo,D11,84,1.29285,30,1553.254302,3.356941,,,2.977207,,36.177093,,,,1.294757,,,,,,,,,,0.05595,0.179082,synthetic,False,2.0,64.6425,35.3575,0.14855000000000018,0.33087500000000036,0.34988999999999976,0.36426500000000006,,,,133.4733349999999,0.0,0.0,66.73666749999995,-0.37673242424242187,-0.36860457692307774,36.153734,35.99074756,,2.9977892,41.0,,61.875,59.967400000000005,53.955149999999996,44.448100000000004,83,False
demo,D11,85,1.267286,30,1520.884634,3.355404,,,2.980766,,36.16925,,,,1.267231,,,,,,,,,,0.05784,0.184739,synthetic,False,2.0,63.36429999999999,36.63570000000001,1.2782000000000053,0.43933500000000053,0.39074800000000065,0.4115560000000001,,,,134.74056599999992,0.0,0.0,67.37028299999996,-0.3985315151515105,-0.37324638461538445,36.1543637,36.007608440000006,,2.9965675999999997,41.0,,61.7847,59.8492,53.95435,43.6212,84,False
demo,D11,86,1.261033,30,1517.316681,3.356838,,,2.998383,,36.523104,,,,1.256948,,,,,,,,,,0.057204,0.180796,synthetic,False,2.0,63.05165,36.94835,0.31264999999999077,0.47311999999999943,0.3876339999999996,0.376048,,,,135.9975139999999,0.0,0.0,67.99875699999996,-0.3824515151515118,-0.3771648076923093,36.2031979,36.04802112,,2.9966559999999998,41.0,,61.7842,59.82775,53.799850000000006,43.14915,85,False
demo,D11,87,1.259961,30,1511.029723,3.353545,,,3.002646,,35.70173,,,,1.257614,,,,,,,,,,0.0562,0.178477,synthetic,False,2.0,62.998050000000006,37.001949999999994,0.05359999999999587,0.34561999999999954,0.37299800000000005,0.3681960000000001,,,,137.2551279999999,0.0,0.0,68.62756399999995,-0.4005206060606085,-0.3783184999999989,36.1561385,36.02849056,,2.9960207,41.0,,60.533950000000004,59.052499999999995,52.654500000000006,42.3602,86,False
demo,D11,88,1.246404,30,1495.93784,3.358096,,,2.995489,,36.440699,,,,1.247978,,,,,,,,,,0.05811,0.179578,synthetic,False,2.0,62.3202,37.6798,0.6778500000000065,0.4054450000000003,0.3656980000000004,0.3870740000000001,,,,138.5031059999999,0.0,0.0,69.25155299999994,-0.4189766666666654,-0.3871597307692304,36.202435599999994,36.04417052,,2.9944639000000004,41.0,,60.9831,58.4695,52.16094999999999,41.75525,87,False
demo,D11,89,1.2375,30,1482.862481,3.360092,,,3.015355,,36.024699,,,,1.238376,,,,,,,,,,0.057199,0.180406,synthetic,False,2.0,61.875,38.125,0.4451999999999998,0.42698000000000036,0.40887599999999963,0.38279799999999997,,,,139.74148199999988,0.0,0.0,69.87074099999994,-0.42789484848485043,-0.38673534615384597,36.1738028,36.03369168,,2.9950731999999998,41.0,,59.967400000000005,58.377449999999996,52.2161,41.4594,88,False
demo,D11,90,1.235694,30,1487.088737,3.357829,,,3.004621,,36.420253,,,,1.230884,,,,,,,,,,0.057871,0.186652,synthetic,False,2.0,61.7847,38.2153,0.09029999999999916,0.4251900000000006,0.41007800000000033,0.371583,,,,140.97236599999988,0.0,0.0,70.48618299999994,-0.3971966666666632,-0.37988400000000005,36.1981446,36.03527732,,2.9951989,41.0,,59.8492,57.71275,52.2417,40.90445,89,False
demo,D11,91,1.235684,30,1484.117973,3.358559,,,2.997506,,36.176568,,,,1.237248,,,,,,,,,,0.057518,0.184273,synthetic,False,2.0,61.7842,38.2158,0.0005000000000023874,0.310629999999999,0.3679820000000001,0.36286699999999994,,,,142.20961399999987,0.0,0.0,71.10480699999994,-0.39139424242424137,-0.37568015384615516,36.2401462,36.060389959999995,,2.9952072000000003,41.0,,59.82775,57.523199999999996,51.29435,41.010600000000004,90,False
demo,D11,92,1.210679,30,1450.387402,3.345816,,,3.013863,,35.87325,,,,1.206881,,,,,,,,,,0.058785,0.182353,synthetic,False,2.0,60.533950000000004,39.466049999999996,1.250249999999994,0.41960499999999995,0.383818,0.3907689999999999,,,,143.41649499999988,0.0,0.0,71.70824749999994,-0.4268351515151529,-0.384484,36.1869308,36.072318599999996,,2.9989513000000003,41.0,,59.052499999999995,56.90690000000001,50.91055,40.6826,91,False
demo,D11,93,1.219662,30,1457.056629,3.351485,,,3.015651,,36.046377,,,,1.222965,,,,,,,,,,0.058024,0.181543,synthetic,False,2.0,60.9831,39.0169,-0.44914999999999594,0.38079499999999983,0.37526399999999993,0.3691420000000001,,,,144.63945999999987,0.0,0.0,72.31972999999994,-0.382845757575755,-0.37940773076923046,36.1553023,36.107243319999995,,3.0001487,41.0,,58.4695,56.82755,50.90175,39.8566,92,False
demo,D11,94,1.199348,30,1443.988301,3.351788,,,3.005126,,36.45641,,,,1.199848,,,,,,,,,,0.057123,0.182924,synthetic,False,2.0,59.967400000000005,40.032599999999995,1.0156999999999954,0.4675099999999993,0.3838919999999999,0.38057900000000006,,,,145.83930799999987,0.0,0.0,72.91965399999994,-0.3580045454545497,-0.3844905384615382,36.183234,36.11979376,,3.0029406,41.0,,58.377449999999996,55.7513,50.36985000000001,39.7688,93,False
demo,D11,95,1.196984,30,1433.174122,3.353108,,,2.992247,,36.151973,,,,1.195874,,,,,,,,,,0.058352,0.183603,synthetic,False,2.0,59.8492,40.1508,0.11820000000000164,0.351509999999999,0.3692599999999996,0.37739499999999976,,,,147.03518199999988,0.0,0.0,73.51759099999994,-0.36815606060606,-0.3881218846153843,36.1815063,36.12220472,,3.0040887,41.0,,57.71275,55.46529999999999,49.8253,39.742850000000004,94,False
demo,D11,96,1.196555,30,1436.175926,3.356583,,,2.994497,,36.049797,,,,1.198924,,,,,,,,,,0.058389,0.180898,synthetic,False,2.0,59.82775,40.17225,0.021450000000001523,0.32239000000000007,0.3709040000000002,0.37192599999999987,,,,148.23410599999988,0.0,0.0,74.11705299999994,-0.3577136363636375,-0.38465357692307706,36.134175600000006,36.1261392,,3.0037001,41.0,,57.523199999999996,54.94584999999999,49.1137,40.5728,95,False
demo,D11,97,1.18105,30,1427.26294,3.351907,,,2.985533,,36.071382,,,,1.181885,,,,,,,,,,0.058701,0.180226,synthetic,False,2.0,59.052499999999995,40.947500000000005,0.7752500000000069,0.39455500000000115,0.3759680000000003,0.3778140000000002,,,,149.41599099999988,0.0,0.0,74.70799549999994,-0.35405333333333466,-0.3876951538461545,36.1711408,36.14339784,,3.0019888,41.0,,56.90690000000001,54.95025,49.015350000000005,38.687149999999995,96,False
demo,D11,98,1.16939,30,1406.642495,3.34976,,,2.999576,,36.406476,,,,1.172489,,,,,,,,,,0.059342,0.186321,synthetic,False,2.0,58.4695,41.5305,0.5829999999999984,0.38507000000000036,0.3855740000000003,0.38977000000000006,,,,150.5884799999999,0.0,0.0,75.29423999999995,-0.37955818181818,-0.3923166153846149,36.1677185,36.162277880000005,,3.0023975,41.0,,56.82755,54.106350000000006,48.05995,37.9797,97,False
demo,D11,99,1.167549,30,1407.831311,3.356478,,,2.9895,,36.686335,,,,1.167737,,,,,,,,,,0.057709,0.183364,synthetic,False,2.0,58.377449999999996,41.622550000000004,0.09205000000000041,0.34975500000000037,0.38295200000000024,0.38466400000000023,,,,151.75621699999988,0.0,0.0,75.87810849999994,-0.39308878787878776,-0.3919488846153858,36.2338821,36.18942572,,2.999812,41.0,,55.7513,53.955149999999996,47.870200000000004,37.82915,98,False
demo,D11,100,1.154255,30,1382.869837,3.344667,,,2.996709,,35.733397,,,,1.154575,,,,,,,,,,0.059125,0.186676,synthetic,False,2.0,57.71275,42.28725,0.6646999999999963,0.4071950000000001,0.40179599999999993,0.397106,,,,152.91079199999987,0.0,0.0,76.45539599999994,-0.40650121212121026,-0.39228838461538457,36.1651965,36.17224348,,2.9990208,41.0,,55.46529999999999,53.95435,48.075250000000004,37.58835,99,False
demo,D11,101,1.150464,30,1384.992276,3.342652,,,3.002606,,36.974475,,,,1.149808,,,,,,,,,,0.056771,0.18892,synthetic,False,2.0,57.523199999999996,42.476800000000004,0.1895500000000041,0.42610000000000026,0.41038600000000003,0.3878330000000001,,,,154.06059999999988,0.0,0.0,77.03029999999994,-0.38092909090909255,-0.3863987307692306,36.2449872,36.209832,,2.9995307999999996,41.0,,54.94584999999999,53.799850000000006,47.62435,,100,False
demo,D11,102,1.138138,30,1365.874719,3.342977,,,2.980163,,36.34373,,,,1.138736,,,,,,,,,,0.058499,0.186036,synthetic,False,2.0,56.90690000000001,43.09309999999999,0.6162999999999883,0.3627049999999997,0.3818939999999998,0.38463599999999987,,,,155.19933599999987,0.0,0.0,77.59966799999994,-0.42067484848484793,-0.39159196153846176,36.2920352,36.21668824,,2.9961608,41.0,,54.95025,52.654500000000006,46.95245,,101,False
demo,D11,103,1.136551,30,1365.359346,3.338409,,,2.987363,,36.440229,,,,1.140411,,,,,,,,,,0.05836,0.185614,synthetic,False,2.0,56.82755,43.17245,0.07935000000000514,0.4155549999999998,0.381884,0.38297300000000006,,,,156.33974699999987,0.0,0.0,78.16987349999994,-0.3908412121212146,-0.3909695384615384,36.3314204,36.235188279999996,,2.993332,41.0,,54.106350000000006,52.16094999999999,45.82925,,102,False
demo,D11,104,1.115026,30,1346.143248,3.339649,,,2.994932,,36.218395,,,,1.113905,,,,,,,,,,0.060298,0.195,synthetic,False,2.0,55.7513,44.2487,1.0762500000000017,0.42161000000000043,0.4157400000000001,0.3990270000000001,,,,157.45365199999986,0.0,0.0,78.72682599999993,-0.43705515151515034,-0.39523630769230716,36.3076189,36.231483,,2.9923126,41.0,,53.955149999999996,52.2161,45.631949999999996,,103,False
demo,D11,105,1.109306,30,1330.054298,3.331756,,,2.999475,,36.335162,,,,1.110743,,,,,,,,,,0.058751,0.186249,synthetic,False,2.0,55.46529999999999,44.53470000000001,0.28600000000000847,0.4383900000000011,0.4228520000000006,0.3974640000000001,,,,158.56439499999988,0.0,0.0,79.28219749999994,-0.45564484848484915,-0.3952300769230767,36.3259378,36.23781608,,2.9930354,41.0,,53.95435,52.2417,45.37635,,104,False
demo,D11,106,1.098917,30,1318.777056,3.335247,,,2.995061,,36.399752,,,,1.096982,,,,,,,,,,0.059619,0.182772,synthetic,False,2.0,54.94584999999999,45.05415000000001,0.5194499999999991,0.4881900000000009,0.3977859999999998,0.3998510000000002,,,,159.66137699999987,0.0,0.0,79.83068849999994,-0.4508600000000003,-0.40334800000000076,36.3609333,36.263544079999996,,2.9930918,41.0,,53.799850000000006,51.29435,45.1139,,105,False
demo,D11,107,1.099005,30,1315.232344,3.336914,,,2.997295,,36.089219,,,,1.094462,,,,,,,,,,0.057248,0.185196,synthetic,False,2.0,54.95025,45.04975,-0.004400000000003956,0.4102249999999998,0.39119000000000026,0.39065500000000014,,,,160.75583899999987,0.0,0.0,80.37791949999993,-0.43834393939394056,-0.4053805769230771,36.362716999999996,36.250896680000004,,2.9942680000000004,41.0,,52.654500000000006,50.91055,44.375,,106,False
demo,D11,108,1.082127,30,1302.013844,3.339064,,,2.992938,,36.175389,,,,1.082576,,,,,,,,,,0.058827,0.19137,synthetic,False,2.0,54.106350000000006,45.893649999999994,0.8438999999999908,0.436314999999999,0.4273879999999997,0.4080759999999998,,,,161.83841499999986,0.0,0.0,80.91920749999993,-0.46100121212120726,-0.4070696153846146,36.339608299999995,36.24340576,,2.9936042,41.0,,52.16094999999999,50.90175,44.2604,,107,False
demo,D11,109,1.079103,30,1292.745765,3.339332,,,2.985506,,36.677487,,,,1.079902,,,,,,,,,,0.058363,0.182953,synthetic,False,2.0,53.955149999999996,46.044850000000004,0.15120000000001,0.44223,0.4274940000000001,0.3886919999999999,,,,162.91831699999986,0.0,0.0,81.45915849999993,-0.44515575757575276,-0.40342084615384777,36.3387235,36.263421519999994,,2.9932048,41.0,,52.2161,50.36985000000001,44.448100000000004,,108,False
demo,D11,110,1.079087,30,1298.876942,3.331031,,,2.994652,,35.993283,,,,1.078849,,,,,,,,,,0.061685,0.184579,synthetic,False,2.0,53.95435,46.04565,0.0007999999999981355,0.3758400000000002,0.3763979999999998,0.3835730000000002,,,,163.99716599999985,0.0,0.0,81.99858299999993,-0.42006363636363336,-0.4043404230769229,36.3647121,36.25638283999999,,2.9929991,41.0,,52.2417,49.8253,43.6212,,109,False
demo,D11,111,1.075997,30,1284.805477,3.342804,,,2.997868,,36.496264,,,,1.072778,,,,,,,,,,0.058573,0.190279,synthetic,False,2.0,53.799850000000006,46.200149999999994,0.15449999999999164,0.3723349999999989,0.37007199999999985,0.3788529999999997,,,,165.06994399999985,0.0,0.0,82.53497199999993,-0.3704790909090913,-0.4025742307692308,36.316891,36.255309239999995,,2.9925253,41.0,,51.29435,49.1137,43.14915,,110,False
demo,D11,112,1.05309,30,1265.788544,3.33223,,,2.996896,,36.327735,,,,1.053731,,,,,,,,,,0.059542,0.187062,synthetic,False,2.0,52.654500000000006,47.345499999999994,1.1453500000000005,0.4252400000000002,0.413742,0.39337000000000005,,,,166.12367499999985,0.0,0.0,83.06183749999992,-0.37932333333333257,-0.40479973076923115,36.3152915,36.280349439999995,,2.9941986,41.0,,50.91055,49.015350000000005,42.3602,,111,False
demo,D11,113,1.043219,30,1249.445928,3.331363,,,3.001118,,36.194994,,,,1.043775,,,,,,,,,,0.059694,0.18794,synthetic,False,2.0,52.16094999999999,47.83905000000001,0.49355000000001326,0.46666000000000096,0.4063700000000003,0.3860340000000004,,,,167.16744999999986,0.0,0.0,83.58372499999993,-0.3688342424242423,-0.41040300000000013,36.290768,36.27052124,,2.9955741,41.0,,50.90175,48.05995,41.75525,,112,False
demo,D11,114,1.044322,30,1255.932445,3.324069,,,3.004189,,36.9265,,,,1.042465,,,,,,,,,,0.057967,0.191447,synthetic,False,2.0,52.2161,47.7839,-0.055150000000004695,0.35352000000000033,0.3863560000000001,0.39761599999999986,,,,168.20991499999985,0.0,0.0,84.10495749999993,-0.37052212121211886,-0.4121343846153843,36.36157849999999,36.30659328,,2.9964998,41.0,,50.36985000000001,47.870200000000004,41.4594,,113,False
demo,D11,115,1.044834,30,1253.750064,3.328124,,,3.006817,,36.194123,,,,1.042006,,,,,,,,,,0.059026,0.186056,synthetic,False,2.0,52.2417,47.7583,-0.025600000000004286,0.32235999999999904,0.38171999999999995,0.39589900000000017,,,,169.25192099999984,0.0,0.0,84.62596049999992,-0.3470293939393954,-0.40710253846153843,36.3474746,36.29754808,,2.9972339999999997,41.0,,49.8253,48.075250000000004,40.90445,,114,False
demo,D11,116,1.025887,30,1229.087652,3.332435,,,2.993664,,36.178644,,,,1.025369,,,,,,,,,,0.060146,0.184559,synthetic,False,2.0,51.29435,48.70565,0.9473500000000001,0.36514999999999914,0.41959399999999986,0.39378799999999997,,,,170.27728999999985,0.0,0.0,85.13864499999993,-0.37076636363636195,-0.40347969230769115,36.3253638,36.29763112,,2.9970942999999997,41.0,,49.1137,47.62435,41.010600000000004,,115,False
demo,D11,117,1.018211,30,1220.435755,3.327955,,,2.984242,,36.425941,,,,1.01954,,,,,,,,,,0.059904,0.185105,synthetic,False,2.0,50.91055,49.08945,0.3838000000000008,0.4039699999999996,0.38493600000000017,0.3843770000000001,,,,171.29682999999986,0.0,0.0,85.64841499999993,-0.37088393939394315,-0.4078329999999999,36.359036,36.31973876,,2.995789,41.0,,49.015350000000005,46.95245,40.6826,,116,False
demo,D11,118,1.018035,30,1218.525961,3.327686,,,3.012716,,36.280807,,,,1.018884,,,,,,,,,,0.057519,0.191024,synthetic,False,2.0,50.90175,49.09825,0.008800000000000807,0.32046000000000063,0.403254,0.38925899999999997,,,,172.31571399999984,0.0,0.0,86.15785699999992,-0.378775454545454,-0.40037342307692214,36.3695778,36.329115959999996,,2.9977668,41.0,,48.05995,45.82925,39.8566,,117,False
demo,D11,119,1.007397,30,1211.914958,3.326833,,,3.003854,,36.490499,,,,1.005622,,,,,,,,,,0.059359,0.190482,synthetic,False,2.0,50.36985000000001,49.63014999999999,0.5318999999999932,0.35852999999999896,0.3839019999999999,0.38389699999999993,,,,173.32133599999983,0.0,0.0,86.66066799999992,-0.3869160606060643,-0.4002258076923071,36.350879,36.33047952,,2.9996015999999996,41.0,,47.870200000000004,45.631949999999996,39.7688,,118,False
demo,D11,120,0.996506,30,1192.045328,3.31879,,,2.990453,,36.544091,,,,0.996779,,,,,,,,,,0.061056,0.188062,synthetic,False,2.0,49.8253,50.1747,0.5445500000000081,0.41290499999999997,0.4009560000000002,0.3851079999999999,,,,174.31811499999984,0.0,0.0,87.15905749999992,-0.38135454545454406,-0.398904076923077,36.4059598,36.34616424,,2.9991817000000003,41.0,,48.075250000000004,45.37635,39.742850000000004,,119,False
demo,D11,121,0.982274,30,1177.784507,3.322398,,,3.002777,,36.585253,,,,0.984017,,,,,,,,,,0.060765,0.187233,synthetic,False,2.0,49.1137,50.8863,0.7115999999999971,0.4686150000000005,0.428562,0.3997330000000001,,,,175.30213199999983,0.0,0.0,87.65106599999991,-0.3748584848484863,-0.3966547692307681,36.4148587,36.36758248,,2.9996726,41.0,,47.62435,45.1139,40.5728,,120,False
demo,D11,122,0.980307,30,1177.587339,3.328172,,,3.01068,,36.498566,,,,0.978008,,,,,,,,,,0.061415,0.189976,synthetic,False,2.0,49.015350000000005,50.984649999999995,0.09834999999999638,0.3639150000000001,0.40148599999999957,0.38872699999999993,,,,176.28013999999982,0.0,0.0,88.14006999999991,-0.39328181818181346,-0.3948242307692304,36.4319418,36.384669839999994,,3.001051,41.0,,46.95245,44.375,38.687149999999995,,121,False
demo,D11,123,0.961199,30,1159.022595,3.324497,,,3.017292,,36.38266,,,,0.961321,,,,,,,,,,0.059402,0.194902,synthetic,False,2.0,48.05995,51.94005,0.9554000000000045,0.4100999999999992,0.4163819999999998,0.40097800000000006,,,,177.24146099999982,0.0,0.0,88.62073049999991,-0.4526103030303055,-0.39992188461538386,36.450708399999996,36.3837172,,3.0026684,41.0,,45.82925,44.2604,37.9797,,122,False
demo,D11,124,0.957404,30,1148.85226,3.319175,,,3.002506,,36.724745,,,,0.959969,,,,,,,,,,0.061707,0.189196,synthetic,False,2.0,47.870200000000004,52.129799999999996,0.18974999999999653,0.4345899999999993,0.42028999999999966,0.40162099999999995,,,,178.20142999999982,0.0,0.0,89.10071499999991,-0.4689030303030304,-0.39968423076922927,36.4305329,36.3852536,,3.0025001,41.0,,45.631949999999996,44.448100000000004,37.82915,,123,False
demo,D11,125,0.961505,30,1152.966392,3.326443,,,3.010597,,36.52982,,,,0.959053,,,,,,,,,,0.060341,0.189552,synthetic,False,2.0,48.075250000000004,51.924749999999996,-0.20504999999999995,0.41664499999999977,0.38549999999999984,0.3936479999999999,,,,179.16048299999983,0.0,0.0,89.58024149999991,-0.41962696969696817,-0.3961183076923078,36.464102600000004,36.41711052,,3.0028781,41.0,,45.37635,43.6212,37.58835,,124,False
demo,D11,126,0.952487,30,1143.923247,3.314025,,,2.987904,,36.447364,,,,0.954689,,,,,,,,,,0.062067,0.188329,synthetic,False,2.0,47.62435,52.37565,0.4509000000000043,0.36700000000000016,0.39595399999999986,0.4031699999999999,,,,180.11517199999983,0.0,0.0,90.05758599999992,-0.40759969696969606,-0.39119657692307536,36.4909746,36.39602608,,3.0023021,41.0,,45.1139,43.14915,,,125,False
demo,D11,127,0.939049,30,1119.849165,3.313494,,,2.999641,,36.961425,,,,0.94209,,,,,,,,,,0.060613,0.191336,synthetic,False,2.0,46.95245,53.04755,0.6719000000000008,0.39581000000000016,0.39817800000000036,0.39003600000000005,,,,181.05726199999984,0.0,0.0,90.52863099999992,-0.41332333333333193,-0.39102550000000025,36.544523,36.42073388,,3.0038419999999997,41.0,,44.375,42.3602,,,126,False
demo,D11,128,0.916585,30,1095.947273,3.322028,,,2.99665,,36.594794,,,,0.916178,,,,,,,,,,0.058787,0.194351,synthetic,False,2.0,45.82925,54.17075,1.123199999999997,0.5072499999999998,0.439932,0.410908,,,,181.97343999999984,0.0,0.0,90.98671999999992,-0.4329221212121191,-0.394358653846154,36.575921699999995,36.42691648,,3.0022354,41.0,,44.2604,41.75525,,,127,False
demo,D11,129,0.912639,30,1093.933245,3.316392,,,3.003426,,36.904039,,,,0.912013,,,,,,,,,,0.061723,0.19984,synthetic,False,2.0,45.631949999999996,54.368050000000004,0.19730000000000558,0.47379000000000104,0.4047740000000002,0.41025700000000015,,,,182.88545299999984,0.0,0.0,91.44272649999992,-0.4372578787878797,-0.40181530769230706,36.6172757,36.45434224,,3.0021926,41.0,,44.448100000000004,41.4594,,,128,False
demo,D11,130,0.907527,30,1086.702982,3.312285,,,3.016112,,36.945419,,,,0.909402,,,,,,,,,,0.060481,0.194352,synthetic,False,2.0,45.37635,54.62365,0.25559999999999405,0.44489499999999965,0.4035579999999996,0.4132050000000001,,,,183.79485499999984,0.0,0.0,91.89742749999992,-0.434409696969695,-0.406707230769231,36.6574085,36.47875252,,3.0047585,41.0,,43.6212,40.90445,,,129,False
demo,D11,131,0.902278,30,1077.534212,3.312564,,,3.002499,,36.968501,,,,0.901942,,,,,,,,,,0.060601,0.193748,synthetic,False,2.0,45.1139,54.8861,0.2624500000000012,0.39998000000000006,0.3932779999999997,0.3955319999999998,,,,184.69679699999983,0.0,0.0,92.34839849999992,-0.4393903030302986,-0.41145553846153826,36.6957333,36.50150248,,3.0047307,41.0,,43.14915,41.010600000000004,,,130,False
demo,D11,132,0.8875,30,1067.740629,3.307711,,,2.990623,,36.841539,,,,0.883323,,,,,,,,,,0.059672,0.197089,synthetic,False,2.0,44.375,55.625,0.738900000000001,0.46403500000000053,0.4230099999999999,0.4071000000000001,,,,185.58011999999982,0.0,0.0,92.79005999999991,-0.4427487878787924,-0.41541742307692253,36.7300306,36.53159528,,3.002725,41.0,,42.3602,40.6826,,,131,False
demo,D11,133,0.885208,30,1063.077001,3.311757,,,2.987366,,36.67203,,,,0.885033,,,,,,,,,,0.06277,0.19668,synthetic,False,2.0,44.2604,55.7396,0.11460000000000292,0.3799550000000004,0.39383800000000035,0.410613,,,,186.46515299999982,0.0,0.0,93.23257649999991,-0.45980484848484715,-0.42074134615384556,36.7589676,36.55146092,,2.9997324,41.0,,41.75525,39.8566,,,132,False
demo,D11,134,0.888962,30,1067.202792,3.31191,,,3.016458,,36.650547,,,,0.889798,,,,,,,,,,0.060589,0.192709,synthetic,False,2.0,44.448100000000004,55.551899999999996,-0.18770000000000664,0.34221,0.3802819999999997,0.4038879999999999,,,,187.35495099999983,0.0,0.0,93.67747549999991,-0.43321757575757214,-0.41827084615384613,36.7515478,36.55038332,,3.0011276,41.0,,41.4594,39.7688,,,133,False
demo,D11,135,0.872424,30,1044.729493,3.309133,,,3.005138,,36.630334,,,,0.873716,,,,,,,,,,0.062851,0.202009,synthetic,False,2.0,43.6212,56.3788,0.826900000000002,0.4454050000000002,0.41332599999999986,0.3948619999999998,,,,188.22866699999983,0.0,0.0,94.11433349999992,-0.3965839393939405,-0.4161281538461537,36.7615992,36.575865359999995,,3.0005816999999997,41.0,,40.90445,39.742850000000004,,,134,False
demo,D11,136,0.862983,30,1035.8261,3.303234,,,3.004481,,36.163802,,,,0.861463,,,,,,,,,,0.060939,0.195408,synthetic,False,2.0,43.14915,56.85085,0.47205000000000297,0.4475200000000001,0.4260280000000003,0.39805000000000007,,,,189.09012999999982,0.0,0.0,94.54506499999991,-0.3617700000000006,-0.41193926923076996,36.733243,36.56256688,,3.0022394,41.0,,41.010600000000004,40.5728,,,135,False
demo,D11,137,0.847204,30,1018.214393,3.30696,,,2.996563,,36.908895,,,,0.846747,,,,,,,,,,0.0606,0.196821,synthetic,False,2.0,42.3602,57.6398,0.7889499999999998,0.459225,0.41177200000000025,0.41275700000000015,,,,189.9368769999998,0.0,0.0,94.9684384999999,-0.36053818181817926,-0.4182936538461534,36.72799,36.58581328,,3.0019316,41.0,,40.6826,38.687149999999995,,,136,False
demo,D11,138,0.835105,30,1001.329641,3.30227,,,3.002679,,36.808459,,,,0.836737,,,,,,,,,,0.062968,0.19825,synthetic,False,2.0,41.75525,58.24475,0.6049500000000023,0.40740000000000054,0.4162279999999998,0.4112990000000001,,,,190.7736139999998,0.0,0.0,95.3868069999999,-0.41152000000000055,-0.4272490000000007,36.7493565,36.610351879999996,,3.0025345000000003,41.0,,39.8566,37.9797,,,137,False
demo,D11,139,0.829188,30,996.352853,3.299705,,,2.99013,,36.962599,,,,0.829089,,,,,,,,,,0.061635,0.19787,synthetic,False,2.0,41.4594,58.5406,0.2958499999999944,0.4172549999999994,0.4302679999999998,0.40831199999999995,,,,191.60270299999982,0.0,0.0,95.80135149999991,-0.4424106060606129,-0.4303793846153838,36.7552125,36.61179584,,3.0012049000000003,41.0,,39.7688,37.82915,,,138,False
demo,D11,140,0.818089,30,979.361905,3.307328,,,3.003872,,36.743617,,,,0.815587,,,,,,,,,,0.061756,0.201853,synthetic,False,2.0,40.90445,59.09555,0.5549500000000052,0.44719000000000053,0.45349000000000017,0.41760500000000006,,,,192.4182899999998,0.0,0.0,96.2091449999999,-0.4700348484848475,-0.4301020000000003,36.7350323,36.6337756,,2.9999809,41.0,,39.742850000000004,37.58835,,,139,False
demo,D11,141,0.820212,30,984.542483,3.311205,,,2.988251,,36.935888,,,,0.822242,,,,,,,,,,0.060516,0.195422,synthetic,False,2.0,41.010600000000004,58.989399999999996,-0.10615000000000663,0.41032999999999975,0.4113499999999999,0.4154719999999999,,,,193.2405319999998,0.0,0.0,96.6202659999999,-0.45516090909090773,-0.42959730769230753,36.731770999999995,36.66406536,,2.9985561,41.0,,40.5728,,,,140,False
demo,D11,142,0.813652,30,979.728461,3.309477,,,2.996407,,36.435146,,,,0.813303,,,,,,,,,,0.061406,0.199804,synthetic,False,2.0,40.6826,59.3174,0.32800000000000296,0.3692399999999999,0.409118,0.3970270000000001,,,,194.0538349999998,0.0,0.0,97.0269174999999,-0.4577009090909108,-0.4280477307692305,36.69113170000001,36.66443356,,2.9991345000000003,41.0,,38.687149999999995,,,,141,False
demo,D11,143,0.797132,30,960.094113,3.302242,,,2.993571,,36.511985,,,,0.798872,,,,,,,,,,0.062457,0.198608,synthetic,False,2.0,39.8566,60.1434,0.8260000000000005,0.44037999999999966,0.441806,0.42253,,,,194.85270699999978,0.0,0.0,97.42635349999989,-0.4681790909090945,-0.42634311538461495,36.675127200000006,36.673680680000004,,2.999755,41.0,,37.9797,,,,142,False
demo,D11,144,0.795376,30,958.25307,3.29836,,,2.967426,,36.187882,,,,0.793157,,,,,,,,,,0.060747,0.201133,synthetic,False,2.0,39.7688,60.2312,0.08780000000000143,0.4679300000000005,0.4240420000000003,0.4039720000000001,,,,195.6458639999998,0.0,0.0,97.8229319999999,-0.41755363636363757,-0.42227169230769296,36.628860700000004,36.661576,,2.9948518,41.0,,37.82915,,,,143,False
demo,D11,145,0.794857,30,954.645831,3.299076,,,2.996532,,36.774127,,,,0.794665,,,,,,,,,,0.061512,0.197561,synthetic,False,2.0,39.742850000000004,60.257149999999996,0.02594999999999459,0.38783499999999976,0.40329799999999977,0.40212699999999996,,,,196.4405289999998,0.0,0.0,98.2202644999999,-0.3667515151515154,-0.4157306538461535,36.643240000000006,36.670777439999995,,2.9939912000000004,41.0,,37.58835,,,,144,False
demo,D11,146,0.811456,30,973.839787,3.303054,,,2.991011,,36.589684,,,,0.812283,,,,,,,,,,0.061465,0.196491,synthetic,False,2.0,40.5728,59.4272,-0.8299499999999966,0.2576349999999998,0.34163600000000005,0.385099,,,,197.2528119999998,0.0,0.0,98.6264059999999,-0.25513909090909026,-0.4008888076923079,36.6858282,36.67095468,,2.9926442,41.0,,,,,,145,False
demo,D11,147,0.773743,30,927.241069,3.295037,,,2.997896,,36.613541,,,,0.773608,,,,,,,,,,0.062329,0.201247,synthetic,False,2.0,38.687149999999995,61.312850000000005,1.8856500000000054,0.3673050000000003,0.4131280000000004,0.407307,,,,198.0264199999998,0.0,0.0,99.0132099999999,-0.2677484848484864,-0.39786653846153724,36.6562928,36.67555368,,2.9927775,41.0,,,,,,146,False
demo,D11,148,0.759594,30,906.569802,3.300224,,,3.000017,,36.944273,,,,0.757796,,,,,,,,,,0.063884,0.20069,synthetic,False,2.0,37.9797,62.0203,0.7074499999999944,0.37755499999999953,0.40320999999999996,0.4097959999999999,,,,198.78421599999982,0.0,0.0,99.39210799999991,-0.31475424242424066,-0.40298380769230724,36.6698742,36.6980182,,2.9925113000000003,41.0,,,,,,147,False
demo,D11,149,0.756583,30,904.236941,3.28643,,,3.017679,,36.758748,,,,0.752972,,,,,,,,,,0.062134,0.197276,synthetic,False,2.0,37.82915,62.17085,0.15055000000000263,0.3630250000000004,0.4016420000000002,0.41096599999999994,,,,199.53718799999982,0.0,0.0,99.76859399999991,-0.34393090909090285,-0.40363423076923083,36.6494891,36.69937832,,2.9952662,41.0,,,,,,148,False
demo,D11,150,0.751767,30,901.665655,3.292788,,,3.003047,,36.514077,,,,0.754057,,,,,,,,,,0.061792,0.203966,synthetic,False,2.0,37.58835,62.41165,0.24080000000000013,0.33160999999999985,0.41947600000000024,0.402488,,,,200.2912449999998,0.0,0.0,100.1456224999999,-0.37923575757575545,-0.39673303846153884,36.6265351,36.6987486,,2.9951836999999997,41.0,,,,,,149,False
demo,D12,1,1.967935,35,7113.453983,3.441776,,,1.008492,,37.206175,,,,1.970114,,,,,,,,,,0.048991,0.152289,synthetic,False,2.0,98.39675,1.6032500000000027,,,,,,,,1.970114,0.0,0.0,0.985057,,,,,,,73.0,72.0,97.3784,96.08529999999999,92.0705,85.7498,0,True
demo,D12,2,1.975861,35,7091.989393,3.447128,,,1.009909,,37.106542,,,,1.978666,,,,,,,,,,0.052585,0.152033,synthetic,False,2.0,98.79305000000001,1.206949999999992,-0.39630000000001075,,,,,,,3.94878,0.0,0.0,1.97439,,,,,,,73.0,71.0,96.7451,95.30675,92.30810000000001,85.25415,1,True
demo,D12,3,1.955967,35,7082.207884,3.442462,,,0.986478,,37.174842,,,,1.962229,,,,,,,,,,0.050461,0.154012,synthetic,False,2.0,97.79835,2.2016500000000008,0.9947000000000088,,,,,,,5.911009,0.0,0.0,2.9555045,-0.2992000000000251,-0.2992000000000251,37.16251966666667,37.16251966666667,,1.0016263333333333,73.0,70.0,97.0603,95.9276,92.0462,85.0383,2,True
demo,D12,4,1.946045,35,7029.153873,3.449667,,,0.98481,,37.063547,,,,1.944918,,,,,,,,,,0.05159,0.150374,synthetic,False,2.0,97.30225,2.697749999999999,0.49609999999999843,0.3648333333333322,0.3648333333333322,0.3648333333333322,,,,7.855926999999999,0.0,0.0,3.9279634999999997,-0.4278199999999952,-0.4278199999999952,37.1377765,37.1377765,,0.99742225,73.0,69.0,95.80785,95.47685,92.05685,84.9358,3,True
demo,D12,5,1.946437,35,6999.688562,3.437019,,,0.994632,,37.032125,,,,1.942361,,,,,,,,,,0.049956,0.150235,synthetic,False,2.0,97.32185,2.6781500000000023,-0.019599999999996953,0.2687249999999999,0.2687249999999999,0.2687249999999999,,,,9.798288,0.0,0.0,4.899144,-0.36405999999999816,-0.36405999999999816,37.116646200000005,37.116646200000005,,0.9968641999999999,73.0,68.0,95.5419,95.3118,90.9434,84.54129999999999,4,True
demo,D12,6,1.947568,35,7005.15883,3.438801,,,1.013847,,37.372548,,,,1.954456,,,,,,,,,,0.051099,0.151723,synthetic,False,2.0,97.3784,2.621600000000001,-0.05655000000000143,0.20366999999999963,0.20366999999999963,0.20366999999999963,,,,11.752744,0.0,0.0,5.876372,-0.28575571428571217,-0.28575571428571217,37.1592965,37.1592965,,0.9996946666666666,73.0,67.0,96.08529999999999,94.8597,91.26145,84.6582,5,False
demo,D12,7,1.934902,35,6969.965741,3.442841,,,1.00221,,37.353094,,,,1.93543,,,,,,,,,,0.050751,0.148779,synthetic,False,2.0,96.7451,3.2549000000000063,0.6333000000000055,0.2752750000000006,0.2752750000000006,0.2752750000000006,,,,13.688174,0.0,0.0,6.844087,-0.2950267857142915,-0.2950267857142915,37.18698185714286,37.18698185714286,,1.000054,73.0,66.0,95.30675,94.07565,90.00845,84.63454999999999,6,False
demo,D12,8,1.941206,35,7000.893,3.444737,,,0.992253,,37.441891,,,,1.944675,,,,,,,,,,0.051445,0.153572,synthetic,False,2.0,97.0603,2.939700000000002,-0.31520000000000437,0.19092142857142846,0.19092142857142846,0.19092142857142846,,,,15.632849,0.0,0.0,7.8164245,-0.24803749999999516,-0.24803749999999516,37.2188455,37.2188455,,0.9990788749999999,73.0,65.0,95.9276,94.9988,91.5816,83.8989,7,False
demo,D12,9,1.916157,35,6920.816779,3.429171,,,0.985471,,37.218913,,,,1.913236,,,,,,,,,,0.05064,0.156501,synthetic,False,2.0,95.80785,4.192149999999998,1.252449999999996,0.3236124999999994,0.3236124999999994,0.3236124999999994,,,,17.546085,0.0,0.0,8.7730425,-0.29307000000000444,-0.29307000000000444,37.218852999999996,37.218852999999996,,0.9975668888888889,73.0,64.0,95.47685,94.31335,90.3262,83.0952,8,False
demo,D12,10,1.910838,35,6851.352639,3.431913,,,0.99316,,37.471908,,,,1.912323,,,,,,,,,,0.052443,0.151436,synthetic,False,2.0,95.5419,4.458100000000002,0.2659500000000037,0.31720555555555546,0.31720555555555546,0.31720555555555546,,,,19.458408000000002,0.0,0.0,9.729204000000001,-0.3145163636363639,-0.3145163636363639,37.2441585,37.2441585,,0.9971262,73.0,63.0,95.3118,93.16980000000001,89.5994,83.52834999999999,9,False
demo,D12,11,1.921706,35,6927.218884,3.439159,,,0.992484,,37.013421,,,,1.91749,,,,,,,,,,0.049291,0.154437,synthetic,False,2.0,96.08529999999999,3.9147000000000105,-0.5433999999999912,0.23114500000000077,0.23114500000000077,0.23114500000000077,,,,21.375898000000003,0.0,0.0,10.687949000000001,-0.297302121212117,-0.28721818181818576,37.2248831,37.22318236363637,,0.9955254,73.0,62.0,94.8597,93.84915000000001,89.88295,82.79990000000001,10,False
demo,D12,12,1.906135,35,6818.514073,3.443691,,,1.009356,,37.090585,,,,1.906378,,,,,,,,,,0.051888,0.151867,synthetic,False,2.0,95.30675,4.693250000000006,0.7785499999999956,0.34863000000000144,0.2809090909090912,0.2809090909090912,,,,23.282276000000003,0.0,0.0,11.641138000000002,-0.26811666666666834,-0.2903666083916166,37.2232874,37.212132583333336,,0.9954701,73.0,61.0,94.07565,93.32775,89.32515,82.38985,11,False
demo,D12,13,1.918552,35,6903.113426,3.44737,,,1.010125,,37.420947,,,,1.916066,,,,,,,,,,0.050933,0.150208,synthetic,False,2.0,95.9276,4.072400000000002,-0.6208500000000043,0.1870750000000001,0.20576249999999993,0.20576249999999993,,,,25.198342000000004,0.0,0.0,12.599171000000002,-0.22912181818181668,-0.26222939560439823,37.247897900000005,37.22819523076923,,0.9978348,73.0,60.0,94.9988,92.85624999999999,88.911,82.92439999999999,12,False
demo,D12,14,1.909537,35,6904.316511,3.437034,,,0.989501,,37.34655,,,,1.906185,,,,,,,,,,0.049886,0.159785,synthetic,False,2.0,95.47685,4.523150000000001,0.4507499999999993,0.1825400000000002,0.22460769230769217,0.22460769230769217,,,,27.104527000000004,0.0,0.0,13.552263500000002,-0.22511090909090978,-0.24992945054945534,37.276198199999996,37.23664914285714,,0.9983039,73.0,59.0,94.31335,92.76325,89.10470000000001,82.3672,13,False
demo,D12,15,1.906236,35,6833.265655,3.437597,,,1.007532,,37.068033,,,,1.905081,,,,,,,,,,0.05289,0.150744,synthetic,False,2.0,95.3118,4.688199999999995,0.1650499999999937,0.20100499999999927,0.22035357142857087,0.22035357142857087,,,,29.009608000000004,0.0,0.0,14.504804000000002,-0.20666999999999988,-0.239812500000003,37.279789,37.22540806666667,,0.9995939,73.0,58.0,93.16980000000001,92.5209,88.23045,82.17795,14,False
demo,D12,16,1.897194,35,6797.129927,3.433802,,,1.006508,,36.892645,,,,1.888492,,,,,,,,,,0.052877,0.150274,synthetic,False,2.0,94.8597,5.140299999999996,0.4521000000000015,0.25186999999999954,0.2358033333333329,0.2358033333333329,,,,30.898100000000003,0.0,0.0,15.449050000000002,-0.18475484848484203,-0.23772588235293968,37.2317987,37.204610375,,0.99886,73.0,57.0,93.84915000000001,92.0705,88.55675,81.74755,15,False
demo,D12,17,1.881513,35,6777.934914,3.437722,,,0.988203,,37.126739,,,,1.877149,,,,,,,,,,0.049111,0.155384,synthetic,False,2.0,94.07565,5.924350000000004,0.7840500000000077,0.26694499999999977,0.2700687500000001,0.2700687500000001,,,,32.775249,0.0,0.0,16.3876245,-0.21729636363636373,-0.2470061274509801,37.2091632,37.20002970588235,,0.9974593,73.0,56.0,93.32775,92.30810000000001,87.4405,81.3092,16,False
demo,D12,18,1.899976,35,6868.38196,3.443611,,,0.999162,,36.978819,,,,1.902949,,,,,,,,,,0.051177,0.154807,synthetic,False,2.0,94.9988,5.001199999999997,-0.9231500000000068,0.20614999999999953,0.19987941176470556,0.19987941176470556,,,,34.678198,0.0,0.0,17.339099,-0.1461139393939401,-0.23298952528379557,37.162856,37.187740222222224,,0.9981502000000001,73.0,55.0,92.85624999999999,92.0462,87.8595,80.9787,17,False
demo,D12,19,1.886267,35,6797.1906,3.440807,,,1.003408,,37.601725,,,,1.887579,,,,,,,,,,0.051843,0.156551,synthetic,False,2.0,94.31335,5.68665,0.685450000000003,0.14945000000000022,0.22685555555555542,0.22685555555555542,,,,36.565777000000004,0.0,0.0,18.282888500000002,-0.17082848484848256,-0.23010070175438524,37.2011372,37.20952889473684,,0.9999439000000001,73.0,54.0,92.76325,92.05685,87.52499999999999,81.02125,18,False
demo,D12,20,1.863396,35,6669.896341,3.432809,,,1.001632,,37.394916,,,,1.859393,,,,,,,,,,0.051808,0.161468,synthetic,False,2.0,93.16980000000001,6.830199999999991,1.1435499999999905,0.2372099999999989,0.2751026315789467,0.2751026315789467,,,,38.42517,0.0,0.0,19.212585,-0.2575333333333294,-0.24104526315789576,37.193438,37.21879825,,1.0007911,73.0,53.0,92.5209,90.9434,87.0874,80.85175,19,False
demo,D12,21,1.876983,35,6723.020049,3.431269,,,0.982895,,36.993045,,,,1.87904,,,,,,,,,,0.052746,0.152589,synthetic,False,2.0,93.84915000000001,6.150849999999991,-0.6793499999999995,0.22361499999999807,0.22737999999999942,0.22737999999999942,,,,40.304210000000005,0.0,0.0,20.152105000000002,-0.2422033333333296,-0.23719389610390068,37.191400400000006,37.2080480952381,,0.9998322,73.0,52.0,92.0705,91.26145,87.1031,80.21549999999999,20,False
demo,D12,22,1.866555,35,6721.566711,3.433352,,,1.001312,,36.93892,,,,1.863276,,,,,,,,,,0.052642,0.153603,synthetic,False,2.0,93.32775,6.672250000000005,0.5214000000000141,0.1978999999999999,0.2413809523809525,0.2413809523809525,,,,42.167486000000004,0.0,0.0,21.083743000000002,-0.28011181818181596,-0.23767159796724704,37.1762339,37.195815,,0.9990278,73.0,51.0,92.30810000000001,90.00845,86.69865,80.58125000000001,21,False
demo,D12,23,1.857125,35,6661.999541,3.437664,,,1.006363,,37.019734,,,,1.859807,,,,,,,,,,0.051694,0.160541,synthetic,False,2.0,92.85624999999999,7.143750000000011,0.471500000000006,0.30713500000000094,0.2518409090909095,0.2518409090909095,,,,44.027293,0.0,0.0,22.0136465,-0.27836060606060703,-0.24057667984189815,37.136112600000004,37.18815930434783,,0.9986516,73.0,50.0,92.0462,91.5816,86.77470000000001,79.62335,22,False
demo,D12,24,1.855265,35,6681.692628,3.430306,,,1.015796,,37.077396,,,,1.854836,,,,,,,,,,0.053724,0.158607,synthetic,False,2.0,92.76325,7.236750000000001,0.09299999999998931,0.27135999999999993,0.24493478260869556,0.24493478260869556,,,,45.882129,0.0,0.0,22.9410645,-0.2745036363636391,-0.2413378260869556,37.1091972,37.18354416666667,,1.0012811,73.0,49.0,92.05685,90.3262,86.36155,78.9869,23,False
demo,D12,25,1.850418,35,6665.422302,3.424041,,,0.993312,,37.182698,,,,1.849215,,,,,,,,,,0.052433,0.158384,synthetic,False,2.0,92.5209,7.4791000000000025,0.24235000000000184,0.2790900000000008,0.24482708333333333,0.24482708333333333,,,,47.731344,0.0,0.0,23.865672,-0.26197696969696904,-0.24193969230769516,37.1206637,37.18351032,,0.9998591000000001,73.0,48.0,90.9434,89.5994,86.06395,78.61075,24,False
demo,D12,26,1.84141,35,6619.336557,3.428736,,,0.994545,,37.516521,,,,1.841075,,,,,,,,,,0.051234,0.154574,synthetic,False,2.0,92.0705,7.929500000000004,0.4504000000000019,0.27892000000000083,0.25305000000000005,0.25305000000000005,,,,49.572419,0.0,0.0,24.7862095,-0.2703284848484834,-0.2442358076923074,37.1830513,37.19592416,,0.9986628,73.0,47.0,91.26145,89.88295,85.7498,78.3425,25,False
demo,D12,27,1.846162,35,6682.36549,3.429654,,,0.997911,,36.989128,,,,1.855612,,,,,,,,,,0.050986,0.159531,synthetic,False,2.0,92.30810000000001,7.69189999999999,-0.2376000000000147,0.17675499999999858,0.2593979999999999,0.23417884615384565,,,,51.428031,0.0,0.0,25.7140155,-0.284181515151515,-0.23550934615384855,37.1692902,37.1912276,,0.9996335999999999,73.0,46.0,90.00845,89.32515,85.25415,78.4459,26,False
demo,D12,28,1.840924,35,6639.065878,3.42283,,,1.002912,,37.810998,,,,1.83813,,,,,,,,,,0.052834,0.158773,synthetic,False,2.0,92.0462,7.953800000000001,0.26190000000001135,0.2952600000000004,0.230086,0.2352055555555555,,,,53.266161,0.0,0.0,26.6330805,-0.22935181818181705,-0.23415899999999953,37.2525081,37.21667384,,1.0000086,73.0,45.0,91.5816,88.911,85.0383,78.22115,27,False
demo,D12,29,1.841137,35,6652.185777,3.43107,,,1.00097,,37.002469,,,,1.841972,,,,,,,,,,0.050796,0.156923,synthetic,False,2.0,92.05685,7.943150000000003,-0.010649999999998272,0.22565000000000027,0.20981600000000014,0.22642500000000002,,,,55.108132999999995,0.0,0.0,27.554066499999998,-0.18384878787878667,-0.23324661538461502,37.1925825,37.21423072,,0.9997648,73.0,44.0,90.3262,89.10470000000001,84.9358,78.2158,28,False
demo,D12,30,1.818868,35,6566.008888,3.429383,,,1.006043,,36.919436,,,,1.821711,,,,,,,,,,0.051402,0.15549,synthetic,False,2.0,90.9434,9.056600000000003,1.1134500000000003,0.22264000000000123,0.25513800000000003,0.25701206896551726,,,,56.929843999999996,0.0,0.0,28.464921999999998,-0.24796454545454683,-0.23838130769230828,37.145034499999994,37.20972316,,1.0002059,73.0,43.0,89.5994,88.23045,84.54129999999999,77.72225,29,False
demo,D12,31,1.825229,35,6567.865564,3.435593,,,0.988748,,37.684233,,,,1.821716,,,,,,,,,,0.051508,0.157311,synthetic,False,2.0,91.26145,8.738550000000004,-0.3180499999999995,0.2587700000000012,0.24467800000000012,0.23784333333333335,,,,58.75156,0.0,0.0,29.37578,-0.22245545454544988,-0.235108153846153,37.2141533,37.22219056,,1.0007911999999999,73.0,42.0,89.88295,88.55675,84.6582,77.70315,30,False
demo,D12,32,1.800169,35,6476.828103,3.419692,,,1.003969,,37.63006,,,,1.794429,,,,,,,,,,0.052354,0.162939,synthetic,False,2.0,90.00845,9.991550000000004,1.2530000000000001,0.33192999999999984,0.2694659999999999,0.2705903225806452,,,,60.545989,0.0,0.0,30.2729945,-0.2686857575757587,-0.2450288076923087,37.2832673,37.2332692,,1.0010568999999998,73.0,41.0,89.32515,87.4405,84.63454999999999,77.1825,31,False
demo,D12,33,1.831632,35,6587.98683,3.431876,,,0.992578,,37.206965,,,,1.82943,,,,,,,,,,0.05149,0.153453,synthetic,False,2.0,91.5816,8.418400000000005,-1.5731499999999983,0.1274649999999994,0.21914800000000015,0.21297343750000008,,,,62.375419,0.0,0.0,31.1877095,-0.22030727272727274,-0.23209403846153798,37.3019904,37.22387216,,0.9996784,73.0,40.0,88.911,87.8595,83.8989,76.89155,32,False
demo,D12,34,1.806524,35,6516.774653,3.429683,,,0.998567,,37.385547,,,,1.809268,,,,,,,,,,0.050618,0.15534,synthetic,False,2.0,90.3262,9.6738,1.2553999999999945,0.24370499999999992,0.21926600000000007,0.24456212121212112,,,,64.184687,0.0,0.0,32.0923435,-0.23115484848484721,-0.2390576923076912,37.3328055,37.23053752,,0.9979555,73.0,39.0,89.10470000000001,87.52499999999999,83.0952,76.4322,33,False
demo,D12,35,1.791988,35,6438.568397,3.426077,,,1.01708,,37.413661,,,,1.790762,,,,,,,,,,0.053242,0.156437,synthetic,False,2.0,89.5994,10.400599999999997,0.7267999999999972,0.29214999999999947,0.23769999999999983,0.258745588235294,,,,65.975449,0.0,0.0,32.9877245,-0.2682627272727237,-0.25117311538461246,37.3559018,37.22820764,,1.0003322999999997,73.0,38.0,88.23045,87.0874,83.52834999999999,76.74980000000001,34,False
demo,D12,36,1.797659,35,6505.062233,3.42068,,,0.986018,,37.33769,,,,1.796828,,,,,,,,,,0.051619,0.156861,synthetic,False,2.0,89.88295,10.117050000000006,-0.2835499999999911,0.21875500000000017,0.24809399999999981,0.24325142857142867,,,,67.772277,0.0,0.0,33.8861385,-0.2845187878787911,-0.25066599999999745,37.3380187,37.241178399999995,,0.9994796000000001,73.0,37.0,88.55675,87.1031,82.79990000000001,75.58065,35,False
demo,D12,37,1.786503,35,6417.020461,3.419053,,,0.997205,,36.996125,,,,1.789757,,,,,,,,,,0.054155,0.158493,synthetic,False,2.0,89.32515,10.674850000000006,0.5578000000000003,0.29829500000000164,0.239264,0.251988888888889,,,,69.562034,0.0,0.0,34.781017,-0.28884454545454735,-0.25832226923077084,37.3387184,37.2374,,0.999409,73.0,36.0,87.4405,86.69865,82.38985,75.84715,36,False
demo,D12,38,1.77822,35,6405.711855,3.422666,,,0.987254,,36.712178,,,,1.775353,,,,,,,,,,0.052522,0.161747,synthetic,False,2.0,88.911,11.088999999999999,0.41414999999999225,0.31351999999999974,0.28066399999999986,0.2563716216216215,,,,71.33738699999999,0.0,0.0,35.668693499999996,-0.2970633333333359,-0.25899173076923154,37.2288364,37.20904924,,0.9978431999999999,73.0,35.0,87.8595,86.77470000000001,82.92439999999999,75.4185,37,False
demo,D12,39,1.782094,35,6411.130615,3.423123,,,1.001531,,37.115677,,,,1.781778,,,,,,,,,,0.053446,0.1601,synthetic,False,2.0,89.10470000000001,10.895299999999992,-0.19370000000000687,0.2952149999999989,0.2548859999999996,0.24452763157894708,,,,73.119165,0.0,0.0,36.5595825,-0.2560042424242426,-0.2569833076923083,37.2401572,37.19981432,,0.9978992999999999,73.0,34.0,87.52499999999999,86.36155,82.3672,75.42325,38,False
demo,D12,40,1.764609,35,6344.002014,3.418338,,,1.010482,,37.807125,,,,1.759267,,,,,,,,,,0.052985,0.159598,synthetic,False,2.0,88.23045,11.769549999999995,0.8742500000000035,0.27129499999999923,0.283254,0.2606743589743588,,,,74.87843199999999,0.0,0.0,37.439215999999995,-0.30107787878787867,-0.2597937307692325,37.328926100000004,37.229378000000004,,0.9983431999999999,73.0,33.0,87.0874,86.06395,82.17795,74.89785,39,False
demo,D12,41,1.771135,35,6417.638041,3.426558,,,1.001697,,37.807151,,,,1.772271,,,,,,,,,,0.053604,0.159986,synthetic,False,2.0,88.55675,11.443250000000006,-0.32629999999998915,0.27047000000000027,0.2521180000000004,0.24600000000000008,,,,76.650703,0.0,0.0,38.3253515,-0.27426575757575605,-0.25866596153846116,37.341217900000004,37.26595824,,0.9996381,73.0,32.0,87.1031,85.7498,81.74755,75.67819999999999,40,False
demo,D12,42,1.74881,35,6287.42241,3.416998,,,0.998833,,37.311326,,,,1.749612,,,,,,,,,,0.053082,0.16192,synthetic,False,2.0,87.4405,12.5595,1.1162499999999937,0.2567949999999996,0.2654059999999998,0.2672256097560975,,,,78.40031499999999,0.0,0.0,39.200157499999996,-0.3590890909090907,-0.27083411538461627,37.309344499999995,37.273341720000005,,0.9991245000000001,73.0,31.0,86.69865,85.25415,81.3092,74.25345,41,False
demo,D12,43,1.75719,35,6320.102663,3.412074,,,1.013284,,37.124723,,,,1.759986,,,,,,,,,,0.052663,0.154667,synthetic,False,2.0,87.8595,12.140500000000003,-0.41899999999999693,0.37220999999999976,0.2855720000000002,0.2508869047619048,,,,80.16030099999999,0.0,0.0,40.080150499999995,-0.28505454545454484,-0.26479911538461565,37.3011203,37.27917788,,1.0011951,73.0,30.0,86.77470000000001,85.0383,80.9787,74.4654,42,False
demo,D12,44,1.7505,35,6289.244361,3.417916,,,1.003305,,37.44378,,,,1.74649,,,,,,,,,,0.053588,0.163195,synthetic,False,2.0,87.52499999999999,12.475000000000009,0.33450000000000557,0.28012000000000087,0.27153400000000033,0.25283139534883736,,,,81.90679099999998,0.0,0.0,40.95339549999999,-0.2678424242424238,-0.26321453846154014,37.3069436,37.27286008,,1.0016689,73.0,29.0,86.36155,84.9358,81.02125,73.76175,43,False
demo,D12,45,1.741748,35,6271.064707,3.41964,,,1.008196,,37.497123,,,,1.74108,,,,,,,,,,0.055068,0.157851,synthetic,False,2.0,87.0874,12.912599999999998,0.4375999999999891,0.25120000000000003,0.2432960000000003,0.2570306818181817,,,,83.64787099999998,0.0,0.0,41.82393549999999,-0.2889987878787928,-0.2718830384615375,37.3152898,37.27694836,,1.0007805,73.0,28.0,86.06395,84.54129999999999,80.85175,74.06505,44,False
demo,D12,46,1.742062,35,6269.515914,3.419126,,,1.007153,,37.537087,,,,1.737607,,,,,,,,,,0.05231,0.158987,synthetic,False,2.0,87.1031,12.896900000000002,-0.015699999999995384,0.2779849999999996,0.2698420000000004,0.25096999999999997,,,,85.38547799999998,0.0,0.0,42.69273899999999,-0.25994696969696934,-0.26893434615384576,37.335229500000004,37.29871004,,1.002894,73.0,27.0,85.7498,84.6582,80.21549999999999,73.26855,45,False
demo,D12,47,1.733973,35,6221.342279,3.418084,,,0.971238,,36.767283,,,,1.733119,,,,,,,,,,0.053455,0.161662,synthetic,False,2.0,86.69865,13.30135,0.4044499999999971,0.2626499999999993,0.26516399999999973,0.2543065217391304,,,,87.11859699999998,0.0,0.0,43.55929849999999,-0.2564475757575796,-0.2697437692307688,37.3123453,37.29184456,,1.0002973000000002,73.0,26.0,85.25415,84.63454999999999,80.58125000000001,72.9057,46,False
demo,D12,48,1.735494,35,6239.823206,3.422913,,,0.999233,,38.186198,,,,1.740637,,,,,,,,,,0.05264,0.160354,synthetic,False,2.0,86.77470000000001,13.22529999999999,-0.07605000000000928,0.21362999999999915,0.24326199999999915,0.24727765957446782,,,,88.85923399999999,0.0,0.0,44.42961699999999,-0.2445736363636339,-0.26946688461538465,37.4597473,37.33850312,,1.0014952000000001,73.0,25.0,85.0383,83.8989,79.62335,72.56745,47,False
demo,D12,49,1.727231,35,6229.403037,3.411445,,,0.989219,,37.692273,,,,1.726122,,,,,,,,,,0.053234,0.162372,synthetic,False,2.0,86.36155,13.638450000000006,0.4131500000000159,0.2743150000000014,0.2560680000000002,0.2507333333333334,,,,90.58535599999999,0.0,0.0,45.292677999999995,-0.2164272727272726,-0.26925557692307794,37.5174069,37.363098199999996,,1.000264,73.0,24.0,84.9358,83.0952,78.9869,72.49175,48,False
demo,D12,50,1.721279,35,6215.695423,3.413465,,,0.991707,,37.368616,,,,1.716577,,,,,,,,,,0.052829,0.161574,synthetic,False,2.0,86.06395,13.936049999999994,0.29759999999998854,0.21664999999999993,0.2582779999999997,0.25168979591836715,,,,92.30193299999999,0.0,0.0,46.150966499999996,-0.2295466666666683,-0.26929046153846214,37.473556,37.37053492,,0.9983865,73.0,23.0,84.54129999999999,83.52834999999999,78.61075,71.85695,49,False
demo,D12,51,1.714996,35,6174.430297,3.420555,,,1.014746,,37.247887,,,,1.712664,,,,,,,,,,0.050692,0.160532,synthetic,False,2.0,85.7498,14.250200000000007,0.31415000000001214,0.28069500000000003,0.2528280000000001,0.2529390000000001,,,,94.014597,0.0,0.0,47.0072985,-0.21178757575757534,-0.2717623076923082,37.4176296,37.359789559999996,,0.9996914,73.0,22.0,84.6582,82.79990000000001,78.3425,71.7878,50,False
demo,D12,52,1.705083,35,6139.386018,3.405266,,,0.996252,,37.689202,,,,1.69959,,,,,,,,,,0.052749,0.166383,synthetic,False,2.0,85.25415,14.745850000000004,0.4956499999999977,0.21863500000000044,0.2821580000000006,0.27077800000000024,,,,95.714187,0.0,0.0,47.8570935,-0.261456969696972,-0.2715713076923079,37.4554172,37.387792520000005,,0.9994333,73.0,21.0,84.63454999999999,82.38985,78.4459,71.4567,51,False
demo,D12,53,1.700766,35,6116.126867,3.412381,,,1.018926,,37.5727,,,,1.696358,,,,,,,,,,0.053992,0.164094,synthetic,False,2.0,85.0383,14.961699999999993,0.215849999999989,0.28211999999999904,0.2803159999999997,0.25520099999999984,,,,97.410545,0.0,0.0,48.7052725,-0.2684654545454563,-0.270565653846154,37.5002149,37.3782606,,0.9999975000000001,73.0,20.0,83.8989,82.92439999999999,78.22115,71.26155,52,False
demo,D12,54,1.698716,35,6106.160215,3.417255,,,0.985923,,37.474963,,,,1.700996,,,,,,,,,,0.052248,0.162958,synthetic,False,2.0,84.9358,15.0642,0.10250000000000625,0.2589199999999991,0.2848419999999999,0.24732900000000002,,,,99.111541,0.0,0.0,49.5557705,-0.26916848484848216,-0.2650089615384618,37.5033332,37.39716036,,0.9982593,73.0,19.0,83.0952,82.3672,78.2158,70.9783,53,False
demo,D12,55,1.690826,35,6070.181725,3.416209,,,0.989163,,37.578345,,,,1.685935,,,,,,,,,,0.054013,0.164445,synthetic,False,2.0,84.54129999999999,15.458700000000007,0.39450000000000784,0.254610000000001,0.2560840000000002,0.2556110000000001,,,,100.797476,0.0,0.0,50.398738,-0.28917878787878837,-0.2687505769230776,37.5114554,37.423516719999995,,0.9963559999999999,73.0,18.0,83.52834999999999,82.17795,77.72225,70.7028,54,False
demo,D12,56,1.693164,35,6066.924969,3.414286,,,1.007624,,37.432074,,,,1.694222,,,,,,,,,,0.053252,0.160157,synthetic,False,2.0,84.6582,15.341800000000006,-0.11690000000000111,0.2444900000000004,0.2641300000000001,0.25440400000000013,,,,102.491698,0.0,0.0,51.245849,-0.2709042424242432,-0.26330792307692225,37.500954099999994,37.41343036,,0.9964031,73.0,17.0,82.79990000000001,81.74755,77.70315,70.31915,55,False
demo,D12,57,1.692691,35,6080.844568,3.414328,,,0.996586,,37.56143,,,,1.692778,,,,,,,,,,0.052882,0.168817,synthetic,False,2.0,84.63454999999999,15.36545000000001,0.0236500000000035,0.20641000000000104,0.21495600000000026,0.24221100000000007,,,,104.184476,0.0,0.0,52.092238,-0.2512478787878754,-0.2655341538461535,37.5803688,37.41068516,,0.9989378999999999,73.0,16.0,82.38985,81.3092,77.1825,70.46940000000001,56,False
demo,D12,58,1.677978,35,6057.103369,3.405583,,,1.003073,,37.664624,,,,1.676194,,,,,,,,,,0.054126,0.159618,synthetic,False,2.0,83.8989,16.101100000000002,0.7356499999999926,0.2875800000000012,0.30730799999999986,0.263228,,,,105.86067,0.0,0.0,52.930335,-0.2416284848484848,-0.2546857307692318,37.5282114,37.42899152,,0.9993219,73.0,15.0,82.92439999999999,80.9787,76.89155,69.83315,57,False
demo,D12,59,1.661904,35,5975.236136,3.413231,,,0.998877,,37.592973,,,,1.66266,,,,,,,,,,0.054062,0.163863,synthetic,False,2.0,83.0952,16.904799999999994,0.8036999999999921,0.32663499999999884,0.2892399999999998,0.25425299999999995,,,,107.52333,0.0,0.0,53.761665,-0.26853242424242574,-0.2579003076923088,37.5182814,37.43728856,,1.0002877000000001,73.0,14.0,82.3672,81.02125,76.4322,70.19539999999999,58,False
demo,D12,60,1.670567,35,6007.79867,3.404021,,,0.998574,,37.56688,,,,1.667434,,,,,,,,,,0.053715,0.162318,synthetic,False,2.0,83.52834999999999,16.47165000000001,-0.4331499999999835,0.2535600000000017,0.24284200000000056,0.24027100000000018,,,,109.190764,0.0,0.0,54.595382,-0.25205787878787733,-0.2588222692307691,37.5381078,37.44341732,,1.0009744,73.0,13.0,82.17795,80.85175,76.74980000000001,69.1354,59,False
demo,D12,61,1.655998,35,5955.05745,3.402438,,,0.996958,,37.864218,,,,1.658783,,,,,,,,,,0.054456,0.162787,synthetic,False,2.0,82.79990000000001,17.200099999999992,0.728449999999981,0.29498999999999853,0.2833219999999994,0.2657079999999996,,,,110.849547,0.0,0.0,55.4247735,-0.2655257575757554,-0.2589628461538481,37.5997409,37.46447844,,0.9991956,73.0,12.0,81.74755,80.21549999999999,75.58065,69.1145,60,False
demo,D12,62,1.647797,35,5954.220621,3.407526,,,1.001795,,37.129028,,,,1.645496,,,,,,,,,,0.053725,0.162725,synthetic,False,2.0,82.38985,17.610150000000004,0.41005000000001246,0.28643,0.27741199999999994,0.25833799999999996,,,,112.495043,0.0,0.0,56.2475215,-0.29864696969696675,-0.2630180000000002,37.543723500000006,37.46979456,,0.9997499,73.0,11.0,81.3092,80.58125000000001,75.84715,68.315,61,False
demo,D12,63,1.658488,35,5953.927092,3.405339,,,1.006416,,37.312798,,,,1.657206,,,,,,,,,,0.05177,0.161345,synthetic,False,2.0,82.92439999999999,17.07560000000001,-0.5345499999999959,0.21139000000000152,0.2394640000000004,0.26006400000000013,,,,114.152249,0.0,0.0,57.0761245,-0.2822821212121202,-0.26094550000000044,37.5177333,37.493819359999996,,0.9984988999999999,73.0,10.0,80.9787,79.62335,75.4185,68.65865,62,False
demo,D12,64,1.647344,35,5935.367891,3.406745,,,1.016144,,37.535624,,,,1.645679,,,,,,,,,,0.053148,0.167671,synthetic,False,2.0,82.3672,17.632800000000003,0.5571999999999946,0.25686000000000037,0.26950000000000046,0.26219300000000006,,,,115.797928,0.0,0.0,57.898964,-0.277520303030302,-0.2574743076923073,37.523799399999994,37.51061724,,1.0015209999999999,73.0,9.0,81.02125,78.9869,75.42325,67.7323,63,False
demo,D12,65,1.643559,35,5915.596347,3.407168,,,0.997975,,37.352195,,,,1.645825,,,,,,,,,,0.05176,0.160644,synthetic,False,2.0,82.17795,17.822050000000004,0.18925000000000125,0.23633499999999968,0.24210000000000037,0.2626770000000002,,,,117.443753,0.0,0.0,58.7218765,-0.27824666666666426,-0.2593098461538475,37.5011844,37.49242004,,1.0024022000000001,73.0,8.0,80.85175,78.61075,74.89785,67.7851,64,False
demo,D12,66,1.634951,35,5887.023878,3.411481,,,0.996064,,37.448565,,,,1.636732,,,,,,,,,,0.054308,0.167553,synthetic,False,2.0,81.74755,18.252449999999996,0.4303999999999917,0.29106499999999896,0.2723679999999996,0.262243,,,,119.080485,0.0,0.0,59.5402425,-0.26600939393939477,-0.25719953846153887,37.5028335,37.4780766,,1.0012462,73.0,7.0,80.21549999999999,78.3425,75.67819999999999,67.27335,65,False
demo,D12,67,1.626184,35,5858.552624,3.405008,,,0.994775,,37.88266,,,,1.617657,,,,,,,,,,0.054634,0.166898,synthetic,False,2.0,81.3092,18.690799999999996,0.4383499999999998,0.3325349999999986,0.24525199999999983,0.25532899999999986,,,,120.69814199999999,0.0,0.0,60.349070999999995,-0.24397818181818254,-0.2650601923076928,37.5349565,37.50092996,,1.0010651,73.0,6.0,80.58125000000001,78.4459,74.25345,67.1922,66,False
demo,D12,68,1.619574,35,5831.464619,3.399973,,,1.014698,,37.533397,,,,1.620397,,,,,,,,,,0.054746,0.164074,synthetic,False,2.0,80.9787,19.021299999999997,0.3305000000000007,0.2920199999999994,0.27523199999999975,0.280402,,,,122.31853899999999,0.0,0.0,61.15926949999999,-0.24871030303030317,-0.26706523076923155,37.5218338,37.51727692,,1.0022275999999999,73.0,5.0,79.62335,78.22115,74.4654,66.6897,67,False
demo,D12,69,1.620425,35,5847.407555,3.405259,,,1.006903,,37.11206,,,,1.614771,,,,,,,,,,0.054285,0.166781,synthetic,False,2.0,81.02125,18.978750000000005,-0.04254999999999143,0.20739500000000105,0.2601499999999999,0.2658420000000001,,,,123.93330999999999,0.0,0.0,61.966654999999996,-0.26930515151515094,-0.2667295769230777,37.4737425,37.50400812,,1.0030302,73.0,4.0,78.9869,78.2158,73.76175,66.2265,68,False
demo,D12,70,1.617035,35,5820.81362,3.398802,,,0.98101,,37.468613,,,,1.615931,,,,,,,,,,0.054798,0.164845,synthetic,False,2.0,80.85175,19.148250000000004,0.16949999999999932,0.26765999999999934,0.24942600000000026,0.24636100000000027,,,,125.549241,0.0,0.0,62.7746205,-0.24512999999999868,-0.26733165384615315,37.4639158,37.50286772,,1.0012737999999999,73.0,3.0,78.61075,77.72225,74.06505,66.08455,69,False
demo,D12,71,1.60431,35,5805.740804,3.404191,,,0.980569,,37.608063,,,,1.603963,,,,,,,,,,0.05238,0.162525,synthetic,False,2.0,80.21549999999999,19.78450000000001,0.636250000000004,0.25844000000000167,0.27550400000000025,0.27267300000000033,,,,127.15320399999999,0.0,0.0,63.576601999999994,-0.2717790909090905,-0.26885315384615405,37.438300299999995,37.505706759999995,,0.9996349,73.0,2.0,78.3425,77.70315,73.26855,66.3308,70,False
demo,D12,72,1.611625,35,5802.623894,3.401712,,,0.991699,,37.592485,,,,1.61049,,,,,,,,,,0.053776,0.162264,synthetic,False,2.0,80.58125000000001,19.41874999999999,-0.3657500000000198,0.1808599999999984,0.24469599999999958,0.25492999999999966,,,,128.763694,0.0,0.0,64.381847,-0.27448878787878006,-0.2657448461538463,37.484646,37.53871484,,0.9986253000000002,73.0,1.0,78.4459,77.1825,72.9057,65.71045,71,False
demo,D12,73,1.592467,35,5703.582603,3.400661,,,1.002301,,37.750309,,,,1.594062,,,,,,,,,,0.05266,0.168268,synthetic,False,2.0,79.62335,20.376649999999998,0.9579000000000093,0.3301049999999989,0.2860540000000003,0.2646579999999997,,,,130.357756,0.0,0.0,65.178878,-0.271888484848483,-0.26601250000000054,37.5283971,37.52127928,,0.9982138,73.0,0.0,78.22115,76.89155,72.56745,65.521,72,False
demo,D12,74,1.579738,35,5697.947134,3.390345,,,0.999665,,37.74899,,,,1.582013,,,,,,,,,,0.053844,0.168621,synthetic,False,2.0,78.9869,21.013099999999994,0.6364499999999964,0.3380299999999991,0.2949859999999995,0.27552699999999986,,,,131.93976899999998,0.0,0.0,65.96988449999999,-0.3011375757575754,-0.27078553846153874,37.549733700000004,37.52354796,,0.9965659,73.0,,78.2158,76.4322,72.49175,65.3015,73,False
demo,D12,75,1.572215,35,5666.632006,3.387524,,,1.005148,,37.606971,,,,1.569783,,,,,,,,,,0.055894,0.167837,synthetic,False,2.0,78.61075,21.389250000000004,0.37615000000000975,0.35672,0.2981280000000004,0.27820300000000003,,,,133.50955199999999,0.0,0.0,66.75477599999999,-0.3225472727272693,-0.2763339230769232,37.5752113,37.53308216,,0.9972832,73.0,,77.72225,76.74980000000001,71.85695,64.40615,74,False
demo,D12,76,1.56685,35,5641.212122,3.389851,,,0.998246,,37.351464,,,,1.564313,,,,,,,,,,0.055425,0.166151,synthetic,False,2.0,78.3425,21.6575,0.26824999999999477,0.3405050000000003,0.29629199999999967,0.2745599999999999,,,,135.07386499999998,0.0,0.0,67.53693249999999,-0.34404333333333076,-0.28176673076922826,37.5655012,37.53722524,,0.9975014,73.0,,77.70315,75.58065,71.7878,64.5969,75,False
demo,D12,77,1.568918,35,5643.705615,3.403098,,,1.013974,,37.536339,,,,1.568805,,,,,,,,,,0.054973,0.166672,synthetic,False,2.0,78.4459,21.554100000000005,-0.1033999999999935,0.286330000000001,0.27233,0.2772440000000003,,,,136.64266999999998,0.0,0.0,68.32133499999999,-0.34784939393938713,-0.2855036538461537,37.530869100000004,37.531110719999994,,0.9994213000000001,73.0,,77.1825,75.84715,71.4567,64.23975,76,False
demo,D12,78,1.564423,35,5596.194164,3.39096,,,1.007721,,37.497672,,,,1.559593,,,,,,,,,,0.054174,0.166446,synthetic,False,2.0,78.22115,21.778850000000006,0.22475000000000023,0.2757550000000009,0.2726860000000005,0.2765010000000001,,,,138.202263,0.0,0.0,69.1011315,-0.35124121212121134,-0.2882365769230774,37.52729660000001,37.5281096,,0.9987235999999999,73.0,,76.89155,75.4185,71.26155,63.95825000000001,77,False
demo,D12,79,1.564316,35,5598.645442,3.398469,,,1.000776,,37.58225,,,,1.562823,,,,,,,,,,0.053363,0.162187,synthetic,False,2.0,78.2158,21.7842,0.0053499999999928605,0.2805449999999993,0.26879999999999993,0.27682099999999993,,,,139.765086,0.0,0.0,69.882543,-0.31866333333333513,-0.28679992307692276,37.5743156,37.53240108,,0.9981109,73.0,,76.4322,75.42325,70.9783,64.02839999999999,78,False
demo,D12,80,1.554445,35,5623.65876,3.391738,,,1.011453,,37.841125,,,,1.558636,,,,,,,,,,0.054643,0.168006,synthetic,False,2.0,77.72225,22.277749999999997,0.49354999999999905,0.3129499999999993,0.2727619999999996,0.2644229999999999,,,,141.323722,0.0,0.0,70.661861,-0.290300909090915,-0.28869488461538495,37.6115668,37.54291228,,1.0011552,73.0,,76.74980000000001,74.89785,70.7028,62.922599999999996,79,False
demo,D12,81,1.554063,35,5584.800846,3.393298,,,0.983511,,37.769931,,,,1.549382,,,,,,,,,,0.05557,0.169405,synthetic,False,2.0,77.70315,22.296850000000006,0.019100000000008777,0.25123499999999976,0.278202,0.2711660000000001,,,,142.873104,0.0,0.0,71.436552,-0.26746363636363574,-0.28435173076923087,37.627753600000005,37.55642656,,1.0014493999999998,73.0,,75.58065,75.67819999999999,70.31915,63.05275,80,False
demo,D12,82,1.54365,35,5573.239247,3.392777,,,0.999149,,37.890526,,,,1.5426,,,,,,,,,,0.054973,0.168457,synthetic,False,2.0,77.1825,22.817499999999995,0.5206499999999892,0.3398750000000007,0.2980819999999994,0.25651899999999983,,,,144.415704,0.0,0.0,72.207852,-0.2181893939393925,-0.27970103846153826,37.6575577,37.5695904,,1.0021944,73.0,,75.84715,74.25345,70.46940000000001,62.9453,81,False
demo,D12,83,1.537831,35,5509.567008,3.398804,,,1.001375,,37.597233,,,,1.536009,,,,,,,,,,0.053036,0.173794,synthetic,False,2.0,76.89155,23.108450000000005,0.29095000000000937,0.2731800000000007,0.2802940000000001,0.293801,,,,145.951713,0.0,0.0,72.9758565,-0.20744818181817806,-0.27936019230769277,37.6422501,37.56689476,,1.0021018,73.0,,75.4185,74.4654,69.83315,62.072,82,False
demo,D12,84,1.528644,35,5485.837122,3.393419,,,1.00602,,38.084123,,,,1.534775,,,,,,,,,,0.054818,0.165841,synthetic,False,2.0,76.4322,23.567800000000005,0.4593500000000006,0.2554700000000011,0.2665200000000004,0.2778800000000001,,,,147.486488,0.0,0.0,73.743244,-0.23107969696969613,-0.2859062307692317,37.6757634,37.58654076,,1.0027373,73.0,,75.42325,73.76175,70.19539999999999,61.738400000000006,83,False
demo,D12,85,1.534996,35,5537.235903,3.393415,,,0.982848,,37.865716,,,,1.533345,,,,,,,,,,0.052737,0.166617,synthetic,False,2.0,76.74980000000001,23.250199999999992,-0.317600000000013,0.18609499999999884,0.2711419999999993,0.2569919999999999,,,,149.019833,0.0,0.0,74.5099165,-0.23149818181817808,-0.28006369230769235,37.7016379,37.5984942,,1.0005073,73.0,,74.89785,74.06505,69.1354,61.572700000000005,84,False
demo,D12,86,1.511613,35,5440.135054,3.394138,,,0.997396,,37.760638,,,,1.510163,,,,,,,,,,0.055688,0.169935,synthetic,False,2.0,75.58065,24.419349999999994,1.169150000000002,0.27618499999999957,0.2887700000000001,0.28604599999999974,,,,150.529996,0.0,0.0,75.264998,-0.2910148484848434,-0.28708353846153944,37.7425553,37.594351,,1.0004222999999999,73.0,,75.67819999999999,73.26855,69.1145,61.45265,85,False
demo,D12,87,1.516943,35,5469.804349,3.387085,,,1.004005,,37.875422,,,,1.513816,,,,,,,,,,0.054138,0.170054,synthetic,False,2.0,75.84715,24.15285,-0.2664999999999935,0.2598749999999995,0.26170799999999983,0.2695599999999999,,,,152.043812,0.0,0.0,76.021906,-0.295624848484851,-0.29019061538461427,37.7764636,37.62420676,,0.9994254,73.0,,74.25345,72.9057,68.315,60.62805,86,False
demo,D12,88,1.50837,35,5429.908793,3.39282,,,1.004772,,37.568505,,,,1.508398,,,,,,,,,,0.053693,0.163962,synthetic,False,2.0,75.4185,24.581500000000005,0.42865000000000464,0.280265,0.3002359999999999,0.26985000000000015,,,,153.55221,0.0,0.0,76.776105,-0.30709909090909054,-0.28687611538461477,37.7835469,37.63443504,,0.9991305,73.0,,74.4654,72.56745,68.65865,60.912200000000006,87,False
demo,D12,89,1.508465,35,5427.092442,3.392163,,,1.011861,,37.210113,,,,1.509281,,,,,,,,,,0.055733,0.171469,synthetic,False,2.0,75.42325,24.576750000000004,-0.004750000000001364,0.2792550000000006,0.27775800000000006,0.27362900000000023,,,,155.061491,0.0,0.0,77.5307455,-0.28469939393939564,-0.2833160000000001,37.746333199999995,37.6214146,,1.000239,73.0,,73.76175,72.49175,67.7323,60.01945,88,False
demo,D12,90,1.497957,35,5381.641825,3.390804,,,1.007615,,37.601391,,,,1.495303,,,,,,,,,,0.05558,0.170827,synthetic,False,2.0,74.89785,25.102149999999995,0.5253999999999905,0.2824399999999997,0.29120399999999963,0.266652,,,,156.556794,0.0,0.0,78.278397,-0.2900121212121202,-0.2811567307692304,37.72235980000001,37.63138244,,0.9998552,73.0,,74.06505,71.85695,67.7851,60.524750000000004,89,False
demo,D12,91,1.513564,35,5429.312513,3.388575,,,0.999392,,37.916518,,,,1.516557,,,,,,,,,,0.055097,0.163099,synthetic,False,2.0,75.67819999999999,24.32180000000001,-0.7803499999999843,0.2024950000000004,0.24277400000000057,0.2575710000000001,,,,158.073351,0.0,0.0,79.0366755,-0.2197984848484857,-0.27049815384615483,37.7370185,37.65010056,,1.0014433,73.0,,73.26855,71.7878,67.27335,59.985299999999995,90,False
demo,D12,92,1.485069,35,5368.744282,3.383884,,,1.00675,,37.792451,,,,1.485874,,,,,,,,,,0.057341,0.170247,synthetic,False,2.0,74.25345,25.74655,1.4247499999999889,0.29290500000000036,0.28223000000000015,0.263741,,,,159.559225,0.0,0.0,79.7796125,-0.2374636363636373,-0.27270588461538453,37.727211,37.646492200000004,,1.0022034,73.0,,72.9057,71.4567,67.1922,60.09915,91,False
demo,D12,93,1.489308,35,5386.719186,3.382684,,,0.997986,,37.731829,,,,1.491846,,,,,,,,,,0.055742,0.168002,synthetic,False,2.0,74.4654,25.534599999999998,-0.21195000000000164,0.24261499999999928,0.26053200000000004,0.2678819999999999,,,,161.051071,0.0,0.0,80.5255355,-0.22746090909091124,-0.2708346538461535,37.7406706,37.65442948,,1.0018645,73.0,,72.56745,71.26155,66.6897,59.41945,92,False
demo,D12,94,1.475235,35,5294.296256,3.381176,,,1.001468,,37.575188,,,,1.474267,,,,,,,,,,0.054603,0.169631,synthetic,False,2.0,73.76175,26.238249999999994,0.7036499999999961,0.2670449999999988,0.2903799999999995,0.2752649999999997,,,,162.525338,0.0,0.0,81.262669,-0.2570545454545463,-0.2700229230769228,37.6897771,37.672954600000004,,1.0014093000000002,73.0,,72.49175,70.9783,66.2265,58.82064999999999,93,False
demo,D12,95,1.481301,35,5315.021717,3.381495,,,1.007948,,37.289092,,,,1.482022,,,,,,,,,,0.055706,0.166734,synthetic,False,2.0,74.06505,25.93495,-0.303299999999993,0.2684750000000008,0.2714679999999998,0.26044700000000004,,,,164.00736,0.0,0.0,82.00368,-0.21656212121212262,-0.26252226923076977,37.6321147,37.66577376,,1.0039193,73.0,,71.85695,70.7028,66.08455,58.3653,94,False
demo,D12,96,1.465371,35,5269.832912,3.384639,,,0.999547,,38.158154,,,,1.464747,,,,,,,,,,0.05506,0.172634,synthetic,False,2.0,73.26855,26.731449999999995,0.7964999999999947,0.23121000000000008,0.27787799999999946,0.27669099999999985,,,,165.472107,0.0,0.0,82.7360535,-0.264916060606061,-0.26351588461538444,37.6718663,37.6877774,,1.0041343999999999,73.0,,71.7878,70.31915,66.3308,,95,False
demo,D12,97,1.458114,35,5254.572223,3.381351,,,1.00362,,37.760855,,,,1.462365,,,,,,,,,,0.056686,0.176961,synthetic,False,2.0,72.9057,27.094300000000004,0.3628500000000088,0.2941450000000003,0.3070220000000006,0.2758590000000001,,,,166.934472,0.0,0.0,83.467236,-0.2872696969696988,-0.2588575769230779,37.6604096,37.6945122,,1.0040959,73.0,,71.4567,70.46940000000001,65.71045,,96,False
demo,D12,98,1.451349,35,5222.006262,3.383144,,,1.009613,,37.715592,,,,1.451686,,,,,,,,,,0.055767,0.172741,synthetic,False,2.0,72.56745,27.432550000000006,0.33825000000000216,0.28510500000000005,0.2822360000000003,0.2841450000000003,,,,168.386158,0.0,0.0,84.193079,-0.3209960606060582,-0.26099630769230786,37.675118299999994,37.69312352,,1.00458,73.0,,71.26155,69.83315,65.521,,97,False
demo,D12,99,1.449835,35,5227.227904,3.383181,,,1.007122,,37.657336,,,,1.44986,,,,,,,,,,0.055882,0.165528,synthetic,False,2.0,72.49175,27.508250000000004,0.07569999999999766,0.29314999999999997,0.25980600000000037,0.277396,,,,169.836018,0.0,0.0,84.918009,-0.3239766666666659,-0.26477069230769285,37.719840600000005,37.68945736,,1.0041061,73.0,,70.9783,70.19539999999999,65.3015,,98,False
demo,D12,100,1.437139,35,5172.937551,3.375403,,,1.012335,,38.157921,,,,1.435822,,,,,,,,,,0.054186,0.173371,synthetic,False,2.0,71.85695,28.143050000000002,0.6347999999999985,0.30409000000000075,0.27015199999999995,0.28414000000000017,,,,171.27184,0.0,0.0,85.63592,-0.3610760606060574,-0.27316999999999997,37.7754936,37.71149536,,1.0045781,73.0,,70.7028,69.1354,64.40615,,99,False
demo,D12,101,1.435756,35,5166.943891,3.37511,,,1.023284,,38.066704,,,,1.434274,,,,,,,,,,0.055704,0.171986,synthetic,False,2.0,71.7878,28.212199999999996,0.06914999999999338,0.38903999999999855,0.26218799999999987,0.27923999999999977,,,,172.70611399999999,0.0,0.0,86.35305699999999,-0.31306454545454687,-0.2796948846153847,37.7905122,37.74010496,,1.0069673,73.0,,70.31915,69.1145,64.5969,,100,False
demo,D12,102,1.429134,35,5182.125726,3.377727,,,1.007029,,37.61449,,,,1.429813,,,,,,,,,,0.055652,0.169532,synthetic,False,2.0,71.4567,28.543300000000002,0.3311000000000064,0.2796750000000003,0.27956799999999987,0.27594899999999994,,,,174.13592699999998,0.0,0.0,87.06796349999999,-0.3309399999999989,-0.283200000000001,37.772716100000004,37.743230999999994,,1.0069952,73.0,,70.46940000000001,68.315,64.23975,,101,False
demo,D12,103,1.425231,35,5122.74734,3.375053,,,0.995387,,38.153289,,,,1.427567,,,,,,,,,,0.054723,0.174052,synthetic,False,2.0,71.26155,28.73845,0.19514999999999816,0.32038500000000025,0.2783839999999998,0.27553500000000014,,,,175.563494,0.0,0.0,87.781747,-0.3114300000000046,-0.2853776923076918,37.8148621,37.76945568,,1.0067353,73.0,,69.83315,68.65865,63.95825000000001,,102,False
demo,D12,104,1.419566,35,5135.580279,3.373924,,,1.005118,,37.834383,,,,1.417622,,,,,,,,,,0.055583,0.175857,synthetic,False,2.0,70.9783,29.021699999999996,0.28324999999999534,0.2783450000000002,0.28949999999999987,0.2791499999999999,,,,176.981116,0.0,0.0,88.490558,-0.3154454545454531,-0.2848699615384611,37.8407816,37.779541,,1.0071002999999998,73.0,,70.19539999999999,67.7323,64.02839999999999,,103,False
demo,D12,105,1.414056,35,5112.697058,3.38354,,,1.004688,,37.726281,,,,1.414414,,,,,,,,,,0.056295,0.171432,synthetic,False,2.0,70.7028,29.297200000000004,0.27550000000000807,0.33622500000000033,0.28077800000000025,0.2767699999999999,,,,178.39552999999998,0.0,0.0,89.19776499999999,-0.28052939393939286,-0.2862734999999994,37.8845005,37.77494724,,1.0067743,73.0,,69.1354,67.7851,62.922599999999996,,104,False
demo,D12,106,1.406383,35,5070.634878,3.369664,,,1.006135,,37.817023,,,,1.406901,,,,,,,,,,0.055932,0.168813,synthetic,False,2.0,70.31915,29.680850000000007,0.38365000000000293,0.29494000000000115,0.29536,0.286781,,,,179.80243099999998,0.0,0.0,89.90121549999999,-0.2788851515151513,-0.2860098461538465,37.8503874,37.776830919999995,,1.0074331,73.0,,69.1145,67.27335,63.05275,,105,False
demo,D12,107,1.409388,35,5044.479523,3.384266,,,1.01495,,37.690093,,,,1.410398,,,,,,,,,,0.054494,0.167589,synthetic,False,2.0,70.46940000000001,29.530599999999993,-0.15025000000001398,0.24362999999999885,0.2685239999999999,0.28330299999999964,,,,181.21282899999997,0.0,0.0,90.60641449999999,-0.25748515151515033,-0.28388576923076975,37.8433112,37.7688136,,1.0085661,73.0,,68.315,67.1922,62.9453,,106,False
demo,D12,108,1.396663,35,5028.455184,3.375738,,,0.983159,,37.574786,,,,1.391893,,,,,,,,,,0.05576,0.172136,synthetic,False,2.0,69.83315,30.166849999999997,0.636250000000004,0.27342999999999906,0.2823359999999997,0.28131499999999987,,,,182.60472199999998,0.0,0.0,91.30236099999999,-0.26380878787878254,-0.2853803461538458,37.8292306,37.76791572,,1.0059207,73.0,,68.65865,66.6897,62.072,,107,False
demo,D12,109,1.403908,35,5046.265185,3.379433,,,1.015138,,38.088171,,,,1.401312,,,,,,,,,,0.055493,0.173377,synthetic,False,2.0,70.19539999999999,29.804600000000008,-0.36224999999998886,0.2296350000000004,0.24947200000000008,0.2579960000000003,,,,184.00603399999997,0.0,0.0,92.00301699999999,-0.22227696969696517,-0.28269503846153965,37.8723141,37.76807764,,1.0067223,73.0,,67.7323,66.2265,61.738400000000006,,108,False
demo,D12,110,1.382708,35,4978.047325,3.376312,,,1.018504,,37.870762,,,,1.37893,,,,,,,,,,0.056366,0.173144,synthetic,False,2.0,69.1354,30.864599999999996,1.059999999999988,0.27215499999999937,0.3045760000000001,0.2878589999999997,,,,185.38496399999997,0.0,0.0,92.69248199999998,-0.2530487878787819,-0.2818208076923073,37.8435982,37.768279480000004,,1.0073392,73.0,,67.7851,66.08455,61.572700000000005,,109,False
demo,D12,111,1.38229,35,4960.375261,3.375254,,,1.005681,,38.080867,,,,1.382381,,,,,,,,,,0.056263,0.172659,synthetic,False,2.0,69.1145,30.885499999999993,0.020899999999997476,0.26732999999999973,0.25864599999999993,0.273708,,,,186.76734499999998,0.0,0.0,93.38367249999999,-0.25658212121212004,-0.28697376923076917,37.8450145,37.78108864,,1.0055789000000002,73.0,,67.27335,66.3308,61.45265,,110,False
demo,D12,112,1.3663,35,4929.839466,3.377435,,,1.005921,,38.022353,,,,1.363838,,,,,,,,,,0.055925,0.177052,synthetic,False,2.0,68.315,31.685000000000002,0.799500000000009,0.31417,0.30128600000000005,0.28149699999999994,,,,188.13118299999996,0.0,0.0,94.06559149999998,-0.29339424242424217,-0.2918677692307692,37.8858008,37.78696588,,1.0054681,73.0,,67.1922,65.71045,60.62805,,111,False
demo,D12,113,1.373173,35,4958.029052,3.367317,,,0.997584,,38.077376,,,,1.37181,,,,,,,,,,0.055818,0.176462,synthetic,False,2.0,68.65865,31.341350000000006,-0.3436499999999967,0.2602900000000005,0.270394,0.28531499999999993,,,,189.50299299999998,0.0,0.0,94.75149649999999,-0.2863906060606056,-0.2920821538461535,37.878209500000004,37.80732072,,1.0056878,73.0,,66.6897,65.521,60.912200000000006,,112,False
demo,D12,114,1.354646,35,4893.841653,3.368705,,,1.000063,,37.456535,,,,1.35141,,,,,,,,,,0.056521,0.176413,synthetic,False,2.0,67.7323,32.267700000000005,0.9263499999999993,0.32460000000000094,0.307638,0.292698,,,,190.85440299999996,0.0,0.0,95.42720149999998,-0.3172481818181791,-0.2956000769230772,37.84042470000001,37.8171776,,1.0051823,73.0,,66.2265,65.3015,60.01945,,113,False
demo,D12,115,1.355702,35,4874.930432,3.366051,,,1.00698,,37.749757,,,,1.354608,,,,,,,,,,0.057406,0.178221,synthetic,False,2.0,67.7851,32.2149,-0.05280000000000484,0.29176999999999964,0.2845100000000002,0.2878569999999999,,,,192.20901099999998,0.0,0.0,96.10450549999999,-0.3242469696969714,-0.2979685000000004,37.8427723,37.82311224,,1.0054115000000001,73.0,,66.08455,64.40615,60.524750000000004,,114,False
demo,D12,116,1.345467,35,4828.286216,3.361399,,,1.006336,,38.124141,,,,1.342442,,,,,,,,,,0.056824,0.174212,synthetic,False,2.0,67.27335,32.72665000000001,0.5117500000000064,0.30457999999999996,0.3361939999999998,0.2894840000000002,,,,193.55145299999998,0.0,0.0,96.77572649999999,-0.3493700000000028,-0.2917859230769218,37.8734841,37.83141716,,1.0054316,73.0,,66.3308,64.5969,59.985299999999995,,115,False
demo,D12,117,1.343844,35,4842.943785,3.365336,,,1.007207,,37.665526,,,,1.345881,,,,,,,,,,0.057985,0.172963,synthetic,False,2.0,67.1922,32.8078,0.08114999999999384,0.3277200000000008,0.28245000000000003,0.2823400000000001,,,,194.89733399999997,0.0,0.0,97.44866699999999,-0.33198393939393933,-0.29413465384615434,37.8710274,37.82634016,,1.0046572999999999,73.0,,65.71045,64.23975,60.09915,,116,False
demo,D12,118,1.333794,35,4826.955507,3.374214,,,1.006267,,38.092575,,,,1.335073,,,,,,,,,,0.057795,0.175081,synthetic,False,2.0,66.6897,33.3103,0.5024999999999977,0.31434500000000015,0.311028,0.28578000000000003,,,,196.23240699999997,0.0,0.0,98.11620349999998,-0.3446999999999989,-0.29357061538461493,37.9228063,37.84077,,1.0069681000000001,73.0,,65.521,63.95825000000001,59.41945,,117,False
demo,D12,119,1.32453,35,4769.301046,3.364872,,,1.008984,,37.665529,,,,1.324928,,,,,,,,,,0.058251,0.175245,synthetic,False,2.0,66.2265,33.7735,0.4632000000000005,0.3968899999999991,0.3014100000000002,0.29589499999999985,,,,197.55733499999997,0.0,0.0,98.77866749999998,-0.3204290909090952,-0.2983374615384612,37.8805421,37.844383640000004,,1.0063527,73.0,,65.3015,64.02839999999999,58.82064999999999,,118,False
demo,D12,120,1.321691,35,4764.542362,3.373145,,,1.007866,,38.021575,,,,1.320892,,,,,,,,,,0.058152,0.170979,synthetic,False,2.0,66.08455,33.91545000000001,0.14195000000000846,0.3050850000000011,0.3192200000000003,0.29534400000000005,,,,198.87822699999995,0.0,0.0,99.43911349999998,-0.3264596969696938,-0.2955852692307698,37.8956234,37.873682960000004,,1.0052889,73.0,,64.40615,62.922599999999996,58.3653,,119,False
demo,D12,121,1.326616,35,4772.451997,3.37417,,,0.989757,,38.412573,,,,1.32121,,,,,,,,,,0.058297,0.175299,synthetic,False,2.0,66.3308,33.669200000000004,-0.2462500000000034,0.278370000000001,0.2775100000000003,0.2776939999999999,,,,200.19943699999996,0.0,0.0,100.09971849999998,-0.28347181818181866,-0.29238615384615374,37.928794,37.883859720000004,,1.0036964999999998,73.0,,64.5969,63.05275,,,120,False
demo,D12,122,1.314209,35,4724.005056,3.376257,,,1.008323,,38.222337,,,,1.313004,,,,,,,,,,0.055705,0.180746,synthetic,False,2.0,65.71045,34.289550000000006,0.620350000000002,0.2604550000000003,0.28781000000000007,0.29741600000000035,,,,201.51244099999997,0.0,0.0,100.75622049999998,-0.2938793939393915,-0.2932051153846154,37.9487924,37.902319000000006,,1.0039367000000001,73.0,,64.23975,62.9453,,,121,False
demo,D12,123,1.31042,35,4726.829873,3.371425,,,1.018586,,37.571684,,,,1.308425,,,,,,,,,,0.057543,0.179986,synthetic,False,2.0,65.521,34.479,0.18944999999999368,0.31376499999999935,0.2818579999999997,0.28204700000000005,,,,202.82086599999997,0.0,0.0,101.41043299999998,-0.26014030303030417,-0.29362053846153796,37.898223200000004,37.89656268,,1.0060369,73.0,,63.95825000000001,62.072,,,122,False
demo,D12,124,1.30603,35,4700.211524,3.372686,,,0.999734,,38.253048,,,,1.306676,,,,,,,,,,0.058158,0.179334,synthetic,False,2.0,65.3015,34.698499999999996,0.21949999999999648,0.24307999999999907,0.2876099999999997,0.273708,,,,204.12754199999998,0.0,0.0,102.06377099999999,-0.2620984848484848,-0.29139876923076824,37.9778745,37.92039116,,1.0060040000000001,73.0,,64.02839999999999,61.738400000000006,,,123,False
demo,D12,125,1.288123,35,4642.855779,3.362316,,,1.014995,,38.523375,,,,1.289719,,,,,,,,,,0.058518,0.17887,synthetic,False,2.0,64.40615,35.59385,0.8953500000000076,0.33789500000000033,0.298032,0.284092,,,,205.41726099999997,0.0,0.0,102.70863049999998,-0.27990969696969664,-0.2982588076923088,38.055236300000004,37.935009320000006,,1.0068055,73.0,,62.922599999999996,61.572700000000005,,,124,False
demo,D12,126,1.291938,35,4658.059214,3.362406,,,0.990827,,38.761347,,,,1.292777,,,,,,,,,,0.05631,0.182669,synthetic,False,2.0,64.5969,35.403099999999995,-0.1907500000000084,0.26764499999999886,0.28763599999999995,0.27491199999999993,,,,206.71003799999997,0.0,0.0,103.35501899999998,-0.2804760606060597,-0.2983181923076909,38.1189569,37.96279504,,1.0052546000000002,73.0,,63.05275,61.45265,,,125,False
demo,D12,127,1.284795,35,4630.085812,3.361779,,,0.999702,,38.191576,,,,1.288041,,,,,,,,,,0.057809,0.175428,synthetic,False,2.0,64.23975,35.76025,0.3571500000000043,0.29524499999999987,0.2886779999999999,0.2841229999999999,,,,207.99807899999996,0.0,0.0,103.99903949999998,-0.27349151515151626,-0.29945388461538486,38.17156189999999,37.985878480000004,,1.0045041000000001,73.0,,62.9453,60.62805,,,126,False
demo,D12,128,1.279165,35,4612.699698,3.359896,,,0.993588,,37.740148,,,,1.277711,,,,,,,,,,0.057284,0.175939,synthetic,False,2.0,63.95825000000001,36.04174999999999,0.2814999999999941,0.2731449999999995,0.2921319999999997,0.28525799999999973,,,,209.27578999999997,0.0,0.0,104.63789499999999,-0.2795742424242399,-0.29958803846153836,38.1363192,37.96935284,,1.0032362000000001,73.0,,62.072,60.912200000000006,,,127,False
demo,D12,129,1.280568,35,4598.248974,3.36067,,,1.013792,,38.187817,,,,1.279007,,,,,,,,,,0.059041,0.18215,synthetic,False,2.0,64.02839999999999,35.97160000000001,-0.07014999999998395,0.2198100000000011,0.2779960000000006,0.2837480000000002,,,,210.55479699999998,0.0,0.0,105.27739849999999,-0.2796021212121235,-0.2962892307692306,38.188548000000004,37.9834902,,1.003717,73.0,,61.738400000000006,60.01945,,,128,False
demo,D12,130,1.258452,35,4518.003883,3.360315,,,1.016405,,38.511331,,,,1.261064,,,,,,,,,,0.056028,0.179745,synthetic,False,2.0,62.922599999999996,37.077400000000004,1.105799999999995,0.3161949999999997,0.31120800000000004,0.2959930000000001,,,,211.81586099999998,0.0,0.0,105.90793049999999,-0.32276606060605784,-0.30060673076923106,38.237523599999996,38.0148922,,1.0045709,73.0,,61.572700000000005,60.524750000000004,,,129,False
demo,D12,131,1.261055,35,4539.217615,3.355769,,,0.999008,,38.061645,,,,1.261474,,,,,,,,,,0.05662,0.177544,synthetic,False,2.0,63.05275,36.94725,-0.13015000000000754,0.32780499999999935,0.2906559999999996,0.2930079999999998,,,,213.07733499999998,0.0,0.0,106.53866749999999,-0.3040875757575718,-0.30157457692307704,38.202430799999995,38.024677080000004,,1.0054960000000002,73.0,,61.45265,59.985299999999995,,,130,False
demo,D12,132,1.258906,35,4531.810797,3.351853,,,1.011711,,38.372418,,,,1.258285,,,,,,,,,,0.0556,0.1813,synthetic,False,2.0,62.9453,37.0547,0.10745000000000005,0.2765149999999991,0.3009640000000002,0.28474400000000005,,,,214.33561999999998,0.0,0.0,107.16780999999999,-0.2928927272727282,-0.2964422307692305,38.217438900000005,38.051970080000004,,1.0058348000000001,73.0,,60.62805,60.09915,,,131,False
demo,D12,133,1.24144,35,4462.179511,3.356634,,,1.016506,,37.92794,,,,1.246024,,,,,,,,,,0.05773,0.179027,synthetic,False,2.0,62.072,37.928,0.8733000000000004,0.3448999999999998,0.310446,0.29639099999999985,,,,215.58164399999998,0.0,0.0,107.79082199999999,-0.30844545454545386,-0.2999458461538454,38.2530645,38.06609624,,1.0056268,73.0,,60.912200000000006,59.41945,,,132,False
demo,D12,134,1.234768,35,4448.378703,3.351575,,,0.999671,,38.240936,,,,1.236195,,,,,,,,,,0.059916,0.178097,synthetic,False,2.0,61.738400000000006,38.261599999999994,0.333599999999997,0.35630999999999985,0.33827999999999947,0.2938759999999998,,,,216.817839,0.0,0.0,108.4089195,-0.3150218181818138,-0.2969362307692303,38.2518533,38.07220684,,1.0056204999999998,73.0,,60.01945,58.82064999999999,,,133,False
demo,D12,135,1.231454,35,4445.314959,3.351575,,,1.001298,,37.530423,,,,1.230985,,,,,,,,,,0.057641,0.178146,synthetic,False,2.0,61.572700000000005,38.427299999999995,0.16570000000000107,0.2833449999999992,0.302508,0.30354200000000003,,,,218.048824,0.0,0.0,109.024412,-0.3471372727272749,-0.29955076923076857,38.1525581,38.05859328,,1.0042507999999999,73.0,,60.524750000000004,58.3653,,,134,False
demo,D12,136,1.229053,35,4440.35399,3.353061,,,1.007336,,37.918836,,,,1.227367,,,,,,,,,,0.057811,0.181803,synthetic,False,2.0,61.45265,38.54735,0.12005000000000621,0.3144250000000007,0.30647400000000036,0.28256000000000014,,,,219.27619099999998,0.0,0.0,109.63809549999999,-0.3387393939393934,-0.2976650000000006,38.068307,38.05211204,,1.0059017,73.0,,59.985299999999995,,,,135,False
demo,D12,137,1.212561,35,4383.714815,3.350082,,,0.991575,,38.179628,,,,1.215778,,,,,,,,,,0.058425,0.182115,synthetic,False,2.0,60.62805,39.37195,0.8245999999999967,0.3611699999999999,0.30747799999999986,0.30438199999999993,,,,220.49196899999998,0.0,0.0,110.24598449999999,-0.36101757575757154,-0.30549219230769115,38.0671122,38.05840304,,1.0050890000000001,73.0,,60.09915,,,,136,False
demo,D12,138,1.218244,35,4368.379445,3.356721,,,1.001101,,38.081795,,,,1.218748,,,,,,,,,,0.057701,0.18582,synthetic,False,2.0,60.912200000000006,39.087799999999994,-0.2841500000000039,0.3046050000000001,0.3098579999999995,0.2901259999999998,,,,221.710717,0.0,0.0,110.8553585,-0.34278515151514927,-0.3013469230769244,38.1012769,38.058579800000004,,1.0058402999999998,73.0,,59.41945,,,,137,False
demo,D12,139,1.200389,35,4306.3229,3.349382,,,1.021428,,37.874262,,,,1.200448,,,,,,,,,,0.058362,0.181114,synthetic,False,2.0,60.01945,39.98055,0.8927500000000066,0.40089499999999917,0.30851399999999984,0.30807599999999996,,,,222.91116499999998,0.0,0.0,111.45558249999999,-0.33164969696970115,-0.30874711538461486,38.0699214,38.07528888,,1.0066039,73.0,,58.82064999999999,,,,138,False
demo,D12,140,1.210495,35,4353.995999,3.355954,,,0.995,,38.059343,,,,1.212132,,,,,,,,,,0.058287,0.180659,synthetic,False,2.0,60.524750000000004,39.475249999999996,-0.5053000000000054,0.2397849999999991,0.29041399999999984,0.287462,,,,224.12329699999998,0.0,0.0,112.06164849999999,-0.3180790909090895,-0.3050220384615381,38.024722600000004,38.08767232,,1.0044634000000001,73.0,,58.3653,,,,139,False
demo,D12,141,1.199706,35,4319.981585,3.350787,,,1.008538,,38.282855,,,,1.201818,,,,,,,,,,0.057157,0.186331,synthetic,False,2.0,59.985299999999995,40.014700000000005,0.5394500000000093,0.3067450000000008,0.29152199999999995,0.3138579999999999,,,,225.32511499999998,0.0,0.0,112.66255749999999,-0.29619151515151765,-0.30580911538461525,38.0468436,38.094020879999995,,1.0054164,73.0,,,,,,140,False
demo,D12,142,1.201983,35,4324.042091,3.349894,,,1.005238,,38.175469,,,,1.203304,,,,,,,,,,0.057886,0.184878,synthetic,False,2.0,60.09915,39.90085,-0.11385000000000645,0.2846150000000002,0.2837219999999999,0.283086,,,,226.52841899999999,0.0,0.0,113.26420949999999,-0.2380760606060618,-0.30075057692307644,38.0271487,38.1144186,,1.0047691,73.0,,,,,,141,False
demo,D12,143,1.188389,35,4271.107482,3.349182,,,0.998362,,38.232651,,,,1.19049,,,,,,,,,,0.058858,0.182899,synthetic,False,2.0,59.41945,40.58055,0.679700000000004,0.2652550000000005,0.2908100000000002,0.3009190000000001,,,,227.718909,0.0,0.0,113.8594545,-0.2407563636363662,-0.3015349999999996,38.0576198,38.12002164,,1.0029547,73.0,,,,,,142,False
demo,D12,144,1.176413,35,4231.21763,3.341885,,,1.002217,,38.418373,,,,1.177475,,,,,,,,,,0.059164,0.17826,synthetic,False,2.0,58.82064999999999,41.17935000000001,0.5988000000000042,0.29177500000000123,0.29623400000000033,0.29882200000000025,,,,228.89638399999998,0.0,0.0,114.44819199999999,-0.2661863636363647,-0.3068863076923081,38.0753635,38.150135399999996,,1.0032093000000002,73.0,,,,,,143,False
demo,D12,145,1.167306,35,4208.395509,3.347266,,,1.017526,,38.16325,,,,1.168602,,,,,,,,,,0.059625,0.180872,synthetic,False,2.0,58.3653,41.6347,0.4553499999999957,0.3207400000000007,0.3087699999999998,0.313995,,,,230.06498599999998,0.0,0.0,115.03249299999999,-0.2921336363636362,-0.3121635384615386,38.1386462,38.1558024,,1.0048321000000002,73.0,,,,,,144,False
demo,D13,1,1.997028,43,2386.820623,3.446726,,,2.992791,,47.840503,,,,1.995623,,,,,,,,,,0.050619,0.147161,synthetic,False,2.0,99.8514,0.14860000000000184,,,,,,,,1.995623,0.0,0.0,0.9978115,,,,,,,40.0,39.0,96.8185,94.9593,87.23925,73.1207,0,True
demo,D13,2,1.969863,43,2359.809513,3.446218,,,2.993142,,47.954045,,,,1.966438,,,,,,,,,,0.049824,0.153444,synthetic,False,2.0,98.49315,1.50685,1.3582499999999982,,,,,,,3.962061,0.0,0.0,1.9810305,,,,,,,40.0,38.0,96.54825,93.6482,86.10475,72.4911,1,True
demo,D13,3,1.969973,43,2364.384854,3.444146,,,3.008852,,47.879386,,,,1.959423,,,,,,,,,,0.051547,0.147114,synthetic,False,2.0,98.49865,1.5013500000000022,-0.00549999999999784,,,,,,,5.9214839999999995,0.0,0.0,2.9607419999999998,-0.6763750000000235,-0.6763750000000235,47.891311333333334,47.891311333333334,,2.9982616666666666,40.0,37.0,96.12365,93.28365,85.6599,71.97485,2,True
demo,D13,4,1.950779,43,2348.014763,3.43986,,,2.99005,,47.869728,,,,1.949194,,,,,,,,,,0.050936,0.147975,synthetic,False,2.0,97.53895,2.46105,0.959699999999998,0.7708166666666662,0.7708166666666662,0.7708166666666662,,,,7.870678,0.0,0.0,3.935339,-0.6931850000000053,-0.6931850000000053,47.885915499999996,47.885915499999996,,2.99620875,40.0,36.0,95.24415,93.2936,84.74074999999999,71.72095,3,True
demo,D13,5,1.948764,43,2341.00237,3.443761,,,3.008834,,47.787184,,,,1.955645,,,,,,,,,,0.049225,0.152076,synthetic,False,2.0,97.4382,2.561800000000005,0.100750000000005,0.6033000000000008,0.6033000000000008,0.6033000000000008,,,,9.826323,0.0,0.0,4.9131615,-0.5780600000000048,-0.5780600000000048,47.8661692,47.8661692,,2.9987338,40.0,35.0,95.02884999999999,92.5517,84.61215,70.3349,4,True
demo,D13,6,1.93637,43,2330.249095,3.443419,,,3.001014,,48.300893,,,,1.933164,,,,,,,,,,0.050529,0.152945,synthetic,False,2.0,96.8185,3.1814999999999998,0.6196999999999946,0.6065799999999996,0.6065799999999996,0.6065799999999996,,,,11.759487,0.0,0.0,5.8797435,-0.5511157142857109,-0.5511157142857109,47.938623166666666,47.938623166666666,,2.999113833333334,40.0,34.0,94.9593,93.547,84.41505000000001,70.04445,5,False
demo,D13,7,1.930965,43,2317.343988,3.439496,,,2.983517,,48.403836,,,,1.930154,,,,,,,,,,0.050518,0.153901,synthetic,False,2.0,96.54825,3.451750000000004,0.2702500000000043,0.5505250000000004,0.5505250000000004,0.5505250000000004,,,,13.689641,0.0,0.0,6.8448205,-0.5113999999999991,-0.5113999999999991,48.00508214285714,48.00508214285714,,2.9968857142857144,40.0,33.0,93.6482,91.8145,83.6938,69.9695,6,False
demo,D13,8,1.922473,43,2302.088661,3.445796,,,3.013645,,48.052647,,,,1.920341,,,,,,,,,,0.050557,0.151783,synthetic,False,2.0,96.12365,3.876350000000002,0.4245999999999981,0.5325357142857143,0.5325357142857143,0.5325357142857143,,,,15.609982,0.0,0.0,7.804991,-0.4876184523809474,-0.4876184523809474,48.01102775,48.01102775,,2.998980625,40.0,32.0,93.28365,90.75609999999999,83.04690000000001,69.36515,7,False
demo,D13,9,1.904883,43,2284.599673,3.438341,,,3.003103,,48.138266,,,,1.906312,,,,,,,,,,0.05146,0.156565,synthetic,False,2.0,95.24415,4.755849999999995,0.8794999999999931,0.5759062499999992,0.5759062499999992,0.5759062499999992,,,,17.516294000000002,0.0,0.0,8.758147000000001,-0.5026458333333371,-0.5026458333333371,48.025165333333334,48.025165333333334,,2.999438666666667,40.0,31.0,93.2936,90.323,82.06975,68.31150000000001,8,False
demo,D13,10,1.900577,43,2285.45096,3.434086,,,3.003941,,47.867552,,,,1.905465,,,,,,,,,,0.051629,0.151391,synthetic,False,2.0,95.02884999999999,4.971150000000009,0.21530000000001337,0.5358388888888896,0.5358388888888896,0.5358388888888896,,,,19.421759,0.0,0.0,9.7108795,-0.49462272727272816,-0.49462272727272816,48.009404,48.009404,,2.9998888999999997,40.0,30.0,92.5517,89.76855,81.8994,68.2256,9,False
demo,D13,11,1.899186,43,2286.083046,3.4329,,,3.010072,,48.168976,,,,1.89334,,,,,,,,,,0.051525,0.155912,synthetic,False,2.0,94.9593,5.040700000000001,0.06954999999999245,0.4892099999999999,0.4892099999999999,0.4892099999999999,,,,21.315099,0.0,0.0,10.6575495,-0.43503727272727194,-0.4709250000000053,48.0422513,48.02391054545455,,3.001617,40.0,29.0,93.547,89.3375,81.4991,67.88335,10,False
demo,D13,12,1.872964,43,2246.559869,3.433269,,,3.014992,,48.248045,,,,1.867915,,,,,,,,,,0.051609,0.155724,synthetic,False,2.0,93.6482,6.351799999999997,1.3110999999999962,0.48449499999999973,0.5639272727272723,0.5639272727272723,,,,23.183014,0.0,0.0,11.591507,-0.4782181818181822,-0.48956765734266405,48.0716513,48.04258841666667,,3.003802,40.0,28.0,91.8145,89.32265000000001,80.61335,66.8971,11,False
demo,D13,13,1.865673,43,2232.567775,3.437663,,,3.00201,,48.14664,,,,1.871221,,,,,,,,,,0.051429,0.157175,synthetic,False,2.0,93.28365,6.716350000000006,0.36455000000000837,0.5215000000000003,0.5473125000000003,0.5473125000000003,,,,25.054235,0.0,0.0,12.5271175,-0.4821903030302986,-0.4967137362637388,48.0983767,48.050592384615385,,3.0031178,40.0,27.0,90.75609999999999,87.8875,80.56185,66.8635,12,False
demo,D13,14,1.865872,43,2241.300749,3.429939,,,3.006173,,48.300211,,,,1.868607,,,,,,,,,,0.04919,0.158911,synthetic,False,2.0,93.2936,6.706400000000002,-0.009950000000003456,0.4245350000000002,0.5044461538461539,0.5044461538461539,,,,26.922842,0.0,0.0,13.461421,-0.4863875757575802,-0.4867294505494564,48.141425000000005,48.068422285714284,,3.0047301,40.0,26.0,90.323,87.51485,80.08415,66.0242,13,False
demo,D13,15,1.851034,43,2224.425969,3.433763,,,3.003712,,48.300626,,,,1.850074,,,,,,,,,,0.052268,0.154593,synthetic,False,2.0,92.5517,7.448300000000003,0.7419000000000011,0.4886499999999998,0.521407142857143,0.521407142857143,,,,28.772916,0.0,0.0,14.386458,-0.48631000000000096,-0.4866189285714305,48.1927692,48.08390253333334,,3.0042179,40.0,25.0,89.76855,86.93705,79.11195,65.702,14,False
demo,D13,16,1.87094,43,2253.430854,3.434246,,,2.996571,,47.930055,,,,1.877328,,,,,,,,,,0.051779,0.153179,synthetic,False,2.0,93.547,6.453000000000003,-0.9953000000000003,0.32715000000000033,0.4202933333333334,0.4202933333333334,,,,30.650243999999997,0.0,0.0,15.325121999999999,-0.41402636363635903,-0.45385558823529204,48.1556854,48.0742870625,,3.0037735999999997,40.0,24.0,89.3375,87.23925,78.93894999999999,64.3416,15,False
demo,D13,17,1.83629,43,2199.061326,3.437509,,,2.984166,,48.543826,,,,1.831277,,,,,,,,,,0.050652,0.151483,synthetic,False,2.0,91.8145,8.185500000000005,1.7325000000000017,0.47337500000000005,0.5023062500000002,0.5023062500000002,,,,32.481521,0.0,0.0,16.2407605,-0.4146048484848463,-0.4564424019607823,48.1696844,48.101907000000004,,3.0038384999999996,40.0,23.0,89.32265000000001,86.10475,78.1377,64.0405,16,False
demo,D13,18,1.815122,43,2173.782895,3.428451,,,3.002149,,48.225405,,,,1.818503,,,,,,,,,,0.052129,0.151338,synthetic,False,2.0,90.75609999999999,9.24390000000001,1.058400000000006,0.5367550000000009,0.535017647058824,0.535017647058824,,,,34.300024,0.0,0.0,17.150012,-0.44384212121212224,-0.4688183694530404,48.1869602,48.108768,,3.0026889,40.0,22.0,87.8875,85.6599,77.9629,63.77605,17,False
demo,D13,19,1.80646,43,2172.669717,3.423015,,,3.013789,,48.709203,,,,1.806214,,,,,,,,,,0.052583,0.157214,synthetic,False,2.0,90.323,9.677000000000007,0.43309999999999604,0.49211500000000113,0.5293555555555558,0.5293555555555558,,,,36.106238,0.0,0.0,18.053119,-0.4902751515151546,-0.47711298245613815,48.2440539,48.14036984210526,,3.0037575,40.0,21.0,87.51485,84.74074999999999,77.6759,62.902899999999995,18,False
demo,D13,20,1.795371,43,2151.811758,3.427367,,,3.005833,,48.412049,,,,1.797549,,,,,,,,,,0.053218,0.157863,synthetic,False,2.0,89.76855,10.231449999999995,0.5544499999999886,0.5260299999999987,0.5306763157894734,0.5306763157894734,,,,37.903786999999994,0.0,0.0,18.951893499999997,-0.5216539393939373,-0.48426101503759506,48.298503600000004,48.1539538,,3.0039466999999997,40.0,20.0,86.93705,84.61215,76.18325,61.76235,19,False
demo,D13,21,1.78675,43,2141.208021,3.426424,,,2.989326,,48.812608,,,,1.77822,,,,,,,,,,0.052643,0.155272,synthetic,False,2.0,89.3375,10.662499999999994,0.43104999999999905,0.5621799999999993,0.5256949999999996,0.5256949999999996,,,,39.68200699999999,0.0,0.0,19.841003499999996,-0.5174200000000025,-0.48886136363636945,48.3628668,48.18531828571429,,3.0018721,40.0,19.0,87.23925,84.41505000000001,76.18665,61.83685,20,False
demo,D13,22,1.786453,43,2151.809309,3.421719,,,3.010975,,48.614138,,,,1.785522,,,,,,,,,,0.052457,0.155929,synthetic,False,2.0,89.32265000000001,10.67734999999999,0.014849999999995589,0.43255499999999925,0.5013690476190471,0.5013690476190471,,,,41.46752899999999,0.0,0.0,20.733764499999996,-0.5332596969696928,-0.48669548277808794,48.3994761,48.20481009090909,,3.0014704,40.0,18.0,86.10475,83.6938,75.7906,60.8264,21,False
demo,D13,23,1.75775,43,2100.624549,3.415063,,,2.996905,,48.420172,,,,1.76034,,,,,,,,,,0.053369,0.16426,synthetic,False,2.0,87.8875,12.112499999999997,1.4351500000000073,0.5396149999999992,0.5438136363636361,0.5438136363636361,,,,43.22786899999999,0.0,0.0,21.613934499999996,-0.5992527272727259,-0.4953568181818201,48.426829299999994,48.21417365217391,,3.0009599000000002,40.0,17.0,85.6599,83.04690000000001,74.55000000000001,60.1541,22,False
demo,D13,24,1.750297,43,2113.313117,3.420931,,,2.97908,,48.193777,,,,1.750076,,,,,,,,,,0.05219,0.162616,synthetic,False,2.0,87.51485,12.485150000000004,0.37265000000000725,0.5778750000000002,0.5363717391304349,0.5363717391304349,,,,44.97794499999999,0.0,0.0,22.488972499999996,-0.61950090909091,-0.5007989782608682,48.4161859,48.21332379166666,,2.9982506,40.0,16.0,84.74074999999999,82.06975,74.1096,59.431250000000006,23,False
demo,D13,25,1.738741,43,2082.654349,3.417597,,,3.010179,,48.216497,,,,1.743106,,,,,,,,,,0.053025,0.156666,synthetic,False,2.0,86.93705,13.06295,0.5777999999999963,0.5614649999999998,0.5380979166666666,0.5380979166666666,,,,46.72105099999999,0.0,0.0,23.360525499999994,-0.6506800000000007,-0.5057462692307716,48.407773000000006,48.21345072,,2.9988973,40.0,15.0,84.61215,81.8994,73.546,59.72,24,False
demo,D13,26,1.744785,43,2099.185678,3.412032,,,2.990546,,48.516082,,,,1.749048,,,,,,,,,,0.051931,0.158882,synthetic,False,2.0,87.23925,12.760750000000002,-0.30219999999999914,0.6307749999999999,0.504486,0.504486,,,,48.47009899999999,0.0,0.0,24.235049499999995,-0.5309657575757571,-0.4992768076923077,48.4663757,48.24047388000001,,2.9982948,40.0,14.0,84.41505000000001,81.4991,73.1207,58.524750000000004,25,False
demo,D13,27,1.722095,43,2065.839904,3.41628,,,3.017807,,48.452639,,,,1.718794,,,,,,,,,,0.053889,0.162334,synthetic,False,2.0,86.10475,13.895250000000004,1.1345000000000027,0.570975,0.4955360000000002,0.5287173076923077,,,,50.18889299999999,0.0,0.0,25.094446499999997,-0.512175757575755,-0.5071605000000017,48.457257,48.26041763999999,,3.0016589000000002,40.0,13.0,83.6938,80.61335,72.4911,58.28645,26,False
demo,D13,28,1.713198,43,2057.51063,3.411602,,,3.011478,,48.282947,,,,1.716021,,,,,,,,,,0.051258,0.159593,synthetic,False,2.0,85.6599,14.340100000000007,0.4448500000000024,0.5096199999999996,0.5135500000000002,0.5256111111111113,,,,51.90491399999999,0.0,0.0,25.952456999999995,-0.5190012121212116,-0.5095659615384608,48.4630112,48.276560079999996,,3.0025918,40.0,12.0,83.04690000000001,80.56185,71.97485,57.770500000000006,27,False
demo,D13,29,1.694815,43,2032.174303,3.405789,,,2.997722,,48.666043,,,,1.69145,,,,,,,,,,0.053869,0.159781,synthetic,False,2.0,84.74074999999999,15.259250000000009,0.9191500000000019,0.5582250000000002,0.5119280000000004,0.5396660714285717,,,,53.596363999999994,0.0,0.0,26.798181999999997,-0.5430633333333363,-0.5201769230769215,48.4586952,48.30841268,,3.0009851,40.0,11.0,82.06975,80.08415,71.72095,57.054700000000004,28,False
demo,D13,30,1.692243,43,2035.909866,3.410122,,,3.004594,,48.471328,,,,1.692426,,,,,,,,,,0.053095,0.161296,synthetic,False,2.0,84.61215,15.38785,0.1285999999999916,0.5156400000000005,0.5130419999999998,0.5254913793103447,,,,55.28878999999999,0.0,0.0,27.644394999999996,-0.543439696969699,-0.5231376923076936,48.4646231,48.33577843999999,,3.0008612,40.0,10.0,81.8994,79.11195,70.3349,56.503550000000004,29,False
demo,D13,31,1.688301,43,2023.850785,3.416169,,,3.024239,,48.6773,,,,1.690517,,,,,,,,,,0.054082,0.16574,synthetic,False,2.0,84.41505000000001,15.584949999999992,0.19709999999999184,0.49224499999999977,0.4961379999999997,0.5145449999999997,,,,56.97930699999999,0.0,0.0,28.489653499999996,-0.5208018181818174,-0.5242486538461523,48.4510923,48.35083472,,3.0043525000000004,40.0,9.0,81.4991,78.93894999999999,70.04445,55.936350000000004,30,False
demo,D13,32,1.673876,43,2005.198714,3.414067,,,3.01,,48.245318,,,,1.67108,,,,,,,,,,0.052481,0.166589,synthetic,False,2.0,83.6938,16.306200000000004,0.7212500000000119,0.5628850000000014,0.514178,0.5212129032258065,,,,58.650386999999995,0.0,0.0,29.325193499999997,-0.47882878787878885,-0.525178692307692,48.41421029999999,48.344494,,3.0042549999999997,40.0,8.0,80.61335,78.1377,69.9695,55.26995,31,False
demo,D13,33,1.660938,43,2003.968795,3.411404,,,3.002382,,48.75846,,,,1.663553,,,,,,,,,,0.053481,0.161356,synthetic,False,2.0,83.04690000000001,16.953099999999992,0.646899999999988,0.4840599999999995,0.5230699999999996,0.5251406249999997,,,,60.313939999999995,0.0,0.0,30.156969999999998,-0.499589393939393,-0.5264380769230734,48.4480391,48.37272651999999,,3.0048027,40.0,7.0,80.56185,77.9629,69.36515,54.406,32,False
demo,D13,34,1.641395,43,1969.848189,3.406251,,,3.028892,,48.663156,,,,1.639736,,,,,,,,,,0.053647,0.165726,synthetic,False,2.0,82.06975,17.93025,0.9771500000000088,0.5445099999999996,0.5269760000000002,0.5388378787878788,,,,61.953675999999994,0.0,0.0,30.976837999999997,-0.5398184848484834,-0.5354532692307672,48.494977,48.39372212,,3.0097838999999995,40.0,6.0,80.08415,77.6759,68.31150000000001,53.78385,33,False
demo,D13,35,1.637988,43,1961.601782,3.407132,,,3.001176,,48.84241,,,,1.636086,,,,,,,,,,0.054054,0.164461,synthetic,False,2.0,81.8994,18.1006,0.1703499999999991,0.5037649999999999,0.5251779999999997,0.5279999999999999,,,,63.58976199999999,0.0,0.0,31.794880999999997,-0.5618581818181801,-0.5380597692307673,48.5575683,48.43271644000001,,3.0088836,40.0,5.0,79.11195,76.18325,68.2256,53.41074999999999,34,False
demo,D13,36,1.629982,43,1947.233264,3.404142,,,3.005818,,48.799385,,,,1.632285,,,,,,,,,,0.052653,0.161776,synthetic,False,2.0,81.4991,18.5009,0.40030000000000143,0.5740149999999999,0.538408,0.5243514285714286,,,,65.22204699999999,0.0,0.0,32.611023499999995,-0.5245233333333333,-0.5349572692307677,48.5858986,48.4579328,,3.0104108,40.0,4.0,78.93894999999999,76.18665,67.88335,52.8071,35,False
demo,D13,37,1.612267,43,1945.547981,3.397113,,,2.990638,,48.560362,,,,1.609571,,,,,,,,,,0.054514,0.164618,synthetic,False,2.0,80.61335,19.386650000000003,0.8857500000000016,0.5491399999999999,0.5213940000000002,0.5343902777777778,,,,66.83161799999999,0.0,0.0,33.415808999999996,-0.5415578787878791,-0.5427879230769246,48.59667090000001,48.47042548,,3.0076939,40.0,3.0,78.1377,75.7906,66.8971,52.375499999999995,36,False
demo,D13,38,1.611237,43,1930.283571,3.397783,,,2.983253,,48.5418,,,,1.60838,,,,,,,,,,0.052042,0.161758,synthetic,False,2.0,80.56185,19.438149999999993,0.05149999999999011,0.5098049999999986,0.5088719999999995,0.521339189189189,,,,68.43999799999999,0.0,0.0,34.219998999999994,-0.5244957575757588,-0.5447126538461526,48.6225562,48.48623188,,3.0048714,40.0,2.0,77.9629,74.55000000000001,66.8635,51.978049999999996,37,False
demo,D13,39,1.601683,43,1933.908278,3.397782,,,2.997122,,49.043233,,,,1.605018,,,,,,,,,,0.053315,0.169422,synthetic,False,2.0,80.08415,19.915850000000006,0.4777000000000129,0.46565999999999974,0.5283780000000001,0.5201907894736844,,,,70.04501599999999,0.0,0.0,35.022507999999995,-0.5329721212121221,-0.5411614230769236,48.6602752,48.51595276,,3.0048114000000004,40.0,1.0,77.6759,74.1096,66.0242,51.150600000000004,38,False
demo,D13,40,1.582239,43,1900.95903,3.403385,,,3.000384,,48.553999,,,,1.582583,,,,,,,,,,0.052615,0.171368,synthetic,False,2.0,79.11195,20.888050000000007,0.9722000000000008,0.5500200000000006,0.5375900000000001,0.5317807692307693,,,,71.62759899999999,0.0,0.0,35.813799499999995,-0.5466072727272716,-0.5438422307692315,48.6685423,48.52608768,,3.0043904,40.0,0.0,76.18325,73.546,65.702,50.203149999999994,39,False
demo,D13,41,1.578779,43,1895.347143,3.401654,,,3.003293,,48.81894,,,,1.574188,,,,,,,,,,0.05504,0.165617,synthetic,False,2.0,78.93894999999999,21.06105000000001,0.17300000000000182,0.5476100000000017,0.5843220000000002,0.5228112500000002,,,,73.201787,0.0,0.0,36.6008935,-0.5161496969696971,-0.5278286923076931,48.6827063,48.561643079999996,,3.0022957999999997,40.0,,76.18665,73.1207,64.3416,49.1901,40,False
demo,D13,42,1.562754,43,1876.25981,3.391025,,,2.985802,,48.560523,,,,1.565428,,,,,,,,,,0.054773,0.165543,synthetic,False,2.0,78.1377,21.862300000000005,0.801249999999996,0.55561,0.547072,0.5296024390243903,,,,74.767215,0.0,0.0,37.3836075,-0.5111030303030312,-0.5252993461538461,48.7142268,48.562310960000005,,2.999876,40.0,,75.7906,72.4911,64.0405,49.01085,41,False
demo,D13,43,1.559258,43,1883.548082,3.395121,,,3.006607,,48.195643,,,,1.55799,,,,,,,,,,0.054863,0.170793,synthetic,False,2.0,77.9629,22.037099999999995,0.17479999999999052,0.5084000000000003,0.5117279999999994,0.5211547619047617,,,,76.325205,0.0,0.0,38.1626025,-0.4913709090909108,-0.5244469230769233,48.6579451,48.56112048,,3.0002985000000004,40.0,,74.55000000000001,71.97485,63.77605,48.2344,42,False
demo,D13,44,1.553518,43,1851.961186,3.392579,,,2.991696,,48.362888,,,,1.549159,,,,,,,,,,0.055938,0.171508,synthetic,False,2.0,77.6759,22.3241,0.28700000000000614,0.439385,0.5058839999999998,0.5157093023255814,,,,77.874364,0.0,0.0,38.937182,-0.4908124242424214,-0.5207338076923095,48.6279183,48.54726788,,2.9965789000000003,40.0,,74.1096,71.72095,62.902899999999995,47.8139,43,False
demo,D13,45,1.523665,43,1829.573482,3.389838,,,3.006087,,48.815983,,,,1.516024,,,,,,,,,,0.054447,0.16571,synthetic,False,2.0,76.18325,23.81675,1.4926499999999976,0.5716149999999999,0.5434120000000001,0.5379124999999999,,,,79.390388,0.0,0.0,39.695194,-0.5297690909090937,-0.5266149615384623,48.6252756,48.563425239999994,,2.99707,40.0,,73.546,70.3349,61.76235,47.50005,44,False
demo,D13,46,1.523733,43,1827.025236,3.388322,,,3.009349,,48.889683,,,,1.526486,,,,,,,,,,0.055372,0.168607,synthetic,False,2.0,76.18665,23.81335,-0.0033999999999991815,0.5312449999999999,0.5260340000000002,0.5258833333333333,,,,80.916874,0.0,0.0,40.458437,-0.5259403030303006,-0.5263250000000007,48.6343054,48.566508240000005,,2.9974231,40.0,,73.1207,70.04445,61.83685,46.846149999999994,45,False
demo,D13,47,1.515812,43,1817.811458,3.395099,,,2.996045,,48.828585,,,,1.513205,,,,,,,,,,0.054908,0.169191,synthetic,False,2.0,75.7906,24.209400000000002,0.39605000000000246,0.4822749999999999,0.5412820000000005,0.5230608695652174,,,,82.430079,0.0,0.0,41.2150395,-0.5383709090909152,-0.5197233461538456,48.661127699999994,48.575086119999995,,2.9979638,40.0,,72.4911,69.9695,60.8264,46.77085,46,False
demo,D13,48,1.491,43,1790.001519,3.386299,,,2.990362,,49.049987,,,,1.487291,,,,,,,,,,0.055004,0.168048,synthetic,False,2.0,74.55000000000001,25.44999999999999,1.2405999999999864,0.6011849999999995,0.5334999999999996,0.5383276595744678,,,,83.91737,0.0,0.0,41.958685,-0.5634463636363571,-0.5285156153846149,48.7119464,48.600278720000006,,2.9986747,40.0,,71.97485,69.36515,60.1541,46.4795,47,False
demo,D13,49,1.482192,43,1777.209672,3.386139,,,3.015436,,48.874527,,,,1.484087,,,,,,,,,,0.056485,0.17187,synthetic,False,2.0,74.1096,25.8904,0.440400000000011,0.5974549999999994,0.5362099999999999,0.5362874999999999,,,,85.40145700000001,0.0,0.0,42.700728500000004,-0.5715193939393913,-0.5348400000000011,48.6950758,48.62750872000001,,3.0005061,40.0,,71.72095,68.31150000000001,59.431250000000006,45.56855,48,False
demo,D13,50,1.47092,43,1766.099917,3.384762,,,3.008729,,48.599812,,,,1.47329,,,,,,,,,,0.057373,0.169063,synthetic,False,2.0,73.546,26.453999999999994,0.5635999999999939,0.5565949999999986,0.5356419999999997,0.5368448979591836,,,,86.87474700000001,0.0,0.0,43.43737350000001,-0.6027287878787896,-0.5418331153846163,48.6996571,48.642841319999995,,3.0013406,40.0,,70.3349,68.2256,59.72,44.60015,49,False
demo,D13,51,1.462414,43,1754.772199,3.378691,,,3.00152,,48.954955,,,,1.460111,,,,,,,,,,0.054944,0.169883,synthetic,False,2.0,73.1207,26.8793,0.4253000000000071,0.5818249999999991,0.564742,0.5346139999999999,,,,88.33485800000001,0.0,0.0,44.167429000000006,-0.6012036363636359,-0.5394292692307694,48.7132586,48.66039624,,3.0011633,40.0,,70.04445,67.88335,58.524750000000004,44.1003,50,False
demo,D13,52,1.449822,43,1732.929909,3.381662,,,3.014684,,48.86767,,,,1.452468,,,,,,,,,,0.056336,0.171703,synthetic,False,2.0,72.4911,27.508899999999997,0.6295999999999964,0.5646599999999993,0.5445459999999998,0.520041,,,,89.78732600000001,0.0,0.0,44.893663000000004,-0.6169127272727282,-0.5433216923076912,48.7439733,48.67699748,,3.0040515,40.0,,69.9695,66.8971,58.28645,44.0991,51,False
demo,D13,53,1.439497,43,1729.372468,3.384186,,,3.000833,,48.696865,,,,1.445413,,,,,,,,,,0.055924,0.167953,synthetic,False,2.0,71.97485,28.025149999999996,0.5162499999999994,0.5988050000000001,0.5474019999999996,0.5304759999999998,,,,91.23273900000001,0.0,0.0,45.616369500000005,-0.6039906060606072,-0.5459559615384615,48.7940955,48.69355420000001,,3.0034740999999996,40.0,,69.36515,66.8635,57.770500000000006,42.22745,52,False
demo,D13,54,1.434419,43,1725.000133,3.385193,,,2.993795,,48.966502,,,,1.438282,,,,,,,,,,0.055987,0.166454,synthetic,False,2.0,71.72095,28.279049999999998,0.25390000000000157,0.5954949999999997,0.5207919999999996,0.5163599999999999,,,,92.67102100000001,0.0,0.0,46.335510500000005,-0.5514684848484841,-0.5495984615384616,48.854456899999995,48.70557256,,3.0036840000000002,40.0,,68.31150000000001,66.0242,57.054700000000004,41.80135,53,False
demo,D13,55,1.406698,43,1685.292473,3.371246,,,2.989983,,48.909796,,,,1.410049,,,,,,,,,,0.05618,0.176487,synthetic,False,2.0,70.3349,29.665099999999995,1.3860499999999973,0.5848349999999997,0.5710899999999998,0.5420659999999998,,,,94.08107000000001,0.0,0.0,47.040535000000006,-0.6018778787878806,-0.5573060384615384,48.8638382,48.723111280000005,,3.0020736,40.0,,68.2256,65.702,56.503550000000004,41.3179,54,False
demo,D13,56,1.400889,43,1690.487416,3.369037,,,2.998922,,48.747416,,,,1.401769,,,,,,,,,,0.055658,0.171743,synthetic,False,2.0,70.04445,29.955550000000002,0.290450000000007,0.6142200000000002,0.5748240000000004,0.5354810000000001,,,,95.48283900000001,0.0,0.0,47.741419500000006,-0.5970142424242417,-0.5586831923076925,48.849611499999995,48.72591592,,3.0010309,40.0,,67.88335,64.3416,55.936350000000004,40.5175,55,False
demo,D13,57,1.39939,43,1685.996627,3.375172,,,3.007717,,48.856448,,,,1.398148,,,,,,,,,,0.052421,0.180429,synthetic,False,2.0,69.9695,30.030500000000004,0.07495000000000118,0.5821100000000001,0.548972,0.531575,,,,96.88098700000002,0.0,0.0,48.44049350000001,-0.5481912121212108,-0.5569103846153843,48.8523978,48.75036112,,3.0021981,40.0,,66.8971,64.0405,55.26995,39.7892,56,False
demo,D13,58,1.387303,43,1668.97909,3.37785,,,3.013898,,49.272437,,,,1.387148,,,,,,,,,,0.057662,0.180423,synthetic,False,2.0,69.36515,30.63485,0.6043499999999966,0.5184850000000012,0.5472700000000004,0.5351699999999999,,,,98.26813500000002,0.0,0.0,49.13406750000001,-0.5444806060606056,-0.5566280384615393,48.874642800000004,48.7709202,,3.0045517,40.0,,66.8635,63.77605,54.406,39.59735,57,False
demo,D13,59,1.36623,43,1643.567291,3.372217,,,3.000235,,49.295877,,,,1.367434,,,,,,,,,,0.055643,0.173831,synthetic,False,2.0,68.31150000000001,31.68849999999999,1.0536499999999904,0.579809999999999,0.5503299999999995,0.5386529999999999,,,,99.63556900000002,0.0,0.0,49.81778450000001,-0.5647551515151544,-0.56531876923077,48.9167778,48.79622904,,3.0030316,40.0,,66.0242,62.902899999999995,53.78385,38.552550000000004,58,False
demo,D13,60,1.364512,43,1637.562831,3.373285,,,3.012131,,49.000267,,,,1.361081,,,,,,,,,,0.056113,0.182437,synthetic,False,2.0,68.2256,31.7744,0.08590000000000941,0.5320400000000006,0.546952,0.5360649999999998,,,,100.99665000000002,0.0,0.0,50.49832500000001,-0.557008484848483,-0.5659226538461531,48.956823299999996,48.80254332,,3.0033718,40.0,,65.702,61.76235,53.41074999999999,37.7751,59,False
demo,D13,61,1.357667,43,1634.77911,3.364267,,,2.997857,,48.977816,,,,1.355578,,,,,,,,,,0.056203,0.178506,synthetic,False,2.0,67.88335,32.11665000000001,0.34225000000000705,0.5237350000000006,0.5446300000000002,0.5415190000000001,,,,102.35222800000001,0.0,0.0,51.176114000000005,-0.5317936363636373,-0.5631704615384626,48.9591094,48.80968056,,3.0030055,40.0,,64.3416,61.83685,52.8071,37.27865,60,False
demo,D13,62,1.337942,43,1613.096292,3.364955,,,2.992184,,48.634825,,,,1.334122,,,,,,,,,,0.055837,0.174546,synthetic,False,2.0,66.8971,33.102900000000005,0.9862499999999983,0.5594000000000008,0.5486500000000001,0.5350220000000001,,,,103.68635,0.0,0.0,51.843175,-0.5388645454545439,-0.5679059615384621,48.9358249,48.81265908,,3.0007555000000004,40.0,,64.0405,60.8264,52.375499999999995,36.9242,61,False
demo,D13,63,1.33727,43,1608.613955,3.358374,,,2.986937,,49.423936,,,,1.337899,,,,,,,,,,0.056868,0.168764,synthetic,False,2.0,66.8635,33.1365,0.03359999999999275,0.5111350000000001,0.5479340000000001,0.5284029999999998,,,,105.024249,0.0,0.0,52.5121245,-0.5143787878787865,-0.5629156538461537,49.008532,48.84794452,,2.9993659,40.0,,63.77605,60.1541,51.978049999999996,36.0756,62,False
demo,D13,64,1.320484,43,1581.869558,3.364491,,,2.994938,,49.27836,,,,1.320703,,,,,,,,,,0.056751,0.179245,synthetic,False,2.0,66.0242,33.97580000000001,0.8393000000000086,0.5696750000000008,0.5623980000000001,0.5453880000000001,,,,106.34495199999999,0.0,0.0,53.172475999999996,-0.49064393939394085,-0.5599125384615378,49.0397178,48.8573496,,2.9994802,40.0,,62.902899999999995,59.431250000000006,51.150600000000004,35.682,63,False
demo,D13,65,1.31404,43,1576.660153,3.355598,,,2.987313,,49.216928,,,,1.312325,,,,,,,,,,0.056143,0.177532,synthetic,False,2.0,65.702,34.298,0.32219999999999516,0.46329000000000065,0.5363979999999998,0.536994,,,,107.657277,0.0,0.0,53.8286385,-0.5078354545454551,-0.558790230769231,49.070431,48.883866760000004,,2.9992132000000002,40.0,,61.76235,59.72,50.203149999999994,35.3072,64,False
demo,D13,66,1.286832,43,1546.855541,3.366185,,,3.020095,,48.50107,,,,1.288943,,,,,,,,,,0.057281,0.179821,synthetic,False,2.0,64.3416,35.6584,1.3603999999999985,0.5702849999999998,0.5838939999999997,0.584108,,,,108.94622,0.0,0.0,54.47311,-0.5624375757575748,-0.5616401153846154,49.0457964,48.87115196,,3.0013305000000003,40.0,,61.83685,58.524750000000004,49.1901,34.67515,65,False
demo,D13,67,1.28081,43,1540.835088,3.366321,,,3.004393,,49.089015,,,,1.278134,,,,,,,,,,0.057159,0.178081,synthetic,False,2.0,64.0405,35.959500000000006,0.30110000000000525,0.5929000000000002,0.5638880000000001,0.55548,,,,110.22435399999999,0.0,0.0,55.112176999999996,-0.5693345454545459,-0.5640531538461537,49.069053100000005,48.892291639999996,,3.0009981,40.0,,60.8264,58.28645,49.01085,33.679500000000004,66,False
demo,D13,68,1.275521,43,1530.270023,3.360003,,,2.999044,,49.054936,,,,1.273762,,,,,,,,,,0.058173,0.175548,synthetic,False,2.0,63.77605,36.22395,0.2644499999999965,0.5589100000000002,0.5674740000000003,0.5396009999999998,,,,111.498116,0.0,0.0,55.749058,-0.5590793939393921,-0.5598112692307703,49.047303,48.92666335999999,,2.9995127,40.0,,60.1541,57.770500000000006,48.2344,32.86065,67,False
demo,D13,69,1.258058,43,1507.10271,3.351207,,,3.01722,,49.283617,,,,1.260022,,,,,,,,,,0.056079,0.178397,synthetic,False,2.0,62.902899999999995,37.097100000000005,0.8731500000000025,0.5408600000000015,0.5909200000000001,0.548402,,,,112.758138,0.0,0.0,56.379069,-0.5989472727272743,-0.5555862692307704,49.046077000000004,48.96349252,,3.0012112,40.0,,59.431250000000006,57.054700000000004,47.8139,32.45235,68,False
demo,D13,70,1.235247,43,1489.341715,3.355909,,,2.986977,,49.034371,,,,1.237542,,,,,,,,,,0.056842,0.18271,synthetic,False,2.0,61.76235,38.23765,1.1405499999999975,0.6463250000000003,0.5768360000000001,0.5601240000000002,,,,113.99568000000001,0.0,0.0,56.997840000000004,-0.6411948484848488,-0.5654520769230772,49.0494874,48.97222804,,2.9986958,40.0,,59.72,56.503550000000004,47.50005,32.1941,69,False
demo,D13,71,1.236737,43,1479.309897,3.362029,,,2.998629,,49.086967,,,,1.234769,,,,,,,,,,0.058358,0.179467,synthetic,False,2.0,61.83685,38.16315,-0.07450000000000045,0.6046499999999995,0.5739920000000001,0.5500130000000002,,,,115.23044900000001,0.0,0.0,57.615224500000004,-0.6238530303030309,-0.5635031923076929,49.060402499999995,48.98011940000001,,2.998773,40.0,,58.524750000000004,55.936350000000004,46.846149999999994,31.63565,70,False
demo,D13,72,1.216528,43,1455.711569,3.353969,,,3.019997,,49.330061,,,,1.217093,,,,,,,,,,0.057195,0.180258,synthetic,False,2.0,60.8264,39.1736,1.0104499999999987,0.6070699999999996,0.5985679999999999,0.5699250000000002,,,,116.44754200000001,0.0,0.0,58.223771000000006,-0.6540857575757543,-0.5638037307692321,49.1299261,49.00017844,,3.0015542999999996,40.0,,58.28645,55.26995,46.77085,30.8454,71,False
demo,D13,73,1.203082,43,1437.950539,3.355125,,,2.99856,,49.001982,,,,1.201208,,,,,,,,,,0.057066,0.177319,synthetic,False,2.0,60.1541,39.8459,0.6722999999999999,0.6709400000000002,0.5758360000000005,0.554668,,,,117.64875,0.0,0.0,58.824375,-0.6496451515151469,-0.5712051923076928,49.087730699999994,48.99825824,,3.0027166000000003,40.0,,57.770500000000006,54.406,46.4795,30.46975,72,False
demo,D13,74,1.188625,43,1422.312666,3.346637,,,3.024468,,49.073552,,,,1.188156,,,,,,,,,,0.057523,0.182729,synthetic,False,2.0,59.431250000000006,40.568749999999994,0.722849999999994,0.6592949999999987,0.5871339999999998,0.5616719999999998,,,,118.83690600000001,0.0,0.0,59.41845300000001,-0.6592600000000017,-0.5786093461538467,49.0672499,49.00621924,,3.0056696,40.0,,57.054700000000004,53.78385,45.56855,29.997049999999998,73,False
demo,D13,75,1.1944,43,1438.642867,3.345815,,,3.007856,,49.256732,,,,1.194743,,,,,,,,,,0.057955,0.178888,synthetic,False,2.0,59.72,40.28,-0.2887499999999932,0.5982,0.5530400000000003,0.544341,,,,120.03164900000002,0.0,0.0,60.01582450000001,-0.594690303030301,-0.5776930769230774,49.0712303,49.032496040000005,,3.0077239,40.0,,56.503550000000004,53.41074999999999,44.60015,28.70145,74,False
demo,D13,76,1.170495,43,1409.990796,3.346028,,,3.013059,,49.578879,,,,1.171807,,,,,,,,,,0.058198,0.185936,synthetic,False,2.0,58.524750000000004,41.475249999999996,1.1952499999999944,0.5816849999999996,0.5838379999999997,0.5742899999999999,,,,121.20345600000002,0.0,0.0,60.60172800000001,-0.6135003030303,-0.5814274999999984,49.179011200000005,49.057453,,3.0070203,40.0,,55.936350000000004,52.8071,44.1003,28.65965,75,False
demo,D13,77,1.165729,43,1398.564389,3.338009,,,3.013349,,49.453524,,,,1.16647,,,,,,,,,,0.058133,0.181169,synthetic,False,2.0,58.28645,41.71355,0.2383000000000024,0.5754049999999993,0.5681860000000001,0.5563659999999999,,,,122.36992600000002,0.0,0.0,61.18496300000001,-0.5948745454545387,-0.5824299615384619,49.215462099999996,49.08088716,,3.0079159,40.0,,55.26995,52.375499999999995,44.0991,28.639,76,False
demo,D13,78,1.15541,43,1388.55616,3.353483,,,3.000016,,49.535736,,,,1.156041,,,,,,,,,,0.057417,0.182896,synthetic,False,2.0,57.770500000000006,42.229499999999994,0.5159499999999966,0.6005549999999993,0.568174,0.5577879999999997,,,,123.52596700000002,0.0,0.0,61.76298350000001,-0.5522754545454527,-0.5824308846153862,49.263542099999995,49.114442,,3.0080131000000003,40.0,,54.406,51.978049999999996,42.22745,28.2376,77,False
demo,D13,79,1.141094,43,1369.270129,3.343195,,,2.995118,,49.304188,,,,1.138633,,,,,,,,,,0.059362,0.190848,synthetic,False,2.0,57.054700000000004,42.945299999999996,0.7158000000000015,0.5848199999999991,0.5866499999999999,0.5537209999999998,,,,124.66460000000002,0.0,0.0,62.33230000000001,-0.534135454545454,-0.5806517692307694,49.2655992,49.127949439999995,,3.0058029,40.0,,53.78385,51.150600000000004,41.80135,26.523000000000003,78,False
demo,D13,80,1.130071,43,1351.235964,3.344726,,,2.998846,,49.678663,,,,1.130949,,,,,,,,,,0.060026,0.183877,synthetic,False,2.0,56.503550000000004,43.496449999999996,0.5511499999999998,0.5258799999999993,0.553254,0.5621719999999999,,,,125.79554900000002,0.0,0.0,62.89777450000001,-0.5512075757575797,-0.5865389615384617,49.3300284,49.15870412,,3.0069898,40.0,,53.41074999999999,50.203149999999994,41.3179,25.0812,79,False
demo,D13,81,1.118727,43,1351.405375,3.337995,,,2.990131,,48.886614,,,,1.11996,,,,,,,,,,0.056902,0.183929,synthetic,False,2.0,55.936350000000004,44.063649999999996,0.5671999999999997,0.5900499999999994,0.5643239999999997,0.569574,,,,126.91550900000003,0.0,0.0,63.457754500000014,-0.5305081818181797,-0.5899268461538462,49.3099931,49.16427204000001,,3.0061400000000003,40.0,,52.8071,49.1901,40.5175,,80,False
demo,D13,82,1.105399,43,1331.949275,3.332003,,,2.99934,,49.847462,,,,1.106922,,,,,,,,,,0.057392,0.187541,synthetic,False,2.0,55.26995,44.73005,0.666400000000003,0.5556449999999998,0.5879819999999998,0.5684769999999999,,,,128.02243100000004,0.0,0.0,64.01121550000002,-0.5419999999999988,-0.5893632307692304,49.3617332,49.2039126,,3.0040743,40.0,,52.375499999999995,49.01085,39.7892,,81,False
demo,D13,83,1.08812,43,1307.13229,3.341718,,,2.999956,,49.90576,,,,1.086554,,,,,,,,,,0.060122,0.181119,synthetic,False,2.0,54.406,45.594,0.8639500000000027,0.57481,0.5983660000000001,0.5728180000000002,,,,129.10898500000005,0.0,0.0,64.55449250000002,-0.5780854545454526,-0.5915106923076925,49.452111,49.22924551999999,,3.0042139,40.0,,51.978049999999996,48.2344,39.59735,,82,False
demo,D13,84,1.075677,43,1287.497513,3.329963,,,3.016892,,49.500639,,,,1.077646,,,,,,,,,,0.060813,0.190725,synthetic,False,2.0,53.78385,46.21615,0.6221499999999978,0.5647400000000005,0.5811060000000003,0.5657179999999999,,,,130.18663100000003,0.0,0.0,65.09331550000002,-0.6266224242424239,-0.5984305384615389,49.4948197,49.237435999999995,,3.0034563000000003,40.0,,51.150600000000004,47.8139,38.552550000000004,,83,False
demo,D13,85,1.068215,43,1280.993573,3.334922,,,3.005933,,49.605742,,,,1.065401,,,,,,,,,,0.057189,0.190253,synthetic,False,2.0,53.41074999999999,46.58925000000001,0.373100000000008,0.6309250000000006,0.5925940000000003,0.5697730000000001,,,,131.25203200000004,0.0,0.0,65.62601600000002,-0.6078069696969656,-0.5984782692307686,49.5297207,49.261655,,3.003264,40.0,,50.203149999999994,47.50005,37.7751,,84,False
demo,D13,86,1.056142,43,1264.73809,3.33379,,,3.023626,,49.406287,,,,1.055232,,,,,,,,,,0.060254,0.189328,synthetic,False,2.0,52.8071,47.1929,0.6036499999999947,0.5717650000000006,0.6030499999999998,0.57384,,,,132.30726400000003,0.0,0.0,66.15363200000002,-0.6251254545454514,-0.5961246153846163,49.51246150000001,49.27879384,,3.0043207,40.0,,49.1901,46.846149999999994,37.27865,,85,False
demo,D13,87,1.04751,43,1257.380419,3.331235,,,2.978405,,49.376342,,,,1.046933,,,,,,,,,,0.061163,0.177968,synthetic,False,2.0,52.375499999999995,47.624500000000005,0.4316000000000031,0.5910950000000007,0.5808639999999999,0.5647570000000001,,,,133.35419700000003,0.0,0.0,66.67709850000001,-0.6125675757575811,-0.5960203461538455,49.5047433,49.30845452,,3.0008263,40.0,,49.01085,46.77085,36.9242,,86,False
demo,D13,88,1.039561,43,1248.632807,3.326807,,,2.98783,,49.287941,,,,1.036936,,,,,,,,,,0.058742,0.187639,synthetic,False,2.0,51.978049999999996,48.021950000000004,0.3974499999999992,0.5792450000000009,0.5954180000000002,0.5716760000000002,,,,134.39113300000002,0.0,0.0,67.19556650000001,-0.5844375757575759,-0.5887503846153841,49.4799638,49.30301472,,2.9996077,40.0,,48.2344,46.4795,36.0756,,87,False
demo,D13,89,1.023012,43,1226.35824,3.327278,,,2.996447,,49.453229,,,,1.022417,,,,,,,,,,0.06135,0.185261,synthetic,False,2.0,51.150600000000004,48.849399999999996,0.8274499999999918,0.59041,0.5949439999999996,0.5786709999999998,,,,135.41355000000001,0.0,0.0,67.70677500000001,-0.5789496969696984,-0.5860610769230769,49.4948679,49.31000948,,2.9997406,40.0,,47.8139,45.56855,35.682,,88,False
demo,D13,90,1.004063,43,1199.617996,3.321708,,,3.014925,,49.632889,,,,1.004507,,,,,,,,,,0.059781,0.19321,synthetic,False,2.0,50.203149999999994,49.796850000000006,0.9474500000000106,0.630040000000001,0.6199540000000002,0.578176,,,,136.418057,0.0,0.0,68.2090285,-0.5903193939393911,-0.5838982307692305,49.4902905,49.32664792,,3.0013484999999998,40.0,,47.50005,44.60015,35.3072,,89,False
demo,D13,91,0.983802,43,1188.113154,3.326212,,,2.998904,,49.629268,,,,0.980209,,,,,,,,,,0.060477,0.193806,synthetic,False,2.0,49.1901,50.8099,1.0130499999999927,0.6746250000000004,0.6060599999999999,0.5949769999999998,,,,137.398266,0.0,0.0,68.699133,-0.6183912121212107,-0.5927684230769241,49.5645559,49.37177584,,3.0022258,40.0,,46.846149999999994,44.1003,34.67515,,90,False
demo,D13,92,0.980217,43,1177.098967,3.324813,,,2.985322,,50.026325,,,,0.979444,,,,,,,,,,0.059479,0.191955,synthetic,False,2.0,49.01085,50.98915,0.17925000000000324,0.6259100000000004,0.6011859999999999,0.582537,,,,138.37771,0.0,0.0,69.188855,-0.6188942424242434,-0.5946492307692308,49.582442199999996,49.40926824,,3.000824,40.0,,46.77085,44.0991,33.679500000000004,,91,False
demo,D13,93,0.964688,43,1159.211177,3.3205,,,2.997549,,49.578037,,,,0.961315,,,,,,,,,,0.061354,0.187803,synthetic,False,2.0,48.2344,51.7656,0.776449999999997,0.6171599999999998,0.6216659999999998,0.59457,,,,139.33902500000002,0.0,0.0,69.66951250000001,-0.6434778787878792,-0.5947804999999992,49.5496699,49.43019228,,3.0005833,40.0,,46.4795,42.22745,32.86065,,92,False
demo,D13,94,0.956278,43,1146.079653,3.317261,,,2.988024,,49.193376,,,,0.960183,,,,,,,,,,0.061272,0.196232,synthetic,False,2.0,47.8139,52.1861,0.4205000000000041,0.5969950000000004,0.60356,0.59724,,,,140.29920800000002,0.0,0.0,70.14960400000001,-0.6576672727272758,-0.5955696923076922,49.5189436,49.42658264000001,,2.9976965,40.0,,45.56855,41.80135,32.45235,,93,False
demo,D13,95,0.950001,43,1134.659616,3.327179,,,2.986064,,49.986076,,,,0.950405,,,,,,,,,,0.062225,0.191213,synthetic,False,2.0,47.50005,52.49995,0.3138499999999951,0.5910699999999991,0.5704919999999999,0.573664,,,,141.249613,0.0,0.0,70.6248065,-0.6414860606060616,-0.5990545384615389,49.556977,49.464650840000004,,2.9957096,40.0,,44.60015,41.3179,32.1941,,94,False
demo,D13,96,0.936923,43,1124.026896,3.311907,,,3.019988,,49.289377,,,,0.937159,,,,,,,,,,0.062071,0.197939,synthetic,False,2.0,46.846149999999994,53.153850000000006,0.6539000000000073,0.5960950000000004,0.5996280000000002,0.5868100000000002,,,,142.18677200000002,0.0,0.0,71.09338600000001,-0.6295706060606069,-0.5968593846153846,49.545286000000004,49.47274724,,2.9953458,40.0,,44.1003,40.5175,31.63565,,95,False
demo,D13,97,0.935417,43,1121.411846,3.310749,,,2.996484,,49.457027,,,,0.935851,,,,,,,,,,0.060637,0.193379,synthetic,False,2.0,46.77085,53.22915,0.07529999999999148,0.5604649999999992,0.5622219999999999,0.5803949999999999,,,,143.12262300000003,0.0,0.0,71.56131150000002,-0.5782818181818203,-0.5939325000000004,49.5533545,49.47782588,,2.9971537,40.0,,44.0991,39.7892,30.8454,,96,False
demo,D13,98,0.92959,43,1117.882441,3.315871,,,3.001732,,49.673551,,,,0.930714,,,,,,,,,,0.063812,0.194337,synthetic,False,2.0,46.4795,53.5205,0.29135000000000133,0.5498549999999994,0.5469839999999999,0.5614100000000002,,,,144.05333700000003,0.0,0.0,72.02666850000001,-0.5014463636363626,-0.5896060384615381,49.591915500000006,49.504688640000005,,2.9985439,40.0,,42.22745,39.59735,30.46975,,97,False
demo,D13,99,0.911371,43,1096.617478,3.312889,,,2.99907,,49.737238,,,,0.913154,,,,,,,,,,0.062237,0.192164,synthetic,False,2.0,45.56855,54.43145,0.9109499999999997,0.5582050000000003,0.5545080000000001,0.570821,,,,144.96649100000002,0.0,0.0,72.48324550000001,-0.4628133333333316,-0.5903979230769242,49.6203164,49.53123608,,2.9988061999999998,40.0,,41.80135,38.552550000000004,29.997049999999998,,98,False
demo,D13,100,0.892003,43,1072.860607,3.315891,,,2.997485,,49.300636,,,,0.889214,,,,,,,,,,0.06162,0.198541,synthetic,False,2.0,44.60015,55.39985,0.9684000000000026,0.5602999999999995,0.6047939999999999,0.5789170000000001,,,,145.85570500000003,0.0,0.0,72.92785250000001,-0.4725042424242411,-0.5865777692307697,49.5870911,49.532992240000006,,2.9970622000000002,40.0,,41.3179,37.7751,28.70145,,99,False
demo,D13,101,0.882006,43,1061.544725,3.312835,,,2.991593,,49.490374,,,,0.884317,,,,,,,,,,0.060183,0.196545,synthetic,False,2.0,44.1003,55.8997,0.4998500000000021,0.5089800000000004,0.5769780000000003,0.580408,,,,146.74002200000004,0.0,0.0,73.37001100000002,-0.5090812121212134,-0.5876934615384608,49.5732017,49.529452039999995,,2.9963311,40.0,,40.5175,37.27865,28.65965,,100,False
demo,D13,102,0.881982,43,1064.105407,3.310366,,,2.996894,,49.306831,,,,0.88418,,,,,,,,,,0.05965,0.199049,synthetic,False,2.0,44.0991,55.9009,0.0011999999999972033,0.4911749999999998,0.567494,0.56784,,,,147.62420200000003,0.0,0.0,73.81210100000001,-0.49597909090908926,-0.5801075000000002,49.5012523,49.52358432,,2.9974883,40.0,,39.7892,36.9242,28.639,,101,False
demo,D13,103,0.844549,43,1014.643629,3.30757,,,3.003372,,49.888605,,,,0.844437,,,,,,,,,,0.060109,0.196751,synthetic,False,2.0,42.22745,57.77255,1.8716500000000025,0.6006950000000003,0.6217220000000003,0.5949480000000001,,,,148.46863900000002,0.0,0.0,74.23431950000001,-0.5771939393939429,-0.584044461538461,49.532309100000006,49.537699079999996,,2.9980705999999997,40.0,,39.59735,36.0756,28.2376,,102,False
demo,D13,104,0.836027,43,1006.541141,3.306432,,,3.014186,,50.041804,,,,0.835829,,,,,,,,,,0.060706,0.196418,synthetic,False,2.0,41.80135,58.19865,0.42609999999999815,0.6012549999999998,0.6101340000000002,0.598392,,,,149.304468,0.0,0.0,74.652234,-0.6368724242424225,-0.5871164615384609,49.617151899999996,49.56720372000001,,3.0006868,40.0,,38.552550000000004,35.682,26.523000000000003,,103,False
demo,D13,105,0.826358,43,993.098332,3.311709,,,3.009474,,49.455004,,,,0.82123,,,,,,,,,,0.063114,0.198731,synthetic,False,2.0,41.3179,58.6821,0.4834499999999977,0.618215,0.6074260000000001,0.5803400000000001,,,,150.12569800000003,0.0,0.0,75.06284900000001,-0.6709648484848494,-0.5884292307692308,49.5640447,49.55825736,,3.0030278000000004,40.0,,37.7751,35.3072,25.0812,,104,False
demo,D13,106,0.81035,43,966.877025,3.302307,,,2.987809,,50.03339,,,,0.808334,,,,,,,,,,0.062384,0.201914,synthetic,False,2.0,40.5175,59.4825,0.8004000000000033,0.6328649999999996,0.6167540000000002,0.590539,,,,150.93403200000003,0.0,0.0,75.46701600000002,-0.7173736363636364,-0.5911210384615389,49.638446,49.6041284,,2.9998099,40.0,,37.27865,34.67515,,,105,False
demo,D13,107,0.795784,43,954.498658,3.296749,,,3.009885,,50.039018,,,,0.79661,,,,,,,,,,0.061429,0.201219,synthetic,False,2.0,39.7892,60.2108,0.7282999999999973,0.6981650000000001,0.6192300000000001,0.6036059999999999,,,,151.73064200000002,0.0,0.0,75.86532100000001,-0.73181696969697,-0.5953389615384617,49.6966451,49.61179064,,3.00115,40.0,,36.9242,33.679500000000004,,,106,False
demo,D13,108,0.791947,43,947.86272,3.299787,,,3.004754,,49.647312,,,,0.793849,,,,,,,,,,0.061945,0.198737,synthetic,False,2.0,39.59735,60.40265,0.1918500000000023,0.6882150000000002,0.592346,0.595356,,,,152.524491,0.0,0.0,76.2622455,-0.6915221212121153,-0.5980590384615372,49.6940212,49.601452720000005,,3.0014522,40.0,,36.0756,32.86065,,,107,False
demo,D13,109,0.771051,43,925.903626,3.285907,,,2.993753,,49.347779,,,,0.772175,,,,,,,,,,0.062032,0.193586,synthetic,False,2.0,38.552550000000004,61.447449999999996,1.044799999999995,0.7015999999999998,0.6092519999999999,0.5951790000000001,,,,153.29666600000002,0.0,0.0,76.64833300000001,-0.685526363636359,-0.6052536538461546,49.6550753,49.59533832,,3.0009205000000003,40.0,,35.682,32.45235,,,108,False
demo,D13,110,0.755502,43,904.451276,3.294307,,,3.001821,,49.598933,,,,0.755388,,,,,,,,,,0.063245,0.202211,synthetic,False,2.0,37.7751,62.2249,0.7774500000000018,0.6825049999999997,0.6254259999999996,0.6090099999999999,,,,154.05205400000003,0.0,0.0,77.02602700000001,-0.7014545454545387,-0.6116393461538456,49.684905,49.59506596,,3.0013541,40.0,,35.3072,32.1941,,,109,False
demo,D13,111,0.745573,43,896.31327,3.297569,,,3.005723,,49.732826,,,,0.748445,,,,,,,,,,0.061665,0.195861,synthetic,False,2.0,37.27865,62.72135,0.49645000000000294,0.6821649999999998,0.621138,0.6120939999999999,,,,154.80049900000003,0.0,0.0,77.40024950000002,-0.6950572727272712,-0.616616730769231,49.709150199999996,49.60812752,,3.0027671000000002,40.0,,34.67515,31.63565,,,110,False
demo,D13,112,0.738484,43,888.789248,3.294719,,,3.000471,,50.277691,,,,0.739969,,,,,,,,,,0.062965,0.200566,synthetic,False,2.0,36.9242,63.0758,0.35444999999999993,0.7174900000000001,0.6180519999999998,0.5994579999999999,,,,155.54046800000003,0.0,0.0,77.77023400000002,-0.625386969696969,-0.6172369999999998,49.8062362,49.64418148,,3.0031248,40.0,,33.679500000000004,30.8454,,,111,False
demo,D13,113,0.721512,43,868.941144,3.291383,,,3.004802,,49.888156,,,,0.720944,,,,,,,,,,0.063085,0.200792,synthetic,False,2.0,36.0756,63.9244,0.8485999999999976,0.6151849999999996,0.6360979999999998,0.615758,,,,156.26141200000004,0.0,0.0,78.13070600000002,-0.6398121212121209,-0.6177793846153846,49.8061913,49.668190079999995,,3.0032678,40.0,,32.86065,30.46975,,,112,False
demo,D13,114,0.71364,43,860.527617,3.291802,,,2.99137,,49.677834,,,,0.716754,,,,,,,,,,0.062015,0.197201,synthetic,False,2.0,35.682,64.318,0.3935999999999993,0.6119349999999997,0.6187440000000001,0.6068439999999998,,,,156.97816600000004,0.0,0.0,78.48908300000002,-0.6295451515151489,-0.6179968461538458,49.7697943,49.67717428,,3.0009862,40.0,,32.45235,29.997049999999998,,,113,False
demo,D13,115,0.706144,43,843.111878,3.292681,,,3.019928,,49.977746,,,,0.704596,,,,,,,,,,0.064527,0.202872,synthetic,False,2.0,35.3072,64.6928,0.37480000000000047,0.60107,0.5958379999999996,0.6078959999999999,,,,157.68276200000005,0.0,0.0,78.84138100000003,-0.5977778787878805,-0.6192495769230764,49.8220685,49.69096856,,3.0020316,40.0,,32.1941,28.70145,,,114,False
demo,D13,116,0.693503,43,829.210699,3.292389,,,2.980707,,49.635908,,,,0.691462,,,,,,,,,,0.062769,0.208723,synthetic,False,2.0,34.67515,65.32485,0.6320499999999996,0.5842349999999996,0.580598,0.593329,,,,158.37422400000005,0.0,0.0,79.18711200000003,-0.5809890909090911,-0.6250086923076907,49.782320299999995,49.69123416,,3.0013214,40.0,,31.63565,28.65965,,,115,False
demo,D13,117,0.67359,43,815.408101,3.285989,,,3.005779,,50.1182,,,,0.673023,,,,,,,,,,0.062271,0.202119,synthetic,False,2.0,33.679500000000004,66.3205,0.9956499999999977,0.6109699999999997,0.6132539999999997,0.6072199999999998,,,,159.04724700000006,0.0,0.0,79.52362350000003,-0.596245454545458,-0.630585576923077,49.7902385,49.69490916000001,,3.0009108,40.0,,30.8454,28.639,,,116,False
demo,D13,118,0.657213,43,791.043999,3.280887,,,3.003668,,49.769765,,,,0.656216,,,,,,,,,,0.064281,0.206009,synthetic,False,2.0,32.86065,67.13935000000001,0.8188500000000047,0.6736699999999999,0.61495,0.618308,,,,159.70346300000006,0.0,0.0,79.85173150000003,-0.594899393939392,-0.6396922307692294,49.8024838,49.702578280000004,,3.0008022,40.0,,30.46975,28.2376,,,117,False
demo,D13,119,0.649047,43,779.380836,3.271877,,,3.006429,,49.818299,,,,0.648573,,,,,,,,,,0.063564,0.211105,synthetic,False,2.0,32.45235,67.54765,0.408299999999997,0.6100200000000001,0.6144619999999997,0.6090109999999999,,,,160.35203600000006,0.0,0.0,80.17601800000003,-0.6038206060606129,-0.6449468461538459,49.8495358,49.72757519999999,,3.0020698,40.0,,29.997049999999998,26.523000000000003,,,118,False
demo,D13,120,0.643882,43,772.732285,3.284398,,,2.992916,,50.12805,,,,0.644909,,,,,,,,,,0.06397,0.206833,synthetic,False,2.0,32.1941,67.80590000000001,0.25825000000000387,0.5581000000000003,0.6122380000000001,0.591365,,,,160.99694500000007,0.0,0.0,80.49847250000003,-0.6047163636363607,-0.6439072307692314,49.9024475,49.733254159999994,,3.0011793,40.0,,28.70145,25.0812,,,119,False
demo,D13,121,0.632713,43,759.126104,3.28115,,,3.011692,,50.488489,,,,0.63267,,,,,,,,,,0.062488,0.202757,synthetic,False,2.0,31.63565,68.36435,0.5584500000000006,0.5643,0.6084199999999998,0.604024,,,,161.62961500000006,0.0,0.0,80.81480750000003,-0.6015212121212125,-0.6427877307692298,49.9780138,49.78121864,,3.0017762,40.0,,28.65965,,,,120,False
demo,D13,122,0.616908,43,735.995214,3.277724,,,2.99892,,50.624085,,,,0.616898,,,,,,,,,,0.064643,0.206035,synthetic,False,2.0,30.8454,69.1546,0.7902499999999968,0.6078799999999998,0.6370180000000001,0.5996199999999999,,,,162.24651300000005,0.0,0.0,81.12325650000002,-0.596660606060604,-0.6380154615384608,50.0126532,49.827900959999994,,3.0016211,40.0,,28.639,,,,121,False
demo,D13,123,0.609395,43,729.580209,3.273422,,,2.988138,,49.82594,,,,0.609467,,,,,,,,,,0.066078,0.207067,synthetic,False,2.0,30.46975,69.53025,0.37565000000000026,0.560585,0.64039,0.593687,,,,162.85598000000005,0.0,0.0,81.42799000000002,-0.5951809090909111,-0.6273738846153838,50.0064316,49.83399652,,2.9999547,40.0,,28.2376,,,,122,False
demo,D13,124,0.599941,43,719.687789,3.278853,,,2.989052,,49.950937,,,,0.597167,,,,,,,,,,0.062738,0.210304,synthetic,False,2.0,29.997049999999998,70.00295,0.47270000000000323,0.5684950000000004,0.6228600000000002,0.5886840000000002,,,,163.45314700000006,0.0,0.0,81.72657350000003,-0.5777751515151508,-0.6178899999999986,50.0337419,49.842544479999994,,2.9997229,40.0,,26.523000000000003,,,,123,False
demo,D13,125,0.574029,43,687.355111,3.270725,,,3.001247,,50.26784,,,,0.572289,,,,,,,,,,0.064614,0.210681,synthetic,False,2.0,28.70145,71.29855,1.2955999999999968,0.660575,0.635948,0.620371,,,,164.02543600000007,0.0,0.0,82.01271800000004,-0.5871166666666656,-0.6180714230769239,50.0627513,49.88123264,,2.9978548000000003,40.0,,25.0812,,,,124,False
demo,D13,126,0.573193,43,686.62383,3.271511,,,2.984035,,50.432408,,,,0.572751,,,,,,,,,,0.063483,0.198763,synthetic,False,2.0,28.65965,71.34035,0.04180000000000206,0.6015500000000003,0.6176259999999999,0.5973020000000001,,,,164.59818700000008,0.0,0.0,82.29909350000004,-0.5608051515151498,-0.6114074230769212,50.1424013,49.918914,,2.9981876,40.0,,,,,,125,False
demo,D13,127,0.57278,43,692.611879,3.271374,,,3.018005,,49.599809,,,,0.571814,,,,,,,,,,0.066962,0.20452,synthetic,False,2.0,28.639,71.361,0.020649999999999835,0.5040500000000006,0.6184040000000001,0.5929490000000001,,,,165.17000100000007,0.0,0.0,82.58500050000004,-0.5290815151515136,-0.5930686153846157,50.09056220000001,49.93063312,,2.9994102,40.0,,,,,,126,False
demo,D13,128,0.564752,43,677.190513,3.272393,,,3.010489,,50.174707,,,,0.56449,,,,,,,,,,0.065592,0.2072,synthetic,False,2.0,28.2376,71.7624,0.40139999999999887,0.4623049999999999,0.5595939999999999,0.5906580000000001,,,,165.73449100000008,0.0,0.0,82.86724550000004,-0.5127454545454508,-0.5852591538461539,50.1310564,49.9420772,,3.0000923,40.0,,,,,,127,False
demo,D13,129,0.53046,43,637.082645,3.261713,,,3.018268,,50.082525,,,,0.531949,,,,,,,,,,0.064978,0.205736,synthetic,False,2.0,26.523000000000003,73.477,1.7145999999999972,0.592935,0.6111339999999998,0.610634,,,,166.26644000000007,0.0,0.0,83.13322000000004,-0.561116060606062,-0.5867763461538461,50.157479,49.943706039999995,,3.0012762000000004,40.0,,,,,,128,False
demo,D13,130,0.501624,43,602.386656,3.264953,,,3.017214,,49.766559,,,,0.501549,,,,,,,,,,0.063756,0.198835,synthetic,False,2.0,25.0812,74.9188,1.4418000000000042,0.71129,0.6494680000000002,0.6284470000000001,,,,166.76798900000009,0.0,0.0,83.38399450000004,-0.6334760606060581,-0.5946843846153848,50.1213299,49.95616824,,3.003706,40.0,,,,,,129,False
demo,D14,1,1.870987,15,6725.440472,3.431657,,,0.996847,,17.198431,,,,1.872082,,,,,,,,,,0.052059,0.152278,synthetic,False,2.0,93.54935,6.450649999999996,,,,,,,,1.872082,0.0,0.0,0.936041,,,,,,,,,93.71155,93.2504,93.0196,92.13285,0,True
demo,D14,2,1.885365,15,6780.091753,3.435663,,,1.006128,,17.720763,,,,1.887584,,,,,,,,,,0.049991,0.155163,synthetic,False,2.0,94.26825,5.731750000000005,-0.7188999999999908,,,,,,,3.759666,0.0,0.0,1.879833,,,,,,,,,93.69969999999999,93.06265,93.09635,91.55,1,True
demo,D14,3,1.883635,15,6754.363699,3.42838,,,0.9983,,17.430064,,,,1.878283,,,,,,,,,,0.051083,0.151306,synthetic,False,2.0,94.18175,5.818250000000006,0.08650000000000091,,,,,,,5.637949,0.0,0.0,2.8189745,0.3161999999999823,0.3161999999999823,17.44975266666667,17.44975266666667,,1.000425,,,93.55705,93.77965,92.17795,91.717,2,True
demo,D14,4,1.877341,15,6744.192866,3.437002,,,0.98781,,17.626308,,,,1.876061,,,,,,,,,,0.052521,0.153671,synthetic,False,2.0,93.86704999999999,6.132950000000008,0.314700000000002,-0.10589999999999596,-0.10589999999999596,-0.10589999999999596,,,,7.51401,0.0,0.0,3.757005,0.08665999999999226,0.08665999999999226,17.4938915,17.4938915,,0.9972712499999999,,,93.34295,93.59805,92.4914,91.21475,3,True
demo,D14,5,1.863707,15,6729.874028,3.437856,,,1.008857,,16.909451,,,,1.861773,,,,,,,,,,0.050686,0.150241,synthetic,False,2.0,93.18535,6.81465,0.6816999999999922,0.09100000000000108,0.09100000000000108,0.09100000000000108,,,,9.375783,0.0,0.0,4.6878915,-0.1129200000000042,-0.1129200000000042,17.3770034,17.3770034,,0.9995884,,,93.36945,93.21115,92.83829999999999,91.91005,4,True
demo,D14,6,1.874231,15,6746.552686,3.43325,,,1.005149,,16.884305,,,,1.872469,,,,,,,,,,0.050259,0.153817,synthetic,False,2.0,93.71155,6.288449999999997,-0.5262000000000029,-0.03243999999999971,-0.03243999999999971,-0.03243999999999971,,,,11.248252,0.0,0.0,5.624126,-0.0786400000000004,-0.0786400000000004,17.294887,17.294887,,1.0005151666666665,,,93.2504,93.36545000000001,92.11335000000001,92.06474999999999,5,False
demo,D14,7,1.873994,15,6748.915791,3.434783,,,0.99751,,17.343277,,,,1.875519,,,,,,,,,,0.051339,0.153322,synthetic,False,2.0,93.69969999999999,6.300300000000007,0.011850000000009686,-0.02505833333333148,-0.02505833333333148,-0.02505833333333148,,,,13.123771000000001,0.0,0.0,6.561885500000001,-0.059241071428568964,-0.059241071428568964,17.301799857142857,17.301799857142857,,1.000085857142857,,,93.06265,94.04400000000001,92.122,91.92280000000001,6,False
demo,D14,8,1.871141,15,6690.998931,3.433012,,,1.007113,,17.296913,,,,1.869252,,,,,,,,,,0.051391,0.157985,synthetic,False,2.0,93.55705,6.442949999999996,0.14264999999998906,-0.001099999999999974,-0.001099999999999974,-0.001099999999999974,,,,14.993023,0.0,0.0,7.4965115,-0.058108928571425265,-0.058108928571425265,17.301189,17.301189,,1.00096425,,,93.77965,93.8885,92.5317,91.85215,7,False
demo,D14,9,1.866859,15,6739.800862,3.431822,,,1.00095,,17.512127,,,,1.859372,,,,,,,,,,0.051979,0.155148,synthetic,False,2.0,93.34295,6.657049999999998,0.21410000000000196,0.025800000000000267,0.025800000000000267,0.025800000000000267,,,,16.852395,0.0,0.0,8.4261975,-0.06797999999999874,-0.06797999999999874,17.324626555555554,17.324626555555554,,1.0009626666666667,,,93.59805,93.4101,92.72120000000001,91.81895,8,False
demo,D14,10,1.867389,15,6708.774767,3.434352,,,1.013314,,16.791219,,,,1.866506,,,,,,,,,,0.049948,0.155672,synthetic,False,2.0,93.36945,6.6305499999999995,-0.026499999999998636,0.019988888888889278,0.019988888888889278,0.019988888888889278,,,,18.718901000000002,0.0,0.0,9.359450500000001,-0.06785181818182118,-0.06785181818182118,17.2712858,17.2712858,,1.0021977999999998,,,93.21115,93.3613,93.9102,91.7357,9,False
demo,D14,11,1.865008,15,6736.667471,3.429989,,,1.001512,,17.378388,,,,1.861038,,,,,,,,,,0.048801,0.155332,synthetic,False,2.0,93.2504,6.749600000000001,0.11905000000000143,0.029895000000000494,0.029895000000000494,0.029895000000000494,,,,20.579939000000003,0.0,0.0,10.289969500000002,-0.09917575757575456,-0.07010909090909444,17.2892815,17.281022363636364,,1.0026642999999997,,,93.36545000000001,93.0847,92.97,91.66865,10,False
demo,D14,12,1.861253,15,6703.612133,3.431716,,,1.013239,,17.455438,,,,1.863101,,,,,,,,,,0.052309,0.149163,synthetic,False,2.0,93.06265,6.937349999999995,0.1877499999999941,0.12055999999999897,0.044245454545454456,0.044245454545454456,,,,22.443040000000003,0.0,0.0,11.221520000000002,-0.08919030303030309,-0.07593601398601656,17.262749,17.295557,,1.0033754,,,94.04400000000001,92.90525,92.4806,91.6465,11,False
demo,D14,13,1.875593,15,6740.749093,3.430831,,,0.981263,,17.420654,,,,1.878615,,,,,,,,,,0.050161,0.148985,synthetic,False,2.0,93.77965,6.220349999999996,-0.7169999999999987,0.04020999999999901,-0.019191666666666645,-0.019191666666666645,,,,24.321655000000003,0.0,0.0,12.160827500000002,-0.03124909090909082,-0.05331703296703222,17.261808000000002,17.305179846153848,,1.0016717,,,93.8885,93.41255000000001,92.30465,91.20455,12,False
demo,D14,14,1.871961,15,6705.137941,3.436351,,,1.004592,,17.090386,,,,1.863818,,,,,,,,,,0.05067,0.154166,synthetic,False,2.0,93.59805,6.401949999999999,0.1816000000000031,0.026899999999999126,-0.003746153846153587,-0.003746153846153587,,,,26.185473,0.0,0.0,13.0927365,0.0006806060606001715,-0.0427646153846172,17.208215799999998,17.289837428571428,,1.0033499000000001,,,93.4101,93.15545,91.98465,91.29955,13,False
demo,D14,15,1.864223,15,6754.991851,3.433985,,,0.996021,,17.333319,,,,1.861337,,,,,,,,,,0.049175,0.156267,synthetic,False,2.0,93.21115,6.7888499999999965,0.38689999999999714,-0.002580000000000382,0.024157142857142894,0.024157142857142894,,,,28.04681,0.0,0.0,14.023405,-0.030679393939393246,-0.04450892857142613,17.2506026,17.2927362,,1.0020662999999999,,,93.3613,92.6728,92.22185,91.33895,14,False
demo,D14,16,1.867309,15,6738.511691,3.431689,,,0.991409,,17.005122,,,,1.868629,,,,,,,,,,0.05235,0.154603,synthetic,False,2.0,93.36545000000001,6.63454999999999,-0.15430000000000632,0.03460999999999927,0.012259999999999611,0.012259999999999611,,,,29.915439,0.0,0.0,14.9577195,-0.018855757575753532,-0.04129058823528962,17.262684299999997,17.2747603125,,1.0006923,,,93.0847,93.0196,92.5097,91.17535,15,False
demo,D14,17,1.88088,15,6788.701061,3.435258,,,1.011585,,17.105443,,,,1.87558,,,,,,,,,,0.051542,0.152173,synthetic,False,2.0,94.04400000000001,5.955999999999989,-0.6785500000000013,-0.03443000000000183,-0.030915625000000446,-0.030915625000000446,,,,31.791019,0.0,0.0,15.8955095,0.033384848484852396,-0.024967401960782867,17.238900899999997,17.264800470588238,,1.0020998,,,92.90525,93.09635,92.48345,90.76429999999999,16,False
demo,D14,18,1.87777,15,6796.857395,3.433838,,,1.008891,,16.922611,,,,1.880709,,,,,,,,,,0.051532,0.154168,synthetic,False,2.0,93.8885,6.111500000000007,0.15550000000001774,-0.03314499999999896,-0.019949999999999378,-0.019949999999999378,,,,33.671728,0.0,0.0,16.835864,0.06346030303030513,-0.015802579979357446,17.201470699999998,17.245789944444443,,1.0022776,,,93.41255000000001,92.17795,92.29705,90.82175,17,False
demo,D14,19,1.868202,15,6730.048151,3.438101,,,0.979935,,17.008031,,,,1.872123,,,,,,,,,,0.051621,0.154291,synthetic,False,2.0,93.4101,6.5899,0.4783999999999935,-0.0067149999999998045,0.007736111111111338,0.007736111111111338,,,,35.543851000000004,0.0,0.0,17.771925500000002,0.049150303030303585,-0.0165466666666665,17.1510611,17.233276315789475,,1.0001761,,,93.15545,92.4914,92.34179999999999,91.2192,18,False
demo,D14,20,1.867226,15,6749.286691,3.431639,,,1.007155,,17.13892,,,,1.866621,,,,,,,,,,0.049268,0.157648,synthetic,False,2.0,93.3613,6.6387,0.048799999999999955,0.0008150000000000546,0.009897368421052844,0.009897368421052844,,,,37.410472000000006,0.0,0.0,18.705236000000003,0.03313121212121042,-0.01754954887217979,17.1858312,17.2285585,,0.9995602,,,92.6728,92.83829999999999,92.52045,91.37984999999999,19,False
demo,D14,21,1.861694,15,6692.475045,3.435252,,,1.005941,,17.084725,,,,1.858812,,,,,,,,,,0.050398,0.157701,synthetic,False,2.0,93.0847,6.915300000000002,0.27660000000000196,0.016570000000000105,0.0232325000000003,0.0232325000000003,,,,39.269284000000006,0.0,0.0,19.634642000000003,-0.005813030303030095,-0.021656233766236432,17.1564649,17.221709285714287,,1.0000031,,,93.0196,92.11335000000001,92.1199,91.06875,20,False
demo,D14,22,1.858105,15,6703.979234,3.429442,,,0.992769,,17.023145,,,,1.849518,,,,,,,,,,0.050967,0.154016,synthetic,False,2.0,92.90525,7.094750000000005,0.17945000000000277,0.015740000000000975,0.030671428571428988,0.030671428571428988,,,,41.11880200000001,0.0,0.0,20.559401000000005,-0.06505363636363806,-0.026611377752680746,17.113235600000003,17.212683636363636,,0.9979561,,,93.09635,92.122,92.46725,91.85315,21,False
demo,D14,23,1.868251,15,6712.989537,3.436788,,,0.991647,,16.872724,,,,1.871292,,,,,,,,,,0.050569,0.15512,synthetic,False,2.0,93.41255000000001,6.58744999999999,-0.507300000000015,0.036709999999999354,0.006218181818181537,0.006218181818181537,,,,42.990094000000006,0.0,0.0,21.495047000000003,-0.046915454545453115,-0.024578211462453023,17.0584426,17.197902782608697,,0.9989945,,,92.17795,92.5317,91.7987,92.1766,22,False
demo,D14,24,1.863109,15,6697.053271,3.437038,,,0.984094,,17.695611,,,,1.870571,,,,,,,,,,0.051097,0.156304,synthetic,False,2.0,93.15545,6.844549999999998,0.2571000000000083,0.044259999999999876,0.017126086956521833,0.017126086956521833,,,,44.860665000000004,0.0,0.0,22.430332500000002,-0.050457878787880266,-0.025337891304346803,17.1189651,17.218640625000003,,0.9969446999999999,,,92.4914,92.72120000000001,91.95425,91.0725,23,False
demo,D14,25,1.853456,15,6674.383526,3.43602,,,0.996625,,17.094675,,,,1.860112,,,,,,,,,,0.051712,0.157136,synthetic,False,2.0,92.6728,7.327200000000005,0.4826500000000067,0.053835000000000834,0.03652291666666704,0.03652291666666704,,,,46.720777000000005,0.0,0.0,23.360388500000003,-0.10075515151515389,-0.030150615384617507,17.0951007,17.213682000000002,,0.9970051,,,92.83829999999999,93.9102,91.7914,91.28389999999999,24,False
demo,D14,26,1.860392,15,6671.947318,3.438433,,,0.998225,,17.291903,,,,1.859667,,,,,,,,,,0.052403,0.160542,synthetic,False,2.0,93.0196,6.980400000000003,-0.3468000000000018,0.03458500000000129,0.02119000000000028,0.02119000000000028,,,,48.58044400000001,0.0,0.0,24.290222000000004,-0.11532393939393898,-0.03365653846153811,17.123778800000004,17.217420880000002,,0.9976866999999998,,,92.11335000000001,92.97,92.13285,91.1737,25,False
demo,D14,27,1.861927,15,6709.560906,3.433911,,,1.00797,,16.767367,,,,1.857858,,,,,,,,,,0.049901,0.155438,synthetic,False,2.0,93.09635,6.903649999999999,-0.07675000000000409,0.09476500000000102,0.04687599999999975,0.017423076923077038,,,,50.43830200000001,0.0,0.0,25.219151000000004,-0.07627757575757528,-0.02885750000000111,17.0899712,17.17928504,,0.9973251999999999,,,92.122,92.4806,91.55,91.00795000000001,26,False
demo,D14,28,1.843559,15,6630.600024,3.435397,,,1.002694,,17.574074,,,,1.846647,,,,,,,,,,0.051556,0.159764,synthetic,False,2.0,92.17795,7.822050000000004,0.9184000000000054,0.1710549999999998,0.08015199999999993,0.0507925925925929,,,,52.284949000000005,0.0,0.0,26.142474500000002,-0.08620575757575727,-0.03249953846153912,17.1551175,17.18504544,,0.9967055,,,92.5317,92.30465,91.717,91.0898,27,False
demo,D14,29,1.849828,15,6619.673994,3.437725,,,0.989401,,17.267048,,,,1.849359,,,,,,,,,,0.052213,0.152527,synthetic,False,2.0,92.4914,7.508600000000001,-0.3134500000000031,0.09187000000000012,0.05502599999999973,0.03778392857142876,,,,54.134308000000004,0.0,0.0,27.067154000000002,-0.09019606060605899,-0.03485380769230597,17.1810192,17.17067504,,0.9976521,,,92.72120000000001,91.98465,91.21475,90.7426,28,False
demo,D14,30,1.856766,15,6675.179772,3.427608,,,1.002389,,17.103882,,,,1.858541,,,,,,,,,,0.050508,0.153816,synthetic,False,2.0,92.83829999999999,7.16170000000001,-0.3468999999999909,0.05230000000000103,0.013882000000000403,0.024518965517241875,,,,55.99284900000001,0.0,0.0,27.996424500000003,-0.06738212121212306,-0.03976473076923213,17.1775154,17.17845228,,0.9971755,,,93.9102,92.22185,91.91005,91.18205,29,False
demo,D14,31,1.842267,15,6625.296365,3.42787,,,0.99746,,17.127814,,,,1.843383,,,,,,,,,,0.051384,0.149902,synthetic,False,2.0,92.11335000000001,7.886649999999989,0.7249499999999784,0.09713499999999868,0.06392799999999965,0.047866666666666426,,,,57.83623200000001,0.0,0.0,28.918116000000005,-0.09621151515151104,-0.04583853846153809,17.1818243,17.18819264,,0.9963274,,,92.97,92.5097,92.06474999999999,91.02525,30,False
demo,D14,32,1.84244,15,6649.752646,3.424322,,,0.990652,,17.453693,,,,1.842782,,,,,,,,,,0.052042,0.156756,synthetic,False,2.0,92.122,7.878,-0.008649999999988722,0.07832499999999953,0.06310799999999972,0.04604354838709691,,,,59.67901400000001,0.0,0.0,29.839507000000005,-0.12475848484848397,-0.050721615384616725,17.2248791,17.192609280000003,,0.9961157,,,92.4806,92.48345,91.92280000000001,90.3417,31,False
demo,D14,33,1.850634,15,6667.982755,3.435574,,,0.984105,,16.485775,,,,1.854441,,,,,,,,,,0.051505,0.157917,synthetic,False,2.0,92.5317,7.468299999999999,-0.40970000000000084,0.08808500000000094,0.04101400000000013,0.0318015625000001,,,,61.53345500000001,0.0,0.0,30.766727500000005,-0.08764424242424103,-0.05203573076923077,17.1861842,17.16016376,,0.9953614999999999,,,92.30465,92.29705,91.85215,90.6508,32,False
demo,D14,34,1.854424,15,6704.917679,3.425769,,,1.006248,,17.012315,,,,1.858377,,,,,,,,,,0.05213,0.148157,synthetic,False,2.0,92.72120000000001,7.27879999999999,-0.18950000000000955,0.04342499999999916,0.024869999999999663,0.025095454545454355,,,,63.39183200000001,0.0,0.0,31.695916000000004,-0.04665666666666593,-0.052952884615384034,17.1178546,17.14017128,,0.9975769,,,91.98465,92.34179999999999,91.81895,90.04705,33,False
demo,D14,35,1.878204,15,6772.08381,3.427656,,,1.004464,,17.152923,,,,1.87624,,,,,,,,,,0.051313,0.155437,synthetic,False,2.0,93.9102,6.089799999999997,-1.188999999999993,-0.12374000000000081,-0.021630000000000107,-0.010613235294117625,,,,65.268072,0.0,0.0,32.634036,0.032272424242427475,-0.04215138461538306,17.1236794,17.15463944,,0.9983608,,,92.22185,92.52045,91.7357,90.92465,34,False
demo,D14,36,1.8594,15,6682.71682,3.428035,,,1.005568,,17.178247,,,,1.855967,,,,,,,,,,0.051094,0.157437,synthetic,False,2.0,92.97,7.030000000000001,0.9402000000000044,0.004959999999999809,0.011216000000000009,0.01655285714285729,,,,67.12403900000001,0.0,0.0,33.562019500000005,0.06803909090908948,-0.04163511538461286,17.1123138,17.1466338,,0.9990950999999999,,,92.5097,92.1199,91.66865,90.49215000000001,35,False
demo,D14,37,1.849612,15,6657.437282,3.424248,,,0.992718,,17.85191,,,,1.840367,,,,,,,,,,0.050331,0.157657,synthetic,False,2.0,92.4806,7.5194000000000045,0.4894000000000034,0.06157500000000056,0.02328200000000038,0.029687500000000238,,,,68.96440600000001,0.0,0.0,34.482203000000005,0.08282909090909146,-0.04729819230769377,17.2207681,17.16249268,,0.9975699,,,92.48345,92.46725,91.6465,90.7862,36,False
demo,D14,38,1.846093,15,6638.99541,3.43185,,,1.001711,,17.146462,,,,1.844815,,,,,,,,,,0.051786,0.152569,synthetic,False,2.0,92.30465,7.695350000000005,0.17595000000000027,-0.012669999999999959,0.059000000000000344,0.033640540540540775,,,,70.80922100000001,0.0,0.0,35.404610500000004,0.0342587878787876,-0.04696769230769231,17.178006900000003,17.151525000000003,,0.9974716000000001,,,92.29705,91.7987,91.20455,90.3054,37,False
demo,D14,39,1.839693,15,6632.591483,3.425623,,,0.986246,,17.488017,,,,1.835671,,,,,,,,,,0.051703,0.158732,synthetic,False,2.0,91.98465,8.015349999999998,0.3199999999999932,0.05067499999999967,0.06453599999999994,0.041176315789473734,,,,72.64489200000001,0.0,0.0,36.32244600000001,-0.012405151515152021,-0.05027242307692355,17.2001038,17.167430239999998,,0.9971561,,,92.34179999999999,91.95425,91.29955,89.73790000000001,38,False
demo,D14,40,1.844437,15,6641.163071,3.423793,,,0.990134,,17.68626,,,,1.845983,,,,,,,,,,0.050563,0.15625,synthetic,False,2.0,92.22185,7.778149999999997,-0.2372000000000014,0.06164499999999862,0.039572,0.03403846153846155,,,,74.49087500000002,0.0,0.0,37.24543750000001,-0.016861818181818207,-0.054015538461539545,17.2583416,17.181547879999997,,0.9959306000000001,,,92.52045,91.7914,91.33895,91.0425,39,False
demo,D14,41,1.850194,15,6648.139719,3.431107,,,1.000337,,17.392362,,,,1.848952,,,,,,,,,,0.05208,0.157765,synthetic,False,2.0,92.5097,7.490300000000005,-0.2878499999999917,-0.0396349999999984,0.034230000000000586,0.025991250000000223,,,,76.33982700000001,0.0,0.0,38.16991350000001,-0.046475454545453,-0.05279757692307708,17.284796399999998,17.197037480000002,,0.9962183,,,92.1199,92.13285,91.17535,90.24705,40,False
demo,D14,42,1.849669,15,6658.97871,3.431277,,,1.002624,,17.057043,,,,1.848827,,,,,,,,,,0.052771,0.155636,synthetic,False,2.0,92.48345,7.516549999999995,0.026249999999990337,-0.036145000000000496,0.062422000000000255,0.025997560975609735,,,,78.18865400000001,0.0,0.0,39.09432700000001,-0.08174848484848607,-0.04437815384615409,17.245131399999998,17.195101479999998,,0.9974155,,,92.46725,91.55,90.76429999999999,89.86404999999999,41,False
demo,D14,43,1.845941,15,6654.582625,3.423264,,,0.983712,,16.909966,,,,1.848939,,,,,,,,,,0.05088,0.157305,synthetic,False,2.0,92.29705,7.702950000000001,0.18640000000000612,0.0234650000000002,0.06365799999999978,0.029816666666666793,,,,80.03759300000002,0.0,0.0,40.01879650000001,-0.10425666666666732,-0.03803392307692317,17.2875505,17.19459568,,0.9973762,,,91.7987,91.717,90.82175,90.46415,42,False
demo,D14,44,1.846836,15,6628.534604,3.428,,,0.989425,,17.416102,,,,1.848303,,,,,,,,,,0.050804,0.159454,synthetic,False,2.0,92.34179999999999,7.658200000000008,-0.044749999999993406,0.03794000000000182,0.04273200000000031,0.02808255813953516,,,,81.88589600000002,0.0,0.0,40.94294800000001,-0.10884636363636466,-0.034836423076923986,17.3279292,17.21091852,,0.9956939,,,91.95425,91.21475,91.2192,90.6874,43,False
demo,D14,45,1.850409,15,6667.80774,3.431003,,,0.996346,,17.635643,,,,1.849977,,,,,,,,,,0.050732,0.155372,synthetic,False,2.0,92.52045,7.479550000000003,-0.17865000000000464,0.13897500000000065,0.03363400000000013,0.023384090909091073,,,,83.73587300000001,0.0,0.0,41.867936500000006,-0.019826060606062807,-0.02965607692307681,17.3762012,17.23078744,,0.9948821000000001,,,91.7914,91.91005,91.37984999999999,89.9721,44,False
demo,D14,46,1.842398,15,6601.221507,3.428872,,,1.009585,,17.372893,,,,1.848612,,,,,,,,,,0.049897,0.157156,synthetic,False,2.0,92.1199,7.880099999999999,0.4005499999999955,0.08500999999999977,0.03859199999999987,0.031765555555555616,,,,85.58448500000002,0.0,0.0,42.79224250000001,0.0015115151515137193,-0.030292307692308864,17.3956658,17.24231416,,0.9952837999999999,,,92.13285,92.06474999999999,91.06875,89.95915,45,False
demo,D14,47,1.849345,15,6679.722964,3.42985,,,0.991869,,17.534345,,,,1.852075,,,,,,,,,,0.053511,0.159776,synthetic,False,2.0,92.46725,7.532749999999993,-0.3473500000000058,0.0013349999999988428,0.017519999999999526,0.023523913043478194,,,,87.43656000000001,0.0,0.0,43.71828000000001,0.019473030303028032,-0.028774576923076143,17.3639093,17.26276216,,0.9951988999999999,,,91.55,91.92280000000001,91.85315,90.01635,46,False
demo,D14,48,1.835974,15,6619.958122,3.434214,,,1.001406,,17.894026,,,,1.834447,,,,,,,,,,0.051191,0.156161,synthetic,False,2.0,91.7987,8.201300000000003,0.6685500000000104,0.050594999999999855,0.06455400000000054,0.03724787234042569,,,,89.27100700000001,0.0,0.0,44.635503500000006,-0.010599999999995002,-0.0280181538461531,17.4386657,17.30361424,,0.9951684000000001,,,91.717,91.85215,92.1766,89.56765,47,False
demo,D14,49,1.839085,15,6653.065385,3.438472,,,1.002454,,17.450717,,,,1.837719,,,,,,,,,,0.050751,0.15306,synthetic,False,2.0,91.95425,8.045749999999998,-0.15555000000000518,0.0030400000000000206,0.048048,0.033231250000000045,,,,91.10872600000002,0.0,0.0,45.55436300000001,-0.04738909090908771,-0.027155461538462503,17.4349357,17.293818480000002,,0.9967892,,,91.21475,91.81895,91.0725,89.64965000000001,48,False
demo,D14,50,1.835828,15,6586.843701,3.428225,,,0.997503,,16.971099,,,,1.838723,,,,,,,,,,0.050515,0.158595,synthetic,False,2.0,91.7914,8.208600000000004,0.16285000000000593,0.043045000000000756,0.035255999999999975,0.035876530612245064,,,,92.94744900000002,0.0,0.0,46.47372450000001,-0.07687909090909265,-0.03169850000000013,17.3634196,17.288875439999998,,0.9975261,,,91.91005,91.7357,91.28389999999999,90.34725,49,False
demo,D14,51,1.842657,15,6656.122235,3.425045,,,1.00268,,17.248779,,,,1.843405,,,,,,,,,,0.051185,0.160598,synthetic,False,2.0,92.13285,7.867149999999995,-0.3414500000000089,0.03768499999999904,0.03546999999999969,0.028329999999999984,,,,94.79085400000002,0.0,0.0,47.39542700000001,-0.06333696969697032,-0.028943692307692823,17.3490613,17.28715048,,0.9977604000000001,,,92.06474999999999,91.66865,91.1737,89.72879999999999,50,False
demo,D14,52,1.831,15,6610.104299,3.427937,,,0.986551,,17.596054,,,,1.826894,,,,,,,,,,0.050995,0.160626,synthetic,False,2.0,91.55,8.450000000000003,0.5828500000000076,0.09334500000000076,0.06185400000000016,0.054364999999999955,,,,96.61774800000002,0.0,0.0,48.30887400000001,-0.07876878787879056,-0.03011942307692268,17.4029624,17.32029796,,0.9961531000000001,,,91.92280000000001,91.6465,91.00795000000001,89.4729,51,False
demo,D14,53,1.83434,15,6600.015066,3.43007,,,0.993442,,17.186295,,,,1.837623,,,,,,,,,,0.053095,0.158771,synthetic,False,2.0,91.717,8.283000000000001,-0.1670000000000016,0.058004999999999994,0.018437999999999875,0.0492949999999999,,,,98.45537100000001,0.0,0.0,49.22768550000001,-0.08620363636363916,-0.03774811538461551,17.4305953,17.3047868,,0.9971261,,,91.85215,91.20455,91.0898,89.54419999999999,52,False
demo,D14,54,1.824295,15,6560.042811,3.427824,,,1.014344,,17.639983,,,,1.828883,,,,,,,,,,0.050508,0.149996,synthetic,False,2.0,91.21475,8.785250000000005,0.5022500000000036,0.1127049999999997,0.051066000000000146,0.053045999999999933,,,,100.28425400000002,0.0,0.0,50.14212700000001,-0.11101969696969531,-0.046523884615384634,17.4529834,17.3197042,,0.9996180000000001,,,91.81895,91.29955,90.7426,89.95725,53,False
demo,D14,55,1.838201,15,6595.979599,3.432218,,,1.015048,,17.225965,,,,1.842544,,,,,,,,,,0.050079,0.154564,synthetic,False,2.0,91.91005,8.089950000000002,-0.6953000000000031,0.06103999999999985,0.037129999999999656,0.02550600000000003,,,,102.12679800000002,0.0,0.0,51.06339900000001,-0.07233909090909128,-0.04443046153846246,17.4120156,17.32458752,,1.0014882,,,91.7357,91.33895,91.18205,88.99815,54,False
demo,D14,56,1.841295,15,6601.897584,3.439009,,,1.008429,,17.321645,,,,1.846976,,,,,,,,,,0.052139,0.154594,synthetic,False,2.0,92.06474999999999,7.935250000000011,-0.15469999999999118,0.00551500000000118,0.0019440000000008695,0.032936000000000264,,,,103.97377400000002,0.0,0.0,51.98688700000001,-0.04452484848484829,-0.04744450000000061,17.4068908,17.33234076,,1.0013726,,,91.66865,91.17535,91.02525,89.6228,55,False
demo,D14,57,1.838456,15,6603.524882,3.422954,,,1.011004,,17.154631,,,,1.846064,,,,,,,,,,0.051508,0.156596,synthetic,False,2.0,91.92280000000001,8.07719999999999,0.14194999999998004,0.054444999999999764,0.00796799999999962,0.03553799999999967,,,,105.81983800000002,0.0,0.0,52.90991900000001,-0.0006281818181800652,-0.05164496153846098,17.3689194,17.32037828,,1.0032861,,,91.6465,90.76429999999999,90.3417,90.24045000000001,56,False
demo,D14,58,1.837043,15,6588.441919,3.427602,,,0.981741,,17.284319,,,,1.8434,,,,,,,,,,0.051407,0.161583,synthetic,False,2.0,91.85215,8.147850000000005,0.07065000000001476,-0.0053449999999997996,0.027182000000000244,0.034098000000000184,,,,107.66323800000002,0.0,0.0,53.83161900000001,0.0014442424242445688,-0.05224734615384748,17.3079487,17.35232004,,1.0013196,,,91.20455,90.82175,90.6508,90.06645,57,False
demo,D14,59,1.836379,15,6642.611287,3.435712,,,0.990513,,17.298544,,,,1.83763,,,,,,,,,,0.052196,0.153303,synthetic,False,2.0,91.81895,8.181049999999999,0.03319999999999368,0.013530000000000087,0.03609000000000037,0.030480000000000017,,,,109.50086800000003,0.0,0.0,54.75043400000001,0.011427878787877608,-0.05073846153846243,17.2927314,17.3637692,,1.0001254999999998,,,91.29955,91.2192,90.04705,89.58435,58,False
demo,D14,60,1.834714,15,6575.205827,3.427251,,,0.996889,,16.845794,,,,1.833949,,,,,,,,,,0.05179,0.163338,synthetic,False,2.0,91.7357,8.264300000000006,0.08325000000000671,0.005570000000000163,0.08698000000000036,0.03267500000000013,,,,111.33481700000003,0.0,0.0,55.667408500000015,0.00765393939394178,-0.037413999999999434,17.2802009,17.35148404,,1.0000641,,,91.33895,91.37984999999999,90.92465,89.76254999999999,59,False
demo,D14,61,1.833373,15,6603.092045,3.43233,,,1.024156,,17.139542,,,,1.826665,,,,,,,,,,0.051619,0.155518,synthetic,False,2.0,91.66865,8.33135,0.06704999999999472,0.04642000000000053,0.052053999999999975,0.03163499999999999,,,,113.16148200000003,0.0,0.0,56.58074100000002,0.02366121212121372,-0.0324377692307701,17.269277199999998,17.34993584,,1.0022117,,,91.17535,91.06875,90.49215000000001,89.7148,60,False
demo,D14,62,1.83293,15,6607.17442,3.43164,,,0.996869,,16.942302,,,,1.83297,,,,,,,,,,0.050265,0.154382,synthetic,False,2.0,91.6465,8.353499999999997,0.02214999999999634,-0.009650000000000603,0.03336399999999969,0.028323000000000036,,,,114.99445200000004,0.0,0.0,57.49722600000002,0.005230303030302581,-0.031558961538462535,17.203902,17.313551519999997,,1.0032435,,,90.76429999999999,91.85315,90.7862,89.24005000000001,61,False
demo,D14,63,1.824091,15,6573.771318,3.432959,,,1.007449,,17.162086,,,,1.825985,,,,,,,,,,0.050091,0.159572,synthetic,False,2.0,91.20455,8.795450000000002,0.4419500000000056,0.05124500000000012,0.044003999999999904,0.051502000000000124,,,,116.82043700000004,0.0,0.0,58.41021850000002,-0.02734333333332963,-0.035877576923076464,17.201481100000002,17.31417648,,1.0046442,,,90.82175,92.1766,90.3054,89.51025,62,False
demo,D14,64,1.825991,15,6582.349445,3.435902,,,1.003784,,17.062222,,,,1.82615,,,,,,,,,,0.05104,0.159733,synthetic,False,2.0,91.29955,8.700450000000004,-0.09499999999999886,-0.008480000000000132,0.027404000000000223,0.04597000000000009,,,,118.64658700000004,0.0,0.0,59.32329350000002,-0.0820069696969702,-0.04167303846153872,17.143705,17.297144680000002,,1.0035881999999998,,,91.2192,91.0725,89.73790000000001,89.72435,63,False
demo,D14,65,1.826779,15,6595.076751,3.42968,,,1.003561,,17.512787,,,,1.81988,,,,,,,,,,0.050648,0.158879,synthetic,False,2.0,91.33895,8.661050000000003,-0.039400000000000546,0.057110000000000126,0.03531600000000026,0.03744400000000013,,,,120.46646700000004,0.0,0.0,60.23323350000002,-0.08919606060605845,-0.04420580769230826,17.1723872,17.290205760000003,,1.0024395,,,91.37984999999999,91.28389999999999,91.0425,88.76355000000001,64,False
demo,D14,66,1.823507,15,6555.844742,3.420955,,,0.999765,,17.520589,,,,1.822462,,,,,,,,,,0.052034,0.154751,synthetic,False,2.0,91.17535,8.824650000000005,0.1636000000000024,0.08893999999999949,0.053374000000000026,0.043802000000000306,,,,122.28892900000004,0.0,0.0,61.14446450000002,-0.08807303030302906,-0.04469107692307734,17.1922816,17.29533484,,1.0015730999999999,,,91.06875,91.1737,90.24705,89.2705,65,False
demo,D14,67,1.815286,15,6536.746847,3.424109,,,0.988,,17.417144,,,,1.817629,,,,,,,,,,0.050048,0.158895,synthetic,False,2.0,90.76429999999999,9.235700000000008,0.411050000000003,0.11585000000000178,0.06876600000000054,0.06559400000000039,,,,124.10655800000004,0.0,0.0,62.05327900000002,-0.10805363636363685,-0.048206730769231244,17.2185329,17.30973888,,0.9992727,,,91.85315,91.00795000000001,89.86404999999999,89.1607,66,False
demo,D14,68,1.816435,15,6533.407015,3.435799,,,0.972988,,16.958435,,,,1.812708,,,,,,,,,,0.051388,0.154242,synthetic,False,2.0,90.82175,9.178250000000006,-0.05745000000000289,0.10304000000000002,0.05901200000000017,0.06133499999999998,,,,125.91926600000004,0.0,0.0,62.95963300000002,-0.11556818181818139,-0.05173365384615436,17.185944499999998,17.31167764,,0.9983974,,,92.1766,91.0898,90.46415,89.03790000000001,67,False
demo,D14,69,1.824384,15,6593.447906,3.422391,,,1.012818,,17.23889,,,,1.824989,,,,,,,,,,0.051583,0.154633,synthetic,False,2.0,91.2192,8.7808,-0.3974500000000063,0.05997500000000002,0.04490399999999965,0.04381799999999998,,,,127.74425500000004,0.0,0.0,63.87212750000002,-0.09112727272727582,-0.05000946153846296,17.1799791,17.30458916,,1.0006279,,,91.0725,90.7426,90.6874,88.966,68,False
demo,D14,70,1.827597,15,6620.797197,3.430437,,,0.993835,,16.921806,,,,1.829175,,,,,,,,,,0.051684,0.156612,synthetic,False,2.0,91.37984999999999,8.62015000000001,-0.16064999999998975,0.03558500000000038,0.04562400000000025,0.03962900000000019,,,,129.57343000000003,0.0,0.0,64.78671500000002,-0.05620393939393846,-0.044152307692308115,17.1875803,17.27603568,,1.0003224999999998,,,91.28389999999999,91.18205,89.9721,88.9857,69,False
demo,D14,71,1.821375,15,6533.464899,3.417614,,,0.981329,,17.231114,,,,1.825448,,,,,,,,,,0.052185,0.154685,synthetic,False,2.0,91.06875,8.931250000000006,0.31109999999999616,0.05999000000000052,0.04204600000000028,0.04031900000000008,,,,131.39887800000002,0.0,0.0,65.69943900000001,-0.038406363636364994,-0.044294961538462685,17.1967375,17.27036452,,0.9960397999999999,,,91.1737,91.02525,89.95915,88.96535,70,False
demo,D14,72,1.837063,15,6573.129755,3.424228,,,1.00438,,17.406261,,,,1.843355,,,,,,,,,,0.051303,0.159676,synthetic,False,2.0,91.85315,8.14685,-0.7844000000000051,-0.02066499999999962,0.024564000000000304,0.021041999999999915,,,,133.24223300000003,0.0,0.0,66.62111650000001,0.02797151515151757,-0.032914923076923314,17.243133399999998,17.265241160000002,,0.9967908999999999,,,91.00795000000001,90.3417,90.01635,89.16075,71,False
demo,D14,73,1.843532,15,6648.045539,3.433989,,,1.004188,,17.482729,,,,1.842139,,,,,,,,,,0.050897,0.154524,synthetic,False,2.0,92.1766,7.823400000000007,-0.323449999999994,-0.09720499999999958,-0.015115999999999873,0.024719000000000334,,,,135.08437200000003,0.0,0.0,67.54218600000002,0.0800239393939414,-0.024762307692308867,17.2751977,17.248789279999997,,0.9964648,,,91.0898,90.6508,89.56765,89.519,72,False
demo,D14,74,1.82145,15,6578.275235,3.427825,,,1.007679,,17.386037,,,,1.822119,,,,,,,,,,0.05303,0.156481,synthetic,False,2.0,91.0725,8.927499999999995,1.1040999999999883,0.022704999999999132,0.03526999999999987,0.04165899999999993,,,,136.90649100000002,0.0,0.0,68.45324550000001,0.06640363636363673,-0.025536576923077623,17.3075792,17.24620208,,0.9968543000000001,,,90.7426,90.04705,89.64965000000001,88.6805,73,False
demo,D14,75,1.825678,15,6611.02771,3.426704,,,1.011157,,17.576101,,,,1.826463,,,,,,,,,,0.051423,0.154332,synthetic,False,2.0,91.28389999999999,8.716100000000012,-0.21139999999998338,0.005505000000000848,0.020300000000000297,0.027778000000000132,,,,138.732954,0.0,0.0,69.366477,0.06969303030303087,-0.02530969230769312,17.3139106,17.27040216,,0.9976138999999999,,,91.18205,90.92465,90.34725,88.4362,74,False
demo,D14,76,1.823474,15,6579.039445,3.424677,,,0.99081,,17.329728,,,,1.825843,,,,,,,,,,0.053184,0.160174,synthetic,False,2.0,91.1737,8.826300000000003,0.11019999999999186,0.00016499999999979308,0.03836600000000032,0.036918000000000006,,,,140.558797,0.0,0.0,70.2793985,0.05673212121212209,-0.022295153846153205,17.294824499999997,17.27364012,,0.9967184,,,91.02525,90.49215000000001,89.72879999999999,88.50065000000001,75,False
demo,D14,77,1.820159,15,6580.00915,3.419534,,,0.99125,,17.211372,,,,1.822115,,,,,,,,,,0.051473,0.155195,synthetic,False,2.0,91.00795000000001,8.992049999999992,0.16574999999998852,-0.024365000000001656,0.021681999999999563,0.04176799999999986,,,,142.380912,0.0,0.0,71.190456,0.007346969696976156,-0.025901307692307248,17.274247300000003,17.25825284,,0.9970433999999999,,,90.3417,90.7862,89.4729,88.67485,76,False
demo,D14,78,1.821796,15,6591.1293,3.430498,,,0.996813,,17.485721,,,,1.826989,,,,,,,,,,0.051766,0.160554,synthetic,False,2.0,91.0898,8.910200000000003,-0.08184999999998865,-0.026805000000000235,0.02508800000000008,0.021762999999999977,,,,144.207901,0.0,0.0,72.1039505,-0.03669696969696751,-0.02666496153846235,17.3269759,17.270229880000002,,0.9994259,,,90.6508,90.3054,89.54419999999999,88.33879999999999,77,False
demo,D14,79,1.814852,15,6562.17877,3.425724,,,1.008216,,17.50434,,,,1.80639,,,,,,,,,,0.051713,0.160612,synthetic,False,2.0,90.7426,9.257400000000004,0.34720000000000084,0.04766000000000048,0.01888599999999997,0.034976000000000056,,,,146.014291,0.0,0.0,73.0071455,-0.07643151515151604,-0.03517357692307749,17.3535209,17.26480416,,0.9989657,,,90.04705,89.73790000000001,89.95725,88.7884,78,False
demo,D14,80,1.823641,15,6582.462531,3.421868,,,0.978974,,17.133495,,,,1.825166,,,,,,,,,,0.051995,0.155717,synthetic,False,2.0,91.18205,8.817949999999996,-0.4394500000000079,0.019779999999998667,0.029119999999999778,0.03312499999999972,,,,147.83945699999998,0.0,0.0,73.91972849999999,-0.07570909090909403,-0.032309538461539555,17.374689800000002,17.261105360000002,,0.9974796000000001,,,90.92465,91.0425,88.99815,88.5876,79,False
demo,D14,81,1.820505,15,6528.608197,3.427684,,,1.001282,,17.363988,,,,1.82228,,,,,,,,,,0.051375,0.157269,synthetic,False,2.0,91.02525,8.97475,0.15680000000000405,0.004349999999999454,0.04157999999999959,0.02176200000000023,,,,149.661737,0.0,0.0,74.8308685,-0.10188181818181877,-0.02878588461538503,17.3879772,17.26279908,,0.9994749,,,90.49215000000001,90.24705,89.6228,88.75555,80,False
demo,D14,82,1.806834,15,6504.438312,3.428179,,,1.009321,,17.216171,,,,1.805984,,,,,,,,,,0.052028,0.156306,synthetic,False,2.0,90.3417,9.658299999999997,0.6835499999999968,0.15114499999999964,0.06324400000000026,0.035605999999999936,,,,151.46772099999998,0.0,0.0,75.73386049999999,-0.11251848484848147,-0.0321918076923076,17.3689682,17.265260679999997,,0.9999690000000001,,,90.7862,89.86404999999999,90.24045000000001,88.1747,81,False
demo,D14,83,1.813016,15,6532.732962,3.425824,,,1.008909,,16.778327,,,,1.804807,,,,,,,,,,0.053401,0.159117,synthetic,False,2.0,90.6508,9.349199999999996,-0.3091000000000008,0.15257999999999897,0.04805399999999963,0.037617999999999936,,,,153.272528,0.0,0.0,76.636264,-0.06641121212120954,-0.032234769230768734,17.298528,17.245020999999998,,1.0004411,,,90.3054,90.46415,90.06645,88.0708,82,False
demo,D14,84,1.800941,15,6481.446864,3.425582,,,1.007086,,17.408615,,,,1.800721,,,,,,,,,,0.053039,0.157379,synthetic,False,2.0,90.04705,9.952950000000001,0.6037500000000051,0.10254500000000064,0.07087600000000009,0.05348300000000023,,,,155.073249,0.0,0.0,77.5366245,-0.10834787878787798,-0.03725869230769306,17.3007858,17.24942384,,1.0003818,,,89.73790000000001,90.6874,89.58435,88.6147,83,False
demo,D14,85,1.818493,15,6545.824727,3.427464,,,1.01063,,16.948631,,,,1.815908,,,,,,,,,,0.052871,0.156008,synthetic,False,2.0,90.92465,9.07535,-0.877600000000001,0.035924999999998875,0.03244199999999978,0.05971100000000007,,,,156.889157,0.0,0.0,78.4445785,-0.07589242424242261,-0.03365119230769214,17.2380388,17.25353732,,1.0003290999999999,,,91.0425,89.9721,89.76254999999999,88.26650000000001,84,False
demo,D14,86,1.809843,15,6546.067168,3.423403,,,0.972528,,17.367292,,,,1.815916,,,,,,,,,,0.05056,0.157745,synthetic,False,2.0,90.49215000000001,9.50784999999999,0.43249999999999034,0.06815499999999872,0.0470599999999996,0.04955699999999979,,,,158.705073,0.0,0.0,79.3525365,-0.07001999999999849,-0.034082615384616016,17.241795200000002,17.26264732,,0.9985009,,,90.24705,89.95915,89.7148,88.1204,85,False
demo,D14,87,1.815724,15,6521.765307,3.427183,,,1.016135,,16.892587,,,,1.817087,,,,,,,,,,0.050663,0.152624,synthetic,False,2.0,90.7862,9.213800000000006,-0.2940499999999844,0.022175000000001433,0.03441200000000037,0.033888000000000036,,,,160.52215999999999,0.0,0.0,80.26107999999999,-0.05089727272727544,-0.03111623076922951,17.2099167,17.260658720000002,,1.0009894,,,89.86404999999999,90.01635,89.24005000000001,88.3443,86,False
demo,D14,88,1.806108,15,6517.575331,3.428704,,,1.003304,,17.110921,,,,1.803235,,,,,,,,,,0.052157,0.157528,synthetic,False,2.0,90.3054,9.694599999999994,0.4807999999999879,0.0784399999999991,0.035965999999999665,0.039984999999999785,,,,162.325395,0.0,0.0,81.1626975,-0.04985545454545317,-0.03634573076923063,17.1724367,17.25861212,,1.0016384999999999,,,90.46415,89.56765,89.51025,88.2866,87,False
demo,D14,89,1.794758,15,6467.262658,3.428483,,,1.013347,,17.199463,,,,1.78739,,,,,,,,,,0.052823,0.160159,synthetic,False,2.0,89.73790000000001,10.26209999999999,0.5674999999999955,0.10046999999999855,0.06246599999999944,0.04493499999999983,,,,164.11278499999997,0.0,0.0,82.05639249999999,-0.0934069696969691,-0.04517203846153791,17.141949,17.264101760000003,,1.0021516,,,90.6874,89.64965000000001,89.72435,87.66485,88,False
demo,D14,90,1.82085,15,6538.196259,3.430769,,,0.988254,,17.569156,,,,1.823001,,,,,,,,,,0.051272,0.15758,synthetic,False,2.0,91.0425,8.957499999999996,-1.3045999999999935,0.013954999999999985,0.01185799999999972,0.02358699999999999,,,,165.93578599999998,0.0,0.0,82.96789299999999,-0.024323636363636995,-0.04036061538461476,17.185515099999996,17.26635652,,1.0030796,,,89.9721,90.34725,88.76355000000001,88.41035000000001,89,False
demo,D14,91,1.804941,15,6476.801079,3.422917,,,0.982462,,17.15921,,,,1.807454,,,,,,,,,,0.051253,0.160657,synthetic,False,2.0,90.24705,9.752949999999998,0.7954500000000024,0.07781999999999982,0.03713199999999972,0.04525299999999987,,,,167.74324,0.0,0.0,83.87162,-0.007390303030302539,-0.04429976923076961,17.1650373,17.25190136,,1.0011975999999998,,,89.95915,89.72879999999999,89.2705,87.82515,90,False
demo,D14,92,1.797281,15,6437.186742,3.427205,,,1.017864,,17.035336,,,,1.796505,,,,,,,,,,0.053421,0.156977,synthetic,False,2.0,89.86404999999999,10.135950000000008,0.3830000000000098,0.047765000000001126,0.03600999999999999,0.05238800000000026,,,,169.53974499999998,0.0,0.0,84.76987249999999,-0.047485151515155186,-0.05517073076923002,17.1469538,17.23662904,,1.0020518999999999,,,90.01635,89.4729,89.1607,88.4115,91,False
demo,D14,93,1.809283,15,6522.905518,3.428022,,,0.990735,,17.377162,,,,1.811467,,,,,,,,,,0.052593,0.156251,synthetic,False,2.0,90.46415,9.535849999999996,-0.6001000000000118,0.018665000000000022,0.014303999999999633,0.0366579999999999,,,,171.35121199999998,0.0,0.0,85.67560599999999,-0.028450909090908753,-0.059235307692307254,17.2068373,17.25337812,,1.0002345,,,89.56765,89.54419999999999,89.03790000000001,87.45465,92,False
demo,D14,94,1.813748,15,6528.253538,3.42388,,,0.996892,,17.225135,,,,1.812485,,,,,,,,,,0.052921,0.154098,synthetic,False,2.0,90.6874,9.312600000000003,-0.22324999999999307,-0.0640349999999998,0.021272000000000162,0.03308799999999991,,,,173.16369699999998,0.0,0.0,86.58184849999999,-0.035226969696972005,-0.056989538461538036,17.1884893,17.25282792,,0.9992151,,,89.64965000000001,89.95725,88.966,87.90305000000001,93,False
demo,D14,95,1.799442,15,6461.94147,3.423073,,,1.005275,,17.498478,,,,1.803282,,,,,,,,,,0.051564,0.156805,synthetic,False,2.0,89.9721,10.027900000000002,0.7152999999999992,0.09525500000000023,0.05630999999999972,0.050966999999999985,,,,174.96697899999998,0.0,0.0,87.48348949999999,-0.030274545454544454,-0.05933096153846114,17.243474,17.2758948,,0.9986796,,,90.34725,88.99815,88.9857,87.7052,94,False
demo,D14,96,1.799183,15,6440.60334,3.427617,,,1.007729,,17.048256,,,,1.802755,,,,,,,,,,0.051488,0.16393,synthetic,False,2.0,89.95915,10.040850000000006,0.01295000000000357,0.05330000000000155,0.044384000000000014,0.04321500000000014,,,,176.76973399999997,0.0,0.0,88.38486699999999,-0.04331575757575942,-0.0638200384615391,17.2115704,17.26858048,,1.0021996999999998,,,89.72879999999999,89.6228,88.96535,87.12134999999999,95,False
demo,D14,97,1.800327,15,6489.59204,3.430549,,,1.010784,,17.352222,,,,1.794426,,,,,,,,,,0.052946,0.158814,synthetic,False,2.0,90.01635,9.983649999999997,-0.0572000000000088,0.07698499999999911,0.07347199999999987,0.04901800000000009,,,,178.56415999999996,0.0,0.0,89.28207999999998,-0.027173030303030622,-0.059083576923076905,17.257533900000002,17.26641892,,1.0016646000000002,,,89.4729,90.24045000000001,89.16075,87.86435,96,False
demo,D14,98,1.791353,15,6445.509006,3.416672,,,1.002234,,17.930363,,,,1.786354,,,,,,,,,,0.051824,0.156589,synthetic,False,2.0,89.56765,10.43235,0.4487000000000023,0.07377500000000055,0.10435799999999971,0.044620999999999925,,,,180.35051399999995,0.0,0.0,90.17525699999997,-0.058226666666665865,-0.05384153846153834,17.3394781,17.28432428,,1.0015576000000002,,,89.54419999999999,90.06645,89.519,87.04260000000001,97,False
demo,D14,99,1.792993,15,6440.953895,3.430684,,,0.989457,,17.250691,,,,1.800277,,,,,,,,,,0.051459,0.155262,synthetic,False,2.0,89.64965000000001,10.350349999999992,-0.08200000000000784,0.008825000000000216,0.056913999999999874,0.04609199999999987,,,,182.15079099999994,0.0,0.0,91.07539549999997,-0.11369848484848258,-0.05687669230769323,17.3446009,17.27891044,,0.9991686,,,89.95725,89.58435,88.6805,87.4851,98,False
demo,D14,100,1.806945,15,6486.189664,3.430525,,,1.007066,,17.336265,,,,1.810314,,,,,,,,,,0.051017,0.152927,synthetic,False,2.0,90.34725,9.652749999999997,-0.6975999999999942,0.06952500000000014,0.03746599999999944,0.028882999999999867,,,,183.96110499999995,0.0,0.0,91.98055249999997,-0.04307636363635863,-0.050263961538461466,17.321311799999997,17.269316999999997,,1.0010498,,,88.99815,89.76254999999999,88.4362,89.0388,99,False
demo,D14,101,1.794576,15,6455.849869,3.425118,,,1.007226,,16.892876,,,,1.790045,,,,,,,,,,0.051543,0.155726,synthetic,False,2.0,89.72879999999999,10.271200000000007,0.6184500000000099,0.0518250000000009,0.05779600000000016,0.04808100000000024,,,,185.75114999999994,0.0,0.0,92.87557499999997,-0.05079060606060592,-0.04974149999999988,17.2946784,17.251842919999998,,1.0035262,,,89.6228,89.7148,88.50065000000001,87.3191,100,False
demo,D14,102,1.789458,15,6451.132928,3.422719,,,0.98185,,17.102568,,,,1.783838,,,,,,,,,,0.052981,0.160699,synthetic,False,2.0,89.4729,10.527100000000004,0.2558999999999969,0.03911499999999961,0.0614020000000005,0.04154200000000003,,,,187.53498799999994,0.0,0.0,93.76749399999997,-0.09171454545454574,-0.05212723076923075,17.301401600000002,17.24749076,,0.9999248000000002,,,90.24045000000001,89.24005000000001,88.67485,87.15965,101,False
demo,D14,103,1.790884,15,6440.801288,3.425422,,,1.014187,,17.428604,,,,1.791629,,,,,,,,,,0.050581,0.157084,synthetic,False,2.0,89.54419999999999,10.45580000000001,-0.0712999999999937,0.09199500000000142,0.061824000000000295,0.04345600000000019,,,,189.32661699999994,0.0,0.0,94.66330849999997,-0.08400151515151648,-0.051855499999999465,17.306545800000002,17.24520608,,1.00227,,,90.06645,89.51025,88.33879999999999,87.62345,102,False
demo,D14,104,1.799145,15,6453.828994,3.422331,,,0.975129,,17.218808,,,,1.795035,,,,,,,,,,0.052638,0.15516,synthetic,False,2.0,89.95725,10.042749999999998,-0.4130500000000126,0.07301499999999947,0.03141399999999976,0.025149999999999863,,,,191.12165199999995,0.0,0.0,95.56082599999998,-0.027724242424241,-0.05005407692307735,17.305913099999998,17.2337848,,1.0000937,,,89.58435,89.72435,88.7884,87.26105,103,False
demo,D14,105,1.779963,15,6406.750827,3.421785,,,1.010344,,17.483663,,,,1.778836,,,,,,,,,,0.051492,0.156257,synthetic,False,2.0,88.99815,11.001850000000005,0.9591000000000065,0.0973950000000002,0.08735600000000034,0.058238000000000054,,,,192.90048799999997,0.0,0.0,96.45024399999998,-0.06259787878787483,-0.05210726923076967,17.3044316,17.24779152,,1.0006005999999998,,,89.76254999999999,88.76355000000001,88.5876,87.16685,104,False
demo,D14,106,1.792456,15,6473.081245,3.418157,,,0.993659,,17.417551,,,,1.792286,,,,,,,,,,0.051865,0.16025,synthetic,False,2.0,89.6228,10.377200000000002,-0.6246500000000026,0.033634999999999596,0.05609800000000007,0.04883899999999983,,,,194.69277399999996,0.0,0.0,97.34638699999998,-0.052457575757577354,-0.04828253846153898,17.3413611,17.24993404,,0.9991936000000001,,,89.7148,89.2705,88.75555,87.6233,105,False
demo,D14,107,1.804809,15,6498.097759,3.418635,,,1.007055,,16.963279,,,,1.804483,,,,,,,,,,0.051806,0.157564,synthetic,False,2.0,90.24045000000001,9.75954999999999,-0.6176500000000118,-0.022410000000000707,0.004049999999999727,0.03364699999999999,,,,196.49725699999996,0.0,0.0,98.24862849999998,-0.0007369696969698362,-0.04451311538461583,17.302466799999998,17.23981836,,0.9988206999999999,,,89.24005000000001,89.1607,88.1747,86.843,106,False
demo,D14,108,1.801329,15,6486.114835,3.434495,,,1.005102,,17.551833,,,,1.805387,,,,,,,,,,0.051766,0.156065,synthetic,False,2.0,90.06645,9.933549999999997,0.1740000000000066,-0.04988000000000028,0.023374000000000023,0.03571399999999983,,,,198.30264399999996,0.0,0.0,99.15132199999998,0.008863030303034043,-0.0391809615384621,17.2646138,17.2707586,,0.9991074999999998,,,89.51025,89.03790000000001,88.0708,87.0076,107,False
demo,D14,109,1.791687,15,6443.771397,3.424213,,,0.999629,,17.001798,,,,1.798262,,,,,,,,,,0.051796,0.157407,synthetic,False,2.0,89.58435,10.41565,0.48210000000000264,0.006530000000000769,0.018507999999999924,0.04469200000000001,,,,200.10090599999995,0.0,0.0,100.05045299999998,-0.008412727272727794,-0.04388696153846184,17.2397245,17.25448592,,1.0001247,,,89.72435,88.966,88.6147,88.0125,108,False
demo,D14,110,1.795251,15,6445.65239,3.425221,,,1.004511,,17.115894,,,,1.793531,,,,,,,,,,0.051603,0.164808,synthetic,False,2.0,89.76254999999999,10.23745000000001,-0.1781999999999897,0.05847000000000122,0.04648400000000038,0.03946300000000008,,,,201.89443699999995,0.0,0.0,100.94721849999998,0.03132969696970185,-0.03781611538461626,17.2176874,17.26117644,,0.9998692,,,88.76355000000001,88.9857,88.26650000000001,86.68034999999999,109,False
demo,D14,111,1.794296,15,6441.579968,3.424164,,,0.999136,,17.365928,,,,1.790238,,,,,,,,,,0.051486,0.161887,synthetic,False,2.0,89.7148,10.285200000000003,0.04774999999999352,0.0013999999999995793,0.031094000000000507,0.039077000000000056,,,,203.68467499999994,0.0,0.0,101.84233749999997,0.034324848484848146,-0.03561711538461637,17.2649926,17.26112188,,0.9990602000000001,,,89.2705,88.96535,88.1204,87.5347,110,False
demo,D14,112,1.784801,15,6393.250326,3.419789,,,1.00714,,17.714554,,,,1.786189,,,,,,,,,,0.053472,0.163014,synthetic,False,2.0,89.24005000000001,10.75994999999999,0.474749999999986,0.02328499999999849,0.06184599999999932,0.048128999999999846,,,,205.47086399999995,0.0,0.0,102.73543199999997,-0.005465757575757446,-0.03426196153846148,17.3261912,17.29400056,,1.0015892,,,89.1607,89.16075,88.3443,86.8891,111,False
demo,D14,113,1.790205,15,6467.577074,3.422547,,,1.021853,,17.063723,,,,1.796047,,,,,,,,,,0.052123,0.153135,synthetic,False,2.0,89.51025,10.48975,-0.27019999999998845,0.0033949999999990156,0.031806000000000265,0.033885999999999965,,,,207.26691099999994,0.0,0.0,103.63345549999997,-0.022942424242424615,-0.034031307692308284,17.2897031,17.29211264,,1.0023558,,,89.03790000000001,89.519,88.2866,87.16855,112,False
demo,D14,114,1.794487,15,6469.115973,3.424676,,,0.986588,,17.345191,,,,1.79304,,,,,,,,,,0.051929,0.157767,synthetic,False,2.0,89.72435,10.275649999999999,-0.21410000000000196,0.023290000000000078,0.0005420000000003711,0.03150399999999991,,,,209.05995099999993,0.0,0.0,104.52997549999996,-0.0007927272727259108,-0.03688769230769264,17.3023414,17.29794176,,1.0035017,,,88.966,88.6805,87.66485,87.1199,113,False
demo,D14,115,1.775271,15,6392.556305,3.421122,,,0.968119,,17.376099,,,,1.77829,,,,,,,,,,0.051603,0.157055,synthetic,False,2.0,88.76355000000001,11.23644999999999,0.9607999999999919,0.023459999999998614,0.0911579999999998,0.051507999999999755,,,,210.83824099999993,0.0,0.0,105.41912049999996,-0.09216727272727443,-0.035556576923076594,17.291585,17.29021948,,0.9992791999999999,,,88.9857,88.4362,88.41035000000001,87.809,114,False
demo,D14,116,1.78541,15,6433.174824,3.420167,,,0.995843,,17.486225,,,,1.782421,,,,,,,,,,0.051738,0.160215,synthetic,False,2.0,89.2705,10.729500000000002,-0.5069499999999891,0.03522999999999996,0.039062000000000124,0.03809699999999992,,,,212.62066199999992,0.0,0.0,106.31033099999996,-0.1114030303030345,-0.03574738461538301,17.2984524,17.30330008,,0.9994976,,,88.96535,88.50065000000001,87.82515,86.6182,115,False
demo,D14,117,1.783214,15,6426.109454,3.42482,,,0.99516,,17.621187,,,,1.78329,,,,,,,,,,0.051527,0.161851,synthetic,False,2.0,89.1607,10.839299999999994,0.10979999999999279,0.10797500000000042,0.028133999999999448,0.03207199999999972,,,,214.40395199999992,0.0,0.0,107.20197599999996,-0.09118090909091069,-0.04003053846153878,17.3642432,17.32673412,,0.9983081,,,89.16075,88.67485,88.4115,86.7008,116,False
demo,D14,118,1.780758,15,6396.602706,3.423348,,,0.996224,,17.227844,,,,1.77662,,,,,,,,,,0.052958,0.159749,synthetic,False,2.0,89.03790000000001,10.962099999999992,0.12279999999999802,0.10285499999999956,0.057049999999999844,0.03567699999999974,,,,216.18057199999993,0.0,0.0,108.09028599999996,-0.07616909090909031,-0.03890519230769249,17.3318443,17.320761400000002,,0.9974203000000001,,,89.519,88.33879999999999,87.45465,86.87925,117,False
demo,D14,119,1.77932,15,6399.30105,3.423987,,,0.990736,,17.583983,,,,1.779358,,,,,,,,,,0.051453,0.15621,synthetic,False,2.0,88.966,11.034000000000006,0.07190000000001362,0.06183500000000066,0.06885600000000011,0.04506400000000013,,,,217.95992999999993,0.0,0.0,108.97996499999996,-0.08475181818181943,-0.035113923076922474,17.390062800000003,17.33511532,,0.9965310000000001,,,88.6805,88.7884,87.90305000000001,86.3212,118,False
demo,D14,120,1.779714,15,6397.854459,3.425284,,,1.008724,,17.66301,,,,1.779299,,,,,,,,,,0.049957,0.156828,synthetic,False,2.0,88.9857,11.014300000000006,-0.019700000000000273,0.0776849999999996,0.03945600000000013,0.047882999999999926,,,,219.73922899999994,0.0,0.0,109.86961449999997,-0.07288484848484798,-0.036969653846153694,17.4447744,17.3416966,,0.9969522999999999,,,88.4362,88.5876,87.7052,86.20775,119,False
demo,D14,121,1.779307,15,6453.767539,3.421731,,,0.986187,,17.777029,,,,1.781471,,,,,,,,,,0.052265,0.160689,synthetic,False,2.0,88.96535,11.03465,0.02034999999999343,0.0749449999999996,0.039751999999999725,0.04206799999999987,,,,221.52069999999995,0.0,0.0,110.76034999999997,-0.05589484848485092,-0.03838396153846126,17.4858845,17.370847519999998,,0.9956574,,,88.50065000000001,88.75555,87.12134999999999,86.96555000000001,120,False
demo,D14,122,1.783215,15,6439.22103,3.422226,,,1.004508,,17.450659,,,,1.789556,,,,,,,,,,0.051888,0.160832,synthetic,False,2.0,89.16075,10.839250000000007,-0.19539999999999225,0.007930000000001769,0.034224000000000386,0.053848000000000125,,,,223.31025599999995,0.0,0.0,111.65512799999998,-0.050812424242421876,-0.036658115384615476,17.459494999999997,17.374785,,0.9953942,,,88.67485,88.1747,87.86435,86.25135,121,False
demo,D14,123,1.79038,15,6448.612579,3.429727,,,1.006385,,17.35379,,,,1.788987,,,,,,,,,,0.05151,0.158808,synthetic,False,2.0,89.519,10.480999999999995,-0.3582500000000124,-0.0008750000000006253,0.001945999999999799,0.05315199999999976,,,,225.09924299999994,0.0,0.0,112.54962149999997,-0.007214545454547811,-0.03545419230769133,17.4885017,17.35172208,,0.9938473999999999,,,88.33879999999999,88.0708,87.04260000000001,87.66669999999999,122,False
demo,D14,124,1.77361,15,6411.162785,3.417925,,,1.003165,,17.220938,,,,1.766517,,,,,,,,,,0.053175,0.159445,synthetic,False,2.0,88.6805,11.319500000000005,0.8385000000000105,0.10438500000000062,0.03876600000000053,0.0478400000000002,,,,226.86575999999994,0.0,0.0,113.43287999999997,0.004814242424241232,-0.041132846153846235,17.476076400000004,17.350531959999998,,0.9955051000000001,,,88.7884,88.6147,87.4851,86.31400000000001,123,False
demo,D14,125,1.768724,15,6391.085546,3.413596,,,1.004871,,16.982168,,,,1.768009,,,,,,,,,,0.049579,0.159401,synthetic,False,2.0,88.4362,11.5638,0.24429999999999552,0.03273500000000098,0.07644200000000012,0.05695399999999978,,,,228.63376899999994,0.0,0.0,114.31688449999997,-0.04788303030303064,-0.041345076923076304,17.436683300000002,17.33636808,,0.9991803000000001,,,88.5876,88.26650000000001,89.0388,86.27865,124,False
demo,D14,126,1.770013,15,6345.65517,3.423474,,,1.009493,,17.275493,,,,1.771072,,,,,,,,,,0.053876,0.160007,synthetic,False,2.0,88.50065000000001,11.499349999999993,-0.06445000000000789,0.07698499999999911,0.049125999999999406,0.053460999999999786,,,,230.40484099999995,0.0,0.0,115.20242049999997,-0.059300303030303085,-0.04567684615384491,17.415610100000002,17.35167276,,1.0005453,,,88.75555,88.1204,87.3191,86.70639999999999,125,False
demo,D14,127,1.773497,15,6380.321697,3.41917,,,1.000536,,17.367839,,,,1.774213,,,,,,,,,,0.05332,0.161208,synthetic,False,2.0,88.67485,11.325149999999994,-0.17419999999999902,0.04858499999999992,0.03192199999999957,0.04666200000000004,,,,232.17905399999995,0.0,0.0,116.08952699999998,-0.059204242424242055,-0.05001488461538479,17.3902753,17.3622836,,1.0010828999999999,,,88.1747,88.3443,87.15965,86.20295,126,False
demo,D14,128,1.766776,15,6360.080763,3.416538,,,0.996535,,17.322463,,,,1.766219,,,,,,,,,,0.051704,0.161219,synthetic,False,2.0,88.33879999999999,11.661200000000008,0.3360500000000144,0.06991000000000155,0.0482159999999999,0.0550200000000001,,,,233.94527299999996,0.0,0.0,116.97263649999998,-0.07973575757575309,-0.05612803846153865,17.3997372,17.35803796,,1.0011139999999998,,,88.0708,88.2866,87.62345,86.0726,127,False
demo,D14,129,1.775768,15,6404.492405,3.425512,,,1.004864,,17.485778,,,,1.781052,,,,,,,,,,0.051792,0.15904,synthetic,False,2.0,88.7884,11.211600000000004,-0.4496000000000038,0.01775999999999982,0.04675400000000025,0.039084,,,,235.72632499999995,0.0,0.0,117.86316249999997,-0.07206303030303195,-0.05303330769230828,17.3899167,17.368716759999998,,1.0025268,,,88.6147,87.66485,87.26105,86.04985,128,False
demo,D14,130,1.771752,15,6374.022158,3.42089,,,1.006004,,16.978828,,,,1.772235,,,,,,,,,,0.052787,0.158983,synthetic,False,2.0,88.5876,11.412400000000005,0.20080000000000098,0.03980999999999994,0.016422000000000027,0.05188900000000018,,,,237.49855999999994,0.0,0.0,118.74927999999997,-0.07187696969697097,-0.060483999999999725,17.3214985,17.348523359999998,,1.0022548,,,88.26650000000001,88.41035000000001,87.16685,85.93079999999999,129,False
demo,D14,131,1.775111,15,6388.511582,3.416835,,,1.008897,,17.29184,,,,1.774739,,,,,,,,,,0.05278,0.158734,synthetic,False,2.0,88.75555,11.24445,-0.1679500000000047,0.02098000000000013,0.03468999999999994,0.045394000000000004,,,,239.27329899999995,0.0,0.0,119.63664949999998,-0.05906121212121171,-0.05982207692307724,17.272979600000003,17.343494919999998,,1.0045258000000001,,,88.1204,87.82515,87.6233,85.8318,130,False
demo,D14,132,1.763494,15,6339.792076,3.428177,,,0.982876,,17.853451,,,,1.760751,,,,,,,,,,0.051731,0.157119,synthetic,False,2.0,88.1747,11.825299999999999,0.5808499999999981,0.09860499999999917,0.08263000000000034,0.04334000000000003,,,,241.03404999999995,0.0,0.0,120.51702499999998,-0.062358484848486044,-0.057678230769231675,17.3132588,17.379101799999997,,1.0023626,,,88.3443,88.4115,86.843,85.83395,131,False
demo,D14,133,1.761416,15,6361.053053,3.413734,,,0.998165,,17.606775,,,,1.755263,,,,,,,,,,0.050769,0.157164,synthetic,False,2.0,88.0708,11.929199999999994,0.10389999999999588,0.14482,0.07982599999999991,0.051599999999999965,,,,242.78931299999996,0.0,0.0,121.39465649999998,-0.035487575757573483,-0.056644423076921614,17.3385573,17.38129948,,1.0015406,,,88.2866,87.45465,87.0076,86.4336,132,False
demo,D14,134,1.772294,15,6352.630375,3.42119,,,0.989346,,17.495607,,,,1.773461,,,,,,,,,,0.054391,0.16074,synthetic,False,2.0,88.6147,11.3853,-0.5438999999999936,0.006579999999999586,0.03878600000000006,0.028646999999999992,,,,244.56277399999996,0.0,0.0,122.28138699999998,-0.017295454545451994,-0.053875884615384194,17.3660242,17.40105184,,1.0001586999999998,,,87.66485,87.90305000000001,88.0125,86.09895,133,False
demo,D14,135,1.76533,15,6347.041386,3.413109,,,1.00561,,17.449675,,,,1.766197,,,,,,,,,,0.053303,0.157248,synthetic,False,2.0,88.26650000000001,11.733499999999992,0.3481999999999914,0.016969999999999173,0.059841999999999305,0.05316299999999984,,,,246.32897099999997,0.0,0.0,123.16448549999998,-0.03358515151515249,-0.05179361538461548,17.4127749,17.41440308,,1.0002326,,,88.41035000000001,87.7052,86.68034999999999,85.7327,134,False
demo,D14,136,1.762408,15,6309.574877,3.421384,,,1.007267,,17.265031,,,,1.758674,,,,,,,,,,0.052533,0.161945,synthetic,False,2.0,88.1204,11.879599999999996,0.14610000000000412,0.03802500000000038,0.06377599999999972,0.047435000000000116,,,,248.08764499999998,0.0,0.0,124.04382249999999,-0.05149030303030244,-0.05038665384615395,17.4117287,17.4103672,,1.00001,,,87.82515,87.12134999999999,87.5347,86.08145,135,False
demo,D14,137,1.766886,15,6341.14022,3.418296,,,0.997256,,16.911154,,,,1.766729,,,,,,,,,,0.052507,0.159171,synthetic,False,2.0,88.3443,11.655699999999996,-0.22390000000000043,0.03305500000000024,0.03583000000000027,0.0488379999999998,,,,249.85437399999998,0.0,0.0,124.92718699999999,-0.040960303030300994,-0.050433961538461074,17.3660602,17.378231200000002,,0.999682,,,88.4115,87.86435,86.8891,85.26145000000001,136,False
demo,D14,138,1.765732,15,6362.683983,3.423994,,,0.992707,,17.465684,,,,1.765224,,,,,,,,,,0.052964,0.16183,synthetic,False,2.0,88.2866,11.713399999999993,0.057699999999996976,0.005219999999998492,0.048945999999999684,0.040375999999999974,,,,251.61959799999997,0.0,0.0,125.80979899999998,-0.05197424242424258,-0.04762284615384698,17.3803823,17.394309640000003,,0.9992992,,,87.45465,87.04260000000001,87.16855,86.10095,137,False
demo,D14,139,1.753297,15,6318.235658,3.419093,,,1.00597,,16.757947,,,,1.751107,,,,,,,,,,0.053208,0.161779,synthetic,False,2.0,87.66485,12.335149999999999,0.6217500000000058,0.11235499999999946,0.08238,0.041461000000000185,,,,253.37070499999996,0.0,0.0,126.68535249999998,-0.06629575757576114,-0.047468692307691775,17.3075992,17.370819880000003,,0.9994097999999999,,,87.90305000000001,87.4851,87.1199,86.02735,138,False
demo,D14,140,1.768207,15,6359.564739,3.426428,,,0.998668,,17.2663,,,,1.765402,,,,,,,,,,0.050232,0.161801,synthetic,False,2.0,88.41035000000001,11.589649999999992,-0.7455000000000069,0.01772499999999866,0.014128000000000043,0.05264299999999991,,,,255.13610699999995,0.0,0.0,127.56805349999998,-0.0397215151515138,-0.0484567692307688,17.3363464,17.36642792,,0.9986762,,,87.7052,89.0388,87.809,86.2602,139,False
demo,D14,141,1.756503,15,6344.732947,3.417844,,,1.014265,,17.364331,,,,1.757926,,,,,,,,,,0.052084,0.158311,synthetic,False,2.0,87.82515,12.174850000000006,0.5852000000000146,0.0930400000000006,0.05781400000000019,0.04843800000000016,,,,256.894033,0.0,0.0,128.4470165,-0.031722121212124484,-0.04950549999999954,17.3435955,17.361552160000002,,0.9992129999999999,,,87.12134999999999,87.3191,86.6182,,140,False
demo,D14,142,1.76823,15,6391.487767,3.414611,,,1.01773,,17.235857,,,,1.767432,,,,,,,,,,0.051863,0.160497,synthetic,False,2.0,88.4115,11.588499999999996,-0.5863500000000101,-0.023680000000000236,0.029968000000000074,0.02905099999999976,,,,258.66146499999996,0.0,0.0,129.33073249999998,-0.01918575757575855,-0.04512796153846157,17.2818361,17.34613896,,1.0026983999999999,,,87.86435,87.15965,86.7008,,141,False
demo,D14,143,1.749093,15,6295.426627,3.419587,,,1.010007,,17.919206,,,,1.747025,,,,,,,,,,0.052348,0.16225,synthetic,False,2.0,87.45465,12.54535,0.9568500000000029,0.06161500000000046,0.06333000000000027,0.060190000000000056,,,,260.40849,0.0,0.0,130.204245,-0.06863818181818293,-0.05023457692307661,17.3130792,17.37379344,,1.0038826,,,87.04260000000001,87.62345,86.87925,,142,False
demo,D14,144,1.758061,15,6333.775161,3.418747,,,1.002327,,17.818994,,,,1.755031,,,,,,,,,,0.05319,0.155024,synthetic,False,2.0,87.90305000000001,12.096949999999993,-0.44840000000000657,0.07116499999999917,0.04251799999999946,0.055686999999999785,,,,262.16352099999995,0.0,0.0,131.08176049999997,-0.049903939393939875,-0.0507032307692307,17.3454179,17.38319388,,1.0051807,,,87.4851,87.26105,86.3212,,143,False
demo,D14,145,1.754104,15,6306.202907,3.411986,,,1.018256,,17.627046,,,,1.753648,,,,,,,,,,0.050669,0.164941,synthetic,False,2.0,87.7052,12.294799999999995,0.19785000000000252,0.05613000000000028,0.05121999999999957,0.04533799999999985,,,,263.91716899999994,0.0,0.0,131.95858449999997,-0.0565487878787869,-0.05198353846153839,17.363155,17.38175532,,1.0064452999999998,,,89.0388,87.16685,86.20775,,144,False
demo,D14,146,1.742427,15,6284.53418,3.413582,,,1.002407,,17.155028,,,,1.745649,,,,,,,,,,0.051227,0.167101,synthetic,False,2.0,87.12134999999999,12.878650000000007,0.5838500000000124,0.0999050000000011,0.07376000000000033,0.05675600000000003,,,,265.66281799999996,0.0,0.0,132.83140899999998,-0.09797636363636474,-0.057871730769230585,17.3521547,17.35687528,,1.0059593,,,87.3191,87.6233,86.96555000000001,,145,False
demo,D14,147,1.757287,15,6303.570551,3.416712,,,0.995208,,17.844424,,,,1.758013,,,,,,,,,,0.051745,0.16255,synthetic,False,2.0,87.86435,12.135649999999998,-0.7430000000000092,0.04799500000000023,0.05185599999999965,0.04304000000000002,,,,267.42083099999996,0.0,0.0,133.71041549999998,-0.07184030303030836,-0.053528999999999556,17.4454817,17.37262588,,1.0057545,,,87.15965,86.843,86.25135,,146,False
demo,D14,148,1.740852,15,6300.830174,3.423828,,,0.993247,,17.543465,,,,1.740026,,,,,,,,,,0.052746,0.162784,synthetic,False,2.0,87.04260000000001,12.957399999999993,0.8217499999999944,0.12439999999999998,0.09905599999999992,0.050500999999999865,,,,269.16085699999996,0.0,0.0,134.58042849999998,-0.08855606060606211,-0.05219192307692293,17.4532598,17.380212880000002,,1.0058084999999999,,,87.62345,87.0076,87.66669999999999,,147,False
demo,D14,149,1.749702,15,6320.469583,3.421543,,,0.992965,,17.139952,,,,1.750782,,,,,,,,,,0.053335,0.161778,synthetic,False,2.0,87.4851,12.514899999999997,-0.44249999999999545,0.017974999999999852,0.04781599999999969,0.04329100000000011,,,,270.911639,0.0,0.0,135.4558195,-0.10750666666666264,-0.053250307692307576,17.4914603,17.37697344,,1.004508,,,87.26105,88.0125,86.31400000000001,,148,False
demo,D14,150,1.780776,15,6387.736416,3.421206,,,0.999936,,17.337015,,,,1.785636,,,,,,,,,,0.053824,0.157799,synthetic,False,2.0,89.0388,10.961200000000005,-1.553699999999992,-0.06284499999999867,-0.024103999999999813,0.026169000000000154,,,,272.697275,0.0,0.0,136.3486375,0.01016878787878905,-0.04149030769230797,17.498531800000002,17.39116732,,1.0046348,,,87.16685,86.68034999999999,86.27865,,149,False
demo,D14,151,1.746382,15,6272.092821,3.420181,,,1.004631,,17.620071,,,,1.748095,,,,,,,,,,0.05225,0.159814,synthetic,False,2.0,87.3191,12.680899999999994,1.719699999999989,0.05060499999999877,0.047262000000000054,0.04819399999999973,,,,274.44536999999997,0.0,0.0,137.22268499999998,-0.012588484848482056,-0.04542349999999984,17.5241058,17.40495044,,1.0036714,,,87.6233,87.5347,86.70639999999999,,150,False
demo,D14,152,1.743193,15,6283.424715,3.409741,,,0.985848,,17.235491,,,,1.7441,,,,,,,,,,0.053399,0.163166,synthetic,False,2.0,87.15965,12.84035,0.15945000000000675,0.12518500000000046,0.06060800000000029,0.04626499999999993,,,,276.18947,0.0,0.0,138.094735,0.0011809090909133558,-0.04817765384615418,17.5240692,17.399656519999997,,1.0004832000000001,,,86.843,86.8891,86.20295,,151,False
demo,D14,153,1.752469,15,6302.487797,3.416799,,,0.995511,,17.406429,,,,1.754707,,,,,,,,,,0.053185,0.156982,synthetic,False,2.0,87.62345,12.376549999999995,-0.4638000000000062,-0.01688000000000045,0.028613999999999463,0.03841499999999968,,,,277.94417699999997,0.0,0.0,138.97208849999998,-0.008367575757574833,-0.04884553846153902,17.4727915,17.40301516,,0.9990336,,,87.0076,87.16855,86.0726,,152,False
demo,D14,154,1.745221,15,6293.060424,3.419757,,,1.002129,,17.461288,,,,1.744669,,,,,,,,,,0.053089,0.157009,synthetic,False,2.0,87.26105,12.738950000000003,0.36240000000000805,0.064200000000001,0.06109399999999994,0.05392400000000009,,,,279.68884599999996,0.0,0.0,139.84442299999998,-0.009836060606059,-0.04781238461538507,17.4370209,17.40203556,,0.9990138,,,88.0125,87.1199,86.04985,,153,False
demo,D14,155,1.743337,15,6269.248107,3.418579,,,1.006436,,17.10978,,,,1.743979,,,,,,,,,,0.052542,0.159075,synthetic,False,2.0,87.16685,12.833150000000003,0.09420000000000073,0.053835000000000834,0.05682999999999993,0.03662599999999998,,,,281.432825,0.0,0.0,140.7164125,-0.021850909090916568,-0.04848188461538472,17.385294299999998,17.40727364,,0.9978318000000002,,,86.68034999999999,87.809,85.93079999999999,,154,False
demo,D14,156,1.752466,15,6337.738274,3.416901,,,0.999741,,17.303777,,,,1.750753,,,,,,,,,,0.052076,0.16187,synthetic,False,2.0,87.6233,12.3767,-0.4564500000000038,-0.05019500000000079,0.04528999999999996,0.03998999999999995,,,,283.18357799999995,0.0,0.0,141.59178899999998,-0.04136636363636648,-0.04216561538461569,17.4001692,17.40775112,,0.9975652,,,87.5347,86.6182,85.8318,,155,False
demo,D14,157,1.73686,15,6252.852056,3.416954,,,1.002445,,17.138344,,,,1.731474,,,,,,,,,,0.051566,0.157928,synthetic,False,2.0,86.843,13.156999999999996,0.7802999999999969,0.10213499999999982,0.05326799999999991,0.06794900000000012,,,,284.91505199999995,0.0,0.0,142.45752599999997,-0.05999454545454177,-0.04798965384615379,17.3295612,17.37914684,,0.9982889,,,86.8891,86.7008,85.83395,,156,False
demo,D14,158,1.740152,15,6310.039391,3.418871,,,0.987615,,17.606939,,,,1.741345,,,,,,,,,,0.051467,0.159718,synthetic,False,2.0,87.0076,12.992400000000004,-0.16459999999999297,0.00350000000000108,0.042528000000000364,0.061177000000000134,,,,286.65639699999997,0.0,0.0,143.32819849999998,-0.11204787878788033,-0.05230892307692267,17.3359086,17.3791534,,0.9977257000000002,,,87.16855,86.87925,86.4336,,157,False
demo,D14,159,1.76025,15,6348.355916,3.419994,,,0.990882,,17.132612,,,,1.76147,,,,,,,,,,0.052745,0.15927,synthetic,False,2.0,88.0125,11.987499999999997,-1.0049000000000063,-0.05274000000000001,0.024087999999999853,0.03143699999999996,,,,288.41786699999994,0.0,0.0,144.20893349999997,-0.07936424242424155,-0.04109534615384727,17.335174600000002,17.3646336,,0.9975173999999999,,,87.1199,86.3212,86.09895,,158,False
demo,D14,160,1.733607,15,6215.721254,3.420145,,,0.999391,,17.47254,,,,1.73261,,,,,,,,,,0.05261,0.15762,synthetic,False,2.0,86.68034999999999,13.31965000000001,1.3321500000000128,0.23584500000000047,0.06344600000000071,0.061644000000000004,,,,290.15047699999997,0.0,0.0,145.07523849999998,-0.022156060606057848,-0.04519730769230881,17.348727099999998,17.3655482,,0.9974629,,,87.809,86.20775,85.7327,,159,False
demo,D14,161,1.750694,15,6341.94799,3.420112,,,1.005106,,17.02642,,,,1.754321,,,,,,,,,,0.052078,0.152653,synthetic,False,2.0,87.5347,12.4653,-0.8543500000000108,-0.02155999999999949,0.023428000000000112,0.04360199999999992,,,,291.90479799999997,0.0,0.0,145.95239899999999,-0.004406363636364766,-0.041653846153847034,17.289362,17.35600376,,0.9975104,,,86.6182,86.96555000000001,86.08145,,160,False
demo,D14,162,1.737782,15,6276.635989,3.419268,,,1.002313,,17.109967,,,,1.735274,,,,,,,,,,0.053287,0.157409,synthetic,False,2.0,86.8891,13.1109,0.6456000000000017,0.027055000000000006,0.0582080000000002,0.047019000000000234,,,,293.640072,0.0,0.0,146.820036,-0.03511454545454377,-0.04138023076923188,17.2768096,17.36395628,,0.9991569,,,86.7008,86.25135,85.26145000000001,,161,False
demo,D14,163,1.743371,15,6283.292819,3.424776,,,0.991512,,17.089473,,,,1.737195,,,,,,,,,,0.052366,0.161048,synthetic,False,2.0,87.16855,12.831450000000004,-0.2794499999999971,0.04549000000000092,0.044722000000000435,0.04683400000000006,,,,295.37726699999996,0.0,0.0,147.68863349999998,-0.016380606060604812,-0.03798469230769222,17.245114,17.34890784,,0.998757,,,86.87925,87.66669999999999,86.10095,,162,False
demo,D14,164,1.742398,15,6284.799811,3.42111,,,0.997634,,17.31401,,,,1.739968,,,,,,,,,,0.051663,0.161763,synthetic,False,2.0,87.1199,12.880099999999999,0.048649999999994975,0.01411499999999961,0.021798,0.052088999999999996,,,,297.11723499999994,0.0,0.0,148.55861749999997,-0.018946363636358706,-0.04039569230769287,17.2303862,17.371150359999998,,0.9983074999999999,,,86.3212,86.31400000000001,86.02735,,163,False
demo,D14,165,1.75618,15,6299.695107,3.426486,,,1.015118,,17.410826,,,,1.750768,,,,,,,,,,0.052172,0.161236,synthetic,False,2.0,87.809,12.191000000000003,-0.6890999999999963,-0.06421500000000009,0.02405400000000043,0.019091000000000236,,,,298.86800299999993,0.0,0.0,149.43400149999997,0.011506060606056856,-0.028571576923077165,17.260490800000003,17.3769314,,0.9991757,,,86.20775,86.27865,86.2602,,164,False
demo,D14,166,1.732364,15,6202.75179,3.413858,,,1.005443,,17.492643,,,,1.733535,,,,,,,,,,0.053497,0.162534,synthetic,False,2.0,86.6182,13.381799999999998,1.1907999999999959,0.10050999999999988,0.04827799999999968,0.053045999999999933,,,,300.60153799999995,0.0,0.0,150.30076899999997,-0.0003478787878775218,-0.033128884615385025,17.279377399999998,17.38206388,,0.9997459,,,86.96555000000001,86.70639999999999,,,165,False
demo,D14,167,1.734016,15,6241.676675,3.410382,,,0.998375,,16.955917,,,,1.731408,,,,,,,,,,0.051636,0.15876,synthetic,False,2.0,86.7008,13.299199999999999,-0.08259999999999934,0.014220000000000255,0.06842800000000011,0.049198000000000096,,,,302.33294599999994,0.0,0.0,151.16647299999997,-0.0475333333333344,-0.03013180769230756,17.2611347,17.37086628,,0.9993388999999999,,,86.25135,86.20295,,,166,False
demo,D14,168,1.737585,15,6281.179407,3.416637,,,0.989742,,17.351463,,,,1.741007,,,,,,,,,,0.052833,0.157975,synthetic,False,2.0,86.87925,13.120750000000001,-0.178449999999998,0.012834999999999753,0.023016000000000078,0.04317300000000017,,,,304.07395299999996,0.0,0.0,152.03697649999998,-0.0722881818181842,-0.03374007692307701,17.2355871,17.34815656,,0.9995516,,,87.66669999999999,86.0726,,,167,False
demo,D14,169,1.726424,15,6222.503754,3.414901,,,0.992866,,17.222721,,,,1.729752,,,,,,,,,,0.05268,0.162068,synthetic,False,2.0,86.3212,13.678799999999995,0.5580499999999944,0.16912999999999984,0.06327400000000011,0.05289599999999979,,,,305.803705,0.0,0.0,152.9018525,-0.05893303030302499,-0.03757296153846126,17.244598,17.324305640000002,,0.99975,,,86.31400000000001,86.04985,,,168,False
demo,D14,170,1.724155,15,6238.785017,3.421357,,,1.000066,,17.547312,,,,1.720966,,,,,,,,,,0.051998,0.160399,synthetic,False,2.0,86.20775,13.792249999999996,0.11345000000000027,0.04725999999999857,0.05989800000000003,0.055558999999999796,,,,307.52467099999996,0.0,0.0,153.76233549999998,-0.12007545454545365,-0.043214769230770056,17.2520752,17.321116280000002,,0.9998175,,,86.27865,85.93079999999999,,,169,False
demo,D14,171,1.739311,15,6286.3391,3.412894,,,1.002759,,17.324124,,,,1.7365,,,,,,,,,,0.052314,0.163149,synthetic,False,2.0,86.96555000000001,13.034449999999993,-0.7578000000000031,0.05691499999999934,0.006231999999999402,0.039995999999999865,,,,309.26117099999993,0.0,0.0,154.63058549999997,-0.07719818181818412,-0.04654811538461492,17.281845600000004,17.32788012,,0.9995828,,,86.70639999999999,85.8318,,,170,False
demo,D14,172,1.725027,15,6210.481381,3.415313,,,1.005656,,17.392252,,,,1.726871,,,,,,,,,,0.051178,0.162143,synthetic,False,2.0,86.25135,13.748649999999998,0.7142000000000053,0.06377499999999969,0.06451999999999998,0.058187999999999816,,,,310.98804199999995,0.0,0.0,155.49402099999998,-0.1094184848484856,-0.04892423076923155,17.3100741,17.30979324,,0.9999171,,,86.20295,85.83395,,,171,False
demo,D14,173,1.753334,15,6334.417506,3.420787,,,1.00388,,17.183762,,,,1.75677,,,,,,,,,,0.052576,0.163718,synthetic,False,2.0,87.66669999999999,12.333300000000008,-1.4153499999999894,-0.04981499999999954,-0.024963999999999372,0.03704600000000027,,,,312.74481199999997,0.0,0.0,156.37240599999998,-0.03807757575757343,-0.04521230769230877,17.319503,17.29540512,,1.0011539,,,86.0726,86.4336,,,172,False
demo,D14,174,1.72628,15,6242.99448,3.416185,,,0.996298,,17.841742,,,,1.719331,,,,,,,,,,0.051372,0.159552,synthetic,False,2.0,86.31400000000001,13.685999999999993,1.3526999999999845,0.08058999999999941,0.04684399999999982,0.047329999999999754,,,,314.464143,0.0,0.0,157.2320715,-0.04980181818181753,-0.05004192307692316,17.3722762,17.32347672,,1.0010203,,,86.04985,86.09895,,,173,False
demo,D14,175,1.725573,15,6210.567172,3.41501,,,0.994889,,17.090746,,,,1.726545,,,,,,,,,,0.053817,0.16418,synthetic,False,2.0,86.27865,13.721350000000001,0.03535000000000821,0.15303499999999987,0.11040599999999984,0.04315100000000001,,,,316.19068799999997,0.0,0.0,158.09534399999998,-0.007745757575757166,-0.03875999999999957,17.3402682,17.31362596,,0.9989974,,,85.93079999999999,85.7327,,,174,False
demo,D14,176,1.734128,15,6238.856241,3.4182,,,1.02047,,17.298875,,,,1.726506,,,,,,,,,,0.052567,0.166739,synthetic,False,2.0,86.70639999999999,13.293600000000012,-0.427749999999989,-0.00881999999999863,0.02450800000000072,0.03588500000000039,,,,317.91719399999994,0.0,0.0,158.95859699999997,-0.0031948484848513445,-0.03860342307692406,17.3208914,17.30077812,,1.0005001,,,85.8318,86.08145,,,175,False
demo,D14,177,1.724059,15,6209.22715,3.419824,,,0.994435,,17.440811,,,,1.722168,,,,,,,,,,0.052188,0.161199,synthetic,False,2.0,86.20295,13.797049999999999,0.5034499999999866,0.04978499999999997,0.03826799999999991,0.0494380000000001,,,,319.63936199999995,0.0,0.0,159.81968099999997,-0.021667272727273607,-0.04421726923076886,17.369380800000002,17.30899092,,1.0001061,,,85.83395,85.26145000000001,,,176,False
demo,D14,178,1.721452,15,6152.386796,3.421325,,,0.987083,,17.354981,,,,1.725218,,,,,,,,,,0.053946,0.16264,synthetic,False,2.0,86.0726,13.927400000000006,0.13035000000000707,0.08066500000000047,0.06203400000000045,0.045323999999999955,,,,321.36457999999993,0.0,0.0,160.68228999999997,-0.029318484848481794,-0.04566042307692376,17.3697326,17.306933,,0.9998401999999998,,,86.4336,86.10095,,,177,False
demo,D14,179,1.720997,15,6200.802097,3.415256,,,0.983613,,17.22752,,,,1.731357,,,,,,,,,,0.051758,0.158369,synthetic,False,2.0,86.04985,13.950149999999994,0.022749999999987836,0.02713499999999982,0.04844799999999964,0.054770999999999785,,,,323.09593699999994,0.0,0.0,161.54796849999997,-0.06563636363636523,-0.049744615384615415,17.3702125,17.29758228,,0.9989148999999999,,,86.09895,86.02735,,,178,False
demo,D14,180,1.718616,15,6200.388914,3.411564,,,0.996468,,16.969155,,,,1.717795,,,,,,,,,,0.052066,0.163938,synthetic,False,2.0,85.93079999999999,14.06920000000001,0.11905000000001564,0.027695000000001357,0.049442000000000236,0.05313600000000008,,,,324.81373199999996,0.0,0.0,162.40686599999998,-0.11272212121212702,-0.054938038461537955,17.3123968,17.29195728,,0.9985550999999999,,,85.7327,86.2602,,,179,False
demo,D14,181,1.716636,15,6182.568597,3.420718,,,1.0094,,17.252169,,,,1.712354,,,,,,,,,,0.051004,0.164722,synthetic,False,2.0,85.8318,14.168199999999999,0.09899999999998954,0.11337500000000063,0.07165999999999997,0.058474999999999965,,,,326.52608599999996,0.0,0.0,163.26304299999998,-0.1113309090909069,-0.05553000000000088,17.3052013,17.28989296,,0.9992192000000001,,,86.08145,,,,180,False
demo,D14,182,1.716679,15,6186.433407,3.410274,,,0.994241,,17.185136,,,,1.714916,,,,,,,,,,0.054143,0.159849,synthetic,False,2.0,85.83395,14.166049999999998,-0.0021500000000003183,0.04174000000000007,0.04036200000000008,0.046814999999999996,,,,328.241002,0.0,0.0,164.120501,-0.1436933333333325,-0.06252703846153806,17.2844897,17.29176464,,0.9980777,,,85.26145000000001,,,,181,False
demo,D14,183,1.728672,15,6222.408532,3.423246,,,1.014775,,17.826798,,,,1.728901,,,,,,,,,,0.054586,0.162612,synthetic,False,2.0,86.4336,13.566400000000002,-0.5996499999999969,0.12330999999999932,0.02295999999999992,0.03274400000000014,,,,329.969903,0.0,0.0,164.9849515,-0.043931515151514666,-0.06156665384615386,17.3487933,17.300559,,0.9991671999999999,,,86.10095,,,,182,False
demo,D14,184,1.721979,15,6161.983375,3.420624,,,0.999927,,17.983206,,,,1.71967,,,,,,,,,,0.051107,0.161962,synthetic,False,2.0,86.09895,13.901049999999998,0.33464999999999634,0.021505000000000506,0.07654200000000003,0.05031499999999994,,,,331.689573,0.0,0.0,165.8447865,-0.03765666666666506,-0.05320480769230742,17.3629397,17.33458276,,0.9995301000000001,,,86.02735,,,,183,False
demo,D14,185,1.714654,15,6203.542329,3.420289,,,1.011096,,17.415321,,,,1.711482,,,,,,,,,,0.052038,0.162586,synthetic,False,2.0,85.7327,14.267300000000006,0.36625000000000796,0.05459500000000048,0.037905999999999836,0.05067600000000027,,,,333.401055,0.0,0.0,166.7005275,-0.05110909090908928,-0.060073269230769305,17.395397199999998,17.332294,,1.0011508,,,86.2602,,,,184,False
demo,D14,186,1.721629,15,6191.026313,3.417945,,,0.992423,,17.066367,,,,1.72016,,,,,,,,,,0.052854,0.163571,synthetic,False,2.0,86.08145,13.918549999999996,-0.34875000000000966,0.06249499999999841,0.05812999999999988,0.040778999999999996,,,,335.121215,0.0,0.0,167.5606075,-0.010404545454544709,-0.05445003846153915,17.3721464,17.33389188,,0.9983461,,,,,,,185,False
demo,D14,187,1.705229,15,6127.448845,3.404704,,,0.992578,,17.626667,,,,1.706579,,,,,,,,,,0.052432,0.163348,synthetic,False,2.0,85.26145000000001,14.73854999999999,0.8199999999999932,0.09414999999999907,0.06510599999999954,0.06165699999999987,,,,336.827794,0.0,0.0,168.413897,-0.04041545454545308,-0.06173415384615286,17.390731999999996,17.35455988,,0.9981604,,,,,,,186,False
demo,D14,188,1.722019,15,6224.523068,3.411096,,,1.00091,,17.171703,,,,1.721435,,,,,,,,,,0.052748,0.160702,synthetic,False,2.0,86.10095,13.899050000000003,-0.8394999999999868,-0.0028350000000003208,0.04270399999999995,0.043713000000000196,,,,338.54922899999997,0.0,0.0,169.27461449999998,-0.021913333333332733,-0.057222499999999954,17.3724042,17.35784908,,0.9995431,,,,,,,187,False
demo,D14,189,1.720547,15,6212.153913,3.416296,,,1.004826,,17.281887,,,,1.717513,,,,,,,,,,0.052677,0.163678,synthetic,False,2.0,86.02735,13.972650000000002,0.073599999999999,0.0022500000000007956,0.04370200000000011,0.03275000000000006,,,,340.26674199999997,0.0,0.0,170.13337099999998,-0.009286060606059474,-0.053055499999999874,17.377840900000002,17.35656416,,1.0016644000000001,,,,,,,188,False
demo,D14,190,1.725204,15,6215.820552,3.412948,,,0.99821,,17.254982,,,,1.722892,,,,,,,,,,0.053156,0.164327,synthetic,False,2.0,86.2602,13.739800000000002,-0.2328499999999991,-0.03294000000000068,0.061952,0.043003000000000215,,,,341.98963399999997,0.0,0.0,170.99481699999998,0.008378181818184926,-0.03900769230769246,17.4064236,17.3503304,,1.0018386000000001,,,,,,,189,False
demo,D15,1,1.981074,24,3564.756575,3.451355,,,1.997183,,27.68752,,,,1.978902,,,,,,,,,,0.048357,0.152393,synthetic,False,2.0,99.0537,0.9462999999999937,,,,,,,,1.978902,0.0,0.0,0.989451,,,,,,,87.0,86.0,98.68205,97.54365,93.78295,88.45100000000001,0,True
demo,D15,2,1.979069,24,3566.280306,3.446515,,,2.007667,,27.50596,,,,1.976114,,,,,,,,,,0.049854,0.151978,synthetic,False,2.0,98.95345,1.0465499999999963,0.10025000000000261,,,,,,,3.9550159999999996,0.0,0.0,1.9775079999999998,,,,,,,87.0,85.0,98.2959,97.01825,93.19205000000001,88.79209999999999,1,True
demo,D15,3,1.983311,24,3561.162727,3.45231,,,2.002594,,27.420071,,,,1.984068,,,,,,,,,,0.048984,0.149325,synthetic,False,2.0,99.16555,0.8344500000000039,-0.2120999999999924,,,,,,,5.939083999999999,0.0,0.0,2.9695419999999997,0.05592499999998321,0.05592499999998321,27.537850333333335,27.537850333333335,,2.0024813333333333,87.0,84.0,97.55055,96.89595,94.00625000000001,88.12259999999999,2,True
demo,D15,4,1.974133,24,3547.999257,3.443183,,,1.9983,,26.914912,,,,1.974968,,,,,,,,,,0.050371,0.154252,synthetic,False,2.0,98.70665,1.2933500000000038,0.45889999999999986,0.11568333333333669,0.11568333333333669,0.11568333333333669,,,,7.914052,0.0,0.0,3.957026,-0.08290500000000961,-0.08290500000000961,27.38211575,27.38211575,,2.001436,87.0,83.0,97.64895,96.648,93.30085,87.74159999999999,3,True
demo,D15,5,1.961005,24,3534.84745,3.448999,,,1.98586,,27.555211,,,,1.954439,,,,,,,,,,0.049473,0.149777,synthetic,False,2.0,98.05025,1.9497499999999945,0.6563999999999908,0.2508625000000002,0.2508625000000002,0.2508625000000002,,,,9.868491,0.0,0.0,4.9342455,-0.22536999999999674,-0.22536999999999674,27.4167348,27.4167348,,1.9983208000000001,87.0,82.0,97.3126,96.04665,93.4439,87.1272,4,True
demo,D15,6,1.973641,24,3546.706167,3.445575,,,2.009539,,27.269094,,,,1.976817,,,,,,,,,,0.050742,0.154626,synthetic,False,2.0,98.68205,1.3179499999999962,-0.6317999999999984,0.07433000000000049,0.07433000000000049,0.07433000000000049,,,,11.845308000000001,0.0,0.0,5.9226540000000005,-0.14362142857142537,-0.14362142857142537,27.392128,27.392128,,2.0001905,87.0,81.0,97.54365,96.6973,93.278,87.17665,5,False
demo,D15,7,1.965918,24,3548.985759,3.439948,,,2.0044,,27.370027,,,,1.965981,,,,,,,,,,0.050386,0.155327,synthetic,False,2.0,98.2959,1.7040999999999968,0.38615000000000066,0.12630000000000052,0.12630000000000052,0.12630000000000052,,,,13.811289,0.0,0.0,6.9056445,-0.1404107142857105,-0.1404107142857105,27.388970714285712,27.388970714285712,,2.000791857142857,87.0,80.0,97.01825,96.25845,92.40395,87.83735,6,False
demo,D15,8,1.951011,24,3501.43033,3.446249,,,1.993937,,27.786009,,,,1.952407,,,,,,,,,,0.049242,0.15511,synthetic,False,2.0,97.55055,2.449449999999999,0.745350000000002,0.214735714285715,0.214735714285715,0.214735714285715,,,,15.763696,0.0,0.0,7.881848,-0.18948452380951789,-0.18948452380951789,27.4386005,27.4386005,,1.999935,87.0,79.0,96.89595,95.6187,92.22155,86.90605000000001,7,False
demo,D15,9,1.952979,24,3504.92662,3.449713,,,2.011793,,27.313246,,,,1.955888,,,,,,,,,,0.049978,0.151339,synthetic,False,2.0,97.64895,2.3510500000000008,-0.09839999999999804,0.17559375000000088,0.17559375000000088,0.17559375000000088,,,,17.719584,0.0,0.0,8.859792,-0.19319333333333735,-0.19319333333333735,27.42467222222222,27.42467222222222,,2.0012525555555554,87.0,78.0,96.648,95.6828,92.79615,86.65775,8,False
demo,D15,10,1.946252,24,3523.285784,3.441655,,,2.002438,,27.3472,,,,1.943267,,,,,,,,,,0.051158,0.159791,synthetic,False,2.0,97.3126,2.6873999999999967,0.33634999999999593,0.19345555555555588,0.19345555555555588,0.19345555555555588,,,,19.662851,0.0,0.0,9.8314255,-0.20289000000000032,-0.20289000000000032,27.416925,27.416925,,2.0013711,87.0,77.0,96.04665,95.699,92.0231,86.104,9,False
demo,D15,11,1.950873,24,3495.451613,3.45011,,,2.002634,,27.620085,,,,1.955785,,,,,,,,,,0.051639,0.152421,synthetic,False,2.0,97.54365,2.4563500000000005,-0.2310499999999962,0.15100500000000067,0.15100500000000067,0.15100500000000067,,,,21.618636,0.0,0.0,10.809318,-0.19898545454545247,-0.18845454545454557,27.4101815,27.43539409090909,,2.0019162,87.0,76.0,96.6973,95.20415,91.61685,86.41525,10,False
demo,D15,12,1.940365,24,3492.377593,3.435922,,,2.008839,,27.807543,,,,1.939815,,,,,,,,,,0.049694,0.153109,synthetic,False,2.0,97.01825,2.9817500000000052,0.5254000000000048,0.19352000000000089,0.18504090909091014,0.18504090909091014,,,,23.558450999999998,0.0,0.0,11.779225499999999,-0.21211878787879146,-0.19308583916084401,27.440339799999997,27.4664065,,2.0020333999999997,87.0,75.0,96.25845,95.4344,91.27159999999999,86.13095,11,False
demo,D15,13,1.937919,24,3507.629869,3.437453,,,2.006687,,27.492445,,,,1.943782,,,,,,,,,,0.049523,0.152417,synthetic,False,2.0,96.89595,3.104050000000001,0.12229999999999563,0.2269599999999997,0.1798125000000006,0.1798125000000006,,,,25.502232999999997,0.0,0.0,12.751116499999998,-0.1943260606060608,-0.19355137362637512,27.4475772,27.46840946153846,,2.0024427,87.0,74.0,95.6187,95.62190000000001,91.31240000000001,85.47635,12,False
demo,D15,14,1.93296,24,3479.029413,3.441033,,,2.002937,,27.967364,,,,1.929504,,,,,,,,,,0.052621,0.149292,synthetic,False,2.0,96.648,3.352000000000004,0.247950000000003,0.20586500000000002,0.18505384615384693,0.18505384615384693,,,,27.431737,0.0,0.0,13.7158685,-0.1931409090909152,-0.1953982417582451,27.552822399999997,27.50404907142857,,2.0029064,87.0,73.0,95.6828,94.48715,91.57634999999999,85.35810000000001,13,False
demo,D15,15,1.920933,24,3471.650008,3.438634,,,1.998114,,27.298933,,,,1.926459,,,,,,,,,,0.050781,0.157048,synthetic,False,2.0,96.04665,3.9533500000000004,0.6013499999999965,0.2003600000000006,0.21478928571428618,0.21478928571428618,,,,29.358196,0.0,0.0,14.679098,-0.24356333333333374,-0.20674750000000328,27.5271946,27.490374666666664,,2.0041318,87.0,72.0,95.699,94.12795,91.09819999999999,84.7684,14,False
demo,D15,16,1.933946,24,3487.917087,3.439075,,,2.019837,,27.235567,,,,1.93045,,,,,,,,,,0.050752,0.150925,synthetic,False,2.0,96.6973,3.3027000000000015,-0.6506499999999988,0.19847500000000054,0.15709333333333386,0.15709333333333386,,,,31.288646,0.0,0.0,15.644323,-0.19208969696969613,-0.19542830882352408,27.5238419,27.4744491875,,2.0051616,87.0,71.0,95.20415,93.78295,90.7151,85.34175,15,False
demo,D15,17,1.925169,24,3465.229321,3.441181,,,1.992662,,27.227425,,,,1.934983,,,,,,,,,,0.050009,0.155752,synthetic,False,2.0,96.25845,3.7415500000000037,0.4388500000000022,0.20374500000000068,0.17470312500000063,0.17470312500000063,,,,33.223629,0.0,0.0,16.6118145,-0.16623909090908764,-0.19243321078431203,27.509581700000002,27.459918352941177,,2.0039878,87.0,70.0,95.4344,93.19205000000001,90.90465,84.13325,16,False
demo,D15,18,1.912374,24,3440.924438,3.436932,,,2.00746,,27.218393,,,,1.908734,,,,,,,,,,0.051091,0.156984,synthetic,False,2.0,95.6187,4.381299999999996,0.6397499999999923,0.19318499999999972,0.2020588235294119,0.2020588235294119,,,,35.132363000000005,0.0,0.0,17.566181500000003,-0.20027757575757393,-0.19817905056759308,27.452820100000004,27.44650027777778,,2.0053400999999997,87.0,69.0,95.62190000000001,94.00625000000001,90.6138,84.0684,17,False
demo,D15,19,1.913656,24,3422.680541,3.437771,,,1.999161,,27.713653,,,,1.9177,,,,,,,,,,0.052579,0.155264,synthetic,False,2.0,95.6828,4.3172,-0.06409999999999627,0.1966149999999999,0.18727222222222256,0.18727222222222256,,,,37.05006300000001,0.0,0.0,18.525031500000004,-0.2008433333333328,-0.1981506140350849,27.4928608,27.460560947368425,,2.0040769,87.0,68.0,94.48715,93.30085,90.06174999999999,83.93535,18,False
demo,D15,20,1.91398,24,3441.865138,3.440361,,,2.004547,,27.384583,,,,1.912592,,,,,,,,,,0.051115,0.151365,synthetic,False,2.0,95.699,4.301000000000002,-0.016199999999997772,0.16136000000000053,0.17656315789473728,0.17656315789473728,,,,38.96265500000001,0.0,0.0,19.481327500000006,-0.19911666666666725,-0.19506774436090232,27.496599099999997,27.45676205,,2.0042877999999997,87.0,67.0,94.12795,93.4439,90.5603,83.22295,19,False
demo,D15,21,1.904083,24,3429.737756,3.43534,,,2.012334,,27.291327,,,,1.906806,,,,,,,,,,0.052024,0.152813,synthetic,False,2.0,95.20415,4.7958500000000015,0.49484999999999957,0.2339500000000001,0.19247750000000038,0.19247750000000038,,,,40.869461000000015,0.0,0.0,20.434730500000008,-0.18941969696969332,-0.19667889610389966,27.463723299999998,27.44888419047619,,2.0052578,87.0,66.0,93.78295,93.278,89.41865,83.648,20,False
demo,D15,22,1.908688,24,3438.026154,3.438162,,,1.996884,,27.731917,,,,1.908533,,,,,,,,,,0.050942,0.145621,synthetic,False,2.0,95.4344,4.565600000000003,-0.23024999999999807,0.15838499999999983,0.1723476190476195,0.1723476190476195,,,,42.777994000000014,0.0,0.0,21.388997000000007,-0.1738327272727253,-0.1928264539807998,27.456160699999998,27.46174931818182,,2.0040623,87.0,65.0,93.19205000000001,92.40395,89.58725,83.5351,21,False
demo,D15,23,1.912438,24,3467.853979,3.436473,,,2.006018,,27.83733,,,,1.908264,,,,,,,,,,0.04985,0.153153,synthetic,False,2.0,95.62190000000001,4.378099999999989,-0.1875000000000142,0.12740499999999882,0.15599090909090887,0.15599090909090887,,,,44.68625800000002,0.0,0.0,22.34312900000001,-0.1369736363636357,-0.18576126482213529,27.4906492,27.47807891304348,,2.0039954,87.0,64.0,94.00625000000001,92.22155,88.90435,82.97919999999999,22,False
demo,D15,24,1.889743,24,3404.404889,3.431395,,,2.002656,,27.9281,,,,1.879173,,,,,,,,,,0.050419,0.156818,synthetic,False,2.0,94.48715,5.51285,1.134750000000011,0.21608499999999964,0.19854565217391332,0.19854565217391332,,,,46.56543100000002,0.0,0.0,23.28271550000001,-0.16309696969697204,-0.18981095652173813,27.486722800000003,27.496829791666666,,2.0039673000000002,87.0,63.0,93.30085,92.79615,89.05705,81.92505,23,False
demo,D15,25,1.882559,24,3395.013002,3.438375,,,1.993587,,27.894982,,,,1.892001,,,,,,,,,,0.050057,0.153985,synthetic,False,2.0,94.12795,5.8720500000000015,0.3592000000000013,0.19187000000000012,0.20523958333333367,0.20523958333333367,,,,48.45743200000002,0.0,0.0,24.22871600000001,-0.22271090909091065,-0.19452707692307905,27.5463277,27.51275588,,2.0035146,87.0,62.0,93.4439,92.0231,88.4751,82.4106,24,False
demo,D15,26,1.875659,24,3387.985581,3.441289,,,2.012581,,27.456986,,,,1.875933,,,,,,,,,,0.051461,0.153203,synthetic,False,2.0,93.78295,6.21705,0.34499999999999886,0.2914349999999999,0.21083000000000027,0.21083000000000027,,,,50.33336500000002,0.0,0.0,25.16668250000001,-0.23450939393939355,-0.20168896153846147,27.568469600000004,27.503534520000002,,2.002789,87.0,61.0,93.278,91.61685,88.45100000000001,81.82034999999999,25,False
demo,D15,27,1.863841,24,3360.354179,3.437238,,,2.007112,,27.773261,,,,1.852869,,,,,,,,,,0.052585,0.154553,synthetic,False,2.0,93.19205000000001,6.807949999999991,0.5908999999999907,0.30663999999999875,0.2304559999999998,0.22544807692307683,,,,52.18623400000002,0.0,0.0,26.09311700000001,-0.27246999999999977,-0.2112533846153859,27.623053199999998,27.514226559999997,,2.004234,87.0,60.0,92.40395,91.27159999999999,88.79209999999999,81.8069,26,False
demo,D15,28,1.880125,24,3383.352171,3.436343,,,1.995655,,27.80403,,,,1.881263,,,,,,,,,,0.05136,0.158441,synthetic,False,2.0,94.00625000000001,5.9937499999999915,-0.8141999999999996,0.16124499999999956,0.2063719999999995,0.18694259259259252,,,,54.06749700000002,0.0,0.0,27.03374850000001,-0.27150121212121,-0.2067492692307673,27.6816169,27.529584919999998,,2.0030535,87.0,59.0,92.22155,91.31240000000001,88.12259999999999,82.17635,27,False
demo,D15,29,1.866017,24,3358.011642,3.430686,,,2.011036,,27.582254,,,,1.86859,,,,,,,,,,0.051032,0.155196,synthetic,False,2.0,93.30085,6.699150000000003,0.7054000000000116,0.23819500000000032,0.21623199999999998,0.20545892857142892,,,,55.936087000000015,0.0,0.0,27.968043500000007,-0.2851906060606043,-0.20937684615384508,27.668476999999996,27.5562786,,2.004241,87.0,58.0,92.79615,91.57634999999999,87.74159999999999,80.76105,28,False
demo,D15,30,1.868878,24,3360.44117,3.432462,,,1.991686,,27.737871,,,,1.866205,,,,,,,,,,0.050522,0.160819,synthetic,False,2.0,93.4439,6.556100000000001,-0.14305000000000234,0.22550999999999988,0.18425400000000025,0.19344137931034508,,,,57.802292000000016,0.0,0.0,28.901146000000008,-0.26112515151515275,-0.2130896538461551,27.703805799999998,27.563585000000003,,2.0029548999999998,87.0,57.0,92.0231,91.09819999999999,87.1272,80.9967,29,False
demo,D15,31,1.86556,24,3362.482899,3.437423,,,1.999711,,27.388756,,,,1.862917,,,,,,,,,,0.0517,0.153665,synthetic,False,2.0,93.278,6.721999999999994,0.1658999999999935,0.19261499999999926,0.2161619999999999,0.19252333333333335,,,,59.66520900000002,0.0,0.0,29.83260450000001,-0.25176424242423817,-0.20847249999999748,27.7135487,27.56837148,,2.0016925999999997,87.0,56.0,91.61685,90.7151,87.17665,81.24025,30,False
demo,D15,32,1.848079,24,3324.841977,3.421884,,,1.995708,,27.570982,,,,1.848005,,,,,,,,,,0.050281,0.156729,synthetic,False,2.0,92.40395,7.596050000000005,0.8740500000000111,0.3030450000000002,0.23567800000000033,0.21450806451612942,,,,61.51321400000002,0.0,0.0,30.75660700000001,-0.25138151515151813,-0.21162803846153863,27.6974552,27.576409679999998,,2.001575,87.0,55.0,91.27159999999999,90.90465,87.83735,80.5302,31,False
demo,D15,33,1.844431,24,3326.199924,3.429101,,,2.007513,,27.8263,,,,1.848867,,,,,,,,,,0.050422,0.154923,synthetic,False,2.0,92.22155,7.7784500000000065,0.18240000000000123,0.34003500000000175,0.21316000000000032,0.2135046875000004,,,,63.36208100000002,0.0,0.0,31.68104050000001,-0.21171515151515183,-0.21938849999999896,27.6963522,27.578021319999998,,2.0017245,87.0,54.0,91.31240000000001,90.6138,86.90605000000001,80.7928,32,False
demo,D15,34,1.855923,24,3330.548751,3.434927,,,1.995203,,28.093001,,,,1.856294,,,,,,,,,,0.052341,0.161987,synthetic,False,2.0,92.79615,7.203850000000003,-0.5746000000000038,0.16910000000000025,0.1941120000000001,0.18962272727272755,,,,65.21837500000002,0.0,0.0,32.60918750000001,-0.1751406060606061,-0.21676173076922803,27.7128423,27.60921152,,2.0009791999999997,87.0,53.0,91.57634999999999,90.06174999999999,86.65775,82.223,33,False
demo,D15,35,1.840462,24,3314.291659,3.425505,,,2.007585,,28.027166,,,,1.845848,,,,,,,,,,0.051318,0.156921,synthetic,False,2.0,92.0231,7.9769000000000005,0.7730499999999978,0.2104849999999999,0.21158000000000016,0.20678235294117667,,,,67.06422300000003,0.0,0.0,33.53211150000001,-0.18418212121211924,-0.2209013846153819,27.726060699999998,27.63641016,,2.002379,87.0,52.0,91.09819999999999,90.5603,86.104,80.10005,34,False
demo,D15,36,1.832337,24,3313.56388,3.430736,,,2.005945,,27.916709,,,,1.836483,,,,,,,,,,0.051379,0.163091,synthetic,False,2.0,91.61685,8.38315,0.40625,0.21661000000000002,0.237072,0.21248142857142877,,,,68.90070600000003,0.0,0.0,34.450353000000014,-0.21286939393939616,-0.2224116923076905,27.772033,27.648275119999997,,2.0017153999999997,87.0,51.0,90.7151,89.41865,86.41525,80.0146,35,False
demo,D15,37,1.825432,24,3283.564305,3.429687,,,1.996248,,27.781776,,,,1.824597,,,,,,,,,,0.051577,0.155722,synthetic,False,2.0,91.27159999999999,8.728400000000008,0.34525000000000716,0.19204500000000166,0.2298660000000001,0.21616944444444483,,,,70.72530300000003,0.0,0.0,35.36265150000001,-0.2735260606060602,-0.2278038461538473,27.772884499999996,27.647244440000005,,2.000629,87.0,50.0,90.90465,89.58725,86.13095,79.6301,36,False
demo,D15,38,1.826248,24,3305.422166,3.422464,,,2.018297,,27.74182,,,,1.820512,,,,,,,,,,0.052463,0.161533,synthetic,False,2.0,91.31240000000001,8.687599999999989,-0.0408000000000186,0.26938499999999976,0.22334199999999954,0.2092243243243242,,,,72.54581500000002,0.0,0.0,36.27290750000001,-0.25439909090909146,-0.22962188461538444,27.7666635,27.65721944,,2.0028932,87.0,49.0,90.6138,88.90435,85.47635,79.27720000000001,37,False
demo,D15,39,1.831527,24,3298.367102,3.429289,,,1.992548,,27.39081,,,,1.830697,,,,,,,,,,0.05185,0.157093,synthetic,False,2.0,91.57634999999999,8.42365000000001,-0.2639499999999799,0.1724500000000006,0.2028660000000002,0.19677236842105303,,,,74.37651200000002,0.0,0.0,37.18825600000001,-0.23524878787879133,-0.22718792307692373,27.747519099999998,27.63415728,,2.0010444,87.0,48.0,90.06174999999999,89.05705,85.35810000000001,79.3545,38,False
demo,D15,40,1.821964,24,3278.978612,3.425276,,,1.98591,,27.558178,,,,1.823882,,,,,,,,,,0.051037,0.159631,synthetic,False,2.0,91.09819999999999,8.901800000000009,0.4781499999999994,0.23457000000000078,0.19793800000000034,0.20398717948717987,,,,76.20039400000002,0.0,0.0,38.10019700000001,-0.2117396969696974,-0.2312798846153864,27.7295498,27.64452708,,2.0004668,87.0,47.0,90.5603,88.4751,84.7684,79.29310000000001,39,False
demo,D15,41,1.814302,24,3266.886753,3.428452,,,2.008561,,27.577833,,,,1.81452,,,,,,,,,,0.05115,0.153769,synthetic,False,2.0,90.7151,9.284899999999993,0.3830999999999847,0.2562899999999999,0.23928799999999967,0.20846499999999998,,,,78.01491400000002,0.0,0.0,39.00745700000001,-0.19175424242424086,-0.2285951538461532,27.7484575,27.658217720000003,,2.0013518,87.0,46.0,89.41865,88.45100000000001,85.34175,77.9623,40,False
demo,D15,42,1.818093,24,3269.509903,3.429941,,,1.978506,,27.91655,,,,1.8204,,,,,,,,,,0.051624,0.158322,synthetic,False,2.0,90.90465,9.095349999999996,-0.189549999999997,0.1499299999999991,0.2141519999999997,0.1987573170731708,,,,79.83531400000003,0.0,0.0,39.91765700000001,-0.18863424242423987,-0.22394753846153825,27.7830143,27.68578272,,1.9996316,87.0,45.0,89.58725,88.79209999999999,84.13325,78.20215,41,False
demo,D15,43,1.812276,24,3242.714604,3.42813,,,2.014918,,28.017823,,,,1.815406,,,,,,,,,,0.052179,0.154302,synthetic,False,2.0,90.6138,9.386200000000002,0.29085000000000605,0.16077499999999958,0.20019600000000026,0.2009500000000002,,,,81.65072000000002,0.0,0.0,40.82536000000001,-0.19536545454545484,-0.22426388461538452,27.8021666,27.71775992,,2.0003721,87.0,44.0,88.90435,88.12259999999999,84.0684,77.94485,42,False
demo,D15,44,1.801235,24,3250.784661,3.425445,,,2.001018,,27.98229,,,,1.803148,,,,,,,,,,0.051952,0.158722,synthetic,False,2.0,90.06174999999999,9.93825000000001,0.5520500000000084,0.2734400000000008,0.22484200000000043,0.20911511627907017,,,,83.45386800000001,0.0,0.0,41.72693400000001,-0.17441393939394065,-0.2251851538461554,27.7910955,27.7285054,,2.0009536,87.0,43.0,89.05705,87.74159999999999,83.93535,77.5737,43,False
demo,D15,45,1.811206,24,3281.616811,3.427556,,,1.98573,,28.078857,,,,1.810209,,,,,,,,,,0.051763,0.152997,synthetic,False,2.0,90.5603,9.439700000000002,-0.4985500000000087,0.14628000000000013,0.205548,0.19303181818181836,,,,85.26407700000001,0.0,0.0,42.63203850000001,-0.14466121212121522,-0.21701853846153843,27.7962646,27.75627636,,1.9987681,87.0,42.0,88.4751,87.1272,83.22295,77.74105,44,False
demo,D15,46,1.788373,24,3223.711829,3.418842,,,1.990515,,27.835504,,,,1.790233,,,,,,,,,,0.052163,0.158183,synthetic,False,2.0,89.41865,10.58135,1.1416499999999985,0.21982,0.23141999999999996,0.21411222222222237,,,,87.05431000000002,0.0,0.0,43.52715500000001,-0.18653272727272868,-0.22038588461538428,27.7881441,27.77804344,,1.9972250999999996,87.0,41.0,88.45100000000001,87.17665,83.648,77.26769999999999,45,False
demo,D15,47,1.791745,24,3230.37796,3.423845,,,1.983659,,27.56665,,,,1.799756,,,,,,,,,,0.052046,0.161617,synthetic,False,2.0,89.58725,10.412750000000003,-0.16859999999999786,0.1684349999999995,0.23388599999999996,0.205792391304348,,,,88.85406600000002,0.0,0.0,44.42703300000001,-0.2155796969696989,-0.2154440384615384,27.7666315,27.771432759999996,,1.9959662000000002,87.0,40.0,88.79209999999999,87.83735,83.5351,77.51175,46,False
demo,D15,48,1.778087,24,3198.80354,3.419075,,,2.003829,,27.820386,,,,1.772789,,,,,,,,,,0.051439,0.160519,synthetic,False,2.0,88.90435,11.095650000000006,0.6829000000000036,0.2408050000000017,0.26870200000000066,0.21594361702127687,,,,90.62685500000002,0.0,0.0,45.31342750000001,-0.2587393939393882,-0.21043307692307756,27.774488099999996,27.770754999999998,,1.9945194000000002,87.0,39.0,88.12259999999999,86.90605000000001,82.97919999999999,77.00735,47,False
demo,D15,49,1.781141,24,3217.189187,3.426769,,,1.986731,,27.64708,,,,1.782877,,,,,,,,,,0.053296,0.155053,synthetic,False,2.0,89.05705,10.942949999999996,-0.15270000000001005,0.2519299999999987,0.21720399999999984,0.20826354166666672,,,,92.40973200000002,0.0,0.0,46.20486600000001,-0.2467848484848482,-0.21019273076923223,27.8001151,27.7595142,,1.9939377,87.0,38.0,87.74159999999999,86.65775,81.92505,76.8294,48,False
demo,D15,50,1.769502,24,3184.728645,3.423921,,,2.005021,,28.010212,,,,1.775986,,,,,,,,,,0.051823,0.153525,synthetic,False,2.0,88.4751,11.524900000000002,0.5819500000000062,0.2623099999999994,0.22611400000000004,0.21588979591836752,,,,94.18571800000002,0.0,0.0,47.09285900000001,-0.2679127272727286,-0.2147392307692319,27.8453185,27.7641234,,1.9958487999999999,87.0,37.0,87.1272,86.104,82.4106,75.8026,49,False
demo,D15,51,1.76902,24,3186.788278,3.423849,,,1.996952,,27.756698,,,,1.764864,,,,,,,,,,0.052439,0.16073,synthetic,False,2.0,88.45100000000001,11.548999999999992,0.02409999999999002,0.22640999999999992,0.2132779999999997,0.21205399999999996,,,,95.95058200000003,0.0,0.0,47.97529100000001,-0.2840999999999996,-0.21860984615384654,27.863205,27.77611188,,1.9946879,87.0,36.0,87.17665,86.41525,81.82034999999999,75.6625,50,False
demo,D15,52,1.775842,24,3181.505561,3.428834,,,1.995246,,27.811604,,,,1.779397,,,,,,,,,,0.050181,0.16371,synthetic,False,2.0,88.79209999999999,11.20790000000001,-0.3410999999999831,0.2112550000000013,0.17599800000000074,0.20322700000000027,,,,97.72997900000003,0.0,0.0,48.864989500000014,-0.24160151515151518,-0.22113934615384698,27.8527104,27.7776456,,1.9963619000000001,87.0,35.0,87.83735,86.13095,81.8069,76.8967,51,False
demo,D15,53,1.762452,24,3167.3757,3.418987,,,2.005093,,28.029728,,,,1.766452,,,,,,,,,,0.05216,0.15661,synthetic,False,2.0,88.12259999999999,11.877400000000009,0.6694999999999993,0.24912000000000062,0.2353460000000007,0.22085900000000008,,,,99.49643100000003,0.0,0.0,49.748215500000015,-0.2294045454545502,-0.2183222692307693,27.853900899999996,27.78667352,,1.9953793999999998,87.0,34.0,86.90605000000001,85.47635,82.17635,75.7841,52,False
demo,D15,54,1.754832,24,3162.17922,3.417158,,,2.006235,,27.682478,,,,1.749649,,,,,,,,,,0.051352,0.166099,synthetic,False,2.0,87.74159999999999,12.258400000000009,0.3810000000000002,0.2320149999999998,0.22237000000000023,0.2193010000000001,,,,101.24608000000003,0.0,0.0,50.62304000000002,-0.24459636363636242,-0.22155023076923097,27.823919699999998,27.79068248,,1.9959011,87.0,33.0,86.65775,85.35810000000001,80.76105,75.98975,53,False
demo,D15,55,1.742544,24,3145.115842,3.416404,,,2.011458,,28.127178,,,,1.745027,,,,,,,,,,0.051596,0.160279,synthetic,False,2.0,87.1272,12.872799999999998,0.6143999999999892,0.3433099999999996,0.2526679999999999,0.21846100000000007,,,,102.99110700000003,0.0,0.0,51.495553500000014,-0.23194121212121285,-0.22474273076923132,27.8287518,27.806254759999998,,1.9984739,87.0,32.0,86.104,84.7684,80.9967,74.58709999999999,54,False
demo,D15,56,1.743533,24,3147.16234,3.411533,,,1.993662,,27.547801,,,,1.742587,,,,,,,,,,0.054987,0.154383,synthetic,False,2.0,87.17665,12.823350000000005,-0.04944999999999311,0.22420000000000045,0.24405400000000044,0.23010800000000017,,,,104.73369400000003,0.0,0.0,52.366847000000014,-0.25108545454545567,-0.224278769230769,27.7999815,27.812616560000002,,1.9987886,87.0,31.0,86.41525,85.34175,81.24025,74.2722,55,False
demo,D15,57,1.756747,24,3147.164573,3.413499,,,1.999702,,27.941517,,,,1.756535,,,,,,,,,,0.052682,0.155047,synthetic,False,2.0,87.83735,12.16265,-0.6607000000000056,0.17498999999999967,0.18266399999999977,0.20917100000000005,,,,106.49022900000003,0.0,0.0,53.245114500000014,-0.1957757575757542,-0.22176319230769145,27.8374682,27.827437959999997,,2.0003929,87.0,30.0,86.13095,84.13325,80.5302,75.17425,56,False
demo,D15,58,1.738121,24,3114.747968,3.41975,,,1.993647,,27.870093,,,,1.736992,,,,,,,,,,0.053845,0.162785,synthetic,False,2.0,86.90605000000001,13.093949999999992,0.9312999999999931,0.19982999999999862,0.21261999999999945,0.21288999999999988,,,,108.22722100000003,0.0,0.0,54.113610500000014,-0.21557999999999863,-0.22615546153846297,27.8424389,27.82918968,,1.9993747,87.0,29.0,85.47635,84.0684,80.7928,74.04505,57,False
demo,D15,59,1.733155,24,3125.145306,3.411064,,,2.00163,,28.107103,,,,1.737705,,,,,,,,,,0.053524,0.161063,synthetic,False,2.0,86.65775,13.342250000000007,0.24830000000001462,0.2399300000000011,0.24553600000000017,0.21982400000000013,,,,109.96492600000003,0.0,0.0,54.98246300000002,-0.21452606060606402,-0.2230048846153855,27.8884412,27.829753760000003,,2.0008646,87.0,28.0,85.35810000000001,83.93535,82.223,73.98565,58,False
demo,D15,60,1.72208,24,3092.800138,3.41096,,,1.992217,,27.573286,,,,1.721694,,,,,,,,,,0.053762,0.165563,synthetic,False,2.0,86.104,13.896,0.5537499999999937,0.23710999999999985,0.236764,0.2241720000000001,,,,111.68662000000003,0.0,0.0,55.84331000000002,-0.25339090909090534,-0.22797449999999994,27.844748599999996,27.811598559999997,,1.9995842,87.0,27.0,84.7684,83.22295,80.10005,73.2231,59,False
demo,D15,61,1.728305,24,3119.298838,3.415631,,,1.995759,,27.524844,,,,1.726704,,,,,,,,,,0.052518,0.157273,synthetic,False,2.0,86.41525,13.58475,-0.31125000000000114,0.20357500000000073,0.20806399999999997,0.222568,,,,113.41332400000003,0.0,0.0,56.706662000000016,-0.2481445454545438,-0.22958038461538616,27.821563200000003,27.79592396,,1.9994649000000002,87.0,26.0,85.34175,83.648,80.0146,73.59135,60,False
demo,D15,62,1.722619,24,3085.549341,3.413678,,,1.99581,,28.103583,,,,1.721081,,,,,,,,,,0.05438,0.161451,synthetic,False,2.0,86.13095,13.869050000000001,0.2843000000000018,0.2661149999999992,0.20562599999999975,0.2177459999999999,,,,115.13440500000003,0.0,0.0,57.567202500000015,-0.21098969696969408,-0.23326184615384707,27.8507611,27.808796239999996,,1.9995213,87.0,25.0,84.13325,83.5351,79.6301,72.50935,61,False
demo,D15,63,1.709527,24,3076.240333,3.417233,,,2.002934,,27.837979,,,,1.708361,,,,,,,,,,0.053751,0.161639,synthetic,False,2.0,85.47635,14.523650000000004,0.6546000000000021,0.2646249999999995,0.23344200000000057,0.22839200000000004,,,,116.84276600000003,0.0,0.0,58.42138300000001,-0.22191727272727022,-0.23862342307692297,27.831586199999997,27.8126426,,1.9993054000000001,87.0,24.0,84.0684,82.97919999999999,79.27720000000001,72.48525000000001,62,False
demo,D15,64,1.707162,24,3072.575093,3.413637,,,2.00003,,27.916557,,,,1.703476,,,,,,,,,,0.05297,0.161284,synthetic,False,2.0,85.35810000000001,14.641899999999993,0.11824999999998909,0.23834999999999837,0.24872999999999934,0.22579799999999978,,,,118.54624200000002,0.0,0.0,59.27312100000001,-0.23261909090909216,-0.2379477692307691,27.8549941,27.83367248,,1.9986849,87.0,23.0,83.93535,81.92505,79.3545,72.2967,63,False
demo,D15,65,1.695368,24,3056.061271,3.408727,,,2.005063,,27.792011,,,,1.693767,,,,,,,,,,0.05331,0.161037,synthetic,False,2.0,84.7684,15.2316,0.5897000000000077,0.23588000000000023,0.25319199999999964,0.225565,,,,120.24000900000001,0.0,0.0,60.12000450000001,-0.2875554545454511,-0.24271373076923164,27.8214774,27.8430258,,1.9980453999999999,87.0,22.0,83.22295,82.4106,79.29310000000001,72.31855,64,False
demo,D15,66,1.706835,24,3062.798867,3.417241,,,1.99893,,28.16795,,,,1.707237,,,,,,,,,,0.052795,0.160639,synthetic,False,2.0,85.34175,14.658249999999995,-0.5733500000000049,0.18348999999999904,0.21493400000000007,0.22711099999999987,,,,121.94724600000002,0.0,0.0,60.97362300000001,-0.27932999999999814,-0.24114915384615354,27.8834923,27.866630479999998,,1.9985722,87.0,21.0,83.648,81.82034999999999,77.9623,,65,False
demo,D15,67,1.682665,24,3010.927041,3.413248,,,1.994202,,28.050806,,,,1.684026,,,,,,,,,,0.053226,0.163217,synthetic,False,2.0,84.13325,15.866749999999996,1.2085000000000008,0.3704099999999997,0.270856,0.24250399999999986,,,,123.63127200000002,0.0,0.0,61.81563600000001,-0.27073484848484564,-0.2447111153846158,27.8944212,27.872000720000003,,1.9980222,87.0,20.0,83.5351,81.8069,78.20215,,66,False
demo,D15,68,1.681368,24,3028.017139,3.404527,,,2.001913,,28.038114,,,,1.685417,,,,,,,,,,0.053143,0.163653,synthetic,False,2.0,84.0684,15.931600000000003,0.06485000000000696,0.28376500000000104,0.26181600000000005,0.23100600000000016,,,,125.31668900000003,0.0,0.0,62.65834450000001,-0.28286545454545453,-0.2465714230769241,27.9112233,27.87281236,,1.9988488,87.0,19.0,82.97919999999999,82.17635,77.94485,,67,False
demo,D15,69,1.678707,24,3026.445166,3.410847,,,1.990828,,27.689534,,,,1.679516,,,,,,,,,,0.053594,0.163609,synthetic,False,2.0,83.93535,16.06465,0.13304999999999723,0.2722399999999993,0.24505599999999958,0.23494900000000002,,,,126.99620500000003,0.0,0.0,63.498102500000016,-0.28441090909090966,-0.2501454615384621,27.8694664,27.86110212,,1.9977686,87.0,18.0,81.92505,80.76105,77.5737,,68,False
demo,D15,70,1.664459,24,3005.080531,3.405197,,,2.005692,,28.128689,,,,1.662879,,,,,,,,,,0.055095,0.16704,synthetic,False,2.0,83.22295,16.777050000000003,0.7124000000000024,0.28810500000000017,0.29349400000000003,0.24952100000000002,,,,128.65908400000004,0.0,0.0,64.32954200000002,-0.3287324242424243,-0.2505973846153844,27.9250067,27.863095400000002,,1.9991160999999997,87.0,17.0,82.4106,80.9967,77.74105,,69,False
demo,D15,71,1.67296,24,3008.089496,3.406154,,,1.997145,,27.742506,,,,1.669577,,,,,,,,,,0.052065,0.159478,synthetic,False,2.0,83.648,16.352000000000004,-0.4250499999999988,0.27672500000000044,0.23082600000000014,0.23112300000000005,,,,130.32866100000004,0.0,0.0,65.16433050000002,-0.29419757575757544,-0.25289815384615344,27.946772899999996,27.859375479999997,,1.9992546999999998,87.0,16.0,81.82034999999999,81.24025,77.26769999999999,,70,False
demo,D15,72,1.670702,24,3014.262492,3.416316,,,2.002045,,27.829308,,,,1.671686,,,,,,,,,,0.054435,0.157737,synthetic,False,2.0,83.5351,16.4649,0.11289999999999623,0.25958499999999984,0.2420859999999999,0.23798599999999992,,,,132.00034700000003,0.0,0.0,66.00017350000002,-0.25123181818181484,-0.25011611538461614,27.919345399999997,27.8698818,,1.9998782,87.0,15.0,81.8069,80.5302,77.51175,,71,False
demo,D15,73,1.659584,24,2991.604598,3.407945,,,2.0022,,27.669287,,,,1.659194,,,,,,,,,,0.053036,0.166668,synthetic,False,2.0,82.97919999999999,17.02080000000001,0.5559000000000083,0.2497150000000005,0.23700600000000008,0.25285400000000036,,,,133.65954100000005,0.0,0.0,66.82977050000002,-0.2507630303030276,-0.25463896153846194,27.902476200000002,27.863837840000002,,1.9998048000000002,87.0,14.0,82.17635,80.7928,77.00735,,72,False
demo,D15,74,1.638501,24,2961.003206,3.403943,,,2.016015,,28.003112,,,,1.638225,,,,,,,,,,0.054885,0.161629,synthetic,False,2.0,81.92505,18.07495,1.0541499999999928,0.34330500000000086,0.2852800000000002,0.251242,,,,135.29776600000005,0.0,0.0,67.64888300000003,-0.28540818181818506,-0.26280761538461556,27.9111317,27.87807912,,2.0014032999999998,87.0,13.0,80.76105,82.223,76.8294,,73,False
demo,D15,75,1.648212,24,2966.288778,3.406366,,,2.003816,,28.2938,,,,1.649077,,,,,,,,,,0.053184,0.162933,synthetic,False,2.0,82.4106,17.589399999999998,-0.4855500000000035,0.23577999999999974,0.24257999999999982,0.23434699999999992,,,,136.94684300000006,0.0,0.0,68.47342150000003,-0.2912693939393911,-0.2668276153846159,27.9613106,27.889422640000003,,2.0012786,87.0,12.0,80.9967,80.10005,75.8026,,74,False
demo,D15,76,1.636407,24,2930.245313,3.408048,,,2.000732,,28.102064,,,,1.638106,,,,,,,,,,0.054049,0.162707,synthetic,False,2.0,81.82034999999999,18.17965000000001,0.5902500000000117,0.3521400000000014,0.2652260000000007,0.2392520000000002,,,,138.58494900000005,0.0,0.0,69.29247450000003,-0.2625233333333324,-0.2718720769230756,27.954722000000004,27.903237280000003,,2.0014588,87.0,11.0,81.24025,80.0146,75.6625,,75,False
demo,D15,77,1.636138,24,2944.449999,3.401711,,,1.993076,,27.935338,,,,1.63702,,,,,,,,,,0.05348,0.162654,synthetic,False,2.0,81.8069,18.1931,0.013449999999991746,0.2326350000000005,0.27940799999999966,0.2277030000000002,,,,140.22196900000006,0.0,0.0,70.11098450000003,-0.2723939393939351,-0.268529192307692,27.943175199999995,27.908186640000004,,2.0013461999999995,87.0,10.0,80.5302,79.6301,76.8967,,76,False
demo,D15,78,1.643527,24,2959.134146,3.403318,,,2.008024,,28.061996,,,,1.642967,,,,,,,,,,0.051834,0.159884,synthetic,False,2.0,82.17635,17.82365,-0.3694500000000005,0.18920499999999976,0.23784999999999967,0.2365980000000002,,,,141.86493600000006,0.0,0.0,70.93246800000003,-0.2382378787878801,-0.26309776923077066,27.945563400000005,27.90947736,,2.0019573,87.0,9.0,80.7928,79.27720000000001,75.7841,,77,False
demo,D15,79,1.615221,24,2911.917535,3.404529,,,1.997298,,28.103072,,,,1.612632,,,,,,,,,,0.055587,0.163683,synthetic,False,2.0,80.76105,19.238950000000003,1.415300000000002,0.3174300000000002,0.27922199999999975,0.250796,,,,143.47756800000005,0.0,0.0,71.73878400000002,-0.26721606060606184,-0.269966615384616,27.9869172,27.926301119999998,,2.0026043000000002,87.0,8.0,82.223,79.3545,75.98975,,78,False
demo,D15,80,1.619934,24,2902.473135,3.396426,,,1.984745,,28.086617,,,,1.617948,,,,,,,,,,0.052858,0.167151,synthetic,False,2.0,80.9967,19.003299999999996,-0.2356500000000068,0.22262499999999932,0.2452199999999999,0.24894399999999992,,,,145.09551600000006,0.0,0.0,72.54775800000003,-0.29235757575758103,-0.27543457692307727,27.982709999999997,27.924678680000003,,2.0005096,87.0,7.0,80.10005,79.29310000000001,74.58709999999999,,79,False
demo,D15,81,1.624805,24,2921.911233,3.407064,,,1.998049,,28.107126,,,,1.627562,,,,,,,,,,0.053836,0.164996,synthetic,False,2.0,81.24025,18.759749999999997,-0.24354999999999905,0.2407749999999993,0.23745599999999967,0.24075500000000005,,,,146.72307800000007,0.0,0.0,73.36153900000004,-0.24889303030302862,-0.27344411538461666,28.019172000000005,27.94705168,,2.0006,87.0,6.0,80.0146,77.9623,74.2722,,80,False
demo,D15,82,1.610604,24,2906.637056,3.394905,,,2.001915,,27.824096,,,,1.609239,,,,,,,,,,0.052842,0.167089,synthetic,False,2.0,80.5302,19.469800000000006,0.7100500000000096,0.30049000000000065,0.29228600000000027,0.23747500000000002,,,,148.33231700000007,0.0,0.0,74.16615850000004,-0.2225003030303004,-0.2668344999999999,28.0186508,27.942354840000004,,2.000587,87.0,5.0,79.6301,78.20215,75.17425,,81,False
demo,D15,83,1.615856,24,2907.631823,3.400999,,,1.991815,,28.102851,,,,1.611506,,,,,,,,,,0.052504,0.163878,synthetic,False,2.0,80.7928,19.2072,-0.26260000000000616,0.2186399999999992,0.2445300000000003,0.22857499999999986,,,,149.94382300000007,0.0,0.0,74.97191150000003,-0.1824209090909068,-0.2614930000000002,28.0620072,27.95166516,,1.9995485,87.0,4.0,79.27720000000001,77.94485,74.04505,,82,False
demo,D15,84,1.64446,24,2957.312492,3.399162,,,1.998818,,27.594498,,,,1.648273,,,,,,,,,,0.05335,0.16693,synthetic,False,2.0,82.223,17.777,-1.4301999999999992,-0.029795000000000016,0.17738999999999977,0.21146299999999996,,,,151.59209600000005,0.0,0.0,75.79604800000003,-0.10810545454545543,-0.2407301538461549,28.0211458,27.931160959999996,,1.9978288,87.0,3.0,79.3545,77.5737,73.98565,,83,False
demo,D15,85,1.602001,24,2900.092819,3.396025,,,1.999285,,28.240905,,,,1.598981,,,,,,,,,,0.053386,0.164395,synthetic,False,2.0,80.10005,19.899950000000004,2.122950000000003,0.23105500000000062,0.24015800000000012,0.23846100000000006,,,,153.19107700000006,0.0,0.0,76.59553850000003,-0.12082878787878251,-0.24168992307692314,28.015856300000003,27.95786572,,1.9973756999999999,87.0,2.0,79.29310000000001,77.74105,73.2231,,84,False
demo,D15,86,1.600292,24,2871.279281,3.405227,,,1.999441,,27.823875,,,,1.600405,,,,,,,,,,0.052828,0.159663,synthetic,False,2.0,80.0146,19.9854,0.08544999999999447,0.1805749999999989,0.256026,0.23204499999999995,,,,154.79148200000006,0.0,0.0,77.39574100000003,-0.14955636363635993,-0.2357075384615394,27.988037400000003,27.96982696,,1.9972466,87.0,1.0,77.9623,77.26769999999999,73.59135,,85,False
demo,D15,87,1.592602,24,2877.289058,3.403253,,,2.012346,,28.405496,,,,1.594167,,,,,,,,,,0.054039,0.167246,synthetic,False,2.0,79.6301,20.3699,0.38450000000000273,0.21768,0.260034,0.23282999999999987,,,,156.38564900000006,0.0,0.0,78.19282450000003,-0.17826545454545673,-0.23119380769230663,28.0350532,27.98190348,,1.9991735999999996,87.0,0.0,78.20215,77.51175,72.50935,,86,False
demo,D15,88,1.585544,24,2862.723516,3.402798,,,1.986884,,27.510375,,,,1.585554,,,,,,,,,,0.052663,0.16888,synthetic,False,2.0,79.27720000000001,20.722799999999992,0.3528999999999911,0.28991499999999915,0.24796599999999955,0.24070400000000006,,,,157.97120300000006,0.0,0.0,78.98560150000003,-0.17520818181818168,-0.23148296153846146,27.979891100000003,27.968799320000002,,1.9970596,87.0,,77.94485,77.00735,72.48525000000001,,87,False
demo,D15,89,1.58709,24,2854.832743,3.39259,,,2.020338,,28.537971,,,,1.579224,,,,,,,,,,0.054255,0.164839,synthetic,False,2.0,79.3545,20.6455,-0.07729999999999393,0.14065499999999959,0.24014400000000025,0.2444369999999998,,,,159.55042700000007,0.0,0.0,79.77521350000004,-0.22714666666666644,-0.22747249999999972,28.023381,27.993655880000002,,1.9993636,87.0,,77.5737,76.8294,72.2967,,88,False
demo,D15,90,1.585862,24,2854.27069,3.394029,,,1.999672,,27.711401,,,,1.587101,,,,,,,,,,0.054014,0.170163,synthetic,False,2.0,79.29310000000001,20.70689999999999,0.061399999999991905,0.17035999999999946,0.2190119999999996,0.23610199999999965,,,,161.13752800000006,0.0,0.0,80.56876400000003,-0.2496751515151478,-0.22530765384615345,27.9858594,27.99043148,,2.0008562999999997,87.0,,77.74105,75.8026,72.31855,,89,False
demo,D15,91,1.559246,24,2806.335176,3.396265,,,2.005802,,27.861148,,,,1.563382,,,,,,,,,,0.051927,0.165078,synthetic,False,2.0,77.9623,22.0377,1.3308000000000106,0.3277950000000004,0.2951780000000002,0.25505600000000017,,,,162.70091000000005,0.0,0.0,81.35045500000003,-0.30790636363635876,-0.225481846153847,27.9612616,27.9781594,,2.0016316,87.0,,77.26769999999999,75.6625,,,90,False
demo,D15,92,1.564043,24,2816.814922,3.398367,,,2.001278,,28.228699,,,,1.566504,,,,,,,,,,0.053836,0.16945,synthetic,False,2.0,78.20215,21.797849999999997,-0.23985000000000412,0.23280499999999904,0.23724400000000004,0.25405,,,,164.26741400000006,0.0,0.0,82.13370700000003,-0.3606587878787881,-0.22985053846153772,28.0017219,27.98527512,,2.0015679,87.0,,77.51175,76.8967,,,91,False
demo,D15,93,1.558897,24,2801.009767,3.391664,,,1.98274,,28.316333,,,,1.552275,,,,,,,,,,0.054879,0.172878,synthetic,False,2.0,77.94485,22.055149999999998,0.25730000000000075,0.28479499999999974,0.24494199999999977,0.2533789999999999,,,,165.81968900000007,0.0,0.0,82.90984450000003,-0.3817203030303008,-0.23268042307692174,28.0230701,27.99640388,,2.0006604,87.0,,77.00735,75.7841,,,92,False
demo,D15,94,1.551474,24,2789.065601,3.391619,,,1.989434,,28.101943,,,,1.558074,,,,,,,,,,0.053422,0.168051,synthetic,False,2.0,77.5737,22.426299999999998,0.3711500000000001,0.4649299999999997,0.2544659999999999,0.24976099999999973,,,,167.37776300000007,0.0,0.0,83.68888150000004,-0.29315909090909653,-0.23555638461538383,28.073814600000002,28.01290024,,1.9997220000000002,87.0,,76.8294,75.98975,,,93,False
demo,D15,95,1.554821,24,2795.695516,3.389827,,,1.994757,,28.39092,,,,1.550698,,,,,,,,,,0.054964,0.167128,synthetic,False,2.0,77.74105,22.25895,-0.167349999999999,0.23589999999999947,0.21927599999999983,0.2563849999999999,,,,168.92846100000008,0.0,0.0,84.46423050000004,-0.2806445454545467,-0.23911800000000064,28.088816100000003,28.023389480000002,,1.9992692,87.0,,75.8026,74.58709999999999,,,94,False
demo,D15,96,1.545354,24,2778.938935,3.399802,,,2.009937,,27.982831,,,,1.542021,,,,,,,,,,0.054979,0.167869,synthetic,False,2.0,77.26769999999999,22.73230000000001,0.4733500000000106,0.2746900000000011,0.2552120000000002,0.24301900000000018,,,,170.4704820000001,0.0,0.0,85.23524100000004,-0.2710518181818191,-0.2385816538461536,28.104711700000003,28.03300248,,2.0003187999999996,87.0,,75.6625,74.2722,,,95,False
demo,D15,97,1.550235,24,2787.822228,3.39188,,,1.986157,,28.074724,,,,1.55266,,,,,,,,,,0.05348,0.172875,synthetic,False,2.0,77.51175,22.488249999999994,-0.24405000000001564,0.21183499999999925,0.24093399999999973,0.2415099999999998,,,,172.0231420000001,0.0,0.0,86.01157100000005,-0.2404848484848499,-0.2320136153846162,28.0716345,28.042819120000004,,1.9976999,87.0,,76.8967,75.17425,,,96,False
demo,D15,98,1.540147,24,2753.627309,3.392643,,,1.991443,,28.114261,,,,1.541541,,,,,,,,,,0.054586,0.169602,synthetic,False,2.0,77.00735,22.992649999999998,0.504400000000004,0.22698500000000052,0.23887399999999956,0.23793999999999982,,,,173.5646830000001,0.0,0.0,86.78234150000004,-0.23528030303030234,-0.23102723076923037,28.132023100000005,28.060618079999998,,1.9981558,87.0,,75.7841,74.04505,,,97,False
demo,D15,99,1.536588,24,2766.668591,3.392408,,,2.001649,,28.060519,,,,1.536835,,,,,,,,,,0.055459,0.174969,synthetic,False,2.0,76.8294,23.170599999999993,0.1779499999999956,0.25250999999999946,0.20382599999999967,0.24455299999999994,,,,175.10151800000008,0.0,0.0,87.55075900000004,-0.20711545454545532,-0.23763123076923093,28.0842779,28.06291436,,1.9962868999999999,87.0,,75.98975,73.98565,,,98,False
demo,D15,100,1.516052,24,2724.575353,3.393929,,,2.004729,,27.742377,,,,1.514325,,,,,,,,,,0.053963,0.170196,synthetic,False,2.0,75.8026,24.197400000000002,1.0268000000000086,0.34905000000000114,0.26432000000000017,0.25345,,,,176.6158430000001,0.0,0.0,88.30792150000005,-0.2084439393939323,-0.24493815384615328,28.087375499999997,28.04085744,,1.9967925999999998,87.0,,74.58709999999999,73.2231,,,99,False
demo,D15,101,1.51325,24,2708.595424,3.385346,,,2.004427,,28.223958,,,,1.517278,,,,,,,,,,0.054662,0.167509,synthetic,False,2.0,75.6625,24.337500000000006,0.1401000000000039,0.22998000000000046,0.24631399999999984,0.2557700000000003,,,,178.1331210000001,0.0,0.0,89.06656050000005,-0.26382515151515223,-0.2543577307692305,28.1236565,28.045733200000004,,1.9966551,87.0,,74.2722,73.59135,,,100,False
demo,D15,102,1.537934,24,2765.373906,3.396915,,,1.99016,,28.164347,,,,1.537813,,,,,,,,,,0.055771,0.166732,synthetic,False,2.0,76.8967,23.103300000000004,-1.2342000000000013,0.13054500000000074,0.19640800000000014,0.2379079999999999,,,,179.6709340000001,0.0,0.0,89.83546700000005,-0.20801999999999973,-0.24778238461538538,28.1172213,28.05489356,,1.9955433,87.0,,75.17425,72.50935,,,101,False
demo,D15,103,1.515682,24,2725.109545,3.384345,,,1.98402,,28.496023,,,,1.510935,,,,,,,,,,0.053986,0.169558,synthetic,False,2.0,75.7841,24.215900000000005,1.1126000000000005,0.21607500000000074,0.2556900000000002,0.24676999999999993,,,,181.1818690000001,0.0,0.0,90.59093450000005,-0.21423181818181994,-0.2440056153846154,28.135190299999998,28.07225464,,1.9956712999999997,87.0,,74.04505,72.48525000000001,,,102,False
demo,D15,104,1.519795,24,2746.097329,3.394637,,,2.005391,,27.898821,,,,1.523541,,,,,,,,,,0.055261,0.163084,synthetic,False,2.0,75.98975,24.01025,-0.20565000000000566,0.15839500000000015,0.19085199999999986,0.2350369999999998,,,,182.7054100000001,0.0,0.0,91.35270500000004,-0.2077787878787881,-0.24756642307692284,28.1148781,28.0640846,,1.9972669999999997,87.0,,73.98565,72.2967,,,103,False
demo,D15,105,1.491742,24,2680.792408,3.379607,,,2.014331,,28.102535,,,,1.492397,,,,,,,,,,0.054003,0.168905,synthetic,False,2.0,74.58709999999999,25.412900000000008,1.4026500000000084,0.31539500000000087,0.25638400000000044,0.2508020000000002,,,,184.1978070000001,0.0,0.0,92.09890350000005,-0.24747787878787872,-0.2580480384615385,28.086039600000003,28.06472132,,1.9992244,87.0,,73.2231,72.31855,,,104,False
demo,D15,106,1.485444,24,2679.155581,3.385262,,,1.996547,,28.572707,,,,1.488756,,,,,,,,,,0.054985,0.169224,synthetic,False,2.0,74.2722,25.727800000000002,0.3148999999999944,0.29954999999999926,0.2787220000000002,0.25808899999999996,,,,185.6865630000001,0.0,0.0,92.84328150000005,-0.2976803030303038,-0.26407046153846186,28.145027199999998,28.08334456,,1.9978854,87.0,,73.59135,,,,105,False
demo,D15,107,1.503485,24,2717.499493,3.394437,,,1.988553,,28.318095,,,,1.505206,,,,,,,,,,0.055412,0.17058,synthetic,False,2.0,75.17425,24.82575,-0.9020500000000027,0.23375000000000057,0.2142379999999997,0.253262,,,,187.19176900000008,0.0,0.0,93.59588450000004,-0.24610090909091129,-0.2635067307692315,28.1693643,28.10310452,,1.998125,87.0,,72.50935,,,,106,False
demo,D15,108,1.480901,24,2660.598338,3.387902,,,1.995701,,28.415994,,,,1.487984,,,,,,,,,,0.052786,0.176589,synthetic,False,2.0,74.04505,25.954949999999997,1.1291999999999973,0.2962299999999999,0.26990999999999987,0.25722000000000006,,,,188.6797530000001,0.0,0.0,94.33987650000005,-0.2614075757575752,-0.26662042307692324,28.199537600000003,28.11563024,,1.9985507999999998,87.0,,72.48525000000001,,,,107,False
demo,D15,109,1.479713,24,2663.103978,3.386649,,,2.003941,,28.393789,,,,1.478796,,,,,,,,,,0.054669,0.170976,synthetic,False,2.0,73.98565,26.014349999999993,0.05939999999999657,0.284375,0.3294939999999997,0.2534419999999997,,,,190.15854900000008,0.0,0.0,95.07927450000004,-0.25591090909090497,-0.25078984615384725,28.2328646,28.147601880000003,,1.99878,87.0,,72.2967,,,,108,False
demo,D15,110,1.464462,24,2649.703096,3.378864,,,1.997669,,28.417774,,,,1.46451,,,,,,,,,,0.055785,0.165654,synthetic,False,2.0,73.2231,26.776899999999998,0.7625500000000045,0.25794999999999957,0.27507799999999977,0.25761799999999996,,,,191.62305900000007,0.0,0.0,95.81152950000003,-0.3259915151515094,-0.25689126923076927,28.300404300000004,28.15467664,,1.9980740000000001,87.0,,72.31855,,,,109,False
demo,D15,111,1.471827,24,2651.108086,3.381039,,,2.014072,,28.747522,,,,1.473946,,,,,,,,,,0.055508,0.168385,synthetic,False,2.0,73.59135,26.408649999999994,-0.3682500000000033,0.20711499999999888,0.2569299999999998,0.2564779999999999,,,,193.09700500000008,0.0,0.0,96.54850250000004,-0.354059090909089,-0.2551579999999997,28.352760700000005,28.19162252,,1.9990384999999997,87.0,,,,,,110,False
demo,D15,112,1.450187,24,2613.263352,3.386651,,,2.00925,,28.347605,,,,1.449306,,,,,,,,,,0.054976,0.172779,synthetic,False,2.0,72.50935,27.490650000000002,1.0820000000000078,0.43873499999999976,0.28483,0.272432,,,,194.5463110000001,0.0,0.0,97.27315550000004,-0.33376000000000006,-0.26231646153846155,28.3710865,28.18930688,,2.0009474999999997,87.0,,,,,,111,False
demo,D15,113,1.449705,24,2606.281421,3.383103,,,2.001843,,28.072606,,,,1.452032,,,,,,,,,,0.054398,0.172291,synthetic,False,2.0,72.48525000000001,27.514749999999992,0.02409999999999002,0.32988499999999876,0.271678,0.2598219999999998,,,,195.9983430000001,0.0,0.0,97.99917150000005,-0.3357687878787873,-0.2677488846153848,28.328744800000003,28.21179612,,2.0027298,87.0,,,,,,112,False
demo,D15,114,1.445934,24,2608.046003,3.384303,,,1.980457,,28.490798,,,,1.437411,,,,,,,,,,0.056169,0.177036,synthetic,False,2.0,72.2967,27.7033,0.18855000000000643,0.36930499999999994,0.282312,0.2612280000000001,,,,197.4357540000001,0.0,0.0,98.71787700000004,-0.294366060606055,-0.2689241923076927,28.387942499999998,28.209909200000002,,2.0002363999999995,87.0,,,,,,113,False
demo,D15,115,1.446371,24,2603.158883,3.381092,,,1.993077,,28.188805,,,,1.446161,,,,,,,,,,0.055214,0.175025,synthetic,False,2.0,72.31855,27.681449999999998,-0.02185000000000059,0.22685499999999906,0.2789820000000003,0.24899699999999997,,,,198.88191500000008,0.0,0.0,99.44095750000004,-0.30051727272727435,-0.26508273076923067,28.3965695,28.229005359999995,,1.9981109999999997,87.0,,,,,,114,False
demo,D16,1,1.974921,35,2847.820338,3.444148,,,2.516431,,39.519376,,,,1.980882,,,,,,,,,,0.050794,0.14991,synthetic,False,2.0,98.74605,1.2539500000000032,,,,,,,,1.980882,0.0,0.0,0.990441,,,,,,,51.0,50.0,97.13765,95.46114999999999,90.02405,79.8811,0,True
demo,D16,2,1.964203,35,2844.956802,3.449185,,,2.490308,,39.774543,,,,1.953852,,,,,,,,,,0.050207,0.150109,synthetic,False,2.0,98.21015,1.7898500000000013,0.535899999999998,,,,,,,3.9347339999999997,0.0,0.0,1.9673669999999999,,,,,,,51.0,49.0,96.9579,94.9129,89.51464999999999,80.0121,1,True
demo,D16,3,1.981558,35,2859.062288,3.449077,,,2.507209,,39.496166,,,,1.982334,,,,,,,,,,0.051275,0.151906,synthetic,False,2.0,99.0779,0.9221000000000004,-0.8677500000000009,,,,,,,5.9170679999999996,0.0,0.0,2.9585339999999998,0.16592499999997745,0.16592499999997745,39.596695000000004,39.596695000000004,,2.5046493333333335,51.0,48.0,96.89320000000001,94.66735,89.15825,79.4663,2,True
demo,D16,4,1.953383,35,2820.852002,3.445151,,,2.510046,,39.490017,,,,1.952465,,,,,,,,,,0.050209,0.145499,synthetic,False,2.0,97.66915,2.330849999999998,1.4087499999999977,0.35896666666666494,0.35896666666666494,0.35896666666666494,,,,7.869533,0.0,0.0,3.9347665,-0.23629500000000359,-0.23629500000000359,39.5700255,39.5700255,,2.5059985,51.0,47.0,96.17599999999999,94.26805,88.72545,78.9521,3,True
demo,D16,5,1.950933,35,2795.91215,3.45207,,,2.503099,,39.415985,,,,1.95156,,,,,,,,,,0.050142,0.151558,synthetic,False,2.0,97.54665,2.4533500000000004,0.12250000000000227,0.2998499999999993,0.2998499999999993,0.2998499999999993,,,,9.821093,0.0,0.0,4.9105465,-0.29398000000000596,-0.29398000000000596,39.5392174,39.5392174,,2.5054186,51.0,46.0,96.0211,94.1652,89.01575000000001,79.03065000000001,4,True
demo,D16,6,1.942753,35,2800.81138,3.444739,,,2.498825,,39.289363,,,,1.938324,,,,,,,,,,0.052014,0.154932,synthetic,False,2.0,97.13765,2.8623500000000064,0.409000000000006,0.32168000000000063,0.32168000000000063,0.32168000000000063,,,,11.759417,0.0,0.0,5.8797085,-0.32689285714285693,-0.32689285714285693,39.497575000000005,39.497575000000005,,2.504319666666667,51.0,45.0,95.46114999999999,93.66675,87.9503,78.04100000000001,5,False
demo,D16,7,1.939158,35,2790.142618,3.447197,,,2.521257,,39.469289,,,,1.940518,,,,,,,,,,0.049501,0.150855,synthetic,False,2.0,96.9579,3.042100000000005,0.17974999999999852,0.29802500000000026,0.29802500000000026,0.29802500000000026,,,,13.699935,0.0,0.0,6.8499675,-0.32288214285714245,-0.32288214285714245,39.49353414285714,39.49353414285714,,2.5067392857142856,51.0,44.0,94.9129,93.03495000000001,87.7977,77.7679,6,False
demo,D16,8,1.937864,35,2784.830951,3.443325,,,2.499862,,39.204895,,,,1.938663,,,,,,,,,,0.048918,0.153046,synthetic,False,2.0,96.89320000000001,3.1067999999999927,0.06469999999998777,0.2646928571428556,0.2646928571428556,0.2646928571428556,,,,15.638598,0.0,0.0,7.819299,-0.29969583333333066,-0.29969583333333066,39.45745425,39.45745425,,2.505879625,51.0,43.0,94.66735,92.84360000000001,86.5559,77.30799999999999,7,False
demo,D16,9,1.92352,35,2769.683558,3.439027,,,2.502041,,39.097412,,,,1.934142,,,,,,,,,,0.049897,0.159387,synthetic,False,2.0,96.17599999999999,3.8240000000000123,0.7172000000000196,0.32125625000000113,0.32125625000000113,0.32125625000000113,,,,17.57274,0.0,0.0,8.78637,-0.3167091666666687,-0.3167091666666687,39.41744955555556,39.41744955555556,,2.505453111111111,51.0,42.0,94.26805,92.08800000000001,88.1991,77.252,8,False
demo,D16,10,1.920422,35,2766.308607,3.435816,,,2.496635,,39.286311,,,,1.920921,,,,,,,,,,0.051183,0.154178,synthetic,False,2.0,96.0211,3.978899999999996,0.1548999999999836,0.3027722222222214,0.3027722222222214,0.3027722222222214,,,,19.493661,0.0,0.0,9.7468305,-0.31654454545454486,-0.31654454545454486,39.404335700000004,39.404335700000004,,2.5045713,51.0,41.0,94.1652,92.12455,86.90535,76.17914999999999,9,False
demo,D16,11,1.909223,35,2744.13135,3.439618,,,2.501511,,39.709038,,,,1.914371,,,,,,,,,,0.052191,0.146913,synthetic,False,2.0,95.46114999999999,4.538850000000011,0.5599500000000148,0.3284900000000007,0.3284900000000007,0.3284900000000007,,,,21.408032,0.0,0.0,10.704016,-0.3378451515151493,-0.3275186363636366,39.4233019,39.43203590909091,,2.5030793,51.0,40.0,93.66675,91.81315,86.79535,76.14104999999999,10,False
demo,D16,12,1.898258,35,2735.036839,3.426628,,,2.509641,,39.094512,,,,1.892568,,,,,,,,,,0.050357,0.14984,synthetic,False,2.0,94.9129,5.087100000000007,0.5482499999999959,0.32972500000000055,0.3484681818181821,0.3484681818181821,,,,23.3006,0.0,0.0,11.6503,-0.3849600000000001,-0.34233951048951594,39.3552988,39.403908916666666,,2.5050125999999997,51.0,39.0,93.03495000000001,91.98685,85.62805,75.3681,11,False
demo,D16,13,1.893347,35,2725.000346,3.437758,,,2.497247,,39.105851,,,,1.89721,,,,,,,,,,0.052881,0.153513,synthetic,False,2.0,94.66735,5.332650000000001,0.24554999999999438,0.4410550000000001,0.3398916666666665,0.3398916666666665,,,,25.19781,0.0,0.0,12.598905,-0.3476518181818196,-0.3481063186813239,39.31626730000001,39.38098138461539,,2.5040164000000003,51.0,38.0,92.84360000000001,91.47915,85.53144999999999,75.3849,12,False
demo,D16,14,1.885361,35,2720.641447,3.436932,,,2.478915,,39.569785,,,,1.886214,,,,,,,,,,0.051174,0.152174,synthetic,False,2.0,94.26805,5.731949999999998,0.39929999999999666,0.34010999999999997,0.34446153846153804,0.34446153846153804,,,,27.084024,0.0,0.0,13.542012,-0.3725790909090917,-0.35319384615384775,39.3242441,39.39446735714286,,2.5009033,51.0,37.0,92.08800000000001,90.39345,85.01530000000001,76.21095,13,False
demo,D16,15,1.883304,35,2713.809316,3.434543,,,2.505136,,39.321274,,,,1.88432,,,,,,,,,,0.051051,0.154978,synthetic,False,2.0,94.1652,5.834800000000001,0.10285000000000366,0.3381450000000001,0.3272035714285713,0.3272035714285713,,,,28.968344,0.0,0.0,14.484172,-0.3700575757575745,-0.35024214285714284,39.314773,39.3895878,,2.501107,51.0,36.0,92.12455,91.0114,84.7619,74.88645000000001,14,False
demo,D16,16,1.873335,35,2700.644899,3.433797,,,2.489217,,39.561371,,,,1.874398,,,,,,,,,,0.050417,0.154183,synthetic,False,2.0,93.66675,6.333250000000007,0.4984500000000054,0.34709,0.33862000000000025,0.33862000000000025,,,,30.842741999999998,0.0,0.0,15.421370999999999,-0.38100363636363216,-0.35153639705882034,39.3419738,39.400324250000004,,2.5001462,51.0,35.0,91.81315,90.02405,84.14745,74.03755,15,False
demo,D16,17,1.860699,35,2687.27899,3.427583,,,2.507419,,39.706416,,,,1.867049,,,,,,,,,,0.053344,0.15907,synthetic,False,2.0,93.03495000000001,6.965049999999991,0.6317999999999842,0.3922949999999986,0.3569437499999992,0.3569437499999992,,,,32.709790999999996,0.0,0.0,16.354895499999998,-0.39632333333333297,-0.35791997549019217,39.365686499999995,39.418329647058826,,2.4987624,51.0,34.0,91.98685,89.51464999999999,84.40335,74.00670000000001,16,False
demo,D16,18,1.856872,35,2678.34784,3.437651,,,2.499987,,39.580075,,,,1.85782,,,,,,,,,,0.051281,0.152451,synthetic,False,2.0,92.84360000000001,7.156399999999991,0.1913499999999999,0.4049599999999998,0.3472029411764699,0.3472029411764699,,,,34.56761099999999,0.0,0.0,17.283805499999996,-0.37884272727272333,-0.3594773993808017,39.4032045,39.4273155,,2.4987749,51.0,33.0,91.47915,89.15825,83.2533,73.38130000000001,17,False
demo,D16,19,1.84176,35,2652.085441,3.428871,,,2.509431,,39.329299,,,,1.838871,,,,,,,,,,0.05025,0.155707,synthetic,False,2.0,92.08800000000001,7.911999999999992,0.7556000000000012,0.40879999999999794,0.36989166666666606,0.36989166666666606,,,,36.40648199999999,0.0,0.0,18.203240999999995,-0.4013039393939345,-0.36684675438596753,39.4263932,39.422156736842105,,2.4995138999999997,51.0,32.0,90.39345,88.72545,83.8707,73.43465,18,False
demo,D16,20,1.842491,35,2636.575933,3.426423,,,2.490517,,39.806997,,,,1.840221,,,,,,,,,,0.054033,0.156952,synthetic,False,2.0,92.12455,7.875450000000001,-0.0365499999999912,0.3896550000000005,0.34849999999999987,0.34849999999999987,,,,38.24670299999999,0.0,0.0,19.123351499999995,-0.38254666666666376,-0.36645304511278076,39.478461800000005,39.441398750000005,,2.4989021,51.0,31.0,91.0114,89.01575000000001,83.04395,72.57605000000001,19,False
demo,D16,21,1.836263,35,2648.294125,3.431712,,,2.494648,,39.681136,,,,1.839264,,,,,,,,,,0.052031,0.157573,synthetic,False,2.0,91.81315,8.186850000000007,0.3114000000000061,0.3647999999999996,0.3466450000000002,0.3466450000000002,,,,40.08596699999999,0.0,0.0,20.042983499999995,-0.3708739393939392,-0.36544662337662903,39.475671600000005,39.452814809523815,,2.4982158,51.0,30.0,90.02405,87.9503,82.52825,71.31115,20,False
demo,D16,22,1.839737,35,2641.973385,3.43041,,,2.4966,,39.497102,,,,1.841383,,,,,,,,,,0.052401,0.156851,synthetic,False,2.0,91.98685,8.013149999999996,-0.17370000000001085,0.29260499999999895,0.3218666666666663,0.3218666666666663,,,,41.92734999999999,0.0,0.0,20.963674999999995,-0.3420584848484838,-0.3582977696216792,39.515930600000004,39.45482786363636,,2.4969117,51.0,29.0,89.51464999999999,87.7977,81.5729,72.0588,21,False
demo,D16,23,1.829583,35,2633.917307,3.427264,,,2.485177,,39.50023,,,,1.823982,,,,,,,,,,0.053386,0.149583,synthetic,False,2.0,91.47915,8.520849999999996,0.5076999999999998,0.3188199999999995,0.33031363636363603,0.33031363636363603,,,,43.75133199999999,0.0,0.0,21.875665999999995,-0.3218384848484847,-0.3544823616600808,39.5553685,39.45680186956522,,2.4957047,51.0,28.0,89.15825,86.5559,81.76355,71.23925,22,False
demo,D16,24,1.807869,35,2606.228764,3.424127,,,2.511114,,39.631695,,,,1.809729,,,,,,,,,,0.052536,0.157935,synthetic,False,2.0,90.39345,9.606549999999999,1.0857000000000028,0.3874600000000001,0.3631565217391302,0.3631565217391302,,,,45.56106099999999,0.0,0.0,22.780530499999994,-0.3488136363636413,-0.3588566739130437,39.5615595,39.464089083333334,,2.4989246,51.0,27.0,88.72545,88.1991,81.2766,71.47909999999999,23,False
demo,D16,25,1.820228,35,2631.610751,3.427506,,,2.483746,,39.441662,,,,1.816288,,,,,,,,,,0.052773,0.156739,synthetic,False,2.0,91.0114,8.988600000000005,-0.6179499999999933,0.3153800000000004,0.32227708333333344,0.32227708333333344,,,,47.37734899999999,0.0,0.0,23.688674499999994,-0.30197424242424326,-0.35324523076923214,39.5735983,39.463192,,2.4967856,51.0,26.0,89.01575000000001,86.90535,80.06345,70.6489,24,False
demo,D16,26,1.800481,35,2607.021696,3.430443,,,2.510973,,39.141478,,,,1.802059,,,,,,,,,,0.05205,0.160573,synthetic,False,2.0,90.02405,9.975949999999997,0.9873499999999922,0.3642699999999991,0.34887999999999975,0.34887999999999975,,,,49.17940799999999,0.0,0.0,24.589703999999994,-0.30399242424242395,-0.3566029230769231,39.531609,39.44807608,,2.4989612,51.0,25.0,87.9503,86.79535,79.8811,69.70524999999999,25,False
demo,D16,27,1.790293,35,2570.8978,3.425665,,,2.504244,,39.752099,,,,1.787409,,,,,,,,,,0.052831,0.160557,synthetic,False,2.0,89.51464999999999,10.485350000000011,0.5094000000000136,0.352030000000002,0.3478200000000004,0.35505384615384644,,,,50.966816999999985,0.0,0.0,25.483408499999992,-0.3317621212121216,-0.36331253846153927,39.536177300000006,39.447178320000006,,2.4986437,51.0,24.0,87.7977,85.62805,80.0121,69.73885,26,False
demo,D16,28,1.783165,35,2557.621279,3.422758,,,2.498011,,39.747938,,,,1.782161,,,,,,,,,,0.052134,0.159396,synthetic,False,2.0,89.15825,10.841750000000005,0.3563999999999936,0.3685350000000014,0.3967860000000002,0.35510370370370375,,,,52.74897799999999,0.0,0.0,26.374488999999993,-0.3490581818181832,-0.35794565384615307,39.5529636,39.4572492,,2.4984461,51.0,23.0,86.5559,85.53144999999999,79.4663,69.45995,27,False
demo,D16,29,1.774509,35,2557.789695,3.425223,,,2.503451,,39.01297,,,,1.772575,,,,,,,,,,0.052235,0.159959,synthetic,False,2.0,88.72545,11.274550000000005,0.4328000000000003,0.3362550000000013,0.3577480000000003,0.3578785714285715,,,,54.52155299999999,0.0,0.0,27.260776499999995,-0.39566393939393835,-0.36303084615384484,39.5213307,39.43816732,,2.4978481,51.0,22.0,88.1991,85.01530000000001,78.9521,68.99125000000001,28,False
demo,D16,30,1.780315,35,2565.517841,3.422649,,,2.503177,,39.707197,,,,1.785723,,,,,,,,,,0.052317,0.162845,synthetic,False,2.0,89.01575000000001,10.984249999999989,-0.2903000000000162,0.3108799999999988,0.34123599999999954,0.33552758620689604,,,,56.30727599999999,0.0,0.0,28.153637999999994,-0.38324030303030326,-0.35978157692307766,39.511350699999994,39.4498158,,2.4991141,51.0,21.0,86.90535,84.7619,79.03065000000001,68.28415,29,False
demo,D16,31,1.759006,35,2523.836393,3.421482,,,2.495996,,40.050611,,,,1.76042,,,,,,,,,,0.052013,0.163091,synthetic,False,2.0,87.9503,12.049700000000001,1.0654500000000127,0.38628499999999943,0.3674939999999998,0.3598583333333333,,,,58.06769599999999,0.0,0.0,29.033847999999995,-0.41200969696969386,-0.36389499999999936,39.5482982,39.480265720000006,,2.4992489,51.0,20.0,86.79535,84.14745,78.04100000000001,68.3425,30,False
demo,D16,32,1.755954,35,2528.447295,3.420099,,,2.502981,,39.33416,,,,1.760383,,,,,,,,,,0.052945,0.160588,synthetic,False,2.0,87.7977,12.202299999999994,0.15259999999999252,0.4189149999999998,0.36640799999999957,0.353172580645161,,,,59.82807899999999,0.0,0.0,29.914039499999994,-0.3907003030303032,-0.3641473461538467,39.532004,39.47486056,,2.499887,51.0,19.0,85.62805,84.40335,77.7679,67.32605000000001,31,False
demo,D16,33,1.731118,35,2497.278615,3.418749,,,2.507312,,39.635,,,,1.741142,,,,,,,,,,0.053191,0.167192,synthetic,False,2.0,86.5559,13.444100000000006,1.241800000000012,0.492325000000001,0.4134920000000005,0.3809421875000001,,,,61.569220999999985,0.0,0.0,30.784610499999992,-0.42019454545454443,-0.36946315384615314,39.545480999999995,39.492064760000005,,2.5021005,51.0,18.0,85.53144999999999,83.2533,77.30799999999999,68.28144999999999,32,False
demo,D16,34,1.763982,35,2530.759336,3.418721,,,2.490553,,39.558532,,,,1.764147,,,,,,,,,,0.053179,0.157556,synthetic,False,2.0,88.1991,11.800899999999999,-1.6432000000000073,0.219435,0.31907599999999947,0.3196045454545453,,,,63.333367999999986,0.0,0.0,31.666683999999993,-0.37276393939393737,-0.3588311923076904,39.538164699999996,39.51050956,,2.5000443999999997,51.0,17.0,85.01530000000001,83.8707,77.252,66.74335,33,False
demo,D16,35,1.738107,35,2495.405628,3.412706,,,2.503462,,40.057943,,,,1.743328,,,,,,,,,,0.053259,0.156919,synthetic,False,2.0,86.90535,13.094650000000001,1.2937500000000028,0.4106049999999996,0.36463000000000023,0.34825588235294114,,,,65.07669599999998,0.0,0.0,32.53834799999999,-0.328106666666663,-0.35555446153846015,39.5997928,39.541374839999996,,2.502016,51.0,16.0,84.7619,83.04395,76.17914999999999,66.45115,34,False
demo,D16,36,1.735907,35,2494.874965,3.420616,,,2.473737,,39.926377,,,,1.733478,,,,,,,,,,0.054641,0.160531,synthetic,False,2.0,86.79535,13.20465,0.10999999999999943,0.3228700000000003,0.3466319999999996,0.3414485714285714,,,,66.81017399999999,0.0,0.0,33.405086999999995,-0.30550242424242674,-0.3518804999999982,39.6782827,39.5500684,,2.4982923999999995,51.0,15.0,84.14745,82.52825,76.14104999999999,65.8429,35,False
demo,D16,37,1.712561,35,2464.518188,3.42009,,,2.480704,,39.461554,,,,1.71686,,,,,,,,,,0.053927,0.160376,synthetic,False,2.0,85.62805,14.371949999999998,1.1672999999999973,0.38865999999999873,0.37139399999999967,0.36438888888888876,,,,68.52703399999999,0.0,0.0,34.26351699999999,-0.3413933333333327,-0.3577981153846168,39.649228199999996,39.56475008,,2.4959384,51.0,14.0,84.40335,81.5729,75.3681,65.88589999999999,36,False
demo,D16,38,1.710629,35,2468.434708,3.409461,,,2.505645,,39.769586,,,,1.707867,,,,,,,,,,0.052686,0.154179,synthetic,False,2.0,85.53144999999999,14.468550000000008,0.09660000000000935,0.3626800000000003,0.36543600000000026,0.35715135135135145,,,,70.23490099999998,0.0,0.0,35.11745049999999,-0.35920303030302997,-0.35992073076923153,39.651393,39.591299479999996,,2.4967018,51.0,13.0,83.2533,81.76355,75.3849,65.1823,37,False
demo,D16,39,1.700306,35,2446.042768,3.413255,,,2.495822,,40.275209,,,,1.700244,,,,,,,,,,0.05345,0.160031,synthetic,False,2.0,85.01530000000001,14.98469999999999,0.5161499999999819,0.37101499999999843,0.37010999999999966,0.36133552631578914,,,,71.93514499999998,0.0,0.0,35.96757249999999,-0.3900584848484866,-0.3637731923076931,39.777616900000005,39.61951644,,2.4959388999999996,51.0,12.0,83.8707,81.2766,76.21095,64.6922,38,False
demo,D16,40,1.695238,35,2441.548357,3.410109,,,2.491466,,39.550965,,,,1.697059,,,,,,,,,,0.05446,0.163221,synthetic,False,2.0,84.7619,15.238100000000003,0.2534000000000134,0.4253850000000014,0.3761320000000001,0.3585679487179487,,,,73.63220399999997,0.0,0.0,36.81610199999999,-0.37041090909090557,-0.3638757307692322,39.7619937,39.62870408,,2.4947678,51.0,11.0,83.04395,80.06345,74.88645000000001,64.3226,39,False
demo,D16,41,1.682949,35,2439.777611,3.413902,,,2.49947,,39.722787,,,,1.685286,,,,,,,,,,0.052221,0.162508,synthetic,False,2.0,84.14745,15.852549999999994,0.6144499999999908,0.3802849999999992,0.3807719999999995,0.36496499999999976,,,,75.31748999999998,0.0,0.0,37.65874499999999,-0.40374696969696866,-0.36740130769230767,39.729211299999996,39.63516072,,2.4951152,51.0,10.0,82.52825,79.8811,74.03755,64.0389,40,False
demo,D16,42,1.688067,35,2423.843047,3.411995,,,2.49604,,39.846276,,,,1.683771,,,,,,,,,,0.055134,0.160148,synthetic,False,2.0,84.40335,15.596649999999997,-0.2558999999999969,0.33943500000000026,0.34526400000000024,0.34982195121951204,,,,77.00126099999997,0.0,0.0,38.500630499999986,-0.3872030303030295,-0.36756019230769293,39.780422900000005,39.64075512,,2.4944211,51.0,9.0,81.5729,80.0121,74.00670000000001,63.46505,41,False
demo,D16,43,1.665066,35,2392.998674,3.421443,,,2.490114,,39.599887,,,,1.662179,,,,,,,,,,0.052575,0.163524,synthetic,False,2.0,83.2533,16.746700000000004,1.1500500000000073,0.33025999999999983,0.3836120000000005,0.368875,,,,78.66343999999997,0.0,0.0,39.33171999999998,-0.4750321212121224,-0.37360873076923107,39.7769116,39.641547599999996,,2.4927013,51.0,8.0,81.76355,79.4663,73.38130000000001,62.4231,42,False
demo,D16,44,1.677414,35,2420.390066,3.408471,,,2.48361,,40.17468,,,,1.679465,,,,,,,,,,0.054126,0.163273,synthetic,False,2.0,83.8707,16.1293,-0.6174000000000035,0.4328400000000002,0.3286920000000004,0.3459383720930232,,,,80.34290499999996,0.0,0.0,40.17145249999998,-0.37960666666666393,-0.3741370384615394,39.8385264,39.67536284,,2.492007,51.0,7.0,81.2766,78.9521,73.43465,62.865249999999996,43,False
demo,D16,45,1.660879,35,2398.754588,3.413759,,,2.480318,,39.640515,,,,1.659657,,,,,,,,,,0.053398,0.16571,synthetic,False,2.0,83.04395,16.956050000000005,0.8267500000000041,0.3861400000000003,0.36322400000000016,0.35686590909090915,,,,82.00256199999995,0.0,0.0,41.00128099999998,-0.36306121212121384,-0.3756103846153839,39.7967836,39.66870356,,2.4896926,51.0,6.0,80.06345,79.03065000000001,72.57605000000001,62.14615,44,False
demo,D16,46,1.650565,35,2379.77178,3.412859,,,2.507388,,39.426893,,,,1.645952,,,,,,,,,,0.053443,0.162053,synthetic,False,2.0,82.52825,17.47175,0.5156999999999954,0.4267099999999999,0.3713959999999997,0.36039555555555547,,,,83.64851399999995,0.0,0.0,41.824256999999974,-0.3351733333333357,-0.37797296153846127,39.7468352,39.65853384,,2.4930577,51.0,5.0,79.8811,78.04100000000001,71.31115,61.8869,45,False
demo,D16,47,1.631458,35,2362.049373,3.406067,,,2.495775,,39.671567,,,,1.631227,,,,,,,,,,0.052383,0.167363,synthetic,False,2.0,81.5729,18.427099999999996,0.9553499999999957,0.40551499999999974,0.416558,0.3733293478260868,,,,85.27974099999994,0.0,0.0,42.63987049999997,-0.385493030303036,-0.3802749230769228,39.7678365,39.66551244,,2.4945648,51.0,4.0,80.0121,77.7679,72.0588,61.13025,46,False
demo,D16,48,1.635271,35,2357.032938,3.404557,,,2.509695,,39.960348,,,,1.634882,,,,,,,,,,0.054555,0.161317,synthetic,False,2.0,81.76355,18.236450000000005,-0.19064999999999088,0.37678999999999974,0.38862400000000036,0.3613297872340426,,,,86.91462299999995,0.0,0.0,43.457311499999975,-0.3827003030302993,-0.37788330769230744,39.7869127,39.68391716,,2.4949698000000002,51.0,3.0,79.4663,77.30799999999999,71.23925,60.27395,47,False
demo,D16,49,1.625532,35,2326.888993,3.403571,,,2.495673,,39.612159,,,,1.626107,,,,,,,,,,0.052456,0.163469,synthetic,False,2.0,81.2766,18.723399999999998,0.4869499999999931,0.37387000000000087,0.364674,0.3639468749999999,,,,88.54072999999995,0.0,0.0,44.27036499999998,-0.39520696969696817,-0.38337007692307773,39.7206077,39.68313572,,2.4949549,51.0,2.0,78.9521,77.252,71.47909999999999,59.70755,48,False
demo,D16,50,1.601269,35,2306.498717,3.400199,,,2.50355,,39.923646,,,,1.602964,,,,,,,,,,0.052545,0.171046,synthetic,False,2.0,80.06345,19.936549999999997,1.2131499999999988,0.4698449999999994,0.43791799999999964,0.38127755102040806,,,,90.14369399999995,0.0,0.0,45.07184699999998,-0.4454612121212167,-0.3868626923076932,39.7578758,39.70241508,,2.4961633,51.0,1.0,79.03065000000001,76.17914999999999,70.6489,59.67654999999999,49,False
demo,D16,51,1.597622,35,2296.634643,3.404236,,,2.498746,,39.994205,,,,1.59911,,,,,,,,,,0.055183,0.163023,synthetic,False,2.0,79.8811,20.118899999999996,0.18234999999999957,0.42663500000000026,0.40571799999999997,0.3772989999999999,,,,91.74280399999995,0.0,0.0,45.871401999999975,-0.4896742424242428,-0.39349053846153914,39.785017599999996,39.73652416,,2.4960909,51.0,0.0,78.04100000000001,76.14104999999999,69.70524999999999,59.68305,50,False
demo,D16,52,1.600242,35,2313.914141,3.39654,,,2.500444,,39.547404,,,,1.597783,,,,,,,,,,0.055787,0.164014,synthetic,False,2.0,80.0121,19.987899999999996,-0.13100000000000023,0.43912499999999993,0.3801019999999994,0.3639609999999999,,,,93.34058699999996,0.0,0.0,46.67029349999998,-0.45796848484848757,-0.3962008846153853,39.7551304,39.72833636,,2.4965313,51.0,,77.7679,75.3681,69.73885,60.6412,51,False
demo,D16,53,1.589326,35,2295.25284,3.398022,,,2.50093,,39.725085,,,,1.58802,,,,,,,,,,0.053439,0.162668,synthetic,False,2.0,79.4663,20.533699999999996,0.5457999999999998,0.3786999999999992,0.38767799999999963,0.3922319999999999,,,,94.92860699999996,0.0,0.0,47.46430349999998,-0.47947636363636775,-0.40020373076923127,39.767650200000006,39.72742224,,2.4976129,51.0,,77.30799999999999,75.3849,69.45995,58.7526,52,False
demo,D16,54,1.579042,35,2262.975952,3.396251,,,2.495543,,39.96868,,,,1.581972,,,,,,,,,,0.055213,0.164357,synthetic,False,2.0,78.9521,21.0479,0.5142000000000024,0.4918599999999998,0.3909339999999997,0.37434100000000003,,,,96.51057899999995,0.0,0.0,48.255289499999975,-0.44196848484848167,-0.40582569230769255,39.747050200000004,39.76565064,,2.4988061999999998,51.0,,77.252,76.21095,68.99125000000001,57.91245000000001,53,False
demo,D16,55,1.580613,35,2285.302856,3.390672,,,2.487704,,40.054684,,,,1.578896,,,,,,,,,,0.05499,0.167191,synthetic,False,2.0,79.03065000000001,20.96934999999999,-0.078550000000007,0.4013299999999987,0.3994040000000001,0.3703199999999998,,,,98.08947499999995,0.0,0.0,49.044737499999975,-0.3956733333333317,-0.4003016153846157,39.788467100000005,39.779550119999996,,2.4995448,51.0,,76.17914999999999,74.88645000000001,68.28415,57.5584,54,False
demo,D16,56,1.56082,35,2253.914061,3.398538,,,2.507661,,39.774075,,,,1.559586,,,,,,,,,,0.0543,0.169687,synthetic,False,2.0,78.04100000000001,21.95899999999999,0.9896499999999975,0.4487249999999989,0.3963719999999995,0.38193299999999963,,,,99.64906099999995,0.0,0.0,49.82453049999997,-0.3890930303030289,-0.40688642307692335,39.8231853,39.76848868,,2.4995721,51.0,,76.14104999999999,74.03755,68.3425,57.76675,55,False
demo,D16,57,1.555358,35,2237.535828,3.398671,,,2.515935,,39.954906,,,,1.550679,,,,,,,,,,0.055782,0.16773,synthetic,False,2.0,77.7679,22.232100000000003,0.27310000000001367,0.38050000000000067,0.4011920000000003,0.3838,,,,101.19973999999995,0.0,0.0,50.599869999999974,-0.4067081818181791,-0.40989561538461444,39.8515192,39.79331852,,2.5015881,51.0,,75.3681,74.00670000000001,67.32605000000001,56.5295,56,False
demo,D16,58,1.54616,35,2225.94596,3.390733,,,2.516592,,39.859776,,,,1.546071,,,,,,,,,,0.054375,0.16718,synthetic,False,2.0,77.30799999999999,22.692000000000007,0.45990000000000464,0.44555500000000026,0.3699160000000001,0.3917040000000003,,,,102.74581099999995,0.0,0.0,51.37290549999997,-0.3905775757575773,-0.42185280769230876,39.841462,39.80230956,,2.5022778,51.0,,75.3849,73.38130000000001,68.28144999999999,58.064499999999995,57,False
demo,D16,59,1.54504,35,2234.149278,3.39725,,,2.494467,,40.114403,,,,1.546107,,,,,,,,,,0.055067,0.16447,synthetic,False,2.0,77.252,22.748000000000005,0.055999999999997385,0.40246000000000065,0.4378840000000002,0.37847999999999987,,,,104.29191799999995,0.0,0.0,52.145958999999976,-0.35595818181818545,-0.41078115384615443,39.8916864,39.8245444,,2.5021572,51.0,,76.21095,73.43465,66.74335,56.6122,58,False
demo,D16,60,1.523583,35,2180.983958,3.384113,,,2.492668,,40.094478,,,,1.517564,,,,,,,,,,0.05351,0.166875,synthetic,False,2.0,76.17914999999999,23.820850000000007,1.0728500000000025,0.38843000000000105,0.4290480000000002,0.3968390000000002,,,,105.80948199999995,0.0,0.0,52.90474099999997,-0.4119515151515153,-0.4141293846153838,39.9087696,39.826005800000004,,2.501069,51.0,,74.88645000000001,72.57605000000001,66.45115,56.25215,59,False
demo,D16,61,1.522821,35,2195.7919,3.390448,,,2.494457,,39.872398,,,,1.519561,,,,,,,,,,0.053561,0.164449,synthetic,False,2.0,76.14104999999999,23.858950000000007,0.03810000000000002,0.3740050000000011,0.4261720000000003,0.3864019999999999,,,,107.32904299999994,0.0,0.0,53.66452149999997,-0.43509727272727355,-0.4106783846153867,39.8965889,39.82384664,,2.5006400999999996,51.0,,74.03755,71.31115,65.8429,55.28775,60,False
demo,D16,62,1.507362,35,2177.720836,3.387915,,,2.498242,,40.108568,,,,1.503076,,,,,,,,,,0.056095,0.171915,synthetic,False,2.0,75.3681,24.6319,0.7729499999999945,0.46440000000000053,0.41039800000000015,0.3908959999999999,,,,108.83211899999995,0.0,0.0,54.416059499999974,-0.44633666666666333,-0.41783969230769336,39.9527053,39.8497272,,2.5004199,51.0,,74.00670000000001,72.0588,65.88589999999999,54.6322,61,False
demo,D16,63,1.507698,35,2170.506708,3.388813,,,2.499475,,39.885304,,,,1.510075,,,,,,,,,,0.055474,0.17211,synthetic,False,2.0,75.3849,24.615099999999998,-0.01680000000000348,0.4081400000000002,0.4058619999999996,0.38564899999999996,,,,110.34219399999995,0.0,0.0,55.171096999999975,-0.4367554545454544,-0.4179196538461557,39.968727200000004,39.85435592,,2.5002744,51.0,,73.38130000000001,71.23925,65.1823,54.4021,62,False
demo,D16,64,1.524219,35,2199.141422,3.390858,,,2.490021,,40.078012,,,,1.518389,,,,,,,,,,0.054615,0.16891,synthetic,False,2.0,76.21095,23.789050000000003,-0.8260499999999951,0.27411500000000044,0.35217400000000054,0.36114200000000013,,,,111.86058299999995,0.0,0.0,55.930291499999974,-0.36692545454545655,-0.40773099999999973,39.9796604,39.84646804,,2.4997222,51.0,,73.43465,71.47909999999999,64.6922,54.127700000000004,63,False
demo,D16,65,1.497729,35,2157.397284,3.386908,,,2.485203,,40.12123,,,,1.497493,,,,,,,,,,0.056931,0.171415,synthetic,False,2.0,74.88645000000001,25.11354999999999,1.3244999999999862,0.4144199999999998,0.3950179999999995,0.3855749999999998,,,,113.35807599999995,0.0,0.0,56.67903799999998,-0.33087818181818,-0.40552992307692354,39.986315,39.869278640000005,,2.4994721,51.0,,72.57605000000001,70.6489,64.3226,53.219249999999995,64,False
demo,D16,66,1.480751,35,2127.265381,3.383543,,,2.500499,,40.621636,,,,1.482876,,,,,,,,,,0.05709,0.173399,synthetic,False,2.0,74.03755,25.962450000000004,0.8489000000000146,0.4003450000000015,0.4043960000000004,0.39258399999999993,,,,114.84095199999996,0.0,0.0,57.42047599999998,-0.35687848484848167,-0.4097128461538464,40.0710711,39.9052326,,2.4987559,51.0,,71.31115,69.70524999999999,64.0389,52.6428,65,False
demo,D16,67,1.480134,35,2126.219769,3.384582,,,2.464696,,39.945734,,,,1.48069,,,,,,,,,,0.055638,0.171098,synthetic,False,2.0,74.00670000000001,25.99329999999999,0.03084999999998672,0.3761199999999988,0.41586599999999974,0.380565,,,,116.32164199999995,0.0,0.0,58.16082099999998,-0.3542415151515158,-0.4038446923076922,40.0701539,39.90921092,,2.493632,51.0,,72.0588,69.73885,63.46505,52.446099999999994,66,False
demo,D16,68,1.467626,35,2117.895779,3.388906,,,2.498993,,40.013243,,,,1.466335,,,,,,,,,,0.053868,0.175476,synthetic,False,2.0,73.38130000000001,26.61869999999999,0.6253999999999991,0.39266999999999824,0.39487999999999945,0.389246,,,,117.78797699999996,0.0,0.0,58.89398849999998,-0.370786969696967,-0.4072525384615393,40.0855006,39.92574516,,2.4918721,51.0,,71.23925,69.45995,62.4231,51.85705,67,False
demo,D16,69,1.468693,35,2110.88441,3.381272,,,2.490553,,39.885153,,,,1.469711,,,,,,,,,,0.055201,0.168181,synthetic,False,2.0,73.43465,26.565349999999995,-0.05334999999999468,0.38173499999999905,0.41744199999999976,0.37306700000000004,,,,119.25768799999996,0.0,0.0,59.62884399999998,-0.34055939393939305,-0.3964000769230777,40.0625756,39.91416408,,2.4914807,51.0,,71.47909999999999,68.99125000000001,62.865249999999996,52.0179,68,False
demo,D16,70,1.451521,35,2080.630736,3.390462,,,2.507802,,39.814512,,,,1.454532,,,,,,,,,,0.054652,0.170893,synthetic,False,2.0,72.57605000000001,27.42394999999999,0.8585999999999956,0.36030999999999835,0.4187159999999994,0.3909699999999998,,,,120.71221999999996,0.0,0.0,60.35610999999998,-0.38241696969696787,-0.3937129230769229,40.034578999999994,39.92112396,,2.4929940999999998,51.0,,70.6489,68.28415,62.14615,51.017,69,False
demo,D16,71,1.426223,35,2054.51568,3.375737,,,2.510476,,39.99655,,,,1.425916,,,,,,,,,,0.055827,0.171548,synthetic,False,2.0,71.31115,28.688850000000002,1.2649000000000115,0.4829899999999995,0.4486840000000001,0.4100399999999999,,,,122.13813599999996,0.0,0.0,61.06906799999998,-0.45213515151514955,-0.3998065384615383,40.0469942,39.94391024000001,,2.494596,51.0,,69.70524999999999,68.3425,61.8869,50.7863,70,False
demo,D16,72,1.441176,35,2072.099005,3.381107,,,2.510712,,40.254511,,,,1.434723,,,,,,,,,,0.054652,0.174295,synthetic,False,2.0,72.0588,27.941199999999995,-0.7476500000000073,0.33092999999999934,0.38056399999999996,0.398561,,,,123.57285899999997,0.0,0.0,61.78642949999998,-0.47405818181817494,-0.3999237307692311,40.061588500000006,39.967228,,2.495843,51.0,,69.73885,67.32605000000001,61.13025,50.6076,71,False
demo,D16,73,1.424785,35,2044.310499,3.380383,,,2.496536,,40.297187,,,,1.428056,,,,,,,,,,0.054556,0.168706,synthetic,False,2.0,71.23925,28.76075,0.8195500000000067,0.41456500000000035,0.42097199999999985,0.4047980000000001,,,,125.00091499999996,0.0,0.0,62.50045749999998,-0.49945121212120847,-0.3983809615384621,40.1027768,39.98070156,,2.4955491,51.0,,69.45995,68.28144999999999,60.27395,50.2511,72,False
demo,D16,74,1.429582,35,2059.041209,3.377531,,,2.488649,,40.179547,,,,1.430726,,,,,,,,,,0.053442,0.177161,synthetic,False,2.0,71.47909999999999,28.52090000000001,-0.2398499999999899,0.47318500000000085,0.3919000000000005,0.37828700000000026,,,,126.43164099999996,0.0,0.0,63.21582049999998,-0.40644121212121276,-0.39139807692307704,40.1129303,40.00339708,,2.4954119,51.0,,68.99125000000001,66.74335,59.70755,49.4836,73,False
demo,D16,75,1.412978,35,2039.371844,3.382152,,,2.491854,,40.056592,,,,1.412885,,,,,,,,,,0.056037,0.175166,synthetic,False,2.0,70.6489,29.351100000000002,0.8301999999999907,0.4237550000000013,0.3765820000000002,0.40724999999999995,,,,127.84452599999996,0.0,0.0,63.92226299999998,-0.38965909090909034,-0.396673538461539,40.1064665,40.00871492,,2.496077,51.0,,68.28415,66.45115,59.67654999999999,49.0896,74,False
demo,D16,76,1.394105,35,2007.631901,3.376444,,,2.502876,,40.035499,,,,1.388583,,,,,,,,,,0.05376,0.179487,synthetic,False,2.0,69.70524999999999,30.294750000000008,0.9436500000000052,0.43323000000000034,0.40703400000000045,0.4063760000000002,,,,129.23310899999996,0.0,0.0,64.61655449999998,-0.4295778787878793,-0.40524115384615306,40.0478528,40.01036668,,2.4963147,51.0,,68.3425,65.8429,59.68305,48.2219,75,False
demo,D16,77,1.394777,35,2002.054611,3.373528,,,2.483541,,39.928627,,,,1.393945,,,,,,,,,,0.055732,0.174087,synthetic,False,2.0,69.73885,30.26115,-0.03360000000000696,0.42678500000000097,0.4109300000000002,0.3955159999999998,,,,130.62705399999996,0.0,0.0,65.31352699999998,-0.4172078787878751,-0.404361038461539,40.0461421,40.0256156,,2.4981992,51.0,,67.32605000000001,65.88589999999999,60.6412,48.386,76,False
demo,D16,78,1.389199,35,2003.338015,3.379135,,,2.513935,,40.02698,,,,1.386767,,,,,,,,,,0.056802,0.172781,synthetic,False,2.0,69.45995,30.540049999999994,0.27889999999999304,0.3921350000000004,0.4002539999999999,0.39396599999999976,,,,132.01382099999995,0.0,0.0,66.00691049999998,-0.41001242424242484,-0.4036108846153855,40.0475158,40.0376914,,2.4996934,51.0,,68.28144999999999,65.1823,58.7526,48.00965,77,False
demo,D16,79,1.379825,35,1993.119001,3.368416,,,2.496694,,39.85648,,,,1.376469,,,,,,,,,,0.05548,0.176778,synthetic,False,2.0,68.99125000000001,31.008749999999992,0.46869999999999834,0.4443399999999997,0.39843399999999973,0.39468399999999976,,,,133.39028999999994,0.0,0.0,66.69514499999997,-0.3772942424242433,-0.4046320000000005,40.0446485,40.033203400000005,,2.5003075000000003,51.0,,66.74335,64.6922,57.91245000000001,46.62035,78,False
demo,D16,80,1.365683,35,1979.639591,3.368448,,,2.505002,,40.54094,,,,1.36531,,,,,,,,,,0.055258,0.178464,synthetic,False,2.0,68.28415,31.715850000000003,0.7071000000000112,0.42919000000000124,0.42986000000000046,0.4146320000000003,,,,134.75559999999993,0.0,0.0,67.37779999999997,-0.3865257575757643,-0.40373250000000027,40.1172913,40.052653639999996,,2.5000275,51.0,,66.45115,64.3226,57.5584,47.26065,79,False
demo,D16,81,1.36685,35,1976.777449,3.373107,,,2.482186,,40.659013,,,,1.365385,,,,,,,,,,0.056264,0.173183,synthetic,False,2.0,68.3425,31.6575,-0.05835000000000434,0.29686499999999966,0.3879400000000004,0.39215599999999995,,,,136.12098499999993,0.0,0.0,68.06049249999997,-0.42487818181817993,-0.40392434615384665,40.1835376,40.08805116,,2.4971985,51.0,,65.8429,64.0389,57.76675,46.0713,80,False
demo,D16,82,1.346521,35,1933.142732,3.371521,,,2.49074,,39.746252,,,,1.345255,,,,,,,,,,0.055706,0.170146,synthetic,False,2.0,67.32605000000001,32.67394999999999,1.0164499999999919,0.47327499999999956,0.41767399999999955,0.40943299999999994,,,,137.46623999999994,0.0,0.0,68.73311999999997,-0.4328463636363609,-0.40876942307692277,40.1327117,40.079705,,2.4952013,51.0,,65.88589999999999,63.46505,56.5295,46.009,81,False
demo,D16,83,1.365629,35,1971.56775,3.371994,,,2.480943,,40.273873,,,,1.367649,,,,,,,,,,0.056529,0.169896,synthetic,False,2.0,68.28144999999999,31.718550000000008,-0.9553999999999832,0.2957800000000006,0.361062,0.365489,,,,138.83388899999994,0.0,0.0,69.41694449999997,-0.3859718181818139,-0.40136223076923117,40.1303803,40.096268880000004,,2.4936420000000004,51.0,,65.1823,62.4231,58.064499999999995,45.40245,82,False
demo,D16,84,1.334867,35,1923.687049,3.36635,,,2.510212,,40.315873,,,,1.335549,,,,,,,,,,0.055619,0.177389,synthetic,False,2.0,66.74335,33.25664999999999,1.5380999999999858,0.4735749999999982,0.42034599999999955,0.4291149999999999,,,,140.16943799999993,0.0,0.0,70.08471899999996,-0.37115151515151507,-0.4017693846153858,40.1440129,40.10432768,,2.4957982999999997,51.0,,64.6922,62.865249999999996,56.6122,44.909,83,False
demo,D16,85,1.329023,35,1907.1789,3.365122,,,2.498398,,40.308667,,,,1.327706,,,,,,,,,,0.056605,0.18146,synthetic,False,2.0,66.45115,33.54885,0.29220000000000823,0.4197749999999999,0.3891199999999998,0.409084,,,,141.49714399999993,0.0,0.0,70.74857199999997,-0.37021303030302455,-0.40751869230769255,40.1692204,40.11289524,,2.4964527,51.0,,64.3226,62.14615,56.25215,44.4125,84,False
demo,D16,86,1.316858,35,1897.889784,3.369133,,,2.505713,,40.126527,,,,1.315219,,,,,,,,,,0.056485,0.173423,synthetic,False,2.0,65.8429,34.1571,0.6082499999999982,0.3862349999999992,0.4119259999999997,0.419049,,,,142.81236299999995,0.0,0.0,71.40618149999997,-0.4144799999999981,-0.4117805384615402,40.1783232,40.1230604,,2.4967364000000005,51.0,,64.0389,61.8869,55.28775,43.7235,85,False
demo,D16,87,1.317718,35,1908.436085,3.365676,,,2.500634,,40.529051,,,,1.316519,,,,,,,,,,0.056811,0.176474,synthetic,False,2.0,65.88589999999999,34.11410000000001,-0.042999999999992156,0.3852950000000007,0.37928800000000024,0.39484300000000017,,,,144.12888199999995,0.0,0.0,72.06444099999997,-0.4073451515151559,-0.4154533076923071,40.2383656,40.139879719999996,,2.4984457,51.0,,63.46505,61.13025,54.6322,43.7246,86,False
demo,D16,88,1.303646,35,1883.98556,3.359467,,,2.504685,,40.39715,,,,1.303001,,,,,,,,,,0.058599,0.176809,synthetic,False,2.0,65.1823,34.8177,0.7035999999999945,0.42776500000000084,0.40810400000000013,0.4069829999999999,,,,145.43188299999994,0.0,0.0,72.71594149999997,-0.41047939393939314,-0.4181588461538462,40.2753826,40.16035356,,2.4975207,51.0,,62.4231,60.27395,54.4021,43.02725,87,False
demo,D16,89,1.293844,35,1857.470136,3.358011,,,2.496626,,40.567765,,,,1.295355,,,,,,,,,,0.057261,0.184008,synthetic,False,2.0,64.6922,35.3078,0.4900999999999982,0.4299050000000008,0.4607499999999999,0.4064620000000002,,,,146.72723799999994,0.0,0.0,73.36361899999997,-0.41974272727272854,-0.40927973076923124,40.3465111,40.17994368,,2.4975139,51.0,,62.865249999999996,59.70755,54.127700000000004,42.26525,88,False
demo,D16,90,1.286452,35,1852.567491,3.36686,,,2.497965,,40.135944,,,,1.28377,,,,,,,,,,0.05764,0.185318,synthetic,False,2.0,64.3226,35.677400000000006,0.3696000000000055,0.39615500000000026,0.42255400000000065,0.40878600000000004,,,,148.01100799999995,0.0,0.0,74.00550399999997,-0.4441963636363606,-0.40819673076923096,40.3060115,40.18053224,,2.4968102,51.0,,62.14615,59.67654999999999,53.219249999999995,41.892,89,False
demo,D16,91,1.280778,35,1847.040212,3.357222,,,2.499083,,39.983038,,,,1.284514,,,,,,,,,,0.056567,0.180042,synthetic,False,2.0,64.0389,35.9611,0.28369999999999607,0.4303600000000003,0.3999459999999999,0.40217100000000017,,,,149.29552199999995,0.0,0.0,74.64776099999997,-0.4322157575757566,-0.4100954615384631,40.238414,40.15498832,,2.4984998999999997,51.0,,61.8869,59.68305,52.6428,41.358650000000004,90,False
demo,D16,92,1.269301,35,1818.307103,3.359753,,,2.504056,,40.454776,,,,1.270785,,,,,,,,,,0.05753,0.181922,synthetic,False,2.0,63.46505,36.53495,0.5738500000000002,0.3861000000000011,0.42166600000000043,0.4187660000000001,,,,150.56630699999994,0.0,0.0,75.28315349999997,-0.46713454545454824,-0.40990850000000034,40.3092664,40.17535,,2.4998315,51.0,,61.13025,60.6412,52.446099999999994,41.1323,91,False
demo,D16,93,1.248462,35,1788.640524,3.361461,,,2.504321,,40.136572,,,,1.241625,,,,,,,,,,0.057241,0.182672,synthetic,False,2.0,62.4231,37.5769,1.04195,0.5858349999999994,0.4383280000000005,0.416604,,,,151.80793199999994,0.0,0.0,75.90396599999997,-0.4483936363636389,-0.41748457692307706,40.2955363,40.18028316,,2.5021693,51.0,,60.27395,58.7526,51.85705,40.9779,92,False
demo,D16,94,1.257305,35,1811.359743,3.359332,,,2.528114,,40.627692,,,,1.25752,,,,,,,,,,0.057457,0.175867,synthetic,False,2.0,62.865249999999996,37.134750000000004,-0.44214999999999804,0.38781000000000104,0.4227760000000004,0.42010900000000007,,,,153.06545199999994,0.0,0.0,76.53272599999997,-0.43706515151515635,-0.41201638461538437,40.3267182,40.20998472,,2.5039595,51.0,,59.70755,57.91245000000001,52.0179,40.16115,93,False
demo,D16,95,1.242923,35,1790.709909,3.352335,,,2.516816,,39.85396,,,,1.24551,,,,,,,,,,0.05822,0.182379,synthetic,False,2.0,62.14615,37.85385,0.7190999999999974,0.4305,0.4171960000000004,0.41795599999999994,,,,154.31096199999993,0.0,0.0,77.15548099999997,-0.43743303030303005,-0.41364173076923094,40.2812475,40.211562640000004,,2.5058013,51.0,,59.67654999999999,57.5584,51.017,40.2087,94,False
demo,D16,96,1.237738,35,1772.511053,3.350655,,,2.482212,,40.276257,,,,1.238701,,,,,,,,,,0.057122,0.177432,synthetic,False,2.0,61.8869,38.1131,0.25925000000000153,0.3956000000000003,0.37697,0.41282700000000006,,,,155.54966299999992,0.0,0.0,77.77483149999996,-0.44031000000000015,-0.422286153846154,40.2962205,40.222750919999996,,2.5034511999999998,51.0,,59.68305,57.76675,50.7863,39.42125,95,False
demo,D16,97,1.222605,35,1762.600009,3.360305,,,2.498569,,40.262112,,,,1.221597,,,,,,,,,,0.057376,0.180581,synthetic,False,2.0,61.13025,38.86975,0.7566500000000005,0.47556499999999957,0.43714200000000036,0.40885300000000013,,,,156.77125999999993,0.0,0.0,78.38562999999996,-0.43364060606060667,-0.4231891153846159,40.2695266,40.22305496,,2.5032447,51.0,,60.6412,56.5295,50.6076,38.9106,96,False
demo,D16,98,1.205479,35,1741.549588,3.34652,,,2.495941,,40.358688,,,,1.205331,,,,,,,,,,0.057459,0.1852,synthetic,False,2.0,60.27395,39.72605,0.8562999999999974,0.49083499999999985,0.43861199999999995,0.4297919999999999,,,,157.97659099999993,0.0,0.0,78.98829549999996,-0.4629409090909058,-0.4317853076923073,40.2656804,40.225515,,2.5023703,51.0,,58.7526,58.064499999999995,50.2511,38.542300000000004,97,False
demo,D16,99,1.194151,35,1718.451239,3.347056,,,2.512801,,40.524048,,,,1.194577,,,,,,,,,,0.057553,0.182477,synthetic,False,2.0,59.70755,40.29245,0.5664000000000016,0.4984650000000002,0.4708619999999996,0.43138100000000007,,,,159.17116799999994,0.0,0.0,79.58558399999997,-0.4963139393939374,-0.4347764615384627,40.2613087,40.23929504,,2.5039878,51.0,,57.91245000000001,56.6122,49.4836,38.49505,98,False
demo,D16,100,1.193531,35,1718.993225,3.350681,,,2.496843,,40.558762,,,,1.195368,,,,,,,,,,0.058238,0.185566,synthetic,False,2.0,59.67654999999999,40.32345000000001,0.03100000000000591,0.46460500000000027,0.43889400000000023,0.4077380000000002,,,,160.36653599999994,0.0,0.0,80.18326799999997,-0.4955978787878769,-0.4373007307692311,40.3035905,40.25938184,,2.5038755999999998,51.0,,57.5584,56.25215,49.0896,37.2038,99,False
demo,D16,101,1.193661,35,1721.818884,3.348332,,,2.504643,,40.619442,,,,1.190283,,,,,,,,,,0.057699,0.186151,synthetic,False,2.0,59.68305,40.31695,-0.00650000000000972,0.43558499999999967,0.40088799999999963,0.403961,,,,161.55681899999993,0.0,0.0,80.77840949999997,-0.45712484848484936,-0.4407612307692309,40.367230899999996,40.28273956,,2.5044316,51.0,,57.76675,55.28775,48.2219,37.6502,100,False
demo,D16,102,1.212824,35,1748.76677,3.353898,,,2.476629,,40.619511,,,,1.211356,,,,,,,,,,0.05937,0.176216,synthetic,False,2.0,60.6412,39.3588,-0.9581499999999963,0.282385,0.36390600000000006,0.3874180000000001,,,,162.76817499999993,0.0,0.0,81.38408749999996,-0.35184757575757475,-0.42733188461538524,40.3837044,40.31037492,,2.5016889000000004,51.0,,56.5295,54.6322,48.386,36.97885,101,False
demo,D16,103,1.175052,35,1683.604572,3.34101,,,2.484864,,40.444541,,,,1.178903,,,,,,,,,,0.060929,0.176465,synthetic,False,2.0,58.7526,41.2474,1.8885999999999967,0.3670499999999997,0.42829400000000023,0.41427400000000003,,,,163.94707799999992,0.0,0.0,81.97353899999996,-0.384819696969698,-0.4271265769230768,40.4145013,40.327077360000004,,2.4997432,51.0,,58.064499999999995,54.4021,48.00965,36.2213,102,False
demo,D16,104,1.158249,35,1663.349995,3.34394,,,2.520923,,41.039802,,,,1.158326,,,,,,,,,,0.05785,0.187156,synthetic,False,2.0,57.91245000000001,42.08754999999999,0.8401499999999942,0.49527999999999894,0.44315200000000005,0.4207929999999999,,,,165.1054039999999,0.0,0.0,82.55270199999995,-0.38965060606060486,-0.431127076923076,40.4557123,40.37441024,,2.4990240999999997,51.0,,56.6122,54.127700000000004,46.62035,36.119099999999996,103,False
demo,D16,105,1.151168,35,1655.712954,3.346607,,,2.500502,,40.870021,,,,1.154685,,,,,,,,,,0.058782,0.187561,synthetic,False,2.0,57.5584,42.4416,0.35405000000000797,0.458775,0.4290299999999999,0.4294450000000002,,,,166.2600889999999,0.0,0.0,83.13004449999995,-0.40169939393939397,-0.43694457692307676,40.5573184,40.38757348,,2.4973927,51.0,,56.25215,53.219249999999995,47.26065,35.203250000000004,104,False
demo,D16,106,1.155335,35,1659.385369,3.347141,,,2.490015,,40.439001,,,,1.162233,,,,,,,,,,0.059485,0.184556,synthetic,False,2.0,57.76675,42.23325,-0.20835000000000292,0.4120149999999995,0.42302999999999996,0.4054850000000002,,,,167.4223219999999,0.0,0.0,83.71116099999995,-0.3640578787878773,-0.43200476923076964,40.5735928,40.378773,,2.498173,51.0,,55.28775,52.6428,46.0713,34.921,105,False
demo,D16,107,1.13059,35,1635.214671,3.339034,,,2.502429,,40.519896,,,,1.129478,,,,,,,,,,0.058428,0.185953,synthetic,False,2.0,56.5295,43.4705,1.237250000000003,0.4600749999999998,0.4318620000000004,0.424768,,,,168.5517999999999,0.0,0.0,84.27589999999995,-0.3944048484848481,-0.44051503846153883,40.5993712,40.409718760000004,,2.4985589999999998,51.0,,54.6322,52.446099999999994,46.009,34.20755,106,False
demo,D16,108,1.16129,35,1675.440956,3.341074,,,2.489469,,40.424803,,,,1.158509,,,,,,,,,,0.057393,0.186228,synthetic,False,2.0,58.064499999999995,41.935500000000005,-1.5349999999999966,0.2209450000000004,0.4086779999999999,0.38486999999999993,,,,169.7103089999999,0.0,0.0,84.85515449999995,-0.34234454545453996,-0.41699703846153807,40.6059827,40.41575596,,2.4979118,51.0,,54.4021,51.85705,45.40245,34.19405,107,False
demo,D16,109,1.132244,35,1625.002818,3.342385,,,2.497166,,40.642459,,,,1.131642,,,,,,,,,,0.060416,0.187333,synthetic,False,2.0,56.6122,43.3878,1.452299999999994,0.3095349999999996,0.4052460000000002,0.4127959999999999,,,,170.8419509999999,0.0,0.0,85.42097549999995,-0.38047939393938995,-0.4144066923076933,40.617823800000004,40.4288194,,2.4963482999999997,51.0,,54.127700000000004,52.0179,44.909,33.225500000000004,108,False
demo,D16,110,1.125043,35,1619.02085,3.335381,,,2.485474,,40.31945,,,,1.127516,,,,,,,,,,0.059436,0.184086,synthetic,False,2.0,56.25215,43.74785,0.3600500000000011,0.34243999999999913,0.40795999999999993,0.39853999999999984,,,,171.9694669999999,0.0,0.0,85.98473349999995,-0.40280060606060125,-0.41026869230769225,40.5938926,40.429250720000006,,2.4952114,51.0,,53.219249999999995,51.017,44.4125,32.95525,109,False
demo,D16,111,1.105755,35,1597.686498,3.343356,,,2.492113,,40.393984,,,,1.108495,,,,,,,,,,0.059261,0.188637,synthetic,False,2.0,55.28775,44.71225,0.9643999999999977,0.43952999999999987,0.4222059999999999,0.4170659999999998,,,,173.0779619999999,0.0,0.0,86.53898099999995,-0.4357842424242424,-0.4132699615384611,40.5713468,40.439949,,2.4939583999999995,51.0,,52.6428,50.7863,43.7235,32.706849999999996,110,False
demo,D16,112,1.092644,35,1570.357565,3.33721,,,2.495837,,40.069192,,,,1.097609,,,,,,,,,,0.060524,0.185255,synthetic,False,2.0,54.6322,45.3678,0.6555500000000052,0.6009,0.45014799999999977,0.41471800000000003,,,,174.1755709999999,0.0,0.0,87.08778549999995,-0.3873721212121217,-0.41377311538461564,40.516314900000005,40.42155464,,2.4958792,51.0,,52.446099999999994,50.6076,43.7246,32.3494,111,False
demo,D16,113,1.088042,35,1570.783843,3.333218,,,2.511207,,40.518271,,,,1.087962,,,,,,,,,,0.05989,0.187209,synthetic,False,2.0,54.4021,45.5979,0.2301000000000002,0.4350500000000004,0.43120800000000004,0.4196560000000001,,,,175.2635329999999,0.0,0.0,87.63176649999996,-0.40458121212121323,-0.414779576923077,40.5236879,40.42639948000001,,2.4985135,51.0,,51.85705,50.2511,43.02725,31.3199,112,False
demo,D16,114,1.082554,35,1565.346975,3.331101,,,2.50464,,40.892358,,,,1.083611,,,,,,,,,,0.059127,0.187298,synthetic,False,2.0,54.127700000000004,45.872299999999996,0.27439999999999287,0.37847500000000023,0.4225799999999998,0.44166499999999986,,,,176.3471439999999,0.0,0.0,88.17357199999995,-0.4400342424242397,-0.41492749999999995,40.5089435,40.4393832,,2.4968852000000004,51.0,,52.0179,49.4836,42.26525,31.32295,113,False
demo,D16,115,1.064385,35,1538.30576,3.330516,,,2.506385,,40.615398,,,,1.062869,,,,,,,,,,0.05838,0.184846,synthetic,False,2.0,53.219249999999995,46.780750000000005,0.9084500000000091,0.4339150000000004,0.444134,0.4333440000000003,,,,177.4100129999999,0.0,0.0,88.70500649999995,-0.5027666666666677,-0.4190305769230766,40.4834812,40.458561360000004,,2.4974735,51.0,,51.017,49.0896,41.892,30.3326,114,False
demo,D16,116,1.052856,35,1516.933362,3.325359,,,2.499742,,40.646675,,,,1.047577,,,,,,,,,,0.058978,0.185657,synthetic,False,2.0,52.6428,47.3572,0.5764499999999941,0.512395,0.45584399999999986,0.4278949999999999,,,,178.4575899999999,0.0,0.0,89.22879499999995,-0.5304560606060608,-0.42275069230769163,40.504248600000004,40.48510684,,2.4984462,51.0,,50.7863,48.2219,41.358650000000004,29.5117,115,False
demo,D16,117,1.048922,35,1516.116054,3.333094,,,2.508228,,40.746157,,,,1.048839,,,,,,,,,,0.060716,0.194745,synthetic,False,2.0,52.446099999999994,47.553900000000006,0.19670000000000698,0.4083400000000005,0.44075800000000015,0.4312120000000003,,,,179.50642899999988,0.0,0.0,89.75321449999994,-0.589249393939397,-0.4252587692307695,40.5268747,40.49676208,,2.4990261,51.0,,50.6076,48.386,41.1323,29.46145,116,False
demo,D16,118,1.037141,35,1491.143588,3.326431,,,2.491265,,40.443729,,,,1.034748,,,,,,,,,,0.060311,0.185839,synthetic,False,2.0,51.85705,48.14295,0.5890499999999932,0.6207449999999994,0.4226419999999999,0.4304850000000002,,,,180.5411769999999,0.0,0.0,90.27058849999995,-0.5283436363636368,-0.43514761538461455,40.528767300000005,40.50904836,,2.4992057,51.0,,50.2511,48.00965,40.9779,29.464800000000004,117,False
demo,D16,119,1.040358,35,1509.288168,3.331643,,,2.492673,,40.695784,,,,1.041697,,,,,,,,,,0.05941,0.189496,synthetic,False,2.0,52.0179,47.9821,-0.16084999999999638,0.4594300000000004,0.43389399999999995,0.42833500000000013,,,,181.5828739999999,0.0,0.0,90.79143699999995,-0.48024242424243,-0.431002461538461,40.5340998,40.511772040000004,,2.4987564000000004,51.0,,49.4836,46.62035,40.16115,28.73865,118,False
demo,D16,120,1.02034,35,1470.35108,3.329693,,,2.504076,,40.942073,,,,1.016501,,,,,,,,,,0.061563,0.190926,synthetic,False,2.0,51.017,48.983,1.0008999999999943,0.5235149999999997,0.44516599999999984,0.43118100000000015,,,,182.5993749999999,0.0,0.0,91.29968749999995,-0.455050606060603,-0.4349432692307701,40.59636210000001,40.55529656,,2.5006166,51.0,,49.0896,47.26065,40.2087,28.1092,119,False
demo,D16,121,1.015726,35,1467.677339,3.33083,,,2.497209,,40.803052,,,,1.014224,,,,,,,,,,0.059686,0.189208,synthetic,False,2.0,50.7863,49.2137,0.2307000000000059,0.4501450000000006,0.444024,0.410497,,,,183.6135989999999,0.0,0.0,91.80679949999995,-0.44327939393939547,-0.43504523076922996,40.637268899999995,40.576368360000004,,2.5011262,51.0,,48.2219,46.0713,39.42125,,120,False
demo,D16,122,1.012152,35,1455.915737,3.327526,,,2.499862,,40.976313,,,,1.012694,,,,,,,,,,0.060866,0.191528,synthetic,False,2.0,50.6076,49.3924,0.1786999999999992,0.40245999999999993,0.42090599999999995,0.4290240000000001,,,,184.62629299999992,0.0,0.0,92.31314649999996,-0.4303957575757565,-0.43582430769230746,40.727981,40.6049364,,2.5015287,51.0,,48.386,46.009,38.9106,,121,False
demo,D16,123,1.005022,35,1449.400212,3.330129,,,2.498359,,41.0585,,,,1.005771,,,,,,,,,,0.06017,0.190786,synthetic,False,2.0,50.2511,49.7489,0.35649999999999693,0.41509999999999964,0.40091399999999994,0.41976299999999994,,,,185.63206399999993,0.0,0.0,92.81603199999996,-0.4035145454545479,-0.44036280769230723,40.7820039,40.63292888,,2.5002439,51.0,,48.00965,45.40245,38.542300000000004,,122,False
demo,D16,124,0.989672,35,1427.4512,3.329253,,,2.512535,,40.931139,,,,0.989578,,,,,,,,,,0.062036,0.187802,synthetic,False,2.0,49.4836,50.5164,0.7674999999999983,0.46441000000000016,0.4089579999999998,0.4399099999999997,,,,186.62164199999992,0.0,0.0,93.31082099999996,-0.38647515151515105,-0.44994003846153713,40.785882,40.64921252,,2.5010334,51.0,,46.62035,44.909,38.49505,,123,False
demo,D16,125,0.981792,35,1409.840996,3.323757,,,2.513056,,40.59897,,,,0.985459,,,,,,,,,,0.060935,0.192339,synthetic,False,2.0,49.0896,50.9104,0.39400000000000546,0.4129649999999998,0.4234779999999998,0.431186,,,,187.60710099999991,0.0,0.0,93.80355049999996,-0.39519787878787715,-0.4555996153846169,40.7842392,40.65082084,,2.5017005,51.0,,47.26065,44.4125,37.2038,,124,False
demo,D16,126,0.964438,35,1384.797404,3.321829,,,2.493738,,40.717309,,,,0.967465,,,,,,,,,,0.060402,0.189788,synthetic,False,2.0,48.2219,51.7781,0.8676999999999992,0.4420900000000003,0.45844600000000013,0.4296669999999999,,,,188.57456599999992,0.0,0.0,94.28728299999996,-0.4396233333333326,-0.4610599230769224,40.7913026,40.65473552,,2.5011001,51.0,,46.0713,43.7235,37.6502,,125,False
demo,D16,127,0.96772,35,1392.661817,3.318735,,,2.482401,,41.281292,,,,0.966395,,,,,,,,,,0.060144,0.196513,synthetic,False,2.0,48.386,51.614,-0.1641000000000048,0.40600999999999915,0.4902079999999998,0.4270569999999999,,,,189.54096099999992,0.0,0.0,94.77048049999996,-0.43462454545454243,-0.4466076923076929,40.8448161,40.68120676,,2.4985174,51.0,,46.009,43.7246,36.97885,,126,False
demo,D16,128,0.960193,35,1387.262324,3.316074,,,2.492885,,40.888253,,,,0.963283,,,,,,,,,,0.060383,0.19288,synthetic,False,2.0,48.00965,51.99035,0.3763500000000022,0.38474,0.42971800000000004,0.4290060000000001,,,,190.50424399999991,0.0,0.0,95.25212199999996,-0.4402106060606025,-0.44508838461538464,40.8892685,40.698955240000004,,2.4986794,51.0,,45.40245,43.02725,36.2213,,127,False
demo,D16,129,0.932407,35,1335.28959,3.321679,,,2.49103,,40.896628,,,,0.935694,,,,,,,,,,0.059951,0.190603,synthetic,False,2.0,46.62035,53.37965,1.3892999999999986,0.5397549999999995,0.4516840000000002,0.4474180000000001,,,,191.43993799999993,0.0,0.0,95.71996899999996,-0.464218181818182,-0.4565310769230769,40.9093529,40.69322828,,2.4985150999999997,51.0,,44.909,42.26525,36.119099999999996,,128,False
demo,D16,130,0.945213,35,1359.625502,3.320575,,,2.508317,,40.61719,,,,0.944979,,,,,,,,,,0.059181,0.193218,synthetic,False,2.0,47.26065,52.73935,-0.6402999999999963,0.3756350000000005,0.41191,0.42046999999999995,,,,192.38491699999992,0.0,0.0,96.19245849999996,-0.4546021212121189,-0.45691757692307694,40.8768646,40.683115040000004,,2.4989392,51.0,,44.4125,41.892,35.203250000000004,,129,False
demo,D16,131,0.921426,35,1332.067438,3.317926,,,2.509205,,40.844996,,,,0.92151,,,,,,,,,,0.061094,0.190368,synthetic,False,2.0,46.0713,53.9287,1.1893499999999975,0.47149999999999964,0.46781800000000007,0.445424,,,,193.30642699999993,0.0,0.0,96.65321349999996,-0.4797081818181753,-0.458277846153846,40.881059,40.69935484,,2.5001387999999998,51.0,,43.7235,41.358650000000004,34.921,,130,False
demo,D16,132,0.92018,35,1320.161625,3.31266,,,2.489689,,41.048823,,,,0.920087,,,,,,,,,,0.060265,0.193966,synthetic,False,2.0,46.009,53.991,0.062300000000000466,0.45985999999999977,0.4208199999999999,0.4263410000000002,,,,194.22651399999992,0.0,0.0,97.11325699999996,-0.46297424242424523,-0.46358919230769247,40.888310000000004,40.72051192,,2.4991214999999998,51.0,,43.7246,41.1323,34.20755,,131,False
demo,D16,133,0.908049,35,1312.508727,3.320002,,,2.492455,,40.891639,,,,0.906877,,,,,,,,,,0.060383,0.193001,synthetic,False,2.0,45.40245,54.59755,0.6065499999999986,0.48486499999999993,0.5064819999999998,0.4575799999999998,,,,195.13339099999993,0.0,0.0,97.56669549999997,-0.4473509090909084,-0.4510567692307687,40.8716239,40.73918535999999,,2.4985311,51.0,,43.02725,40.9779,34.19405,,132,False
demo,D16,134,0.89818,35,1289.003145,3.311358,,,2.48521,,40.772886,,,,0.8972,,,,,,,,,,0.060929,0.191592,synthetic,False,2.0,44.909,55.091,0.49345000000000283,0.45746000000000037,0.4681280000000001,0.43668700000000016,,,,196.03059099999993,0.0,0.0,98.01529549999997,-0.45103818181817645,-0.44786223076923004,40.8557986,40.74440244,,2.4957985999999996,51.0,,42.26525,40.16115,33.225500000000004,,133,False
demo,D16,135,0.88825,35,1275.563534,3.307824,,,2.501344,,40.845778,,,,0.890594,,,,,,,,,,0.06117,0.191952,synthetic,False,2.0,44.4125,55.5875,0.4964999999999975,0.46770999999999957,0.47358599999999995,0.4407729999999999,,,,196.92118499999992,0.0,0.0,98.46059249999996,-0.4526242424242445,-0.44384880769230706,40.8804794,40.76545556,,2.4946273999999997,51.0,,41.892,40.2087,32.95525,,134,False
demo,D16,136,0.87447,35,1258.680122,3.307014,,,2.499551,,41.236252,,,,0.875235,,,,,,,,,,0.061263,0.202326,synthetic,False,2.0,43.7235,56.2765,0.6890000000000001,0.4498399999999997,0.46257000000000004,0.442388,,,,197.79641999999993,0.0,0.0,98.89820999999996,-0.492946666666666,-0.4467319615384622,40.9323737,40.79914628,,2.4952087,51.0,,41.358650000000004,39.42125,32.706849999999996,,135,False
demo,D16,137,0.874492,35,1266.345817,3.315596,,,2.507891,,41.105207,,,,0.873523,,,,,,,,,,0.062993,0.195295,synthetic,False,2.0,43.7246,56.2754,-0.001100000000000989,0.46614000000000005,0.4363039999999998,0.4432259999999998,,,,198.66994299999993,0.0,0.0,99.33497149999997,-0.46774303030302855,-0.44726488461538383,40.914765200000005,40.840586880000004,,2.4977577,51.0,,41.1323,38.9106,32.3494,,136,False
demo,D16,138,0.860545,35,1236.805235,3.303124,,,2.504971,,41.092693,,,,0.858951,,,,,,,,,,0.062057,0.194283,synthetic,False,2.0,43.02725,56.97275,0.6973500000000001,0.49823999999999985,0.4549939999999998,0.4431009999999999,,,,199.52889399999992,0.0,0.0,99.76444699999996,-0.4491648484848479,-0.44814542307692395,40.9352092,40.86356376,,2.4989662999999998,51.0,,40.9779,38.542300000000004,31.3199,,137,False
demo,D16,139,0.845305,35,1210.910983,3.302659,,,2.506102,,41.092263,,,,0.844023,,,,,,,,,,0.063655,0.194373,synthetic,False,2.0,42.26525,57.73475,0.7620000000000005,0.43551,0.4744980000000001,0.44853899999999997,,,,200.37291699999992,0.0,0.0,100.18645849999996,-0.5043775757575804,-0.45005392307692166,40.9547727,40.87155996,,2.5004735,51.0,,40.16115,38.49505,31.32295,,138,False
demo,D16,140,0.83784,35,1201.415984,3.316324,,,2.48458,,40.697482,,,,0.837566,,,,,,,,,,0.061183,0.1979,synthetic,False,2.0,41.892,58.108,0.37324999999999875,0.5368649999999995,0.4530899999999997,0.44861199999999984,,,,201.21048299999993,0.0,0.0,100.60524149999996,-0.4844736363636352,-0.4553673461538457,40.9628019,40.87484332,,2.4980997999999994,51.0,,40.2087,37.2038,30.3326,,139,False
demo,D16,141,0.827173,35,1194.459451,3.307161,,,2.493737,,41.077328,,,,0.828684,,,,,,,,,,0.062512,0.194998,synthetic,False,2.0,41.358650000000004,58.641349999999996,0.5333499999999987,0.47126499999999966,0.4513659999999999,0.45360499999999987,,,,202.03916699999994,0.0,0.0,101.01958349999997,-0.5078769696969699,-0.46265523076923004,40.9860351,40.89206944,,2.496553,51.0,,39.42125,37.6502,29.5117,,140,False
demo,D16,142,0.822646,35,1179.795581,3.299899,,,2.509489,,41.283033,,,,0.821231,,,,,,,,,,0.06139,0.19381,synthetic,False,2.0,41.1323,58.8677,0.2263500000000036,0.48766999999999994,0.45255199999999973,0.44665499999999997,,,,202.86039799999995,0.0,0.0,101.43019899999997,-0.4906569696969719,-0.46531938461538436,41.0094561,40.91354448,,2.498533,51.0,,38.9106,36.97885,29.46145,,141,False
demo,D16,143,0.819558,35,1184.369711,3.298119,,,2.494614,,40.955432,,,,0.821036,,,,,,,,,,0.061243,0.19712,synthetic,False,2.0,40.9779,59.0221,0.15440000000000254,0.4424550000000004,0.4351660000000001,0.428904,,,,203.68143399999994,0.0,0.0,101.84071699999997,-0.4631839393939438,-0.4665963461538458,41.0158354,40.9340126,,2.4987489,51.0,,38.542300000000004,36.2213,29.464800000000004,,142,False
demo,D16,144,0.803223,35,1156.883855,3.293712,,,2.483724,,41.289522,,,,0.80354,,,,,,,,,,0.064113,0.197751,synthetic,False,2.0,40.16115,59.83885,0.816749999999999,0.47478499999999996,0.4742699999999999,0.45408199999999993,,,,204.48497399999994,0.0,0.0,102.24248699999997,-0.45952666666666714,-0.46543546153846216,41.067499000000005,40.957762120000005,,2.4986003,51.0,,38.49505,36.119099999999996,28.73865,,143,False
demo,D16,145,0.804174,35,1157.898102,3.30091,,,2.50808,,41.180046,,,,0.804403,,,,,,,,,,0.06119,0.196582,synthetic,False,2.0,40.2087,59.7913,-0.04755000000000109,0.4203800000000001,0.4323320000000001,0.43874899999999994,,,,205.28937699999994,0.0,0.0,102.64468849999997,-0.4288260606060585,-0.46472407692307627,41.100925800000006,40.967281039999996,,2.4992739,51.0,,37.2038,35.203250000000004,28.1092,,144,False
demo,D16,146,0.788425,35,1136.345064,3.301465,,,2.494227,,41.27428,,,,0.790043,,,,,,,,,,0.059884,0.195789,synthetic,False,2.0,39.42125,60.57875,0.7874499999999998,0.4302250000000001,0.45460199999999984,0.4493129999999999,,,,206.07941999999994,0.0,0.0,103.03970999999997,-0.4360554545454527,-0.46527438461538473,41.1047286,40.98613016,,2.4987415,51.0,,37.6502,34.921,,,145,False
demo,D16,147,0.778212,35,1117.9329,3.303352,,,2.510626,,41.095416,,,,0.779525,,,,,,,,,,0.06151,0.197699,synthetic,False,2.0,38.9106,61.0894,0.5106499999999983,0.4814,0.46787999999999985,0.44439299999999987,,,,206.85894499999995,0.0,0.0,103.42947249999997,-0.4189166666666689,-0.46358303846153703,41.1037495,40.99089428,,2.499015,51.0,,36.97885,34.20755,,,146,False
demo,D16,148,0.770846,35,1110.476881,3.28878,,,2.499816,,41.315378,,,,0.76868,,,,,,,,,,0.060283,0.197757,synthetic,False,2.0,38.542300000000004,61.457699999999996,0.36829999999999785,0.44849499999999975,0.4683519999999999,0.4346329999999999,,,,207.62762499999994,0.0,0.0,103.81381249999997,-0.4100054545454541,-0.45985869230769133,41.126018,41.0011694,,2.4984995000000003,51.0,,36.2213,34.19405,,,147,False
demo,D16,149,0.769901,35,1104.689354,3.290936,,,2.497228,,40.728978,,,,0.768232,,,,,,,,,,0.06135,0.197379,synthetic,False,2.0,38.49505,61.50495,0.04725000000000534,0.37702000000000024,0.43954200000000015,0.42424999999999996,,,,208.39585699999995,0.0,0.0,104.19792849999997,-0.40010848484847883,-0.4552387307692303,41.0896895,40.99308296,,2.4976121,51.0,,36.119099999999996,33.225500000000004,,,148,False
demo,D16,150,0.744076,35,1075.804806,3.292531,,,2.513632,,41.142173,,,,0.743734,,,,,,,,,,0.061701,0.201066,synthetic,False,2.0,37.2038,62.7962,1.291249999999998,0.4688200000000002,0.47543199999999985,0.4494549999999998,,,,209.13959099999994,0.0,0.0,104.56979549999997,-0.4398272727272694,-0.45802526923076964,41.1341586,41.01481108,,2.5005173,51.0,,35.203250000000004,32.95525,,,149,False
demo,D16,151,0.753004,35,1080.984008,3.305276,,,2.486973,,41.298748,,,,0.75354,,,,,,,,,,0.062505,0.206559,synthetic,False,2.0,37.6502,62.3498,-0.446399999999997,0.37084500000000065,0.422868,0.4406570000000001,,,,209.89313099999993,0.0,0.0,104.94656549999996,-0.43392696969697386,-0.45622526923076956,41.156300599999994,41.03806864,,2.4998408999999997,51.0,,34.921,32.706849999999996,,,150,False
demo,D16,152,0.739577,35,1066.393794,3.295991,,,2.514342,,41.214709,,,,0.741596,,,,,,,,,,0.060555,0.204412,synthetic,False,2.0,36.97885,63.02115,0.6713499999999968,0.41534499999999996,0.4562860000000001,0.4732469999999999,,,,210.6347269999999,0.0,0.0,105.31736349999996,-0.43478484848484655,-0.4508492692307689,41.1494682,41.03540532,,2.5003262,51.0,,34.20755,32.3494,,,151,False
demo,D16,153,0.724426,35,1039.935028,3.292044,,,2.493606,,41.437267,,,,0.72452,,,,,,,,,,0.063952,0.206849,synthetic,False,2.0,36.2213,63.7787,0.7575500000000019,0.47565999999999986,0.47153400000000006,0.450626,,,,211.35924699999993,0.0,0.0,105.67962349999996,-0.43691212121211886,-0.4474548076923076,41.1976517,41.05736588,,2.5002254,51.0,,34.19405,31.3199,,,152,False
demo,D16,154,0.722382,35,1038.566003,3.285398,,,2.501624,,41.127152,,,,0.724843,,,,,,,,,,0.0609,0.199402,synthetic,False,2.0,36.119099999999996,63.880900000000004,0.1022000000000034,0.4042050000000003,0.42005000000000026,0.4358670000000002,,,,212.08408999999992,0.0,0.0,106.04204499999996,-0.44140818181818275,-0.44982876923076937,41.1814147,41.06658684,,2.5020154,51.0,,33.225500000000004,31.32295,,,153,False
demo,D16,155,0.704065,35,1012.717271,3.279528,,,2.501718,,41.057038,,,,0.70307,,,,,,,,,,0.062832,0.206861,synthetic,False,2.0,35.203250000000004,64.79675,0.9158499999999918,0.5005449999999996,0.4822959999999998,0.4471029999999999,,,,212.78715999999991,0.0,0.0,106.39357999999996,-0.4436951515151585,-0.4461758461538474,41.1691139,41.08418076,,2.5013791999999997,51.0,,32.95525,30.3326,,,154,False
demo,D16,156,0.69842,35,1014.719463,3.287458,,,2.495729,,40.792602,,,,0.697669,,,,,,,,,,0.062692,0.202745,synthetic,False,2.0,34.921,65.07900000000001,0.2822500000000048,0.4500250000000001,0.4460120000000001,0.45691500000000007,,,,213.4848289999999,0.0,0.0,106.74241449999995,-0.4532021212121239,-0.44774688461538364,41.120946100000005,41.082085,,2.5015294,51.0,,32.706849999999996,29.5117,,,155,False
demo,D16,157,0.684151,35,985.134606,3.285121,,,2.492379,,41.155532,,,,0.683733,,,,,,,,,,0.063984,0.205593,synthetic,False,2.0,34.20755,65.79245,0.7134500000000017,0.4703050000000005,0.4720580000000001,0.44643900000000003,,,,214.1685619999999,0.0,0.0,107.08428099999995,-0.48111939393938896,-0.4479494615384605,41.126957700000006,41.086353360000004,,2.4997047,51.0,,32.3494,29.46145,,,156,False
demo,D16,158,0.683881,35,982.361225,3.284414,,,2.496302,,41.353398,,,,0.682763,,,,,,,,,,0.063513,0.204018,synthetic,False,2.0,34.19405,65.80595,0.013500000000000512,0.43482500000000074,0.4483360000000002,0.477409,,,,214.8513249999999,0.0,0.0,107.42566249999994,-0.47731969696969867,-0.4452641153846157,41.1307597,41.104823720000006,,2.4993533,51.0,,31.3199,29.464800000000004,,,157,False
demo,D16,159,0.66451,35,955.617683,3.281542,,,2.489854,,41.443488,,,,0.66605,,,,,,,,,,0.064542,0.20239,synthetic,False,2.0,33.225500000000004,66.77449999999999,0.9685499999999934,0.5269549999999995,0.4673399999999998,0.4677339999999999,,,,215.5173749999999,0.0,0.0,107.75868749999995,-0.47679393939394266,-0.4478318846153847,41.2022107,41.1316478,,2.4986159,51.0,,31.32295,28.73865,,,158,False
demo,D16,160,0.659105,35,944.826735,3.279395,,,2.51962,,40.911546,,,,0.655454,,,,,,,,,,0.063047,0.205794,synthetic,False,2.0,32.95525,67.04475,0.2702500000000043,0.42485500000000015,0.4582900000000001,0.465938,,,,216.1728289999999,0.0,0.0,108.08641449999995,-0.5132190909090873,-0.4488719615384605,41.179148,41.134278519999995,,2.4992147000000005,51.0,,30.3326,28.1092,,,159,False
demo,D16,161,0.654137,35,941.49667,3.277857,,,2.495189,,41.562626,,,,0.653478,,,,,,,,,,0.062994,0.205289,synthetic,False,2.0,32.706849999999996,67.29315,0.24840000000000373,0.49433500000000025,0.4406660000000002,0.45161800000000013,,,,216.8263069999999,0.0,0.0,108.41315349999995,-0.4819357575757586,-0.45028169230769166,41.2055358,41.14733348,,2.5000363,51.0,,29.5117,,,,160,False
demo,D16,162,0.646988,35,936.836893,3.286432,,,2.511589,,41.035912,,,,0.648474,,,,,,,,,,0.063943,0.198816,synthetic,False,2.0,32.3494,67.6506,0.35744999999999294,0.46294499999999983,0.45500799999999997,0.4456559999999999,,,,217.4747809999999,0.0,0.0,108.73739049999995,-0.4549869696969653,-0.44650561538461553,41.1876561,41.144561679999995,,2.499761,51.0,,29.46145,,,,161,False
demo,D16,163,0.626398,35,902.92297,3.274754,,,2.510272,,41.280115,,,,0.626007,,,,,,,,,,0.064765,0.204572,synthetic,False,2.0,31.3199,68.6801,1.0295000000000023,0.4901399999999999,0.46829400000000004,0.46164399999999994,,,,218.10078799999988,0.0,0.0,109.05039399999994,-0.47858151515151576,-0.4504559615384613,41.1719409,41.15205856000001,,2.5014276,51.0,,29.464800000000004,,,,162,False
demo,D16,164,0.626459,35,904.545869,3.277203,,,2.503629,,41.168107,,,,0.627803,,,,,,,,,,0.06456,0.207559,synthetic,False,2.0,31.32295,68.67705000000001,-0.003049999999998221,0.47961499999999974,0.43769200000000014,0.45609500000000014,,,,218.72859099999988,0.0,0.0,109.36429549999994,-0.44941212121211627,-0.45299250000000013,41.1760364,41.15509232,,2.5016281,51.0,,28.73865,,,,163,False
demo,D16,165,0.606652,35,871.194111,3.275675,,,2.498643,,41.444335,,,,0.609318,,,,,,,,,,0.064255,0.206566,synthetic,False,2.0,30.3326,69.6674,0.9903499999999994,0.48706500000000047,0.4623760000000001,0.45773299999999995,,,,219.33790899999988,0.0,0.0,109.66895449999994,-0.47718333333333207,-0.45998607692307636,41.214766100000006,41.18496644,,2.5013206,51.0,,28.1092,,,,164,False
demo,D16,166,0.590234,35,849.41901,3.276604,,,2.501938,,41.388167,,,,0.590329,,,,,,,,,,0.06433,0.207799,synthetic,False,2.0,29.5117,70.4883,0.8208999999999982,0.5409299999999998,0.47387800000000013,0.462622,,,,219.92823799999988,0.0,0.0,109.96411899999994,-0.5095093939393927,-0.47099884615384513,41.2743226,41.197399999999995,,2.5019415,51.0,,,,,,165,False
demo,D16,167,0.589229,35,849.00916,3.270246,,,2.505722,,41.535648,,,,0.590607,,,,,,,,,,0.064071,0.204177,synthetic,False,2.0,29.46145,70.53855,0.050250000000001904,0.47460999999999987,0.4668340000000001,0.4596929999999999,,,,220.51884499999989,0.0,0.0,110.25942249999994,-0.5265724242424229,-0.47562592307692303,41.312334199999995,41.2075046,,2.5032758,51.0,,,,,,166,False
demo,D16,168,0.589296,35,846.739358,3.277574,,,2.501005,,41.827008,,,,0.592147,,,,,,,,,,0.064517,0.207197,synthetic,False,2.0,29.464800000000004,70.5352,-0.003350000000004627,0.4729249999999993,0.46052399999999977,0.44784499999999994,,,,221.1109919999999,0.0,0.0,110.55549599999995,-0.48682424242424294,-0.4727884999999986,41.359695200000004,41.242367640000005,,2.5037461,51.0,,,,,,167,False
demo,D16,169,0.574773,35,828.666891,3.269528,,,2.484333,,41.487303,,,,0.575236,,,,,,,,,,0.066287,0.20672,synthetic,False,2.0,28.73865,71.26135,0.7261500000000041,0.4486850000000004,0.4569,0.46558499999999997,,,,221.6862279999999,0.0,0.0,110.84311399999994,-0.4939299999999967,-0.4759652692307698,41.364076700000005,41.250278879999996,,2.5031939999999997,51.0,,,,,,168,False
demo,D16,170,0.562184,35,811.040298,3.269625,,,2.481817,,41.262553,,,,0.56213,,,,,,,,,,0.064136,0.206902,synthetic,False,2.0,28.1092,71.8908,0.6294499999999985,0.48460499999999984,0.48397999999999997,0.458156,,,,222.24835799999988,0.0,0.0,111.12417899999994,-0.4989999999999963,-0.47569030769230775,41.3991774,41.25357916,,2.4994137,51.0,,,,,,169,False
