dataset,battery_id,cycle,capacity_ah,ambient_temp_c,dis_duration_s,dis_v_mean,dis_v_min,dis_v_max,dis_i_mean,dis_i_max,dis_t_mean,dis_t_max,dis_t_min,dis_energy_wh,dis_throughput_ah,chg_duration_s,chg_v_mean,chg_v_max,chg_i_mean,chg_i_max,chg_t_mean,chg_t_max,chg_throughput_ah,chg_energy_wh,re_ohm,rct_ohm,capacity_source,capacity_jump_flag,reference_capacity_ah,soh,capacity_loss,degradation_rate,rolling_degradation_rate_10,rolling_degradation_rate_25,rolling_degradation_rate_50,dis_v_range,dis_t_range,coulombic_efficiency,cum_discharge_throughput_ah,cum_charge_throughput_ah,cum_discharge_energy_wh,equivalent_full_cycles,soh_slope_10,soh_slope_25,mean_temp_last_10,mean_temp_last_25,max_temp_last_25,mean_current_last_10,eol_cycle,rul,soh_future_h5,soh_future_h10,soh_future_h25,soh_future_h50,row_in_battery,is_warmup
nasa,B0005,1,1.8564874208181574,24.0,3690.234,3.5298286688693397,2.612467347907089,4.191491807505295,1.818711710270297,2.0180146876333027,32.572328114029,38.98218133148803,24.325993424022467,6.6087781949284645,1.8622028761760747,7597.875,4.187419504014827,4.2099486995035615,0.6537993619097603,4.030268477538787,25.32407901830568,27.445134031590747,0.7836578105698254,3.276267765085886,,,dataset,False,2.0,92.82437104090788,7.175628959092123,,,,,1.5790244595982057,14.656187907465561,2.3762959432791217,1.8622028761760747,0.7836578105698254,6.6087781949284645,0.9311014380880374,,,,,,,75.0,74.0,91.78308300337747,91.23097763432251,90.70155637541953,87.85088925176532,0,True
nasa,B0005,2,1.846327249719927,24.0,3672.344,3.5373201277859714,2.587208728940726,4.189773213846608,1.8176438989718113,2.016820542901454,32.72523522519307,39.033397966787035,24.685948163596,6.586345150397566,1.852077780517496,10516.0,4.058826443375249,4.213016370444398,0.9562767523912176,3.361982908688226,26.635622628116085,29.34194895777482,1.8856013558752658,7.638814040426327,,,dataset,False,2.0,92.31636248599635,7.6836375140036495,0.5080085549115267,,,,1.6025644849058818,14.347449803191036,0.9822212816864417,3.7142806566935707,2.6692591664450913,13.195123345326031,1.8571403283467853,,,,,,,75.0,73.0,91.75730714613302,90.71009678836958,90.7384597057947,87.34353089918953,1,True
nasa,B0005,3,1.8353491942234077,24.0,3651.641,3.5437367282719,2.6519168938437794,4.188186735991303,1.8165423469233573,2.016573862170142,32.64286193755933,38.818796689817404,24.734266163954402,6.555683334957384,1.8410487396827961,10484.547,4.058138828852896,4.212788046609961,0.9578584144574912,3.384407789097242,26.778175507896698,29.553300732538816,1.8787377654597517,7.60857677771719,,,dataset,False,2.0,91.76745971117039,8.232540288829611,0.5489027748259616,,,,1.536269842147524,14.084530525863002,0.9799391769996529,5.555329396376367,4.5479969319048426,19.750806680283414,2.7776646981881834,-0.5284556648687659,-0.5284556648687659,32.6468084255938,32.6468084255938,39.033397966787035,1.8176326520551551,75.0,72.0,91.28783952832768,90.68760788774527,90.69846943551761,87.08586253728572,2,True
nasa,B0005,4,1.8352625275821128,24.0,3631.563,3.5436661072601456,2.592947964776547,4.188461118855572,1.8256179748849433,2.0159359571668354,32.51487646204882,38.7623045063458,24.652243741292516,6.5548286069376,1.8409120078311922,10397.89,4.058904789088504,4.212924011950438,0.9597063636163543,3.4122633601213583,26.70320405781683,29.456340289732644,1.8710412275536272,7.578063286209706,,,dataset,False,2.0,91.76312637910564,8.236873620894357,0.004333332064746287,0.3537482206007449,0.3537482206007449,0.3537482206007449,1.5955131540790246,14.110060765053284,0.9838970839986093,7.396241404207559,6.41903815945847,26.305635287221016,3.6981207021037794,-0.37326367602326704,-0.37326367602326704,32.61382543470755,32.61382543470755,39.033397966787035,1.8196289827626022,75.0,71.0,91.23869264945667,90.67202457367911,90.13828325839116,86.82112528239094,3,True
nasa,B0005,5,1.8346455082120419,24.0,3629.172,3.5423432526672167,2.547419651124539,4.188298524761055,1.8261478651693803,2.017425579158831,32.38234901543077,38.66539257343368,24.518700434435164,6.552231972609875,1.8403599290669193,10495.203,4.058329981003973,4.2128738833616,0.9551027923472766,3.403625146732859,26.617004288392003,29.4813335075363,1.8685532230437336,7.565826375757998,,,dataset,False,2.0,91.7322754106021,8.2677245893979,0.030850968503543186,0.27302390757644446,0.27302390757644446,0.27302390757644446,1.6408788736365159,14.146692138998514,0.9849116987254505,9.236601333274479,8.287591382502203,32.85786725983089,4.618300666637239,-0.27374273675022287,-0.27374273675022287,32.56753015085219,32.56753015085219,39.033397966787035,1.820932759243958,75.0,70.0,91.2306634248468,90.12990018153252,90.2038520058676,86.31608619617913,4,True
nasa,B0005,6,1.8356616600675495,24.0,3652.281,3.5413347346347575,2.5209480504077413,4.188815807948604,1.8168998532879652,2.0162347618032066,32.43418218230641,38.75169504640032,24.51442664842638,6.557494548054203,1.8413272042220796,10792.672,4.059785107501149,4.212763963219923,0.9399915268115662,3.3944513625869224,26.51849450408942,29.39582042914756,1.869298009591491,7.5675031826523504,,,dataset,False,2.0,91.78308300337747,8.21691699662253,-0.050807592775370836,0.2082576075060814,0.2082576075060814,0.2082576075060814,1.6678677575408627,14.237268397973942,0.9850367329201168,11.077928537496557,10.156889392093694,39.41536180788509,5.538964268748279,-0.19894384988283606,-0.19894384988283606,32.545305489427896,32.545305489427896,39.033397966787035,1.8202606082512924,75.0,69.0,91.23097763432251,90.10534501230751,92.59012758352243,85.79032694665067,5,False
nasa,B0005,7,1.8351461429226603,24.0,3650.828,3.5410250495075215,2.487927319492314,4.18839163793879,1.8168378953364732,2.01583310669507,32.480416444757985,38.8207012322275,24.575581239008407,6.557049661436373,1.840831297831913,10789.985,4.058914241429766,4.213176751734383,0.939661994442232,3.401390462320561,26.620706323978894,29.438424119486054,1.8680425731260961,7.560366011430647,,,dataset,False,2.0,91.75730714613302,8.242692853866984,0.025775857244454414,0.1778439824624769,0.1778439824624769,0.1778439824624769,1.700464318446476,14.245119993219092,0.9854332681248018,12.918759835328471,12.02493196521979,45.972411469321464,6.4593799176642355,-0.1536762482189462,-0.1536762482189462,32.53603562590363,32.53603562590363,39.033397966787035,1.8197716492634612,75.0,68.0,90.71009678836958,90.12897504131045,91.53519228369714,85.52666755675959,6,False
nasa,B0005,8,1.8257567905665537,24.0,3572.453,3.554133296801584,2.6652049047458775,4.188927891511958,1.8444082717328028,2.0166395518034546,32.41046186109587,38.51713023385634,24.71132429046902,6.535167110927523,1.8314394902034128,10127.562,4.053425643583468,4.212850577044761,0.9727357539789552,3.385806497377117,26.737918888901717,29.510810563981206,1.8688907259231158,7.561766030989396,,,dataset,False,2.0,91.28783952832768,8.71216047167232,0.46946761780533564,0.21950450179717101,0.21950450179717101,0.21950450179717101,1.5237229867660806,13.805805943387323,0.9799607140213057,14.750199325531884,13.893822691142907,52.50757858024899,7.375099662765942,-0.1611306949911882,-0.1611306949911882,32.52033890530266,32.52033890530266,39.033397966787035,1.8228512270721289,75.0,67.0,90.68760788774527,90.15341571417048,90.99520544750634,85.30072498242605,7,False
nasa,B0005,9,1.8247738529891333,24.0,3550.594,3.5529355991467955,2.6038584726333673,4.189029250882121,1.854064004450843,2.018357230695621,32.3461408313,38.526267904657,24.628487294051176,6.5291073135895505,1.83047598595165,10147.952999999994,4.055637707823975,4.213141772335243,0.9691837910969469,3.43387007729948,26.74145703066146,29.668813794471543,1.8572532693547563,7.51698463400825,,,dataset,False,2.0,91.23869264945667,8.761307350543333,0.049146878871013655,0.19820979893140134,0.19820979893140134,0.19820979893140134,1.5851707782487536,13.897780610605821,0.9855823199533743,16.580675311483535,15.751075960497662,59.03668589383854,8.290337655741768,-0.15714384907689874,-0.15714384907689874,32.50098356374681,32.50098356374681,39.033397966787035,1.8263193134475415,75.0,66.0,90.67202457367911,90.13888123598021,90.46539818514259,85.01555136321294,8,False
nasa,B0005,10,1.824613268496936,24.0,3551.25,3.5512057319376997,2.552853984885676,4.189223427076418,1.853658588102974,2.0160718378149842,32.27679750791685,38.52698128472781,24.561560340089137,6.526577749922872,1.8302731671688202,10162.094,4.0551389874488235,4.212949842741421,0.9683227061476134,3.416543780338169,26.7021703105932,29.779288735822295,1.8580506271123867,7.519298894187395,,,dataset,False,2.0,91.2306634248468,8.769336575153204,0.008029224609870766,0.17707862400678684,0.17707862400678684,0.17707862400678684,1.636369442190742,13.965420944638673,0.9850502136280669,18.410948478652355,17.60912658761005,65.56326364376142,9.205474239326177,-0.14698065709505284,-0.14698065709505284,32.47856495816381,32.47856495816381,39.033397966787035,1.8290532409130846,75.0,65.0,90.12990018153252,92.35129974664596,90.23049522902599,84.72899300898948,9,False
nasa,B0005,11,1.8246195526864504,24.0,3530.25,3.549292319740949,2.4724483018527317,4.188916055911241,1.863423718930417,2.0160713863396573,32.15709350345252,38.54143406601644,24.43128509546442,6.5224730397045345,1.8302456206859818,10119.375,4.054491573689291,4.2132271723869295,0.9694945781971556,3.4217714333372964,26.608132946993933,29.71100043300344,1.856732743445014,7.513243951760506,,,dataset,False,2.0,91.23097763432251,8.769022365677486,-0.00031420947571803026,0.15933934065853633,0.15933934065853633,0.15933934065853633,1.7164677540585092,14.110148970552022,0.9857345528846077,20.241194099338337,19.465859331055064,72.08573668346595,10.120597049669168,-0.10610478679782949,-0.1347418766244686,32.437041497106165,32.449340280462785,39.033397966787035,1.8335244417790968,75.0,64.0,90.10534501230751,92.3708655641822,89.96885325986096,84.24514543304643,10,False
nasa,B0005,12,1.8142019357673917,24.0,3491.016,3.559759220648976,2.64956413267546,4.189876247266316,1.8730031464912946,2.016851865845563,32.36407129853099,38.52197451768004,24.74037188089418,6.497483643883568,1.8198463697258194,9586.875,4.076087195502948,4.212863906558764,0.9570092752941729,3.78388997609184,27.033644494333256,30.37677905152779,1.7314068497162716,7.035236357629061,,,dataset,False,2.0,90.71009678836958,9.289903211630417,0.5208808459529308,0.16062656976267675,0.19220675023075404,0.19220675023075404,1.5403121145908556,13.781602636785863,1.0510795715195655,22.061040469064157,21.197266180771337,78.58322032734952,11.030520234532078,-0.10819397652747535,-0.1425325405579188,32.400925104439956,32.44223453196847,39.033397966787035,1.839060366531045,75.0,63.0,90.12897504131045,91.80887106739473,89.42216167685231,83.72370795579859,11,False
nasa,B0005,13,1.8137521577549054,24.0,3470.281,3.558081969139198,2.5724981777366227,4.189286794768804,1.8826602424674959,2.016393908986775,32.3181954403762,38.582485834057856,24.733107699311514,6.491853045269893,1.8193431380498903,9952.359,4.054612747973269,4.212724851227894,0.9747526637611204,3.4380894291317374,26.870618187745674,30.05302011094364,1.8449986463994243,7.466245626288071,,,dataset,False,2.0,90.68760788774527,9.312392112254727,0.022488900624310304,0.10798518234251162,0.17806359609688371,0.17806359609688371,1.616788617032181,13.849378134746342,0.9860945652184615,23.880383607114048,23.04226482717076,85.07507337261941,11.940191803557024,-0.12863346464166933,-0.1432837009594413,32.36845845472164,32.43269306338445,39.033397966787035,1.845672156085459,75.0,62.0,90.15341571417048,91.2890373788812,89.14615242126361,83.72846239939551,12,False
nasa,B0005,14,1.8134404914735822,24.0,3470.0,3.555692244172496,2.5249886697730286,4.188837765892728,1.8825977111170087,2.0158117255163046,32.15709029211502,38.520294134873915,24.44798340505406,6.487114428498572,1.8190526034992685,10758.031000000003,4.059265909682025,4.213057848582499,0.9355825445308517,3.4334448239833244,26.738987031481408,30.168468843680714,1.8465002862835944,7.471400781140605,,,dataset,False,2.0,90.67202457367911,9.32797542632089,0.015583314066162757,0.10911018054265327,0.16556511286375133,0.16556511286375133,1.6638490961196997,14.072310729819854,0.9851352945958274,25.699436210613317,24.888765113454355,91.56218780111799,12.849718105306659,-0.13712272749803023,-0.14010727644345242,32.332679837728264,32.413007151150914,39.033397966787035,1.8513701297086655,75.0,61.0,90.13888123598021,91.25568217539184,88.65168579009143,83.18581879907026,13,False
nasa,B0005,15,1.8025980036306504,24.0,3450.297,3.562746818017503,2.694621861688723,4.189110301768517,1.8818235264274379,2.0193509920362724,32.04407000314609,38.21358592965045,24.463097121123557,6.456673528229404,1.8082051440976814,9921.75,4.053495431054621,4.213191057068328,0.9763370393965392,3.432001975216655,26.692190227813647,30.06078601207466,1.8460379461269096,7.469516596478565,,,dataset,False,2.0,90.12990018153252,9.87009981846748,0.5421243921465901,0.16023752290695797,0.19246220424109697,0.19246220424109697,1.494488440079794,13.750488808526892,0.9795059456342143,27.507641354710998,26.734803059581264,98.01886132934739,13.753820677355499,-0.16401366654836144,-0.1480930284006347,32.29885193649979,32.38841134128393,39.033397966787035,1.8569376958344712,75.0,60.0,92.35129974664596,91.2790752110188,88.65188775394685,82.9506934374123,14,False
nasa,B0005,16,1.80210690024615,24.0,3429.407,3.5614521756489204,2.64010141737067,4.18921207304098,1.892259778387913,2.0164420273602586,31.931593674911532,38.1983618706913,24.32051139249706,6.451147555097534,1.8077136446767843,10000.25,4.057009589497505,4.212768567166564,0.9699188157134024,3.482051074636857,26.563313470921162,29.84105303532721,1.8353980169119612,7.430452274090743,,,dataset,False,2.0,90.10534501230751,9.89465498769249,0.02455516922501033,0.16777379910699608,0.1812684019066912,0.1812684019066912,1.5491106556703098,13.87785047819424,0.984916420318599,29.315354999387782,28.570201076493227,104.47000888444492,14.657677499693891,-0.16943407556448717,-0.1507113361254592,32.248593085760305,32.35986023713565,39.033397966787035,1.8644736883444661,75.0,59.0,92.3708655641822,90.70155637541953,88.39360553331026,82.69270286667508,15,False
nasa,B0005,17,1.802579500826209,24.0,3409.484,3.5603420474985823,2.5739035098380962,4.188899969428112,1.9027782137498737,2.016465255161054,31.941655359029298,38.31926916027133,24.357321702352365,6.449580251029462,1.8082219386934335,9936.031,4.056509050138727,4.21291099996523,0.9724149761513435,3.4790104488850004,26.52595276450022,29.90236309006016,1.834900826301357,7.428379263620784,,,dataset,False,2.0,90.12897504131045,9.871024958689546,-0.023630029002944752,0.16283321048225616,0.16846224997483894,0.16846224997483894,1.614996459590016,13.961947457918967,0.9854603108650287,31.123576938081214,30.405101902794584,110.91958913547438,15.561788469040607,-0.15494774631712108,-0.14908975583606168,32.19471697718744,32.335259950188224,39.033397966787035,1.8730677201858061,75.0,58.0,91.80887106739473,90.7384597057947,88.11575352046543,82.13268910650655,16,False
nasa,B0005,18,1.8030683142834096,24.0,3390.422,3.5591189041401865,2.4942396831720126,4.188779799856791,1.9133470605822436,2.0181069603406625,31.965008645476725,38.4787542519308,24.382419922756025,6.4472058652048485,1.808641165126713,9989.532,4.055991881873581,4.213175415157681,0.9699569076920557,3.461446831236046,26.591676949772925,30.108307461804788,1.834661181521189,7.426504855476649,,,dataset,False,2.0,90.15341571417048,9.846584285829522,-0.024440672860023938,0.1134423814157202,0.157115019219847,0.157115019219847,1.6945401166847782,14.096334329174777,0.9858175358717177,32.93221810320793,32.239763084315776,117.36679500067923,16.466109051603965,-0.15068877179989343,-0.14490741126988518,32.15017165562552,32.314690433259806,39.033397966787035,1.8799615990707501,75.0,57.0,91.2890373788812,90.69846943551761,88.38086462469224,81.89289215111849,17,False
nasa,B0005,19,1.8027776247196041,24.0,3390.281,3.557886771846508,2.4556793246645583,4.189272591516219,1.9132081421080984,2.0170254305215485,31.966241678512723,38.54659017774874,24.355030419469987,6.444197257048334,1.8083830170483512,10158.782,4.056478346718693,4.212972694840331,0.961322770731176,3.450379445041623,26.645032205307864,30.32132377942574,1.835329673902751,7.428026760354134,,,dataset,False,2.0,90.13888123598021,9.861118764019793,0.014534478190270761,0.10998114134764592,0.14919387805153722,0.14919387805153722,1.7335932668516607,14.191559758278753,0.9853178111608152,34.74060112025628,34.075092758218524,123.81099225772756,17.37030056012814,-0.13674845390678272,-0.1398552130581031,32.1121817403468,32.29635102511522,39.033397966787035,1.8858760128364758,75.0,56.0,91.25568217539184,90.13828325839116,88.13341798715734,81.63675203549555,18,False
nasa,B0005,20,1.8470259949329193,24.0,3591.734,3.5520375235511907,2.632142800798914,4.187614060563439,1.8554552597994574,2.01684718332263,32.37143341978575,38.44749852224995,24.549424447285215,6.611240878678175,1.8526809517157847,10289.312,4.079851333950047,4.212806303346363,0.9490889658060896,3.646980102654795,25.663244609650953,29.01875034428269,1.8288344945944341,7.437394162341173,0.04466870036616091,0.06945627304536996,dataset,False,2.0,92.35129974664596,7.648700253354036,-2.2124185106657563,-0.1120636321799168,0.02489848917167966,0.02489848917167966,1.5554712597645248,13.898074074964736,1.013039155370174,36.59328207197206,35.903927252812956,130.42223313640574,18.29664103598603,0.010665003090792203,-0.10257041545060695,32.121645331533685,32.30010514484875,39.033397966787035,1.886055680006124,75.0,55.0,91.2790752110188,90.2038520058676,87.58652435332071,81.38764457766808,19,False
nasa,B0005,21,1.847417311283644,24.0,3552.297,3.5525668436897124,2.5027764692056795,4.1876287811083985,1.8747434663359825,2.016190951623346,32.70024990461686,38.992275791716615,24.917503693363493,6.611161010084513,1.853025370356926,10283.077999999994,4.057903790387567,4.213442172806784,0.9686875900366564,3.398836643486512,26.015018000119397,29.356471957843606,1.88243653382891,7.620977883098926,0.044843430573346096,0.0679720560130687,dataset,False,2.0,92.3708655641822,7.629134435817804,-0.019565817536232544,-0.11398879298596824,0.022675273836284048,0.022675273836284048,1.684852311902719,14.074772098353122,0.9843760132448337,38.44630744232899,37.786363786641864,137.03339414649025,19.223153721164493,0.1455831632305497,-0.07338379601406372,32.17596097165012,32.319159657218655,39.033397966787035,1.8871876547466804,75.0,54.0,90.70155637541953,92.59012758352243,87.09248023980004,81.10627427605796,20,False
nasa,B0005,22,1.8361774213478947,24.0,3531.578,3.556794038327039,2.617507742871704,4.187447226312926,1.8738792670691689,2.016760348146938,32.32266411829938,38.51424197364312,24.56596639952811,6.574821168404174,1.8418324666438906,10281.39,4.056383883924776,4.212832102518414,0.970682905202456,3.4078891045691866,26.09181445728815,29.32754285404437,1.882375027570816,7.618459694929417,0.04510114851143001,0.06852832896000328,dataset,False,2.0,91.80887106739473,8.191128932605267,0.561994496787463,-0.10987742790251502,0.048357141595864,0.048357141595864,1.5699394834412224,13.948275574115005,0.9784620172212734,40.28813990897288,39.66873881421268,143.60821531489444,20.14406995448644,0.20130486496855793,-0.05725879367957519,32.17182025362696,32.31931895090415,39.033397966787035,1.8872752668044679,75.0,53.0,90.7384597057947,91.53519228369714,86.8045675592357,80.56628301882924,21,False
nasa,B0005,23,1.8257807475776242,24.0,3492.907,3.5614100044534203,2.694074478000972,4.187344026387161,1.883276367037806,2.0160230713598764,31.98795810666763,38.165816144899125,24.21658146702539,6.539641286548478,1.831469528491523,10081.797,4.058279288673889,4.212770290752828,0.9773995916932169,3.464130250924988,25.709030057450274,28.938506516868497,1.8701735128097836,7.573822763873876,0.044172075577171746,0.06804449516996176,dataset,False,2.0,91.2890373788812,8.710962621118796,0.5198336885135291,-0.06014294911359315,0.06978789372848514,0.06978789372848514,1.493269548386189,13.949234677873736,0.9793046024589926,42.119609437464405,41.538912327022466,150.14785660144292,21.059804718732202,0.2138542657275424,-0.050017758151536605,32.1387965202561,32.304911957676474,39.033397966787035,1.887336879261499,75.0,52.0,90.69846943551761,90.99520544750634,89.68120074286804,80.32815698744193,22,False
nasa,B0005,24,1.8251136435078368,24.0,3511.594,3.5566107947817986,2.6237674644021887,4.187438187636325,1.8733320556361162,2.01719076462715,31.894456524691385,38.16526203587147,24.054990657817566,6.532620983797102,1.8307608540862945,10797.328,4.065739463308087,4.213276766831537,0.9385965990733807,3.4935571241981895,25.473631563964574,28.754789972770777,1.8616414126295429,7.543179496662309,0.043786628196075913,0.06845021227072765,dataset,False,2.0,91.25568217539184,8.74431782460816,0.03335520348936427,-0.058365760171273,0.06820386371808858,0.06820386371808858,1.5636707232341367,14.110271378053906,0.9834121875814795,43.9503702915507,43.40055373965201,156.68047758524003,21.97518514577535,0.21625534970831456,-0.04427553524832186,32.112533143513744,32.28780964796876,39.033397966787035,1.8864103137134098,75.0,51.0,90.13828325839116,90.46539818514259,89.15945111636637,80.07571116958798,23,False
nasa,B0005,25,1.8255815042203762,24.0,3431.9370000000054,3.5586742170266272,2.5010798299873738,4.18774138117799,1.9139789784762269,2.0161148625656655,31.78039681801023,38.27549578575718,24.024851602995685,6.527920631813516,1.8311718976915745,10099.218,4.0611501521821065,4.212690151499114,0.9725320160168298,3.4951011322233136,25.427401199812184,28.688602374299098,1.860069384502559,7.536816656777923,0.04463932198878524,0.0683410113732366,dataset,False,2.0,91.2790752110188,8.720924788981193,-0.023393035626966707,-0.11491750294862868,0.06438732624537795,0.06438732624537795,1.6866615511906167,14.250644182761494,0.9844642963043485,45.78154218924227,45.26062312415457,163.20839821705354,22.890771094621137,0.17671615371093674,-0.03918080261097413,32.08616582500015,32.26751313477042,39.033397966787035,1.8896258589182886,75.0,50.0,90.2038520058676,90.23049522902599,88.36821038139479,79.5184615700164,24,False
nasa,B0005,26,1.8140311275083907,24.0,3431.125,3.564103182686905,2.6849988185249796,4.188261122540052,1.9031048926498,2.0168636304742815,31.688747146342205,37.982160799183106,23.93622764909489,6.495263190740645,1.8196343413671214,10078.719,4.060647477294544,4.212873191810286,0.97333696430293,3.4904911773797043,25.37095530984966,28.633407089003214,1.860519291022216,7.53824986573621,0.043558785775475374,0.06868237655872211,dataset,False,2.0,90.70155637541953,9.298443624580472,0.5775188355992782,-0.059621136311201896,0.08491258661953395,0.08491258661953395,1.503262304015072,14.045933150088217,0.9780249794493497,47.60117653060939,47.121142415176784,169.7036614077942,23.800588265304697,0.0901095247387677,-0.029086753346372205,32.06188117214322,32.23216989606295,39.033397966787035,1.8907103703444772,75.0,49.0,92.59012758352243,89.96885325986096,87.85088925176532,79.28944984121105,25,False
nasa,B0005,27,1.8147691941158939,24.0,3412.406,3.559588063594272,2.547109116468133,4.187338767288234,1.913471143750189,2.024643671910137,31.596747992569153,38.11100191887773,23.811534187517502,6.489442748159886,1.8204078847966052,10617.375,4.067270138639281,4.213238259402031,0.94203248037156,3.5331810156551415,25.273682170348483,28.589954117359028,1.848220933845893,7.492647838887317,0.04526547818261783,0.0681437253042456,dataset,False,2.0,90.7384597057947,9.261540294205304,-0.0369033303751678,-0.0609484664484242,0.06311611120806618,0.08022735904281465,1.640229650820101,14.299467731360231,0.9849514478816054,49.421584415406,48.96936334902268,176.19310415595407,24.710792207703,-0.00013566443834351694,-0.02209920914628083,32.0273904354972,32.18703040675799,38.992275791716615,1.891779663344509,75.0,48.0,91.53519228369714,89.42216167685231,87.34353089918953,79.24715353687058,26,False
nasa,B0005,28,1.813969388710352,24.0,3410.688,3.556833231052199,2.471314764334132,4.187560306288175,1.913620909902553,2.017291134571006,31.565586498787077,38.18831137948753,23.754765330883426,6.482180288608384,1.819557980042869,10564.157,4.06627015738475,4.213312787594857,0.945475454861297,3.513207367229806,25.188122631656277,28.50176643400805,1.8498397720271518,7.498556659741181,0.044483715777434665,0.06782555719716843,dataset,False,2.0,90.69846943551761,9.301530564482391,0.03999027027708735,-0.05450537213471307,0.0427596110261112,0.07873709649593587,1.7162455419540428,14.433546048604104,0.9836300459952277,51.24114239544887,50.81920312104983,182.67528444456246,25.620571197724434,-0.09832045579728924,-0.019756062281463614,31.98744822082824,32.1439393892071,38.992275791716615,1.8918070482765401,75.0,47.0,90.99520544750634,89.14615242126361,87.08586253728572,79.77631946247968,27,False
nasa,B0005,29,1.802765665167823,24.0,3410.718,3.5624410850948944,2.6613903306108773,4.18805176248713,1.9026476995844432,2.01713712589233,31.59124667045208,37.998541119085836,23.79410930748377,6.451556870936514,1.8083586231260707,10143.984,4.063497194671534,4.212902355486726,0.9660672202223141,3.5054603250839507,25.208644345593083,28.530897709955585,1.848052507926951,7.491507735426945,0.04441416485910045,0.06885805241213436,dataset,False,2.0,90.13828325839116,9.861716741608845,0.5601861771264538,5.9797758905233425e-05,0.0649937248285795,0.09593170651845437,1.5266614318762528,14.204431811602067,0.9785212353920577,53.04950101857494,52.66725562897678,189.12684131549898,26.52475050928747,-0.23463653380426727,-0.021804897852573533,31.94994872002217,32.10699419754323,38.992275791716615,1.8907510040241742,75.0,46.0,90.46539818514259,88.65168579009143,86.82112528239094,78.73650873900519,28,False
nasa,B0005,30,1.804077040117352,24.0,3392.719,3.5591407106855666,2.541762355407921,4.187667484260542,1.9130823665540544,2.0159460285100574,31.603485399391182,38.194201649765226,23.801300986918452,6.449409259843297,1.8096737051083276,10790.452999999994,4.070367166586395,4.212958241599311,0.931659325757491,3.5490719760595026,25.22309620072603,28.577658552419905,1.8373644744977817,7.451970071606311,0.04453544590029642,0.06779434699116274,dataset,False,2.0,90.2038520058676,9.796147994132397,-0.0655687474764477,0.2147447740778361,0.06113693618937987,0.09036272534621637,1.645905128852621,14.392900662846774,0.9849290819683324,54.85917472368327,54.504620103474565,195.57625057534227,27.429587361841634,-0.2198743190852419,-0.02230711380839281,31.873153917982716,32.07583965290164,38.992275791716615,1.896513714699634,75.0,45.0,90.23049522902599,88.65188775394685,86.31608619617913,78.24509975468973,29,False
nasa,B0005,31,1.8518025516704486,24.0,3470.672,3.5573161327793144,2.628919415830567,4.2010701773378685,1.9206226860865134,2.0167372379007014,31.91556385491565,38.45796400011448,23.78129749955371,6.6214238417618985,1.8545398087791685,1674.484,4.210968137972064,8.393141180564633,0.02539522862000455,4.4796596195981975,23.904181418379917,24.01713143780734,0.011721969163161636,0.048618532751567724,0.04502135245555801,0.06940408185539676,dataset,False,2.0,92.59012758352243,7.409872416477569,-2.3862755776548283,-0.021926201934023483,-0.032281783205798435,0.007808115246181539,1.5721507615073014,14.67666650056077,158.21060292560642,56.71371453246243,54.51634207263773,202.19767441710417,28.356857266231216,-0.047617560891378655,0.0009016156532321721,31.7946853130126,32.05509491980602,38.992275791716615,1.9011016366746873,75.0,44.0,89.96885325986096,88.39360553331026,85.79032694665067,77.98829736685181,30,False
nasa,B0005,32,1.8307038456739428,24.0,3414.109,3.561870782772737,2.6312552691827045,4.1996223345495824,1.9298947547733054,2.0183057226929555,32.081128118597164,38.49126351534004,24.2036410699716,6.550749752385637,1.833412741804115,10113.656,4.130785490934083,4.209223108011576,0.6983232165606692,3.44733089940877,25.487835720020833,28.988708015070493,1.8519201071914502,7.499413257470452,0.04646251600050638,0.06993774302336724,dataset,False,2.0,91.53519228369714,8.464807716302857,1.0549352998252886,0.02736787836975907,0.008884594497434933,0.04158641152292693,1.568367065366878,14.287622445368438,0.9900063910341129,58.54712727426655,56.36826217982917,208.7484241694898,29.273563637133275,0.026973250625087063,0.013493918713143439,31.770531713042374,32.039123386759584,38.992275791716615,1.9067031854451006,75.0,43.0,89.42216167685231,88.11575352046543,85.52666755675959,77.97407834092117,31,False
nasa,B0005,33,1.8199041089501267,24.0,3395.219,3.5617586337260088,2.654880745360911,4.199853323702163,1.929319271264108,2.016579511976592,31.849792632896243,38.31473393357882,24.00078927251757,6.510886361026922,1.822631621806981,10137.89,4.1327876409997755,4.2088651384450735,0.6920492893377296,3.4987231998771415,25.536147530542536,29.096040691287843,1.8398338272214465,7.455454977988638,0.04772385451119983,0.06950417544214327,dataset,False,2.0,90.99520544750634,9.004794552493664,0.5399868361908062,0.029383193137486784,0.011705363232853755,0.057161424793798155,1.5449725783412518,14.313944661061253,0.9906501309194621,60.369758896073535,58.20809600705062,215.25931053051673,30.184879448036767,0.04077197406900363,0.016577909308961337,31.756715165665234,32.0166966176316,38.992275791716615,1.911307475867731,75.0,42.0,89.14615242126361,88.38086462469224,85.30072498242605,77.7344676795305,32,False
nasa,B0005,34,1.8093079637028517,24.0,3386.0,3.5597307651083123,2.6749688422803803,4.199103467081427,1.923358415235126,2.0193879194408373,31.465690433362017,37.861934640176806,23.53999092882516,6.469268383163047,1.8120148684612114,10651.657,4.137730987261442,4.208915856299548,0.6546552882135465,3.536407100583495,25.116393283510156,28.801172039065204,1.8289894011626648,7.416671711037392,0.04694022963323793,0.069661211991841,dataset,False,2.0,90.46539818514259,9.53460181485741,0.5298072623637466,0.07902839902492502,0.030931778572563077,0.07148402593228144,1.5241346248010466,14.321943711351647,0.9907191738286384,62.181773764534746,60.03708540821329,221.72857891367977,31.090886882267373,0.027010038501365335,0.01450500567949833,31.713838556532302,31.98147860171408,38.992275791716615,1.916310111827632,75.0,41.0,88.65168579009143,88.13341798715734,85.01555136321294,77.44370539945209,33,False
nasa,B0005,35,1.80460990458052,24.0,3368.187,3.5575937553540915,2.6159705726789904,4.199998536865001,1.9285088406920838,2.015814483813837,31.40934895665031,37.90665575786083,23.566095747572557,6.448258261024923,1.8073455778605048,10032.485,4.135482199390235,4.209312403034285,0.6914614254233741,3.554660481050277,24.93654575305907,28.45707570576707,1.8187135985128813,7.379937584916282,0.04702798243208013,0.07112946749607083,dataset,False,2.0,90.23049522902599,9.76950477097401,0.23490295611659917,0.10485799819928161,0.04000672783283221,0.07629046505534962,1.5840279641860109,14.340560010288275,0.9937494168066529,63.98911934239525,61.855799006726166,228.1768371747047,31.994559671197624,0.011573950008549288,0.010778316720022878,31.676733770396304,31.946780659663418,38.992275791716615,1.917763098049218,75.0,40.0,88.65188775394685,87.58652435332071,84.72899300898948,76.9118299471279,34,False
nasa,B0005,36,1.7993770651972192,24.0,3368.266,3.5597237883937995,2.658447162110498,4.19967522099872,1.9231516515854177,2.019901495893039,31.902247475518077,38.34003238560517,23.9730227457941,6.434013039595092,1.8021042210122726,10574.297,4.139326441744096,4.209847565954341,0.6542284869963285,3.559444964364823,25.09997200587896,28.65264667440442,1.814306329020008,7.363213186815443,0.047755380262671634,0.07167079612312527,dataset,False,2.0,89.96885325986096,10.031146740139036,0.26164196916502647,0.07327031155585643,0.050484974978461994,0.0815862223156261,1.5412280588882217,14.36700963981107,0.9932745050752667,65.79122356340753,63.67010533574617,234.6108502142998,32.895611781703764,-0.04392471393937524,0.005408973367489109,31.698083803313892,31.93658681854604,38.992275791716615,1.9197677739427796,75.0,39.0,88.39360553331026,87.09248023980004,84.24514543304643,76.39571291255139,35,False
nasa,B0005,37,1.7884432335370462,24.0,3358.719,3.559061771422033,2.6979426084271156,4.1991847248803165,1.9170640150939449,2.016522387288751,31.649024294808623,38.0745950590744,23.755161868961988,6.393192582022831,1.7911817401222407,10461.735,4.138977878664847,4.208965362941993,0.6590011858822407,3.5612026877917553,25.238210571113736,28.898824039759212,1.8081731547184299,7.338982663430788,0.047022939446838434,0.06976696183555635,dataset,False,2.0,89.42216167685231,10.577838323147688,0.5466915830086521,0.13162980289423842,0.05151740446069084,0.09450581566821015,1.5012421164532008,14.31943319011241,0.9906029936613924,67.58240530352977,65.4782784904646,241.00404279632264,33.791202651764884,-0.11790144686810476,-0.009244697384301276,31.70331143353784,31.907984938397146,38.992275791716615,1.9201270610771553,75.0,38.0,88.11575352046543,86.8045675592357,83.72370795579859,76.42626314878223,36,False
nasa,B0005,38,1.7829230484252723,24.0,3339.5,3.557015527748059,2.6617272246516333,4.200012480335,1.922067492364195,2.017112121704317,31.48874626238971,38.07252758016199,23.51454265913581,6.36913041109019,1.785652785727741,9993.062000000005,4.1375438860840354,4.209292498751627,0.6869430437876795,3.5948737369966377,25.076721129383717,28.633513419804633,1.7985955336426296,7.3044886353368845,0.046245370477528074,0.0719248993978976,dataset,False,2.0,89.14615242126361,10.853847578736392,0.27600925558870415,0.1552317014254001,0.06165821865926659,0.09941131404443972,1.538285255683367,14.55798492102618,0.9928039697237121,69.3680580892575,67.27687402410723,247.37317320741283,34.68402904462875,-0.19364412049660448,-0.025680315569674764,31.695627409898105,31.874806971277685,38.992275791716615,1.920971719323319,75.0,37.0,88.38086462469224,89.68120074286804,83.72846239939551,76.1323662642189,37,False
nasa,B0005,39,1.7730337158018288,24.0,3331.265,3.5562481933590964,2.699288287625812,4.1992373656547874,1.9162697587781747,2.018009988339822,31.329995610092634,37.80133585100446,23.27146353182613,6.332119975253013,1.7757680509403477,10602.281,4.142130778874384,4.209583847791707,0.6448927507600201,3.6018235936716247,24.785407292651822,28.473512860821305,1.79297805820615,7.284427199739888,0.04618610336751238,0.07193787056034481,dataset,False,2.0,88.65168579009143,11.348314209908565,0.49446663117217327,0.14865974682997204,0.08081355134350701,0.1098075066004327,1.4999490780289753,14.529872319178331,0.9904014401140967,71.14382614019785,69.06985208231337,253.70529318266586,35.57191307009892,-0.3148874826125714,-0.04565033928616113,31.669502303862163,31.84172318399679,38.992275791716615,1.922333925242692,75.0,36.0,88.13341798715734,89.15945111636637,83.18581879907026,75.87429969244934,38,False
nasa,B0005,40,1.773037755078937,24.0,3321.188,3.5532756526091784,2.6127932408838532,4.1993957811187075,1.922122706502154,2.017724236336294,31.569551201845574,38.39873985476869,23.439367870877128,6.327977828305635,1.7758330823316952,10667.969,4.143752782064051,4.209668023401793,0.6375894665115571,3.629064335057617,24.684734315899224,28.25409621799234,1.7832703253883397,7.248636664846545,0.04773737014313117,0.0703395836124857,dataset,False,2.0,88.65188775394685,11.348112246053148,-0.00020196385541737527,0.15519642519207508,0.05912049710342671,0.1069867509477186,1.5866025402348543,14.959371983891565,0.9958294359801984,72.91965922252955,70.85312240770172,260.0332710109715,36.45982961126477,-0.41372921543436114,-0.06948563588576578,31.666108884107597,31.82274243194477,38.992275791716615,1.9232379592375022,75.0,35.0,87.58652435332071,88.36821038139479,82.9506934374123,80.29094495653295,39,False
nasa,B0005,41,1.7678721106662054,24.0,3321.844,3.556266431640255,2.6637064901468075,4.1995786980260705,1.9162735319343263,2.016792488625222,32.111426258867944,38.74929237918251,24.020578317587123,6.314847281055934,1.7706263567624057,10504.781,4.142407348200686,4.209651256417474,0.6471451912981612,3.6131518500912776,25.22288378016189,28.7817612001126,1.7819367055373578,7.2417534502122525,0.04838334154876506,0.06973812701544792,dataset,False,2.0,88.39360553331026,11.606394466689736,0.25828222063658757,0.4196522050212167,0.0684695791598898,0.11076913768994032,1.535872207879263,14.72871406159539,0.9936527774865374,74.69028557929195,72.63505911323908,266.34811829202744,37.345142789645976,-0.3487623429693932,-0.09481369511612019,31.685695124502825,31.829935735303028,38.992275791716615,1.9228030438222834,75.0,34.0,87.09248023980004,87.85088925176532,82.69270286667508,78.19245723372212,40,False
nasa,B0005,42,1.7623150704093087,24.0,3311.828,3.5563095420140822,2.6668454289754746,4.199546957512695,1.9159257340976645,2.0172551326315866,32.271676011112376,38.87275464755104,24.256086319320033,6.2948122663658,1.7650847974128527,10246.781,4.140988175836148,4.208972610120855,0.6614030123169553,3.6294504437547443,25.651300573733486,29.239711164174615,1.7769173632611193,7.220818256789177,0.048037510039299486,0.07012511424776673,dataset,False,2.0,88.11575352046543,11.884246479534568,0.2778520128448321,0.341943876323171,0.08052886083380088,0.11484432976688891,1.53270152853722,14.616668328231007,0.9933409588465326,76.4553703767048,74.4119764765002,272.64293055839323,38.2276851883524,-0.31841312088780177,-0.12115351919116958,31.704749913754352,31.843136561386345,38.992275791716615,1.9214061417547197,75.0,33.0,86.8045675592357,87.34353089918953,82.13268910650655,77.40457623883893,41,False
nasa,B0005,43,1.7676172924938447,24.0,3327.391,3.558950851054106,2.684431051981017,4.194091469340824,1.9114464682592052,2.0159457514475405,31.842291659678658,38.503541429116005,23.99270220171187,6.312622563983889,1.7732304675886927,10166.218999999997,4.141220239838989,4.208924563756907,0.6645560599271352,3.6549536807328544,25.56869332326285,29.20215112477588,1.7717560483021102,7.201658526333155,0.048086960073381944,0.0697134641311117,dataset,False,2.0,88.38086462469224,11.619135375307764,-0.2651111042268042,0.26143408228140996,0.07090204357912967,0.10579777181465812,1.5096604173598074,14.510839227404134,1.0008321796265325,78.2286008442935,76.18373252480231,278.9555531223771,39.11430042214675,-0.2681546729492055,-0.14325312517487676,31.703999816432592,31.838227881954428,38.992275791716615,1.919618861454229,75.0,32.0,89.68120074286804,87.08586253728572,81.89289215111849,76.61877815934297,42,False
nasa,B0005,44,1.762668359743147,24.0,3312.078,3.5534418211598053,2.645224362345869,4.200715235801255,1.915844717074932,2.021877555086194,31.759815453754253,38.27009094548294,23.826487051861594,6.290405274839963,1.7654093987717652,10804.922,4.145471994664563,4.209761448406007,0.6284115376453988,3.6698120760048636,25.077792180591818,28.994866075880225,1.7830335024500183,7.251695659938501,0.048086960073381944,0.0697134641311117,dataset,False,2.0,88.13341798715734,11.866582012842656,0.2474466375348925,0.23319801979852456,0.08021852995291454,0.10909193148257054,1.5554908734553856,14.443603893621347,0.9901156631919499,79.99401024306526,77.96676602725233,285.24595839721707,39.99700512153263,-0.2350248188178061,-0.16641869791044062,31.733412318471817,31.82997083296409,38.992275791716615,1.9188674916382098,75.0,31.0,89.15945111636637,86.82112528239094,81.63675203549555,76.34764134244853,43,False
nasa,B0005,45,1.7517304870664143,24.0,3293.172,3.5510121537420285,2.6603527244917,4.1990980807180325,1.9151339148316244,2.0169903181968984,31.41911167391793,38.11684755251712,23.348558306380394,6.246148229446523,1.7545026581626977,10758.985,4.14506668505229,4.2099926286120235,0.6277334849899132,3.663267101527155,24.88199584693937,28.689379753778315,1.7720514811988974,7.204911238438957,0.04754728174038817,0.07318009891168203,dataset,False,2.0,87.58652435332071,12.413475646679288,0.5468936338366319,0.2643970875705278,0.19059101573301007,0.11904197017243558,1.5387453562263325,14.768289246136728,0.9900968887064574,81.74851290122795,79.73881750845123,291.4921066266636,40.87425645061398,-0.21911929696423849,-0.17096567042951188,31.73438859019858,31.791877963129373,38.992275791716615,1.9175299990521637,75.0,30.0,88.36821038139479,86.31608619617913,81.38764457766808,75.84786508568163,44,False
nasa,B0005,46,1.7418496047960008,24.0,3275.328,3.551317608213948,2.6926849789916263,4.199398534411534,1.9148572716406749,2.016185456554963,31.331626572312267,38.04152715355532,23.236214188565974,6.210316132444617,1.7446238642540073,10317.515,4.1439383443857984,4.20985882694637,0.6510076294750404,3.6630644097478386,24.755786611089874,28.49879598287713,1.7612390409815157,7.16476365654784,0.04764092098948851,0.07165247326552959,dataset,False,2.0,87.09248023980004,12.90751976019996,0.49404411352067257,0.28763730200609244,0.21113541297528626,0.12737535113572973,1.5067135554199078,14.805312964989348,0.9905662000779581,83.49313676548196,81.50005654943276,297.70242275910823,41.74656838274098,-0.2155563019657587,-0.17621218013393244,31.677326499877996,31.737133029837192,38.87275464755104,1.9167005610576893,75.0,29.0,87.85088925176532,85.79032694665067,81.10627427605796,75.59487980071347,45,False
nasa,B0005,47,1.7360913511847138,24.0,3265.016,3.549003180550162,2.670544734728978,4.199122915612965,1.9144233171408105,2.0170647431651068,31.35934131425137,38.17980302242767,23.214801785728056,6.1861677464656495,1.738861928453165,10805.734,4.147603583681183,4.209887230778187,0.6174926325522054,3.6848694124104724,24.655846530387144,28.4799079867521,1.7515467638250122,7.128249862225748,0.04842436953177311,0.07249983749010006,dataset,False,2.0,86.8045675592357,13.195432440764307,0.2879126805643466,0.2617594117616619,0.2001721403263616,0.1308652930798301,1.528578180883987,14.965001236699614,0.9927579236627709,85.23199869393513,83.25160331325777,303.88859050557386,42.61599934696756,-0.22927861301608563,-0.1856759939157575,31.64835820182227,31.69860011767527,38.87275464755104,1.9164364912623761,75.0,28.0,87.34353089918953,85.52666755675959,80.56628301882924,75.32819480340552,46,False
nasa,B0005,48,1.7936240148573608,24.0,3328.937,3.5597648340955175,2.605158060541757,4.190409478081396,1.9389033648133622,2.0168134548386294,34.31088483888259,40.71218198711114,26.647373946169793,6.412408120460117,1.7963381260257314,9946.391,4.144169219623314,4.208756826791167,0.6678040617106605,3.750655264382395,25.34567237446073,29.03785527005412,1.7429935781568953,7.097266413138958,0.04842436953177311,0.07249983749010006,dataset,False,2.0,89.68120074286804,10.318799257131957,-2.87663318363235,-0.05350483216044353,0.06431346544052645,0.06687596378808158,1.5852514175396388,14.064808040941344,1.030605131618009,87.02833681996086,84.99459689141467,310.30099862603396,43.51416840998043,-0.07276586299701898,-0.16993514326599,31.930572059471558,31.79151718696387,40.71218198711114,1.9181200785072932,75.0,27.0,87.08586253728572,85.30072498242605,80.32815698744193,75.07726763335681,47,False
nasa,B0005,49,1.7831890223273275,24.0,3329.266,3.5623454342368555,2.672012007453096,4.199933846791869,1.9275345758657751,2.0165540953857675,33.43585640373788,39.885261233152924,25.69911743242072,6.379642018495001,1.7858902481387526,10063.547,4.131849671664145,4.209078075122493,0.6869538614090758,3.4572307856174196,27.394756753879477,31.187717740405038,1.8137948947557965,7.344368396918432,0.04943074564871873,0.0701407541984291,dataset,False,2.0,89.15945111636637,10.84054888363363,0.5217496265016734,-0.05077653262749351,0.08384924236101882,0.07635249842794807,1.5279218393387732,14.186143800732204,0.9846153240933007,88.81422706809961,86.80839178617047,316.680640644529,44.407113534049806,0.01583794020617326,-0.15810719763727626,32.14115813883608,31.85317318212573,40.71218198711114,1.919246560216053,75.0,26.0,86.82112528239094,85.01555136321294,80.07571116958798,74.54222025200119,48,False
nasa,B0005,50,1.7673642076278957,24.0,3301.579,3.558336657621618,2.674271233724938,4.199365021329158,1.9267295232904682,2.022483480851903,32.66698125020078,39.18287352945846,24.833281081823134,6.314810424724099,1.7700748256296013,10376.172,4.137762150724724,4.208951335685938,0.6578249771794881,3.5412440147431115,26.62662742896046,30.582056460987562,1.7909892588533056,7.263975749735064,0.04974822543014387,0.07112993844977841,dataset,False,2.0,88.36821038139479,11.631789618605211,0.7912407349715807,0.028367737255206294,0.1164345931849607,0.09094205427577731,1.52509378760422,14.349592447635327,0.988322412811624,90.58430189372922,88.59938104502378,322.9954510692531,45.29215094686461,0.05514189089491312,-0.15173659685277763,32.250901143671605,31.888636559413353,40.71218198711114,1.9197072418948846,75.0,25.0,86.31608619617913,84.72899300898948,79.5184615700164,74.29341922806006,49,False
nasa,B0005,51,1.7570177850353066,24.0,3283.563,3.554013138622869,2.6309416727017187,4.19902365945384,1.926172441865584,2.0168041459037114,32.28423408691397,38.951564804030774,24.361616832363048,6.270513450066385,1.7598023013937372,9756.858999999997,4.136417646225786,4.208915493791651,0.6937727344352664,3.5744732232808083,26.046549681443857,29.82743733628493,1.775684314887958,7.210054713356914,0.04988486594475391,0.07198302765125617,dataset,False,2.0,87.85088925176532,12.149110748234676,0.5173211296294653,0.054271628154494066,0.11402668494616819,0.09946963578285108,1.5680819867521216,14.589947971667726,0.9910558350034065,92.34410419512295,90.37506535991173,329.2659645193195,46.172052097561476,0.052448024319635564,-0.15367732959806527,32.26818192647621,31.91245603703622,40.71218198711114,1.92069713288801,75.0,24.0,85.79032694665067,84.24514543304643,79.28944984121105,74.02068389880529,50,False
nasa,B0005,52,1.7468706179837907,24.0,3275.125,3.552376095886298,2.6629725743154204,4.199432142144215,1.9202943078313002,2.0172800396238526,32.00739178780946,38.607510759873634,24.019157444608588,6.231290262218774,1.7496586843283426,10610.906,4.143293464486577,4.209049100025683,0.6350140432301272,3.61089870293044,25.581948046823246,29.510756491862573,1.7680476994881105,7.184237527254691,0.04921638093217895,0.07146374397937286,dataset,False,2.0,87.34353089918953,12.656469100810469,0.5073583525757925,0.07722226212759012,0.1357971522642066,0.09945663173613639,1.536459567828795,14.588353315265046,0.9895992539312758,94.09376287945129,92.14311305939984,335.49725478153823,47.046881439725645,0.010134977432927766,-0.1577395160451807,32.24175350414591,31.928881788845832,40.71218198711114,1.9211339902613738,75.0,23.0,85.52666755675959,83.72370795579859,79.24715353687058,73.76047934515816,51,False
nasa,B0005,53,1.7417172507457144,24.0,3265.656,3.549618661283733,2.612942119873717,4.199640922827531,1.9201149196706926,2.0159193745006387,32.06387071886056,38.920359903369054,24.006646494284762,6.208654358182036,1.7444839933626877,9978.078,4.141204436224519,4.209569401740179,0.6705740437939459,3.639611422840837,25.49138644694599,29.242612704276365,1.7555306354008988,7.137829010848069,0.04994593893656341,0.07088704261645878,dataset,False,2.0,87.08586253728572,12.91413746271428,0.2576683619038107,0.1295002087406516,0.14450427592927553,0.09363194347769337,1.5866988029538143,14.913713409084291,0.9937075196436612,95.83824687281398,93.89864369480074,341.7059091397203,47.91912343640699,-0.019198359563402226,-0.1619685986844842,32.263911410064104,31.948813157648775,40.71218198711114,1.9220008354025224,75.0,22.0,85.30072498242605,83.72846239939551,79.77631946247968,74.29517994152012,52,False
nasa,B0005,54,1.7364225056478186,24.0,3266.093,3.54938103086703,2.6157198442661476,4.199305653118061,1.9144411095695255,2.0206059195730015,32.43754560319043,39.23273115358871,24.328038456694348,6.190266778442878,1.7392066611099657,10246.984,4.143218012656775,4.209622938017622,0.6513908761429352,3.631031388483906,25.701157771778043,29.462118812271356,1.750897081323918,7.120097737842059,0.048969605147940264,0.07178168505217358,dataset,False,2.0,86.82112528239094,13.178874717609062,0.26473725489478284,0.13122927047664062,0.1326863190400087,0.0988400219342941,1.5835858088519132,14.904692696894362,0.9933231825338856,97.57745353392394,95.64954077612465,347.8961759181632,48.78872676696197,-0.06377135796653637,-0.17146434321851733,32.33168442500772,31.98266511495831,40.71218198711114,1.9218604746519818,75.0,21.0,85.01555136321294,83.18581879907026,78.73650873900519,74.80459149068348,53,False
nasa,B0005,55,1.7263217239235826,24.0,3257.594,3.5472118680418956,2.6287695472774453,4.198949734540481,1.908381358995133,2.017554048083073,32.16809876635083,38.964927068400804,24.121591093765634,6.150496704395597,1.729119687729052,10437.047,4.144865101412786,4.209081297803344,0.6373854567322019,3.652558047852112,25.613934369346374,29.50834432489215,1.7451617560022412,7.098629086247018,0.05022937602514056,0.0718319241428618,dataset,False,2.0,86.31608619617913,13.683913803820872,0.5050390862118093,0.12704381571415838,0.15551063238753898,0.10832378428845942,1.5701801872630354,14.84333597463517,0.9908076897639919,99.306573221653,97.3947025321269,354.0466726225588,49.6532866108265,-0.15644494023983851,-0.18241463955358747,32.406583134251015,32.005249649636696,40.71218198711114,1.9211852190683327,75.0,20.0,84.72899300898948,82.9506934374123,78.24509975468973,74.04002973464492,54,False
nasa,B0005,56,1.7158065389330133,24.0,3248.593,3.5467052098640246,2.6655106679421823,4.19834220599025,1.9022223526493423,2.016416703030436,32.05752645824972,38.83927283461771,23.971565610462942,6.111427878700762,1.7185794654135103,10805.827999999994,4.147948571482696,4.208974409503451,0.6112928899250073,3.6543670254141096,25.46355915016756,29.374561267657022,1.7348996422936607,7.060451675534462,0.04971526662508074,0.07139027154395669,dataset,False,2.0,85.79032694665067,14.209673053349334,0.5257592495284626,0.13021532931493737,0.2719920254748706,0.11985512113453609,1.5328315380480677,14.867707224154767,0.9905930138653012,101.02515268706651,99.12960217442055,360.1581005012595,50.512576343533254,-0.2953333236052583,-0.17136475333107415,32.479173122844756,32.01092815377005,40.71218198711114,1.9199217271691995,75.0,19.0,84.24514543304643,82.69270286667508,77.98829736685181,73.48771634233412,55,False
nasa,B0005,57,1.710533351135192,24.0,3238.766,3.544629653883431,2.650495153350403,4.198995776266302,1.902069533708128,2.0170229987437884,31.975920928072714,38.82796377704433,23.83541998401671,6.08900370564263,1.713321902647502,10805.375,4.149201403617409,4.209555035163918,0.6086527599709856,3.671875049505212,25.33969655722996,29.242377848768914,1.7261687467652167,7.028474975515743,0.04913216601843565,0.0724518691988788,dataset,False,2.0,85.52666755675959,14.473332443240409,0.2636593898910746,0.12779000024761017,0.24034098907750207,0.1246127917874685,1.548500622915899,14.992543793027622,0.9925575966186451,102.73847458971402,100.85577092118577,366.2471042069022,51.36923729485701,-0.452013630661159,-0.16806738321590456,32.540831084226895,32.006719866149076,40.71218198711114,1.918686348825931,75.0,18.0,83.72370795579859,82.13268910650655,77.97407834092117,72.69506137422964,56,False
nasa,B0005,58,1.706014499648521,24.0,3240.14,3.5436291614253204,2.643236235233877,4.19916986492694,1.8965332154034205,2.016783933430818,32.21689335291319,39.14007944734004,23.956923878018035,6.072104140645199,1.7087878523122688,10685.968,4.149406779823055,4.209137758018692,0.6130695156248263,3.672509218918276,25.31525129117544,29.194410076554547,1.7194374452195667,7.003363393098367,0.04920968322529824,0.07304025099509703,dataset,False,2.0,85.30072498242605,14.699275017573953,0.22594257433354414,0.43804757604419964,0.22777921860321157,0.11974229091803267,1.555933629693063,15.183155569322007,0.9938063504799747,104.44726244202629,102.57520836640533,372.3192083475474,52.22363122101314,-0.4137528355600515,-0.16763356312808095,32.33143193562995,32.021403894949756,40.71218198711114,1.9144493338849373,75.0,17.0,83.72846239939551,81.89289215111849,77.7344676795305,72.70731033617847,57,False
nasa,B0005,59,1.7003110272642588,24.0,3230.109,3.5444946147995258,2.656450207001938,4.199246833083063,1.8959927229678666,2.0199829306240713,32.55632993697177,39.349611598028886,24.465118009505925,6.052907268941263,1.7030906402649453,10588.64,4.149090663397314,4.209099895596076,0.6169314926831561,3.6974959048887244,25.828563716440225,29.65122582795794,1.7144045500621827,6.982813982960555,0.04950631616559385,0.07251082944035009,dataset,False,2.0,85.01555136321294,14.984448636787064,0.28517361921311135,0.4143899753153434,0.21799387287718616,0.12446282572487462,1.5427966260811248,14.884493588522961,0.9934006767557709,106.15035308229123,104.28961291646752,378.37211561648866,53.075176541145616,-0.37273359769259634,-0.17074981794502936,32.24347928895334,32.06502947509415,40.71218198711114,1.911295148595146,75.0,16.0,83.18581879907026,81.63675203549555,77.44370539945209,72.75118759533416,58,False
nasa,B0005,60,1.6945798601797895,24.0,3229.7810000000027,3.5409201846556857,2.626177688152069,4.1992551886401595,1.8900332987976025,2.016448312230377,32.40048085325998,39.29444535878087,24.267851748683743,6.027506290155278,1.6973763911840574,10736.094,4.150424193061779,4.209853267385404,0.6065556397426511,3.6992236317763525,25.734607118644377,29.592983253559662,1.7087444005302703,6.96173176312535,0.04865176277959679,0.07201762091170956,dataset,False,2.0,84.72899300898948,15.271006991010523,0.2865583542234589,0.36392173724053123,0.22006008880146055,0.13003340831714638,1.5730775004880906,15.026593610097127,0.9933471563431692,107.84772947347528,105.99835731699778,384.3996219066439,53.92386473673764,-0.34986510992447994,-0.1746680664991057,32.21682924925926,32.10467475095854,40.71218198711114,1.9076255261458595,75.0,15.0,82.9506934374123,81.38764457766808,76.9118299471279,72.4521081880618,59,False
nasa,B0005,61,1.6849029086609286,24.0,3212.469,3.541195668799061,2.6582230344240045,4.199610827671791,1.8893934935378442,2.0264654916334726,32.29371860868794,39.10487658009542,24.14386556947967,5.992186732041017,1.687655688706419,9790.859,4.146085129079872,4.2096673235964825,0.6635046102220322,3.7091773352591484,25.76108296721704,29.51162108922301,1.7028315665072693,6.939470260080125,0.04916575568371288,0.07316993618002728,dataset,False,2.0,84.24514543304643,15.754854566953568,0.48384757594304517,0.3605743818718892,0.2289483130725813,0.13971664402552164,1.5413877932477869,14.961011010615753,0.9910878573669044,109.5353851621817,107.70118888350505,390.39180863868495,54.76769258109085,-0.3437646576994063,-0.1814370952765883,32.21777770143665,32.12033359628533,40.71218198711114,1.9039476313130854,75.0,14.0,82.69270286667508,81.10627427605796,76.39571291255139,71.93354685740283,60,False
nasa,B0005,62,1.6744741591159717,24.0,3213.219,3.540671044783382,2.695100237338448,4.1994453812630566,1.877705395568618,2.017330650607364,32.136071448067796,39.0462609369598,23.934085583884677,5.953447910182052,1.677283117965155,10274.359,4.1499193977728535,4.209786575419923,0.6287362397272169,3.7157585852195676,25.571090931927195,29.367459158203413,1.694207402771143,6.907614534759545,0.04923427342088277,0.07277120733743579,dataset,False,2.0,83.72370795579859,16.276292044201412,0.5214374772478436,0.36198229433909435,0.22793814884214897,0.1397277766514199,1.5043451439246085,15.11217535307512,0.9900105000259676,111.21266828014686,109.3953962862762,396.345256548867,55.60633414007343,-0.3562241541781212,-0.1940834567304314,32.23064566746249,32.13981548241569,40.71218198711114,1.8996887400868172,75.0,13.0,82.13268910650655,80.56628301882924,76.42626314878223,71.67227160784894,61,False
nasa,B0005,63,1.6745692479879102,24.0,3203.578,3.5376048790268775,2.639091813583503,4.198991968341307,1.8831949982887424,2.0225787607034706,32.38268549723498,39.398032192832,24.080595341823642,5.950118755495468,1.677367579447902,10711.063,4.153218272900694,4.209876728572126,0.598483030108707,3.740291077407621,25.430453941726714,29.23737726861414,1.6830855295962417,6.865613597406303,0.0505475864921389,0.07270866794574943,dataset,False,2.0,83.72846239939551,16.27153760060449,-0.004754443596922897,0.33574001378902096,0.21670760087472388,0.13918290976699524,1.5599001547578042,15.317436851008356,0.9966026978143461,112.89003585959476,111.07848181587244,402.29537530436244,56.44501792979738,-0.34172556642525476,-0.20506259762922788,32.262527145299934,32.17557305180951,40.71218198711114,1.8959967479486224,75.0,12.0,81.89289215111849,80.32815698744193,76.1323662642189,71.66979450419048,62,False
nasa,B0005,64,1.663716375981405,24.0,3195.125,3.538422485261741,2.6857210282450983,4.197785116892181,1.8764452364443795,2.0158674131052456,32.30899951427637,39.10678394120843,24.428816535813286,5.911338927626321,1.6665168352970694,10806.015,4.153201426027839,4.209530517872284,0.5934183714880006,3.7401919874760297,25.88337057270213,29.660660346177963,1.68373902982192,6.8667603546500375,0.050118814742107526,0.07301041089661342,dataset,False,2.0,83.18581879907026,16.81418120092974,0.542643600325249,0.3635306483320676,0.2186346796408469,0.14972411549217696,1.5120640886470826,14.67796740539514,0.9897714585100091,114.55655269489183,112.76222084569436,408.20671423198877,57.27827634744592,-0.33377911158747114,-0.22182796882592531,32.24967253640853,32.21473320797685,40.71218198711114,1.8921971606361077,75.0,11.0,81.63675203549555,80.07571116958798,75.87429969244934,71.403243672388,63,False
nasa,B0005,65,1.659013868748246,24.0,3195.3129999999946,3.53928626988912,2.69017866510873,4.201331130571617,1.870973160299051,2.016878594815316,32.56636929496716,39.44448954135193,24.3288116844709,5.89685591950186,1.6618094081399768,10481.047,4.152014646554812,4.208914229782625,0.6099204436270197,3.7337806887974363,25.87474661521862,29.685994740308107,1.6772942013896472,6.840947562090461,0.050118814742107526,0.07301041089661342,dataset,False,2.0,82.9506934374123,17.049306562587702,0.23512536165796405,0.3365392758766831,0.22804777266138218,0.14358413488240443,1.5111524654628874,15.115677856881028,0.9907679921406506,116.21836210303181,114.439515047084,414.10357015149066,58.109181051515904,-0.3282626278806627,-0.2365571952678188,32.289499589270164,32.25460593170171,40.71218198711114,1.8884563407664996,75.0,10.0,81.38764457766808,79.5184615700164,80.29094495653295,71.14601590870593,64,False
nasa,B0005,66,1.6538540573335014,24.0,3186.297,3.533690170241391,2.639895313359579,4.199339974904826,1.8705690143479228,2.0190191551299326,32.46542951751835,39.509602016775695,24.124885387020978,5.870096594650038,1.656667130803933,10153.36,4.151753271023818,4.20945720713541,0.6260483533669134,3.741021320410516,25.80758127668049,29.59730563243775,1.6669143500694776,6.802711118085637,0.049792567319026114,0.07343650361620202,dataset,False,2.0,82.69270286667508,17.307297133324923,0.25799057073722054,0.30976240799755883,0.2280361066654075,0.14825284291264865,1.5594446615452475,15.384716629754717,0.9938525820087171,117.87502923383575,116.10642939715348,419.9736667461407,58.93751461691787,-0.3310763342581792,-0.25186516124862557,32.330289895197026,32.26876606204773,40.71218198711114,1.8852910069363573,75.0,9.0,81.10627427605796,79.28944984121105,78.19245723372212,70.8714516365654,65,False
nasa,B0005,67,1.642653782130131,24.0,3176.438,3.534367734544495,2.68991452927918,4.198916244859707,1.8640262698477292,2.0179820220655023,32.347056454418095,39.334865362245324,23.980294072799666,5.829762731653808,1.6454612041160956,10662.468,4.1547198806162084,4.2089346821451405,0.5938560587916223,3.7399805018111114,25.5954074570814,29.46753663391266,1.6620341851497848,6.784748665985105,0.049865378066600005,0.0732133898164959,dataset,False,2.0,82.13268910650655,17.867310893493453,0.5600137601685304,0.33939784502530446,0.23932257655835543,0.15992571869607816,1.5090017155805273,15.354571289445659,0.9900284956941511,119.52049043795185,117.76846358230326,425.8034294777945,59.760245218975925,-0.34446657985005036,-0.2707356954004859,32.36740344783156,32.27178127977996,40.71218198711114,1.8814866805503179,75.0,8.0,80.56628301882924,79.24715353687058,77.40457623883893,70.6204614397223,66,False
nasa,B0005,68,1.6378578430223698,24.0,3167.593,3.5312941932103548,2.65935818848874,4.198537488587242,1.8637043892758263,2.0158401305926343,32.371538940646154,39.43723270017243,23.969183667109306,5.808391755451784,1.6406631692652967,10494.625,4.154952006139018,4.209707468094477,0.5991767690651641,3.754749438788794,25.55053773186138,29.380338854228082,1.650881371536419,6.741868400507836,0.049811932785538866,0.07459618605206403,dataset,False,2.0,81.89289215111849,18.107107848881512,0.23979695538805856,0.3407832831307559,0.25951889894294994,0.1652104712610398,1.539179300098502,15.468049033063124,0.9938104563736081,121.16115360721714,119.41934495383967,431.6118212332463,60.58057680360857,-0.34486036493073563,-0.2845662716260004,32.38286800660486,32.292951171018665,40.71218198711114,1.878203797937558,75.0,7.0,80.32815698744193,79.77631946247968,76.61877815934297,70.62893964700964,67,False
nasa,B0005,69,1.6327350407099108,24.0,3167.719,3.5309134771684274,2.6657030585650423,4.198943932259475,1.857873177974908,2.0192083553177325,32.45549347979197,39.51375235624076,24.037074564457942,5.789430024450004,1.6355225678534149,10467.75,4.155379997866793,4.209731200087021,0.5995207485875399,3.752539379854498,25.612623072192534,29.43349608540407,1.6474073350811924,6.728973244756555,0.04850673488997184,0.07458309776342148,dataset,False,2.0,81.63675203549555,18.363247964504453,0.2561401156229408,0.33787993277173883,0.25986663806647187,0.1700425840096932,1.5332408736944325,15.476677791782816,0.9927857749721676,122.79667617507056,121.06675228892087,437.4012512576963,61.39833808753528,-0.3369299390377029,-0.2982449364683266,32.37278436088688,32.32077829206017,40.71218198711114,1.8743918434382625,75.0,6.0,80.07571116958798,78.73650873900519,76.34764134244853,70.37991865734948,68,False
nasa,B0005,70,1.6277528915533617,24.0,3159.077999999994,3.5287226893409893,2.642986759012803,4.199579806494986,1.8572543412119842,2.017754065523427,32.50017194695606,39.60170302810528,24.074008046047823,5.7687751891219845,1.6305831995255629,9904.406,4.153316766159906,4.209073152424942,0.6314443040000698,3.756495517193588,25.748665763785176,29.478594943854127,1.6407403071532118,6.703213650920498,0.050023074203339506,0.0736638387977965,dataset,False,2.0,81.38764457766808,18.612355422331916,0.24910745782746346,0.33413484313213926,0.24795519102610514,0.2192731033795576,1.5565930474821834,15.527694982057454,0.9938094361530788,124.42725937459612,122.70749259607408,443.17002644681827,62.21362968729806,-0.32073593957781776,-0.3146945557584542,32.38275347025649,32.36402070298169,40.71218198711114,1.8711139476797005,75.0,5.0,79.5184615700164,78.24509975468973,75.84786508568163,71.66960242610739,69,False
nasa,B0005,71,1.622125485521159,24.0,3148.829,3.52625493581969,2.6311169118893036,4.198782234828033,1.8568772359904624,2.016206764491147,32.50100298369444,39.687463597582074,24.043536678896338,5.744812143134751,1.6249041731525151,10805.656,4.157897041005441,4.209596233803924,0.5767916029734703,3.744765382806153,25.6042633567313,29.485508821517058,1.6362357192416306,6.686493039764704,0.05020469043786587,0.07371885821597624,dataset,False,2.0,81.10627427605796,18.89372572394204,0.28137030161012433,0.3138871156988472,0.2394482385496832,0.22529182576248474,1.5676653229387294,15.643926918685736,0.9930746249113988,126.05216354774863,124.3437283153157,448.91483858995304,63.02608177387432,-0.31164472307079333,-0.3339135114481514,32.40348190775714,32.41079575943698,40.71218198711114,1.8678623219249626,75.0,4.0,79.28944984121105,77.98829736685181,75.59487980071347,71.91275088396453,70,False
nasa,B0005,72,1.6113256603765849,24.0,3149.094,3.528684324337005,2.696157404617167,4.19910517813207,1.8449420023406096,2.018425729441905,32.4728927422438,39.53535075538898,24.007622451152475,5.708751046256081,1.6141735401360389,10777.328,4.158301579574542,4.209613645729595,0.5764932369613758,3.7512382618887,25.594290723516522,29.46840138001844,1.6309509331359893,6.66637507547954,0.04975857340773159,0.07465617760875586,dataset,False,2.0,80.56628301882924,19.43371698117076,0.5399912572287207,0.3157424936969349,0.24953138161625815,0.22485176097130988,1.5029477735149035,15.527728304236508,0.9897131221675132,127.66633708788467,125.9746792484517,454.6235896362091,63.833168543942335,-0.32872315050805784,-0.3563913548073393,32.43716403717474,32.45533781655668,40.71218198711114,1.8645859826021618,75.0,3.0,79.24715353687058,77.97407834092117,75.32819480340552,70.86773587242763,71,False
nasa,B0005,73,1.6065631397488385,24.0,3140.547,3.525556939424901,2.6667596238241567,4.198510853141954,1.8444613866204569,2.0200094988659028,32.50480154634882,39.6502371632164,23.99346277596251,5.687433106523193,1.6093783928934964,10745.86,4.159047289093139,4.209728406741538,0.5742131977677993,3.7608845310314725,25.571898601563962,29.445806473811558,1.6197922234958377,6.623197766404875,0.04968675503783295,0.07355425821939737,dataset,False,2.0,80.32815698744193,19.67184301255807,0.23812603138730992,0.3400305411953582,0.3741217502170446,0.2192176078287855,1.5317512293177975,15.656774387253893,0.9935708849250638,129.27571548077816,127.59447147194753,460.3110227427323,64.63785774038908,-0.3202014902421808,-0.3475022723580822,32.44937564208612,32.38309448485533,39.885261233152924,1.860712621435333,75.0,2.0,79.77631946247968,77.7344676795305,75.07726763335681,70.34908318388216,72,False
nasa,B0005,74,1.6015142233917594,24.0,3131.625,3.5226805646793737,2.6403185448373043,4.198732430468704,1.8439309256979097,2.0160906793454063,32.51218336210202,39.69929058154853,23.977316018708777,5.665526443449772,1.6043484793426852,10806.781,4.159718967989124,4.208850308126176,0.5690092694325939,3.749853410240243,25.578913233960286,29.461354450795127,1.6146680175492967,6.603416564056186,0.04995005707049774,0.0746229428074614,dataset,False,2.0,80.07571116958798,19.924288830412024,0.25244581785395326,0.3110107629482286,0.36334959787113574,0.22359942011607728,1.5584138856313996,15.721974562839755,0.9936088792900759,130.88006396012085,129.20913948949683,465.97654918618207,65.44003198006043,-0.3204100187057375,-0.33896630621908724,32.46969402686869,32.346147563189895,39.69929058154853,1.8574611903606861,75.0,1.0,78.73650873900519,77.44370539945209,74.54222025200119,70.06018891793812,73,False
nasa,B0005,75,1.590369231400328,24.0,3121.907,3.524673458789008,2.69892986372897,4.198799630396931,1.8371650795865604,2.017218805788003,32.45692821941515,39.56076309770468,23.92726467831658,5.62737818695699,1.5932105903501057,10806.593999999997,4.160264481810484,4.209548533406234,0.5678103082048145,3.7606437069615724,25.533341503049385,29.419371934150707,1.6109361170161811,6.589778542806816,0.050282564251258356,0.07360391142336822,dataset,False,2.0,79.5184615700164,20.4815384299836,0.5572495995715769,0.3432231867395899,0.3539899524551356,0.23521227282004817,1.4998697666679615,15.6334984193881,0.9889967538260256,132.47327455047096,130.82007560651303,471.6039273731391,66.23663727523548,-0.3289907296869654,-0.3364990976206401,32.45874991931349,32.33774544195847,39.69929058154853,1.8540803822894367,75.0,0.0,78.24509975468973,76.9118299471279,74.29341922806006,69.83504116363164,74,False
nasa,B0005,76,1.5857889968242211,24.0,3122.125,3.5213155754526824,2.6682466504352993,4.198753541225669,1.8316434831262063,2.017576881832417,32.447059186431154,39.63708096307912,23.878754027011194,5.6065200687401715,1.5886364832867264,10429.547,4.159689082589737,4.209155099660752,0.5843102307994543,3.7624796093415975,25.528501101408498,29.36719581714494,1.5994312036992016,6.545292413296454,0.04992007781904663,0.074642062777058,dataset,False,2.0,79.28944984121105,20.710550158788948,0.2290117288053466,0.3403253025464025,0.34245757642217084,0.22824213068416951,1.5305068907903694,15.758326936067927,0.993250900452918,134.0619110337577,132.41950681021223,477.21044744187924,67.03095551687885,-0.3256595503807163,-0.33451155565255275,32.45691288620477,32.34425844593916,39.69929058154853,1.8501878291672653,75.0,,77.98829736685181,76.39571291255139,74.02068389880529,69.5642394426363,75,False
nasa,B0005,77,1.5849430707374117,24.0,3121.672,3.51803386486462,2.6479207279724903,4.200309982421394,1.8311750591767433,2.0163186530776205,32.32889654966259,39.43977047692484,23.90454749592773,5.598269430363256,1.5877768554948954,10807.094,4.161677857625895,4.208909520868368,0.5616165710635344,3.75723296715059,25.343485567182306,29.297103402943527,1.5938916372362761,6.524208593746773,0.05007996435013632,0.07547710929281527,dataset,False,2.0,79.24715353687058,20.752846463129416,0.04229630434046783,0.28855355696359625,0.32385509449275784,0.22982612337848224,1.5523892544489035,15.535222980997112,0.9961636151426307,135.6496878892526,134.0133984474485,482.8087168722425,67.8248439446263,-0.3207181410744076,-0.33140230201140375,32.45509689572922,32.357118636413276,39.69929058154853,1.8469027081001665,75.0,,77.97407834092117,76.42626314878223,73.76047934515816,69.31143838989175,76,False
nasa,B0005,78,1.5955263892495937,24.0,3120.86,3.5236841955396794,2.6741633856529066,4.201124089732316,1.8433261115953903,2.016322017667326,32.84488475360107,39.839022256254516,24.472949639670766,5.646277397940907,1.598319979397816,10719.016,4.162950996258241,4.209146036373753,0.564638728430734,3.7704870056407627,25.74425872850638,29.548289844330217,1.590117828706475,6.51450773887976,0.05007996435013632,0.07547710929281527,dataset,False,2.0,79.77631946247968,20.223680537520323,-0.5291659256090924,0.21165726886388114,0.29238172299224174,0.21844299946075865,1.5269607040794093,15.36607261658375,1.0051582030861281,137.2480078686504,135.60351627615498,488.4549942701834,68.6240039343252,-0.2679234107954699,-0.31975714085880935,32.50243147702471,32.388359197802906,39.839022256254516,1.844864880332123,75.0,,77.7344676795305,76.1323662642189,74.29517994152012,69.02183380987069,77,False
nasa,B0005,79,1.5747301747801037,24.0,3103.828,3.519146638240668,2.6892528956736257,4.198150316653697,1.8298408761937657,2.0160583834613157,32.31731555011648,39.41794949618613,23.81400684876703,5.563177599625904,1.5775704607498526,10806.437000000005,4.161013971943199,4.210057230429361,0.5649865230510969,3.7920672983852324,25.595338590346493,29.561095605794584,1.603633738312933,6.562358823176762,0.05487320211540928,0.07934403644117197,dataset,False,2.0,78.73650873900519,21.26349126099481,1.0398107234744884,0.2900243296490359,0.32338466173542996,0.22803549038771934,1.5088974209800714,15.603942647419103,0.9837473626674257,138.82557832940026,137.2071500144679,494.01817186980935,69.41278916470013,-0.26326621024891866,-0.31473487964507524,32.48861368405716,32.38354999567994,39.839022256254516,1.8420616501540088,75.0,,77.44370539945209,75.87429969244934,74.80459149068348,68.76182075128112,78,False
nasa,B0005,80,1.5649019950937946,24.0,3095.094,3.516233648608237,2.688809122993162,4.198524048997099,1.823708460193854,2.0176016183677974,32.06376130177751,39.262781682151214,23.405971076202263,5.522846592484249,1.567712078419836,10805.265,4.1629084383191435,4.209716534256135,0.5584479601160856,3.780997640483466,25.09978697110705,29.019647107560132,1.5843284766426966,6.488773915424196,0.055240499862766274,0.08002359358228964,dataset,False,2.0,78.24509975468973,21.754900245310267,0.49140898431545565,0.31425448229783515,0.32283945765957583,0.2391750450235574,1.5097149260039369,15.85681060594895,0.9895120245152242,140.3932904078201,138.7914784911106,499.5410184622936,70.19664520391005,-0.26686583577485834,-0.3130801564229975,32.44497261953931,32.37937649709701,39.839022256254516,1.8387070620521957,75.0,,76.9118299471279,80.29094495653295,74.04002973464492,68.52564012447505,79,False
nasa,B0005,81,1.5597659473370362,24.0,3095.781,3.514773138461639,2.6743555987897745,4.198840869468569,1.8177240286719039,2.018404141903304,32.21997626855924,39.47237839941986,23.504268200620626,5.502999626339016,1.5626347890234091,10208.062,4.161556080063684,4.209586501290089,0.587628049850611,3.7785963302065984,25.10980717855015,28.88550118608269,1.572726520367653,6.443906712047289,0.055080368328742545,0.08045008161921993,dataset,False,2.0,77.98829736685181,22.01170263314819,0.2568023878379222,0.31179769092061493,0.3120811831919542,0.2920366043334124,1.5244852706787944,15.968110198799234,0.9935832891392429,141.9559251968435,140.36420501147828,505.04401808863264,70.97796259842175,-0.2651394319813745,-0.3128450581674088,32.416869948025784,32.38587448950939,39.839022256254516,1.8347917413203398,75.0,,76.39571291255139,78.19245723372212,73.48771634233412,68.52542783135199,80,False
nasa,B0005,82,1.5594815668184234,24.0,3094.328,3.5132992979150073,2.6430294964336345,4.198119631667182,1.8179607964048694,2.016777852675889,32.7120225448885,40.037541469513684,23.986241979219916,5.50157399112545,1.5623270339266233,10807.219,4.163963297107284,4.2090401069219165,0.5522537779402243,3.7792507114042633,25.371319727334306,29.195907400785313,1.5676261332348638,6.423176362150518,0.05484578494342528,0.08099527914390654,dataset,False,2.0,77.97407834092117,22.025921659078833,0.01421902593064317,0.25922046779080715,0.30210356863353693,0.2712222788555195,1.5550901352335473,16.05129949029377,0.996619666388627,143.51825223077014,141.93183114471313,510.5455920797581,71.75912611538507,-0.2623943690635251,-0.3093762451425532,32.440782928290254,32.41531855418202,40.037541469513684,1.8320936207267657,75.0,,76.42626314878223,77.40457623883893,72.69506137422964,68.23677554340759,81,False
nasa,B0005,83,1.55468935359061,24.0,3086.531,3.514484830704665,2.6584858447131823,4.198320288264955,1.8172828219040265,2.019500858990014,32.945022147355694,40.142730162011574,24.332016492731967,5.486394938692131,1.5575841438159184,10805.906,4.163591474928629,4.209243624615146,0.5523363721864203,3.7809289932617984,25.937420351426873,29.781642735382384,1.5674354606816119,6.420814436005657,0.05808949268604193,0.07900611376190819,dataset,False,2.0,77.7344676795305,22.265532320469504,0.239610661390671,0.25936893079114326,0.302650292115822,0.2652147553595168,1.5398344435517726,15.810713669279608,0.9937150095727644,145.07583637458606,143.49926660539475,516.0319870184502,72.53791818729303,-0.2571733845817986,-0.30456896456937815,32.48480498839094,32.44444370595973,40.142730162011574,1.8293757642551232,75.0,,76.1323662642189,76.61877815934297,72.70731033617847,68.7696008447881,82,False
nasa,B0005,84,1.5488741079890418,24.0,3085.625,3.5109677353595243,2.629782173759164,4.1980467610750285,1.8110596769358045,2.025028692484549,32.857549597381336,40.1165626728546,24.210935532035016,5.460410060075624,1.5517039247947313,10655.937000000005,4.1634038590427345,4.209412194077453,0.5582272311742397,3.7769672465646154,25.854633339319907,29.71020972616952,1.561743678526556,6.398437439212707,0.05639999430512618,0.08181491967012575,dataset,False,2.0,77.44370539945209,22.556294600547915,0.2907622800784111,0.26320057701358907,0.30287383855043404,0.2604338557138101,1.5682645873158645,15.905627140819583,0.9935714458973852,146.6275402993808,145.06101028392132,521.4923970785259,73.3137701496904,-0.25320322374417537,-0.29947718177144816,32.519341611918875,32.45649249237611,40.142730162011574,1.8260886393789122,75.0,,75.87429969244934,76.34764134244853,72.75118759533416,69.30557575767696,83,False
nasa,B0005,85,1.538236598942558,24.0,3067.203,3.5109358749578012,2.6622967647315545,4.199047008209673,1.809523960162879,2.017188769565156,32.629663328789654,39.87503330866132,24.000424305912805,5.420822486326577,1.5410637467478043,10117.172,4.161977850610306,4.208856368304407,0.5868082728743487,3.7814796718164394,25.787542115810904,29.58766933151088,1.556655559895542,6.379527315737513,0.057159147914507935,0.08086696623694065,dataset,False,2.0,76.9118299471279,23.0881700528721,0.5318754523241864,0.26066316228885,0.3126865224744631,0.26637330563796185,1.5367502434781186,15.874609002748517,0.9899837744781613,148.1686040461286,146.61766584381687,526.9132195648524,74.0843020230643,-0.28349132427583634,-0.29633610518046544,32.536615122856325,32.46565979139729,40.142730162011574,1.8233245274365444,75.0,,80.29094495653295,75.84786508568163,72.4521081880618,68.49250017919469,84,False
nasa,B0005,86,1.527914258251028,24.0,3058.157,3.509393098217416,2.682380966742509,4.197669918520713,1.8026791040807892,2.0203529496154493,32.379859014262976,39.61961987024145,23.66809609847637,5.380457782613523,1.530754432026021,10805.86,4.165623166892737,4.2096723781735434,0.5445735858365148,3.7861373580329056,25.344864067680145,29.26425769721006,1.5459829018248712,6.339017239044356,0.056998793862942924,0.08250100764416027,dataset,False,2.0,76.39571291255139,23.60428708744861,0.51611703457651,0.28937369286596637,0.3139773008198017,0.2714628069461915,1.5152889517782042,15.951523771765082,0.9901496518616897,149.6993584781546,148.16364874564175,532.293677347466,74.8496792390773,-0.3256031768212647,-0.296784459235882,32.529895105639504,32.4691054076203,40.142730162011574,1.8204280895320024,75.0,,78.19245723372212,75.59487980071347,71.93354685740283,68.23913974630379,85,False
nasa,B0005,87,1.5285252629756445,24.0,3058.812,3.5066782411556563,2.6401894768922713,4.197600624105256,1.8032065293561197,2.016749317444538,32.68215852457039,40.067324667444815,23.845674209557426,5.380485141688906,1.5313879264373342,10806.328,4.166393374523762,4.209166908560572,0.5413928195405404,3.7861841057200616,25.2776605000605,29.166832065867634,1.5366370116023982,6.302981522015461,0.05791594677751306,0.08175057083151278,dataset,False,2.0,76.42626314878223,23.573736851217774,-0.030550236230837413,0.28208903880883585,0.2918977922806545,0.2599179705614017,1.5574111472129846,16.22165045788739,0.9965840435148765,151.23074640459194,149.70028575724416,537.6741624891549,75.61537320229597,-0.3337928073324428,-0.2961271608674157,32.565221303130286,32.4909488906804,40.142730162011574,1.8176312365499403,75.0,,77.40457623883893,75.32819480340552,71.67227160784894,67.71610233129982,86,False
nasa,B0005,88,1.522647325284378,24.0,3058.578,3.5109885623008092,2.693769409137257,4.197985718630326,1.7966214118109363,2.016964364118414,32.99387423636739,40.24716716520102,24.23969113753901,5.365015925957814,1.5255393237469248,10744.828,4.165957512196699,4.208895457764258,0.544783783149457,3.791529502108569,25.790973204291312,29.64168246762455,1.5381682642098542,6.307975972398645,0.0585831887959693,0.08269416457353587,dataset,False,2.0,76.1323662642189,23.867633735781098,0.2938968845633241,0.3643953198260775,0.30384384540706433,0.2602757231408941,1.504216309493069,16.007476027662012,0.9917896235692935,152.75628572833887,151.238454021454,543.0391784151127,76.37814286416943,-0.28854283786296575,-0.29252179329970873,32.58012025140692,32.515396440245695,40.24716716520102,1.812960766571495,75.0,,76.61877815934297,75.07726763335681,71.66979450419048,67.73208509189482,87,False
nasa,B0005,89,1.5174859938489869,24.0,3049.328,3.510305462695178,2.695787450704935,4.198164128530042,1.7960332728517656,2.0177154474110517,33.04539707211165,40.30253125568348,24.30453859448875,5.345596017946124,1.5203995123152785,10804.797000000006,4.166355420900779,4.209632701272167,0.5396372356377311,3.793788356541067,25.936121509912226,29.84083319742673,1.5311296281805664,6.279597879353698,0.05684411239635824,0.082272625759776,dataset,False,2.0,75.87429969244934,24.12570030755066,0.25806657176956094,0.2862209046555847,0.2924607642648368,0.25554772195284187,1.502376677825107,15.997992661194733,0.9929920264961246,154.27668524065413,152.76958364963457,548.3847744330589,77.13834262032707,-0.28252081207606156,-0.29088186383222137,32.65292840360644,32.5448523425591,40.30253125568348,1.8095800062372949,75.0,,76.34764134244853,74.54222025200119,71.403243672388,67.73519606596203,88,False
nasa,B0005,90,1.605818899130659,24.0,3177.219,3.5222215314850214,2.6920548172137724,4.222920057935785,1.822944713643187,2.017087516284557,32.856295641052824,40.09418103142496,24.112523495131093,5.679568548293074,1.6086429679849252,10804.797000000006,4.166355420900779,4.209632701272167,0.5396372356377311,3.793788356541067,25.936121509912226,29.84083319742673,1.5311296281805664,6.279597879353698,0.05667203462955093,0.08291573296417665,dataset,False,2.0,80.29094495653295,19.709055043467046,-4.416645264083613,-0.2045845201843221,0.10638993923517376,0.16721885594827796,1.530865240722013,15.981657536293866,1.0506249362416606,155.88532820863907,154.30071327781513,554.064342981352,77.94266410431953,-0.033658018759493195,-0.24519990930775692,32.73218183753396,32.556449396402535,40.30253125568348,1.8095036315822282,75.0,,75.84786508568163,74.29341922806006,71.14601590870593,67.4657498751729,89,False
nasa,B0005,91,1.5638491446744425,24.0,3082.937,3.5163492154331264,2.629071246219689,4.200423045909808,1.8294710216423313,2.0177115857667665,33.33950238056361,40.52238496316615,24.719311536144843,5.525941928043904,1.5666770365027176,10802.578,4.165583011785556,4.209028477452613,0.547825079991849,3.798804009542813,25.891013405303514,29.683647277202674,1.5544942274256446,6.374563323603839,0.058223361510524915,0.07615092115486195,dataset,False,2.0,78.19245723372212,21.807542766277876,2.0984877228108303,-0.020415986687031307,0.18000982531811816,0.2040229659917628,1.5713517996901194,15.803073427021303,1.0078371529865688,157.45200524514178,155.85520750524077,559.5902849093959,78.72600262257089,0.058823525010400245,-0.2194225560236271,32.84413444873441,32.59141231092434,40.52238496316615,1.810678330879271,75.0,,75.59487980071347,74.02068389880529,70.8714516365654,67.20945968985276,90,False
nasa,B0005,92,1.5480915247767786,24.0,3074.266,3.5134397623234963,2.631343871050918,4.198372063670128,1.8163541106104555,2.0160877086861952,33.35156485472646,40.56886357314186,24.73538913848975,5.464433733305601,1.55092813277257,10544.452999999994,4.161450485098774,4.209763047586473,0.5681540753897639,3.7814302641150186,26.42800153627129,30.299187661483778,1.5720774035767464,6.435772734570508,0.05869361561103209,0.08099673983388944,dataset,False,2.0,77.40457623883893,22.595423761161072,0.7878809948831957,0.05695021020822395,0.18912451470670477,0.2142235456325301,1.56702819261921,15.83347443465211,0.9865469278064437,159.00293337791436,157.4272849088175,565.0547186427015,79.50146668895718,0.10490714167164907,-0.2030563605762925,32.908088679718205,32.631592646936674,40.56886357314186,1.8105176622998294,75.0,,75.32819480340552,73.76047934515816,70.6204614397223,66.94956895347877,91,False
nasa,B0005,93,1.5323755631868592,24.0,3066.0,3.515137522009075,2.6983970036642315,4.198353213898968,1.8034084947236912,2.0174325692631547,33.147486361012966,40.27804845768325,24.494140877553082,5.408053847919241,1.535251100320192,10701.125,4.163428705620306,4.208874914689389,0.5539769898581274,3.7704677067191414,26.21556986443908,30.159651359558897,1.5566235896012353,6.37613566598333,0.05687355099054793,0.08079234772463807,dataset,False,2.0,76.61877815934297,23.381221840657034,0.7857980794959616,0.11156895201875301,0.21096455967102087,0.2352417293069854,1.4999562102347364,15.783907580130165,0.986269969552165,160.53818447823454,158.98390849841874,570.4627724906208,80.26909223911727,0.09905805659594778,-0.19270464551844257,32.92833510108393,32.66263054375135,40.56886357314186,1.8091302295817957,75.0,,75.07726763335681,74.29517994152012,70.62893964700964,66.94572615103486,92,False
nasa,B0005,94,1.5269528268489705,24.0,3056.437,3.50830390643132,2.6338485871981514,4.197873789078739,1.8027403040636887,2.017976023705107,33.007275861749356,40.2921849196155,24.254986942423244,5.379735580805939,1.529833465491128,10805.813,4.165103475733391,4.209803512518001,0.5426312960406565,3.7856876338390446,25.960695609651008,29.922619314028488,1.540094278624397,6.312283058643315,0.058401226760293384,0.0816166339541188,dataset,False,2.0,76.34764134244853,23.652358657551474,0.27113681689444036,0.10960640570035593,0.21156442772188086,0.23571553289417635,1.5640252018805874,16.037197977192257,0.9933375422039528,162.06801794372566,160.52400277704314,575.8425080714267,81.03400897186283,0.07255904792910875,-0.18336012224063622,32.943307727520725,32.68470183902964,40.56886357314186,1.8082982922945845,75.0,,74.54222025200119,74.80459149068348,70.37991865734948,66.70033379880827,93,False
nasa,B0005,95,1.5169573017136326,24.0,3048.219,3.509190808443004,2.671566207861818,4.197955644238241,1.7959087273263283,2.016684455267326,32.91990812745461,40.184384347174266,24.1488106351578,5.343712443595246,1.5198305658357811,10693.438,4.1653575923861625,4.208872213190271,0.5468255238242754,3.7831325853036097,25.838168915840225,29.789042272226812,1.535634001328074,6.296042705825978,0.05713926164978321,0.08203042743610463,dataset,False,2.0,75.84786508568163,24.152134914318367,0.49977625676689286,0.10639648614462657,0.22159117967945804,0.23477318535278158,1.526389436376423,16.035573712016465,0.9897088528395271,163.58784850956144,162.0596367783712,581.1862205150219,81.79392425478072,-0.003373222389004572,-0.17705144614737758,32.972332207387225,32.70149128624959,40.56886357314186,1.8069367690109293,75.0,,74.29341922806006,74.04002973464492,71.66960242610739,66.43222154587457,94,False
nasa,B0005,96,1.5118975960142693,24.0,3039.218,3.5068097579555353,2.6540810507928123,4.197918434710392,1.795435245909757,2.0185074328810417,32.99903328622305,40.320066232195046,24.205952380559673,5.322789812727109,1.5147978516375922,10708.406,4.166173127483916,4.209853693640944,0.5421061262523846,3.792785768996613,25.811823765569297,29.7396171935254,1.5248368477156764,6.253816339547904,0.056846750542401,0.08430934905296765,dataset,False,2.0,75.59487980071347,24.40512019928653,0.25298528496816175,0.08008331118379175,0.22045577901377952,0.22995200878173136,1.5438373839175794,16.114113851635373,0.9934163473993146,165.10264636119902,163.5844736260869,586.509010327749,82.55132318059951,-0.11461594859901196,-0.17163035301455207,33.03424963458323,32.72141249835073,40.56886357314186,1.8062123831938262,75.0,,74.02068389880529,73.48771634233412,71.91275088396453,66.1585449613811,95,False
nasa,B0005,97,1.5065638960681105,24.0,3039.047,3.50609090727422,2.656849703962618,4.197739340034368,1.7893867442508242,2.0206154364574687,33.03772281691292,40.336505612651585,24.228213693022468,5.3022549626548106,1.5094442314987477,10805.297000000006,4.166879439346124,4.2088630113100365,0.5356248787379435,3.8005026292725193,25.866599042915986,29.817451931587808,1.5204508317827654,6.2367588590032605,0.05971458306876328,0.08128077873787101,dataset,False,2.0,75.32819480340552,24.671805196594477,0.2666849973079479,0.10980683453767029,0.20952352861694862,0.22952745511660338,1.54088963607175,16.108291919629117,0.9927609627000485,166.61209059269777,165.10492445786966,591.8112652904039,83.30604529634888,-0.22866137876996917,-0.16983134590966895,33.06980606381748,32.7440057013375,40.56886357314186,1.8048304046832964,75.0,,73.76047934515816,72.69506137422964,70.86773587242763,65.90845794222598,96,False
nasa,B0005,98,1.5015453526671363,24.0,3030.375,3.5037157727265953,2.6363048614501152,4.19785490446139,1.7884515415769178,2.0174212119307557,33.07740307192613,40.43267631588412,24.25745983903501,5.281445667710866,1.5044441128742918,10363.61,4.16582569935258,4.208838075023042,0.5565481835119465,3.7962708461734964,25.932238529516265,29.804974649979396,1.5137289528609537,6.2103257193949615,0.057876489486257204,0.0827621596207595,dataset,False,2.0,75.07726763335681,24.92273236664319,0.2509271700487119,0.10550986308620906,0.2100355741634047,0.29207866219022466,1.5615500430112745,16.175216476849112,0.9938662466823315,168.11653470557206,166.61865341073062,597.0927109581147,84.05826735278603,-0.3626769517886913,-0.16870055129185843,33.07815894737335,32.76690976236059,40.56886357314186,1.8040134176598948,75.0,,74.29517994152012,72.70731033617847,70.34908318388216,65.92332218320168,97,False
nasa,B0005,99,1.4908444050400238,24.0,3021.0,3.5067479961367156,2.69951692300468,4.197306756122815,1.7816042586946859,2.0224772834102507,33.05467981523988,40.314538591575015,24.228985806758885,5.24532040443018,1.4937377998375865,10805.094,4.16768143102544,4.209529411772671,0.5316635610137629,3.7967349999162745,25.8627841242131,29.81518660623584,1.5095481449980848,6.194428455121638,0.057106052592570886,0.08389339159553517,dataset,False,2.0,74.54222025200119,25.457779747998813,0.5350473813556249,0.13320794404481545,0.22133963670347157,0.29234461728730365,1.4977898331181354,16.08555278481613,0.9895264386148357,169.61027250540965,168.1282015557287,602.3380313625449,84.80513625270483,-0.5302922912313027,-0.1709939681004217,33.07908722168618,32.788609620486106,40.56886357314186,1.8025705162441867,75.0,,74.80459149068348,72.75118759533416,70.06018891793812,65.9146520051351,98,False
nasa,B0005,100,1.485868384561201,24.0,3021.75,3.5058813026542324,2.698216006032282,4.197528212001444,1.7753188621341638,2.0179249554704706,33.11570360624461,40.386661855917744,24.27409668200787,5.226254316365284,1.488781083765113,10805.5,4.168396588809721,4.209662720393985,0.5282070765197222,3.7954231603196398,25.876664410701412,29.836684573126362,1.4993851882626978,6.1545928140943325,0.05832440115222774,0.0823356083860003,dataset,False,2.0,74.29341922806006,25.70658077193994,0.2488010239411267,0.5997525728472894,0.20900169367825355,0.2814958230666946,1.499312205969162,16.112565173909875,0.9929276982455245,171.09905358917476,169.6275867439914,607.5642856789102,85.54952679458738,-0.40088916055060764,-0.1768999742660115,33.10502801820535,32.81496063595928,40.56886357314186,1.7978079310932844,75.0,,74.04002973464492,72.4521081880618,69.83504116363164,66.19362111221339,99,False
nasa,B0005,101,1.480413677976106,24.0,3012.265,3.504168333530808,2.6911707598773864,4.19743662221161,1.774316365086602,2.018486701026112,33.12942148982364,40.43384612547835,24.26045465629052,5.204421249927886,1.483275694734619,10806.844,4.168735204362698,4.209010138135633,0.5261197422402496,3.790160126869453,25.90081245653995,29.863474041359538,1.4936370108605346,6.1318865086676455,0.05853988727737317,0.08259957408588693,dataset,False,2.0,74.02068389880529,25.979316101194712,0.27273532925477184,0.41717733349168357,0.21075063769623056,0.2766041070592007,1.5062658623342235,16.173391469187827,0.9930630293367289,172.5823292839094,171.12122375485194,612.7687069288381,86.2911646419547,-0.35356440233819475,-0.18359439126511856,33.08401992913136,32.84225512809498,40.56886357314186,1.7922924654377113,75.0,,73.48771634233412,71.93354685740283,69.5642394426363,68.00608383277392,100,False
nasa,B0005,102,1.4752095869031632,24.0,3002.641,3.5030568931470634,2.690162319231471,4.197717228550219,1.7739323101229758,2.0172029187594718,33.130681310493344,40.44479269068758,24.246954155128837,5.184214862199954,1.4780664710356213,10367.906000000003,4.167738533245543,4.209286321889628,0.5470458119378756,3.7995718720122174,25.961139619102717,29.847879865816882,1.4886854144096886,6.112561704212812,0.057610002271573896,0.08361769407052744,dataset,False,2.0,73.76047934515816,26.23952065484184,0.260204553647128,0.3644096893680768,0.21946696766849697,0.27166103108062745,1.5075549093187477,16.19783853555874,0.9928668990296529,174.060395754945,172.60990916926164,617.9529217910381,87.0301978774725,-0.32239106992399735,-0.1890607626163688,33.06193157470805,32.874326518528214,40.56886357314186,1.7880502853889635,75.0,,72.69506137422964,71.67227160784894,69.31143838989175,66.97653433973677,101,False
nasa,B0005,103,1.4859035988304024,24.0,3012.0,3.4982324882487936,2.6355034454892072,4.192454851360723,1.7809908306486102,2.017032616337778,33.20069210329718,40.58499656066617,24.337824191545764,5.217622076722036,1.488774719753461,10806.719,4.169622465731045,4.20906168640711,0.5222441821757315,3.7990338355492006,25.847581583069786,29.817445053015998,1.4833120215540487,6.091953319758918,0.05687744083786221,0.08453629957179691,dataset,False,2.0,74.29517994152012,25.704820058479882,-0.534700596361958,0.23235982178228481,0.21924558083838236,0.255813651915312,1.5569514058715157,16.247172369120406,1.003682770799423,175.54917047469846,174.09322119081568,623.1705438677601,87.77458523734923,-0.270267917630018,-0.18007925828994456,33.067252148936475,32.88855881251605,40.58499656066617,1.7858085189814552,75.0,,72.70731033617847,71.66979450419048,69.02183380987069,66.45143282560349,102,False
nasa,B0005,104,1.4960918298136696,24.0,3020.11,3.5065859365661325,2.6594753656507684,4.202845001527377,1.7879638259714314,2.020648432189961,33.78697527817091,40.99869158762305,25.05068794027295,5.268265429268696,1.499006053181257,10043.172,4.1683659306021825,4.209837365677117,0.5660708819929412,3.8037651552224965,26.343040591685405,30.0408863638767,1.4916614220510864,6.13177430718101,0.05841225795718409,0.07816622903600336,dataset,False,2.0,74.80459149068348,25.195408509316522,-0.5094115491633602,0.15430498517650476,0.15727668993286842,0.2403306758341492,1.543369635876609,15.948003647350099,1.0049237923711076,177.04817652787972,175.58488261286678,628.4388092970288,88.52408826393986,-0.18026964174647964,-0.17257733957448243,33.14522209057863,32.947345201638235,40.99869158762305,1.7843308711722294,75.0,,72.75118759533416,71.403243672388,68.76182075128112,66.18370637499478,103,False
nasa,B0005,105,1.4808005946928984,24.0,3002.172000000006,3.501457140697961,2.644554999824577,4.197952808231904,1.780299388544082,2.018056806197647,33.673365085761986,40.997807625227495,24.845214918132577,5.205237376265943,1.483694098516326,10569.812,4.16712940529248,4.2098269996566815,0.5426772395852447,3.7880092299940564,26.57680877670008,30.484119019984476,1.506116784654351,6.180542942863651,0.06019789084807145,0.08377346645248043,dataset,False,2.0,74.04002973464492,25.959970265355082,0.7645617560385602,0.1807835351036715,0.1682028008017926,0.2455211292306842,1.5533978084073272,16.152592707094918,0.985112252670917,178.53187062639606,177.09099939752113,633.6440466732947,89.26593531319803,-0.1465895169250808,-0.17402245210536074,33.22056778640936,33.01172935299761,40.99869158762305,1.782769937294005,75.0,,72.4521081880618,71.14601590870593,68.52564012447505,65.93169483766465,104,False
nasa,B0005,106,1.4697543268466824,24.0,2992.703,3.501658387162809,2.6719601666204564,4.198017952345714,1.7731170790561723,2.017916668624779,33.535818118317145,40.84213757482493,24.68293151974539,5.164275378558235,1.472622912706386,9917.203,4.165918636441142,4.209674359299608,0.5722093435528285,3.780497203202185,26.497126053434993,30.320993292587357,1.4877716352063515,6.108013442517851,0.05988352416265757,0.08361156763608181,dataset,False,2.0,73.48771634233412,26.512283657665876,0.5523133923107935,0.2107163458379347,0.18002324098070743,0.24605221208633082,1.526057785725258,16.15920605507954,0.989817844256814,180.00449353910244,178.57877103272747,638.808322051853,90.00224676955122,-0.1379881070332218,-0.17989919673591268,33.27424626961877,33.06436302698793,40.99869158762305,1.7805381206086466,75.0,,71.93354685740283,70.8714516365654,68.52542783135199,65.67375660662135,105,False
nasa,B0005,107,1.4539012274845928,24.0,2964.468,3.4966186408455298,2.6598211033173382,4.192162800008929,1.7707046619097417,2.027591717224413,33.32269982188509,40.69012464267011,24.442107279152207,5.10074321994847,1.4568215646542753,10317.406,4.167385475237739,4.209167062707327,0.5392961068232658,3.78354069112842,26.23246228056812,30.154996545118347,1.4688834487424491,6.032074042741117,0.058875120497055886,0.08370562422038381,dataset,False,2.0,72.69506137422964,27.30493862577036,0.7926549681044861,0.2633133429175885,0.21116067866766117,0.25663212365059906,1.5323416966915908,16.248017363517906,0.9917883994822732,181.4613151037567,180.04765448146992,643.9090652718014,90.73065755187835,-0.1648600472417791,-0.18977296131249216,33.302743970116,33.08879011806779,40.99869158762305,1.7786699123745382,75.0,,71.67227160784894,70.6204614397223,68.23677554340759,65.66010317221101,106,False
nasa,B0005,108,1.4541462067235693,24.0,2983.375,3.4991645719433246,2.688360455508818,4.196993378341778,1.7601011563823776,2.017344770444764,33.346230327490304,40.69938049882204,24.375162099510042,5.103266358770504,1.4570506687226927,10806.109,4.1703511098068216,4.208855011933893,0.5179640577780269,3.786992198738482,26.000979471677365,29.97682928823835,1.471555902067553,6.045655303769956,0.05844518592952695,0.0843513765148262,dataset,False,2.0,72.70731033617847,27.292689663821534,-0.012248961948827741,0.23699572971783453,0.2010862937340812,0.2518682929249516,1.5086329228329602,16.324218399311995,0.9901429274114015,182.9183657724794,181.51921038353748,649.0123316305719,91.4591828862397,-0.1758755714178723,-0.1978689828798406,33.32962669567241,33.104838445273174,40.99869158762305,1.7758348738550844,75.0,,71.66979450419048,70.62893964700964,68.7696008447881,65.38979973472176,107,False
nasa,B0005,109,1.455023751906683,24.0,2975.297,3.496080777360074,2.6376728619288525,4.197603515102162,1.7656363959382297,2.017072416845675,33.64948900485925,41.06026204078849,24.70475717255037,5.104470685434933,1.457905153084637,10041.921,4.1685257209213695,4.2093630515127325,0.5541522539066256,3.779886472168926,26.304406677546186,30.08507492258316,1.4606339994292,6.002021492334687,0.06055121054997781,0.08328051476741821,dataset,False,2.0,72.75118759533416,27.24881240466584,-0.04387725915569263,0.1791032656667028,0.18770071216471707,0.24528727535757555,1.5599306531733093,16.355504868238118,0.9981317384467092,184.37627092556403,182.9798443829667,654.1168023160069,92.18813546278201,-0.19144086085551096,-0.20460056228396012,33.38910761463435,33.13651602157229,41.06026204078849,1.7742380875794386,75.0,,71.403243672388,70.37991865734948,69.30557575767696,65.1516459320296,108,False
nasa,B0005,110,1.449042163761236,24.0,2974.9850000000006,3.4959014526387993,2.645120521151077,4.196406678544622,1.758865606625853,2.0179388823247932,33.79269513542102,41.19696040482682,24.851431185422516,5.082670664301841,1.4519390460066037,10719.281,4.170374029841988,4.2099281798934305,0.5183929425340349,3.795520340383196,26.488314685413716,30.388201652887467,1.461931768430352,6.006524009329425,0.05995025589217596,0.0831904359131708,dataset,False,2.0,72.4521081880618,27.5478918119382,0.2990794072723588,0.184131103999826,0.17838887036264395,0.24553769641855352,1.551286157393545,16.345529219404302,0.993164713538938,185.82820997157063,184.44177615139705,659.1994729803088,92.91410498578531,-0.21819682068993304,-0.21580200012143463,33.45680676755199,33.18303729383754,41.19696040482682,1.7725927620286075,75.0,,71.14601590870593,71.66960242610739,68.49250017919469,65.16786779519103,109,False
nasa,B0005,111,1.4386709371480566,24.0,2966.25,3.49758697990267,2.698012437629632,4.197098662004674,1.7517161303689361,2.029098489464331,33.52446663707275,40.84446688602949,24.582992198113057,5.04523279959342,1.4415351972566752,10804.719,4.171060912120711,4.209625447385018,0.5131309385757034,3.7930416938652813,26.360634597576503,30.35093185395905,1.4580011708064538,5.991494705648555,0.05956501303684226,0.08487011380929321,dataset,False,2.0,71.93354685740283,28.06645314259717,0.5185613306589687,0.20871370414024568,0.1784866422059423,0.24623197151287202,1.4990862243750418,16.26147468791643,0.9887064743983225,187.2697451688273,185.8997773222035,664.2447057799022,93.63487258441366,-0.2691013776015571,-0.23352077308070698,33.4963112822769,33.22882159874994,41.19696040482682,1.770332738556841,75.0,,70.8714516365654,71.91275088396453,68.23913974630379,65.17050219327821,110,False
nasa,B0005,112,1.433445432156979,24.0,2956.359,3.4956989619989507,2.6928942772989077,4.196909312093871,1.751329545286535,2.025048878675005,33.39042251934235,40.764203830749366,24.38167771883123,5.023804004912511,1.4363703191161,10805.687,4.172102471144396,4.209994497945742,0.5090356783137009,3.784631939017424,26.01371119236736,29.97632430805407,1.446107307594643,5.945727181009818,0.059853349010250065,0.08473917663733575,dataset,False,2.0,71.67227160784894,28.32772839215106,0.2612752495538899,0.20882077373092187,0.1901596616373314,0.24102872695899294,1.5040150347949637,16.382526111918136,0.9932667593702027,188.7061154879434,187.34588462979815,669.2685097848148,94.3530577439717,-0.32630565119982974,-0.2499133797849772,33.5222854031618,33.25715215854082,41.19696040482682,1.768072462073197,75.0,,70.6204614397223,70.86773587242763,67.71610233129982,64.89435403247853,111,False
nasa,B0005,113,1.4333958900838095,24.0,2956.344,3.492875380810072,2.6483923655058113,4.197105220217278,1.7512146419396462,2.0170494375017745,33.67370212742761,41.11212504270441,24.640411065560848,5.02144565611644,1.4363010479982834,10011.406,4.169895005190017,4.209645673539432,0.5479316188878623,3.7881526416328097,26.297723923750286,30.072488379955132,1.4391291709364153,5.917536162748461,0.05874548029308314,0.08711721350349075,dataset,False,2.0,71.66979450419048,28.330205495809523,0.002477103658463875,0.26253854373296404,0.178502870401137,0.24117335790410066,1.5487128547114666,16.471713977143565,0.9980348373202026,190.1424165359417,188.78501380073456,674.2899554409312,95.07120826797085,-0.32268672418189825,-0.26561090433716394,33.56958640557484,33.284345274183224,41.19696040482682,1.7650948432023004,75.0,,70.62893964700964,70.34908318388216,67.73208509189482,64.90367528459451,112,False
nasa,B0005,114,1.42806487344776,24.0,2956.406,3.49551076423368,2.6832134764261997,4.196244829545076,1.7446714395475946,2.017587381204539,33.91080564765892,41.27256611507568,24.932873139487384,5.005302837423021,1.4309326540458258,10806.625,4.172224402561897,4.2095192868246425,0.5067633615887354,3.787652905735484,26.460055536819574,30.336671946542243,1.440918014446584,5.924546146249392,0.06083767084489383,0.08490902777488013,dataset,False,2.0,71.403243672388,28.596756327612,0.2665508318024763,0.3401347818295477,0.1788422408024536,0.23565150253364522,1.5130313531188766,16.3396929755883,0.9930701397993186,191.5733491899875,190.22593181518116,679.2952582783543,95.78667459499376,-0.26782330971406115,-0.28291681631597065,33.58196944252364,33.31896161720511,41.27256611507568,1.7607656045599167,75.0,,70.37991865734948,70.06018891793812,67.73519606596203,64.67318069221216,113,False
nasa,B0005,115,1.4229203181741186,24.0,2947.266,3.4942333590450834,2.684960445221862,4.1968026018066595,1.7436703980732875,2.0245398824990146,33.7850680599871,41.15574924454392,24.80325379769347,4.984921553651983,1.4257847397728802,10805.563,4.172390702305611,4.209686875098169,0.5056188779860936,3.7934031719292136,26.522125341707824,30.483128850170555,1.4365408652914156,5.906840093816665,0.05993762786815949,0.08479950183605617,dataset,False,2.0,71.14601590870593,28.853984091294066,0.25722776368206723,0.2894013825938984,0.3657971619130808,0.2360935505741273,1.5118421565847977,16.35249544685045,0.9925124820473845,192.9991339297604,191.66247268047258,684.2801798320062,96.4995669648802,-0.23673282587030453,-0.2549914119186519,33.59313973994615,33.356112513962486,41.27256611507568,1.7571027055128376,75.0,,71.66960242610739,69.83504116363164,67.4657498751729,64.4001696309559,114,False
nasa,B0005,116,1.417429032731308,24.0,2937.984,3.491197414255986,2.669922120529456,4.196227405416926,1.742586639640644,2.01689808000431,33.61126807392732,41.03237216951879,24.578577776974136,4.960907056314797,1.4202915200747075,10807.219,4.17292540089804,4.209097023225327,0.503358656635259,3.7849188788658266,26.304507189511508,30.274856346189882,1.4305742228979772,5.883936413563876,0.05959588691816853,0.08518775171680287,dataset,False,2.0,70.8714516365654,29.128548363434604,0.27456427214053747,0.2616264705768728,0.29284022388626907,0.2364250246021936,1.5263052848874703,16.45379439254465,0.9928121850242488,194.4194254498351,193.09304690337055,689.241086888321,97.20971272491755,-0.22236051240717938,-0.24355076337856216,33.60068473550717,33.366983141697034,41.27256611507568,1.7540496615712846,75.0,,71.91275088396453,69.5642394426363,67.20945968985276,64.37262610689703,115,False
nasa,B0005,117,1.412409228794446,24.0,2929.125,3.4889094081576237,2.664105530655056,4.196558172556389,1.7420413740670528,2.0197651300783948,33.45598581472246,40.937269906716935,24.354940329833727,4.9397663764946245,1.4153335483519918,10805.547,4.173506980483201,4.20966048778739,0.5019009567309177,3.7833729238324505,26.033862750089828,30.035870598156723,1.4260008706877956,5.866900118630576,0.058400743519397356,0.08632938236969102,dataset,False,2.0,70.6204614397223,29.379538560277695,0.250990196843091,0.2074599934507333,0.2713645919646649,0.23024455333568483,1.5324526419013331,16.582329576883208,0.9925194138691804,195.83475899818708,194.51904777405835,694.1808532648156,97.91737949909354,-0.24280993839375378,-0.23667421460650823,33.614013334790904,33.37115998009688,41.27256611507568,1.7511833327870157,75.0,,70.86773587242763,69.31143838989175,66.94956895347877,65.45076821153677,116,False
nasa,B0005,118,1.412578792940193,24.0,2928.454,3.487376295811431,2.634098605983684,4.196870541112335,1.742181032221019,2.0182280835485455,33.723267448788484,41.240704611971786,24.616751003686066,4.939588757711991,1.4154569549466542,10510.453,4.173120289801623,4.209800153781022,0.5141489536591944,3.7783214303674972,26.173877726061654,30.03736523711485,1.4195692421022816,5.841578874124172,0.06260506440345279,0.08502111899525971,dataset,False,2.0,70.62893964700964,29.371060352990355,-0.008478207287339501,0.2078370689168821,0.23959354049333284,0.22527905008217686,1.562771935128651,16.62395360828572,0.9971031443668522,197.25021595313373,195.93861701616063,699.1204420225276,98.62510797656687,-0.23683365337403367,-0.23235883640897595,33.65171704692072,33.3941912236079,41.27256611507568,1.74939132037088,75.0,,70.34908318388216,69.02183380987069,66.94572615103486,66.25396643214678,117,False
nasa,B0005,119,1.4075983731469897,24.0,2929.375,3.491994243745711,2.68378702970616,4.196795527524874,1.7358994681512463,2.0178512019397976,34.050076369857344,41.43649987692296,25.013633898401757,4.927526316326989,1.4105336923381644,10202.781,4.171960284239058,4.208986473959438,0.5297120276083316,3.7757654753765975,26.58087845459433,30.351591057822837,1.4190224807526723,5.83831893833218,0.06115195391732467,0.08485577620272611,dataset,False,2.0,70.37991865734948,29.620081342650522,0.24902098966016695,0.23712689379846807,0.23870890740396192,0.2251366675629214,1.5130084978187144,16.4228659785212,0.9940178619228038,198.6607496454719,197.3576394969133,704.0479683388546,99.33037482273595,-0.21632280882638819,-0.22844591358315022,33.69177578342053,33.435903243932216,41.43649987692296,1.7464176275921814,75.0,,70.06018891793812,68.76182075128112,66.70033379880827,,118,False
nasa,B0005,120,1.4333920485221476,24.0,2946.031,3.491585878898649,2.660031949282934,4.189287343772767,1.7568416780989415,2.017223089332264,33.889346908026745,41.16703904201915,25.159494190646395,5.0220914614444885,1.4362924898976053,10140.858999999997,4.171902834988741,4.2094113854487585,0.5317457033030483,3.784466502357455,26.844678208638005,30.67648939138071,1.4155364921574343,5.824046452236925,0.059630601199984506,0.0850345675980089,dataset,False,2.0,71.66960242610739,28.33039757389261,-1.2896837687579108,0.07825057619544111,0.16713050638296978,0.1943608430312139,1.5292553944898328,16.007544851372753,1.0146629902197268,200.0970421353695,198.77317598907072,709.0700598002991,100.04852106768475,-0.11666155024967864,-0.21303542416330576,33.701440960681104,33.4746807951551,41.43649987692296,1.7462152347394901,75.0,,69.83504116363164,68.52564012447505,66.43222154587457,,119,False
nasa,B0005,121,1.4382550176792908,24.0,2955.438,3.495576227046425,2.650011641082063,4.201144545237731,1.7573416780114148,2.0257290511470427,34.067648550088656,41.36216559728765,25.21215090210571,5.046349223778607,1.441153232756685,10340.672,4.1712738901121105,4.209579923728784,0.532333500288673,3.803491370652066,26.650851656256684,30.448107672298725,1.4453971480562053,5.944675700402902,0.059630601199984506,0.0850345675980089,dataset,False,2.0,71.91275088396453,28.087249116035466,-0.24314845785714567,0.0020795973438296755,0.14728515666995748,0.1838704678418685,1.5511329041556676,16.15001469518194,0.9970638413772798,201.53819536812617,200.21857313712692,714.1164090240777,100.76909768406308,-0.02882348556767153,-0.19469629209017286,33.7557591519827,33.51742540570973,41.43649987692296,1.7467777895037382,75.0,,69.5642394426363,68.52542783135199,66.1585449613811,,120,False
nasa,B0005,122,1.4173547174485526,24.0,2937.625,3.4938988589692483,2.6936969083341418,4.196925753814179,1.7428335857439643,2.01734921830549,33.75168100943646,41.02198772703674,24.8439113089274,4.965911562249644,1.4202402661905456,10700.062999999995,4.171468491878122,4.208897768601187,0.5139779575939227,3.789079576736508,26.644530238931335,30.60906521554531,1.4456249983365157,5.942271129234995,0.060986669920577066,0.08583976882422588,dataset,False,2.0,70.86773587242763,29.13226412757237,1.0450150115369041,0.08045357354213109,0.17841835723911573,0.1939709429280322,1.5032288454800375,16.178076418109338,0.9824403063206707,202.95843563431671,201.66419813546344,719.0823205863273,101.47921781715836,-0.015152517261716788,-0.1858378955452706,33.79188500099211,33.545983733410665,41.43649987692296,1.745928193549481,75.0,,69.31143838989175,68.23677554340759,65.90845794222598,,121,False
nasa,B0005,123,1.406981663677643,24.0,2929.078,3.49159162968384,2.697073130067154,4.196901090271507,1.7353504197544476,2.016959683770622,33.46482299584788,40.78818812957494,24.47190444990649,4.92402835807867,1.4098717460926173,10628.938,4.172802234100528,4.208949896486924,0.5102626088528518,3.772572137699855,26.22137188976638,30.19378282488405,1.4251121148303798,5.862268683019949,0.06100425704109886,0.08588436114872877,dataset,False,2.0,70.34908318388216,29.650916816117842,0.5186526885454725,0.13207113203083196,0.18912737797898616,0.19958147607119542,1.4998279602043532,16.31628367966845,0.9893058457793151,204.36830738040933,203.0893102502938,724.006348944406,102.18415369020467,-0.020184887539455784,-0.18084521172513593,33.77099708783414,33.56148053036754,41.43649987692296,1.744341771330961,75.0,,69.02183380987069,68.7696008447881,65.92332218320168,,122,False
nasa,B0005,124,1.4012037783587625,24.0,2918.375,3.4885729299834787,2.6806995515145213,4.196688955833435,1.7344921598262548,2.0173176445033945,33.40210697922146,40.81506138506309,24.335820690902352,4.89926583541915,1.4040884709475545,10807.109,4.174124314497429,4.209016148652449,0.49805875134865857,3.7726433109881365,25.981908446070978,29.935657831042917,1.4149618195993683,5.823145031968525,0.06232914782727364,0.08822161138920462,dataset,False,2.0,70.06018891793812,29.93981108206188,0.28889426594403744,0.13430547544498808,0.17928125336252265,0.2003104450329971,1.5159894043189133,16.479240694160737,0.9923154473137004,205.7723958513569,204.50427206989318,728.9056147798251,102.88619792567845,-0.04273656025784093,-0.18023265305844563,33.72012722099039,33.5753776169268,41.43649987692296,1.7433238433588272,75.0,,68.76182075128112,69.30557575767696,65.9146520051351,,123,False
nasa,B0005,125,1.3967008232726328,24.0,2919.812,3.4869021151089825,2.6695398084864568,4.196339302740304,1.7281729028527344,2.0174893103299003,33.410688917712235,40.858374219876424,24.324432889352373,4.880795759144988,1.399608359298767,10722.515,4.174346392804098,4.209823901420775,0.49987418244049164,3.77909637061834,25.957258610228184,29.8881671331284,1.409086666721244,5.800276154228493,0.061502762788551504,0.0872699062901812,dataset,False,2.0,69.83504116363164,30.164958836368356,0.2251477543064766,0.131097474507429,0.17833512257713666,0.1936684081276951,1.5267994942538472,16.53394133052405,0.9932734389968135,207.17200421065564,205.9133587366144,733.7864105389701,103.58600210532782,-0.07843808558447779,-0.18073867518317993,33.6826893067629,33.5871770293855,41.43649987692296,1.741774093836772,75.0,,68.52564012447505,68.49250017919469,66.19362111221339,,124,False
nasa,B0005,126,1.391284788852726,24.0,2900.422,3.4855485210036417,2.671695307817951,4.196181412764837,1.7327380581794602,2.0162082324346313,33.38984948261314,40.839876773287166,24.27764742305546,4.859842275843864,1.3941729280301336,10772.969,4.17489016638359,4.209170290922202,0.4952166162204112,3.7805927268861135,25.910664889466272,29.861095412731405,1.4046849221863176,5.7832156591373405,0.06141907994833745,0.08720378292525818,dataset,False,2.0,69.5642394426363,30.435760557363693,0.27080172099533684,0.13072121939290895,0.17825777824675926,0.1945042079714949,1.5244861049468859,16.562229350231707,0.9925164754101421,208.5661771386858,207.31804365880072,738.646252814814,104.2830885693429,-0.13132429571326942,-0.18304223720623974,33.66054744763149,33.597594149097084,41.43649987692296,1.7407892356906536,75.0,,68.52542783135199,68.23913974630379,68.00608383277392,,125,False
nasa,B0005,127,1.3862287677978349,24.0,2901.375,3.4838912547260388,2.661289185949965,4.195770804194879,1.7261256572869232,2.0178551648279797,33.3700433438796,40.85376069244676,24.239023397259928,4.839005937424471,1.3890898805031338,10745.718999999997,4.17500186209585,4.209747743387126,0.49474279917231173,3.7967496368002682,25.915316403584885,29.859618167527618,1.3987999981301869,5.7597520661834265,0.06121665145307191,0.0872819262712242,dataset,False,2.0,69.31143838989175,30.688561610108252,0.2528010527445588,0.13090230498305572,0.17796163821065647,0.19871430293957673,1.534481618244914,16.614737295186835,0.9930582516156471,209.9552670191889,208.7168436569309,743.4852587522385,104.97763350959445,-0.1988873376730688,-0.18685335874790235,33.6519532005472,33.60716863043253,41.43649987692296,1.7391976640126405,75.0,,68.23677554340759,67.71610233129982,66.97653433973677,,126,False
nasa,B0005,128,1.3804366761974138,24.0,2901.187,3.483198941484065,2.667817533540102,4.195456241846729,1.7195921297098775,2.01649929452358,33.27215987470977,40.74795214258888,24.12349712975845,4.816395070393216,1.3833026424056671,10807.094,4.175515479681168,4.209894860161395,0.49036942367367997,3.7808181797700295,25.80295172183165,29.76623045605718,1.3947962584053637,5.7443909603458305,0.062704070176938,0.08679111809854424,dataset,False,2.0,69.02183380987069,30.978166190129315,0.28960458002106293,0.16071058371389596,0.2109338452659773,0.21508971305217983,1.5276387083066272,16.624455012830428,0.9917596452310269,211.3385696615946,210.11163991533627,748.3016538226317,105.6692848307973,-0.26581483321085786,-0.184568408175932,33.60684244313933,33.61002734128904,41.43649987692296,1.7369387737615267,75.0,,68.7696008447881,67.73208509189482,66.45143282560349,,127,False
nasa,B0005,129,1.3752364150256224,24.0,2891.64,3.4836274447098883,2.684008069130594,4.19654355365607,1.7186729733031645,2.0162911974216766,33.222444215660225,40.68794001196382,24.053006415445992,4.797910909259677,1.3781229872388638,10113.641,4.174292387595526,4.2090419862189705,0.5228694896409096,3.7726316335985777,25.798431586046714,29.659062062043006,1.388712527504559,5.720861385244984,0.06172613583587411,0.0883779260119075,dataset,False,2.0,68.76182075128112,31.23817924871888,0.26001305858956414,0.1618097906068357,0.24171082957609427,0.19949375975448136,1.5125354845254755,16.634933596517826,0.9923745627291747,212.71669264883346,211.50035244284084,753.0995647318914,106.35834632441673,-0.3440461877746471,-0.17553304255188681,33.52407922771961,33.58744609878861,41.43649987692296,1.7352161242767186,75.0,,69.30557575767696,67.73519606596203,66.18370637499478,,128,False
nasa,B0005,130,1.3705128024895008,24.0,2882.906,3.480172442538601,2.6585256208771644,4.194357133255019,1.7177612585976265,2.0164165307282076,33.26207748383125,40.7810749453613,24.058082195374322,4.777249741229466,1.3733895596398806,10585.812,4.175643593578711,4.2091512370452655,0.4955190399174129,3.79156342857451,25.716243739071537,29.636312800311195,1.3812267319534963,5.690786080637577,0.06185223703499693,0.08697922184678317,dataset,False,2.0,68.52564012447505,31.474359875524954,0.23618062680607466,0.31439623016323426,0.22057558440679487,0.19438919260429371,1.5358315123778543,16.722992749986975,0.9943259335109078,214.09008220847335,212.88157917479433,757.8768144731208,107.04504110423667,-0.3295678961128657,-0.17167513816689664,33.461352285300066,33.57099459471138,41.43649987692296,1.7313080823265867,75.0,,68.49250017919469,67.4657498751729,65.93169483766465,,129,False
nasa,B0005,131,1.3705085566270399,24.0,2883.265,3.478452148610975,2.6372250579822927,4.195863681881766,1.7177329322613766,2.0166833595676397,33.312029905516525,40.88159339768709,24.086387020526896,4.775272397477444,1.3733693330387395,10806.562,4.176577322242164,4.2089344930633095,0.485902846971967,3.7824454903358253,25.721597233349875,29.674942267630755,1.3821862521206567,5.695411673820096,0.06310358102659182,0.08852234569242505,dataset,False,2.0,68.52542783135199,31.47457216864801,0.00021229312305592885,0.3387323052612544,0.19849154043928535,0.1892573907099964,1.5586386238994736,16.795206377160195,0.993621034018831,215.4634515415121,214.26376542691497,762.6520868705983,107.73172577075604,-0.26078265292631664,-0.16910048917217338,33.38579042084285,33.56204306619936,41.43649987692296,1.727347207751583,75.0,,68.23913974630379,67.20945968985276,65.67375660662135,,130,False
nasa,B0005,132,1.3647355108681518,24.0,2882.969,3.4785782556105507,2.6514257735606432,4.1955845546644195,1.7110353118434487,2.0156447128046424,33.25287943255863,40.81191473576834,24.008188700976785,4.753877212610102,1.3675993107399471,10805.281000000003,4.176790229876768,4.20956126773023,0.4846646552524134,3.794059988721768,25.681959267638916,29.66255999018432,1.3786681529383855,5.681626461504083,0.06228746060457266,0.08923087570947913,dataset,False,2.0,68.23677554340759,31.76322445659241,0.28865228794440156,0.2630960329020041,0.17833143323288198,0.19474605595027156,1.5441587811037762,16.803726034791556,0.9919713513546773,216.83105085225202,215.64243357985336,767.4059640832083,108.41552542612601,-0.23635128618329598,-0.1732997275079962,33.33591026315507,33.5592502506263,41.43649987692296,1.7241673803615314,75.0,,67.71610233129982,66.94956895347877,65.66010317221101,,131,False
nasa,B0005,133,1.375392016895762,24.0,2891.656,3.4825195584604582,2.676384659108382,4.188483624251573,1.7185210755483786,2.015672372070857,33.745054045019884,41.11793533148924,24.719545529723796,4.79961220207709,1.3782569243514007,10733.391,4.176985790150989,4.209087989190457,0.48620757157227007,3.7912686790666448,25.624925482393323,29.574918567388586,1.3734302004479901,5.661067460633842,0.06270549893166993,0.08838724457648714,dataset,False,2.0,68.7696008447881,31.2303991552119,-0.5328253013805124,0.15794823390940566,0.1575083796556146,0.1792973366948479,1.5120989651431906,16.398389801765447,1.003514356901309,218.20930777660342,217.01586378030134,772.2055762852855,109.10465388830171,-0.18554313885563595,-0.16902863818787686,33.36393336807227,33.57520319932748,41.43649987692296,1.7224844459409243,75.0,,67.73208509189482,66.94572615103486,65.38979973472176,,132,False
nasa,B0005,134,1.3861115151535393,24.0,2901.25,3.4886823636752826,2.6949138502817815,4.200346502821317,1.726125961990839,2.01575998810726,33.88841975386692,41.248795355864885,24.843079939814473,4.846826814816758,1.3889752972903326,10805.547,4.177987238970751,4.2096620077990865,0.4880891831987697,3.7875831610983974,26.214209031070983,30.038979775800122,1.387664123577278,5.723597048250241,0.06270549893166993,0.08838724457648714,dataset,False,2.0,69.30557575767696,30.694424242323038,-0.5359749128888609,0.0754613160261158,0.13782447350628785,0.16276259283550246,1.5054326525395352,16.405715416050413,1.0009448782963954,219.59828307389375,218.40352790387863,777.0524031001022,109.79914153694688,-0.1056143735352268,-0.15634230824077405,33.41256464553682,33.58476042928779,41.43649987692296,1.7216478261573829,75.0,,67.73519606596203,66.70033379880827,65.1516459320296,,133,False
nasa,B0005,135,1.3698500035838939,24.0,2891.703,3.4858502383832755,2.6973343716306273,4.1981749992980655,1.7120885729908761,2.016014837696764,33.7353756996425,41.16242984455477,24.576580515525826,4.782827602953771,1.3727097052090094,10751.266000000003,4.173973017733684,4.20979896478687,0.49332216064200524,3.78304355444368,26.418135656045987,30.44925709999368,1.3951797857101154,5.740015634409261,0.06270549893166993,0.08838724457648714,dataset,False,2.0,68.49250017919469,31.507499820805307,0.8130755784822696,0.13425409844369512,0.1583843203546843,0.16838659535866413,1.5008406276674382,16.585849329028946,0.9838944910675658,220.97099277910277,219.79870768958875,781.8352307030559,110.48549638955139,-0.07589820932505917,-0.1515016147541862,33.445033323729845,33.58246765185665,41.43649987692296,1.7200393931711973,75.0,,67.4657498751729,66.43222154587457,65.16786779519103,,134,False
nasa,B0005,136,1.3647827949260758,24.0,2883.016,3.478794177297151,2.642540259937964,4.195715092938243,1.71106364626804,2.0165238233233063,33.59131052719714,41.16437554618679,24.340286688400784,4.755795379810914,1.3676557860581944,10805.625,4.17659968208389,4.209588279991649,0.4851314660752024,3.76450226475426,26.041050682309145,30.051459766235475,1.378910867283991,5.681722614132481,0.053286381622558374,0.08156856568421471,dataset,False,2.0,68.23913974630379,31.760860253696208,0.2533604328909007,0.1325099696332515,0.14777628444396157,0.16313146332495193,1.5531748330002788,16.824088857786005,0.9918377021366396,222.33864856516098,221.17761855687274,786.5910260828668,111.16932428258049,-0.06178192910333005,-0.15113939394789883,33.46517942818825,33.58514140746163,41.43649987692296,1.7178719519800552,75.0,,67.20945968985276,66.1585449613811,65.17050219327821,,135,False
nasa,B0005,137,1.3543220466259964,24.0,2873.453,3.4812826020756744,2.699226257883075,4.195755769877104,1.7035375089466078,2.0182163733141314,33.32366688599416,40.864216180205034,24.03013803682012,4.719067232143142,1.3572049541937385,10806.672,4.177020484618747,4.208963727299078,0.4832352798618916,3.787251026252032,25.78429991090836,29.83228995796081,1.3743705588978588,5.664387593413561,0.05293147474045376,0.08275693411495888,dataset,False,2.0,67.71610233129982,32.28389766870018,0.5230374150039694,0.15953360585919257,0.15824677106196475,0.17420321634964808,1.4965295119940296,16.834078143384914,0.9875102063319184,223.69585351935473,222.5519891157706,791.31009331501,111.84792675967736,-0.07698655144257813,-0.15537611169018775,33.4605417823997,33.5824711821277,41.43649987692296,1.7156131371460233,75.0,,66.94956895347877,65.90845794222598,64.89435403247853,,136,False
nasa,B0005,138,1.3546417018378962,24.0,2874.031,3.480352041587074,2.676480329780849,4.195911764444989,1.7036071702962703,2.016150778973011,33.691961507697364,41.25434553511566,24.392658600566655,4.720665458231768,1.3575443000991398,10502.453,4.176949472748766,4.209722877884705,0.4932185537689098,3.790423978004734,25.89460433493637,29.749204122508385,1.3624379242616314,5.616866569684965,0.05588929297745871,0.08226321054006082,dataset,False,2.0,67.73208509189482,32.26791490810518,-0.01598276059499426,0.12897487179758685,0.15750837649182642,0.1680056234464817,1.5194314346641398,16.861686934549006,0.9964081855948457,225.05339781945386,223.91442704003222,796.0307587732418,112.52669890972693,-0.09128895207087384,-0.15644686015853226,33.50252194569846,33.58320155733849,41.43649987692296,1.7140146412046628,75.0,,66.94572615103486,65.92332218320168,64.90367528459451,,137,False
nasa,B0005,139,1.3547039213192407,24.0,2874.234,3.4781127815565127,2.642142168479886,4.195824004004723,1.7035685717882711,2.0176181286216193,33.887639684793655,41.45023191903855,24.647812199908287,4.719115955034918,1.3575874531026293,10689.219,4.177167687873663,4.209676059278413,0.4846716364976378,3.7971023250598015,26.21291162607548,30.125015931862148,1.363695744793776,5.621171191617672,0.05841778368115902,0.08029809490533976,dataset,False,2.0,67.73519606596203,32.26480393403797,-0.003110974067212169,0.10266246853190922,0.14672190425703888,0.16278207252974625,1.553681835524837,16.802419719130263,0.9955207811460389,226.4109852725565,225.278122784826,800.7498747282767,113.20549263627825,-0.10712254931692038,-0.15712539302097436,33.5690414926118,33.58227491882388,41.45023191903855,1.7125042010531737,75.0,,66.70033379880827,65.9146520051351,64.67318069221216,,138,False
nasa,B0005,140,1.349314997503458,24.0,2864.984,3.4765867130506125,2.644725254926797,4.196258226051591,1.702464907947373,2.017297732143782,33.67308060941856,41.27708509224051,24.39982529977077,4.696913397382726,1.352201858263249,10436.453999999998,4.176615170009566,4.209570995056534,0.49702672899162764,3.8053775528158647,26.189195744166067,30.142009338201902,1.3638849763699588,5.622108947581278,0.056411433170262516,0.0819223123309917,dataset,False,2.0,67.4657498751729,32.534250124827096,0.26944619078912524,0.10598902493021427,0.1472106413413212,0.256503901627201,1.5515329711247938,16.87725979246974,0.9914339417845888,227.76318713081974,226.64200776119594,805.4467881256594,113.88159356540987,-0.14095465105587515,-0.16004182404565706,33.61014180517053,33.57779542080114,41.45023191903855,1.7109745659881483,75.0,,66.43222154587457,66.19362111221339,64.4001696309559,,139,False
nasa,B0005,141,1.3441891937970554,24.0,2855.093,3.4733769291841643,2.632270655366611,4.196612664794988,1.7015205789200152,2.017223266913469,33.411988203265814,41.064605154983276,24.071743981632668,4.673992832132636,1.347071431342232,10193.25,4.176632324656065,4.209447384056193,0.5068062457427471,3.795650309241255,25.925635492800915,29.843375053160454,1.3578987924465684,5.599350467611613,0.05568015964086863,0.08177399086572994,dataset,False,2.0,67.20945968985276,32.790540310147236,0.2562901853201396,0.13159681414992264,0.1464796778685053,0.21965995087738718,1.564342009428377,16.992861173350608,0.9920263857921043,229.110258562162,227.99990655364252,810.120780957792,114.555129281081,-0.17593321578653473,-0.16523867947659734,33.620137634945465,33.56982422597468,41.45023191903855,1.709353330654012,75.0,,66.1585449613811,68.00608383277392,64.37262610689703,,140,False
nasa,B0005,142,1.3389913790695755,24.0,2855.625,3.4726366397371127,2.6391006118876117,4.195850781215982,1.6950971191972488,2.0197342717689364,33.29926524979532,40.99284868101728,23.873389284419225,4.65322664909048,1.3419131593914597,10733.703,4.178482558143892,4.208946514436026,0.4787472801282615,3.7904734461204876,25.56161801380306,29.564480083595075,1.3530605448748225,5.581252762921427,0.056210257603528525,0.08328067168438782,dataset,False,2.0,66.94956895347877,33.050431046521226,0.25989073637398974,0.12872065899288146,0.14683569944974123,0.20910014570720306,1.55675016932837,17.119459396598053,0.9917613550069232,230.45217172155344,229.35296709851735,814.7740076068825,115.22608586077672,-0.2283799957399555,-0.17252751140656522,33.62477621666913,33.56355540337759,41.45023191903855,1.707759511389392,75.0,,65.90845794222598,66.97653433973677,65.45076821153677,,141,False
nasa,B0005,143,1.3389145230206971,24.0,2855.594,3.473439372740961,2.637841830893275,4.1960023929619235,1.6951381657999567,2.016896104476736,33.59980731390034,41.29040553417739,24.168977704033605,4.654886762982606,1.3418085169493579,10647.812,4.178606107587668,4.2097116328585535,0.48057330003463344,3.7799207541995568,25.662187990962515,29.574314879183014,1.3473420650108827,5.558405392327279,0.05579452141186236,0.0829501208969064,dataset,False,2.0,66.94572615103486,33.05427384896514,0.003842802443912774,0.18238746937532396,0.14732853983899133,0.19346104016616208,1.5581605620686485,17.121427830143784,0.9958929894603415,231.7939802385028,230.70030916352823,819.4288943698651,115.8969901192514,-0.22991219222035883,-0.17694326983526226,33.610251543557176,33.558616997982064,41.45023191903855,1.70542122041455,75.0,,65.92332218320168,66.45143282560349,66.25396643214678,,142,False
nasa,B0005,144,1.3340066759761655,24.0,2847.437,3.4754777099091454,2.668286095904868,4.196207586734141,1.6938434166682605,2.0199925086996786,33.61961195858585,41.22740227746052,24.28428480579148,4.639183381608167,1.3368798896373315,10621.235,4.178293208291327,4.208975288401353,0.4822758212874978,3.7933352746466817,25.980230716549915,29.926917344820954,1.347962575677681,5.559998457136721,0.057799714665998925,0.08190303229216056,dataset,False,2.0,66.70033379880827,33.29966620119173,0.24539235222658817,0.26052419588686887,0.14718339434164818,0.19294615087280506,1.5279214908292724,16.94311747166904,0.9917781945579774,233.13086012814014,232.04827173920592,824.0680777514733,116.56543006407007,-0.18699019319018606,-0.18328115718421076,33.58337076402908,33.541398421531206,41.45023191903855,1.702192965882292,75.0,,65.9146520051351,66.18370637499478,,,143,False
nasa,B0005,145,1.3286444309174914,24.0,2847.36,3.4722884821666766,2.6490198126838553,4.195534582569042,1.6870685008325677,2.0167450744074586,33.3945201718652,41.04619550953222,24.00593985304127,4.615293273324765,1.3315377043884469,9969.577999999994,4.1770810163384215,4.20900687681348,0.5113257088116246,3.7884468298188487,25.8806869522218,29.766294155994522,1.3402676326692222,5.529315076238375,0.05577529472858128,0.08294674118422612,dataset,False,2.0,66.43222154587457,33.56777845412543,0.26811225293370455,0.20602786333201237,0.2094952352093128,0.18831287079614129,1.5465147698851869,17.04025565649095,0.9934864290773111,234.46239783252858,233.38853937187514,828.683371024798,117.23119891626429,-0.1813188470204431,-0.1763666392891664,33.54928521125134,33.52160535208474,41.45023191903855,1.699690958666461,75.0,,66.19362111221339,65.93169483766465,,,144,False
nasa,B0005,146,1.3231708992276219,24.0,2837.328,3.471373665098864,2.664058512378051,4.1957439573980455,1.686176897624517,2.0163628111205263,33.16734508187535,40.85874389007758,23.715060546682704,4.593397922635683,1.3261008242885641,10501.094,4.1790092292724275,4.209687609257486,0.4847002732219088,3.784529376109808,25.489728914515275,29.462747298392184,1.339248975224923,5.527137802469242,0.056559391313402284,0.08237490117893426,dataset,False,2.0,66.1585449613811,33.8414550386189,0.2736765844934723,0.20805947849226952,0.23016823690333751,0.1887266967866475,1.5316854450199946,17.143683343394873,0.9901824446539892,235.78849865681715,234.72778834710007,833.2767689474337,117.89424932840858,-0.1824929357331321,-0.16551812768761942,33.506888666719156,33.48559321335621,41.45023191903855,1.697202283802109,75.0,,68.00608383277392,65.67375660662135,,,145,False
nasa,B0005,147,1.3181691588445197,24.0,2837.281,3.4726160162875095,2.6883611693898826,4.19586805747139,1.679631387412014,2.0162121238671036,33.10962161613893,40.79196924883506,23.563561594833335,4.575873731653439,1.321089274209887,10570.735,4.179651289471171,4.209245312367315,0.478867143696801,3.7821759620123343,25.273691508203626,29.271930927566483,1.332100226445627,5.499200932540601,0.05334424687864744,0.08448562230827522,dataset,False,2.0,65.90845794222598,34.09154205777402,0.2500870191551172,0.1807644389073843,0.19837111720806605,0.18839473722359087,1.5075068880815077,17.228407654001725,0.9917341413077303,237.10958793102705,236.0598885735457,837.8526426790871,118.55479396551353,-0.2069579648554883,-0.16300194951473132,33.485484139733636,33.459910837624314,41.45023191903855,1.6948116716486497,75.0,,66.97653433973677,65.66010317221101,,,146,False
nasa,B0005,148,1.3184664436640334,24.0,2838.515,3.4738146874457896,2.6869753836302124,4.195347750909715,1.6799130549815409,2.0168197393548124,33.46501751186519,41.14127834456325,23.955208980751504,4.5796484992476945,1.3214610306828443,10804.765,4.180323596506419,4.209279196868547,0.4661924854475741,3.7717655072479284,25.44947305264886,29.36355715804258,1.3266790800646446,5.477348455513473,0.056262478978249195,0.0830662312193171,dataset,False,2.0,65.92332218320168,34.07667781679832,-0.014864240975697385,0.180876290869314,0.17703044002721924,0.1830789090031027,1.5083723672795024,17.186069363811743,0.9960668337503701,238.4310489617099,237.38656765361034,842.4322911783348,119.21552448085495,-0.2076358587446586,-0.16172026067198414,33.46278974015043,33.45991861826499,41.45023191903855,1.6924422601171767,75.0,,66.45143282560349,65.38979973472176,,,147,False
nasa,B0005,149,1.318293040102702,24.0,2828.328,3.4701426486639693,2.6507536817766586,4.196065828878837,1.6852915714728478,2.0187637742643867,33.4426191014044,41.14429319149828,23.967802824849826,4.575742383103893,1.3212235933130205,10037.5,4.178397414005577,4.209621674026962,0.5026252719476297,3.7834249844961874,25.781794240772307,29.66310389082133,1.3260301316949346,5.4735950075746205,0.05339424998746291,0.08335635527903888,dataset,False,2.0,65.9146520051351,34.085347994864904,0.008670178066580547,0.18205440608269327,0.16582147651212098,0.17255136493732182,1.545312147102178,17.17649036664845,0.996375241959419,239.75227255502293,238.71259778530526,847.0080335614388,119.87613627751146,-0.1866548742730688,-0.16000311536261413,33.41828768181149,33.46153910315232,41.45023191903855,1.6906145600856342,75.0,,66.18370637499478,65.1516459320296,,,148,False
nasa,B0005,150,1.323872422244268,24.0,2838.265,3.467523652225441,2.6646322789106516,4.184534803011309,1.6864392611782657,2.016191969154752,33.037928170775885,40.66184230912503,23.58968747789601,4.591918126979543,1.3267859444088324,10555.125,4.179704118943526,4.209303699708371,0.47722785554559066,3.7779504832267983,25.68864253357384,29.609551859753193,1.326489576313285,5.475937983637946,0.05854525235071128,0.08836885185980756,dataset,False,2.0,66.19362111221339,33.80637888778661,-0.2789691070782965,0.1272128762959511,0.14565680205673004,0.16199596231693333,1.5199025241006576,17.072154831229017,1.000223422860488,241.07905849943177,240.03908736161856,851.5999516884183,120.53952924971588,-0.14635327170040233,-0.1547734735980454,33.35477243794723,33.446628673274866,41.45023191903855,1.6890119954087233,75.0,,65.93169483766465,65.16786779519103,,,149,False
nasa,B0005,151,1.3601216766554785,24.0,2864.547,3.4767525840839255,2.6400211837268666,4.201240476440081,1.7159024738365054,2.021651287065962,33.4949493613756,41.046694544970684,24.237681569505874,4.7386159499431155,1.3629880512957586,10807.328,4.183127253755657,4.209605959425042,0.46882816593079824,3.81681034390481,25.5473433758295,29.24035466838343,1.3346353544371077,5.521289576708962,0.057849417299627566,0.08078773867849699,dataset,False,2.0,68.00608383277392,31.993916167226075,-1.8124627205605321,-0.07966241429211607,0.06232622439449528,0.12029200132062727,1.561219292713214,16.80901297546481,1.021243777758764,242.44204655072753,241.37372271605565,856.3385676383614,121.22102327536376,-0.008856335961416101,-0.13272033158331814,33.363068553758204,33.45083266842536,41.45023191903855,1.6904501849003726,75.0,,65.67375660662135,65.17050219327821,,,150,False
nasa,B0005,152,1.3395306867947354,24.0,2846.39,3.4758956827369127,2.674198661305034,4.195703567262997,1.7008216421492013,2.017592416950431,33.491363029025784,41.0462053156659,24.167374158398008,4.661445466006963,1.3424704924195228,10790.062999999995,4.177677029642593,4.2088907582184145,0.48309772259212813,3.7872296750349106,25.858105200686058,29.82861578831074,1.3728944598403563,5.6606559646434444,0.06142385686894261,0.08496390395839584,dataset,False,2.0,66.97653433973677,33.02346566026323,1.0295494930371518,-0.0026965386257998603,0.093396162006199,0.13567890010842773,1.5215049059579635,16.878831157267893,0.977839543890088,243.78451704314705,242.746617175896,861.0000131043683,121.89225852157352,0.04550125539399298,-0.12150015263956225,33.382278331681256,33.45568545583121,41.45023191903855,1.6910226371955677,75.0,,65.66010317221101,64.89435403247853,,,151,False
nasa,B0005,153,1.3290286565120697,24.0,2837.969,3.475812179626641,2.696427051131168,4.195744519551191,1.692959623824647,2.0171105982760715,33.329808599922345,40.868302643225604,23.987394863111092,4.621676220581529,1.3319227509015545,10574.641,4.178254104663735,4.2096990171081545,0.484666759540926,3.808680533557909,25.762271564177254,29.749012593536026,1.3490243549372973,5.564740495126844,0.05952338030179974,0.08720833121299235,dataset,False,2.0,66.45143282560349,33.54856717439651,0.5251015141332829,0.04942933254313715,0.1028160393706878,0.15687494231833254,1.4993174684200228,16.880907780114512,0.98732298347828,245.1164397940486,244.0956415308333,865.6216893249499,122.5582198970243,0.07063390598213441,-0.11622703035712839,33.35527846028346,33.45799140483971,41.45023191903855,1.6908047829980368,75.0,,65.38979973472176,64.90367528459451,,,152,False
nasa,B0005,154,1.3236741274998955,24.0,2838.156,3.4746554404904435,2.6928340297696836,4.196363050482315,1.6862374025220268,2.0165753451036377,33.27302769298771,40.85283588259973,23.87546148452671,4.60009947781392,1.3266040129628967,10074.109,4.1777864501467326,4.208965703024872,0.5050658296189191,3.796248138024393,25.665322106933754,29.560275150643996,1.3373028097065787,5.518361760432015,0.05926159085880675,0.08777868669454861,dataset,False,2.0,66.18370637499478,33.816293625005216,0.2677264506087056,0.051662742381348895,0.10312457505145346,0.17241770231377387,1.5035290207126315,16.977374398073017,0.9919997201336701,246.4430438070115,245.43294434053988,870.2217888027639,123.22152190350575,0.07079523972720068,-0.11404812821677227,33.32062003372364,33.46001474393281,41.45023191903855,1.6900441815834135,75.0,,65.1516459320296,64.67318069221216,,,153,False
nasa,B0005,155,1.318633896753293,24.0,2829.843,3.472301781313945,2.681747855329962,4.1957929878569455,1.685131143949628,2.0157688095228656,33.229879126701434,40.85270645265791,23.800482246729,4.578908952211672,1.3215790821926703,10423.047,4.179042925040038,4.209701588831816,0.48523544258369666,3.7867692993890456,25.533014977562825,29.475615420352657,1.3314050220420053,5.495497385799195,0.05952378458944331,0.08843007755224046,dataset,False,2.0,65.93169483766465,34.06830516233535,0.2520115373301337,0.05005267082099181,0.10375781147241582,0.16216669793960534,1.5140451325269835,17.052224205928912,0.992619871724485,247.76462288920416,246.76434936258187,874.8006977549755,123.88231144460208,0.04559849001398658,-0.11457412778422843,33.30415592920726,33.45872680964762,41.45023191903855,1.6898504458951193,75.0,,65.16786779519103,64.4001696309559,,,154,False
nasa,B0005,156,1.3134751321324272,24.0,2829.625,3.4729305773503527,2.696791414385091,4.195797286482793,1.678558960713055,2.016274841649268,33.20860833999321,40.8263251809212,23.75244046991811,4.5601627455345985,1.3164267323866903,10534.046,4.1796653012106955,4.209653239010418,0.4784814812738002,3.7781113837561264,25.460985558962392,29.414812446477324,1.327435941589368,5.480091400064578,0.05967664811705819,0.08584374973711092,dataset,False,2.0,65.67375660662135,34.32624339337865,0.2579382310432976,0.048478835475974334,0.11406684898922549,0.15627919471425541,1.499005872097702,17.073884711003092,0.9917064101869232,249.08104962159086,248.09178530417122,879.3608605005102,124.54052481079543,-0.0058457329864841645,-0.11548787604115114,33.30828225501905,33.45458994702669,41.45023191903855,1.6890886522039732,75.0,,65.17050219327821,64.37262610689703,,,155,False
nasa,B0005,157,1.3132020634442203,24.0,2819.437,3.4696192030612285,2.664695973142795,4.196349384378125,1.6840474088907802,2.016821101865832,33.236115055926255,40.90308836809665,23.770683336009036,4.556156460489332,1.3160961812271215,10266.812000000005,4.179397929492487,4.2089086808202625,0.48966450212450263,3.7777342736682513,25.497401087996412,29.395124167825006,1.3221597878324416,5.459165866172429,0.05975988463048883,0.08662483639594361,dataset,False,2.0,65.66010317221101,34.33989682778899,0.013653434410343834,0.024835477001497,0.10306689484786319,0.14069916404037258,1.5316534112353306,17.13240503208761,0.9954138624838524,250.397145802818,249.41394509200367,883.9170169609995,125.198572901409,-0.06883093423470248,-0.11722058562997482,33.32093159899778,33.45391937196139,41.45023191903855,1.6895302543518498,75.0,,64.89435403247853,65.45076821153677,,,156,False
nasa,B0005,158,1.3077959946944353,24.0,2819.579,3.470018470757559,2.679191623358613,4.195609431921248,1.677449503040883,2.0165933442123594,33.18660088296571,40.84337405460518,23.69874029857621,4.536387367994077,1.310760701607795,10568.109,4.1801193410650805,4.209046572142359,0.4744576966580907,3.7874714491552637,25.448154568524693,29.410028325661973,1.3212688595761306,5.455703367446971,0.05950259165745283,0.08636882918668189,dataset,False,2.0,65.38979973472176,34.61020026527824,0.2703034374892468,0.05335224484799141,0.13519204440265356,0.14635021202913406,1.5164178085626352,17.144633756028966,0.992046919223006,251.70790650442578,250.7352139515798,888.4534043289935,125.85395325221289,-0.1425586490989379,-0.11413809518858974,33.29308993610783,33.43158124547923,41.45023191903855,1.6892838991577839,75.0,,64.90367528459451,66.25396643214678,,,157,False
nasa,B0005,159,1.3030329186405918,24.0,2810.672,3.470762691935287,2.699983457940659,4.195339917236225,1.6764769465467926,2.018075144841628,33.174058099115534,40.81792110626284,23.681325932299053,4.519646105396642,1.3059667724194781,10798.344,4.180905341006991,4.209046904080791,0.46229928554785854,3.775235730316498,25.331277760037743,29.31427764174688,1.3162099762156363,5.435897801087947,0.05955598055289399,0.08821831541627395,dataset,False,2.0,65.1516459320296,34.848354067970405,0.23815380269216746,0.0763006073105501,0.16615719302589468,0.15199083326609128,1.4953564592955662,17.136595173963784,0.9922176522125981,253.01387327684526,252.05142392779544,892.9730504343902,126.50693663842263,-0.223387644484396,-0.105294351404655,33.26623383587895,33.403006779289164,41.45023191903855,1.6884024366651786,75.0,,64.67318069221216,,,,158,False
nasa,B0005,160,1.3033573559038205,24.0,2811.485,3.468111467035994,2.666300786624286,4.1954020570061195,1.6763557084011527,2.018091528339797,33.253984518546055,40.946993847659506,23.748579260944844,4.518332917383193,1.3062665691898216,10279.047,4.180026342503464,4.209068843248563,0.48442983551191343,3.783803356862587,25.474169291837303,29.362572362769285,1.310655784609988,5.413394016436549,0.05949136479118529,0.08873029794077426,dataset,False,2.0,65.16786779519103,34.83213220480897,-0.016221863161433703,0.10257533170223639,0.13298529536014655,0.14568480785741542,1.5291012703818336,17.198414586714662,0.9966511303183448,254.3201398460351,253.36207971240543,897.4913833517734,127.16006992301755,-0.27548531203635834,-0.10123629249509224,33.28783947065597,33.38375113204531,41.45023191903855,1.6873940813874673,75.0,,64.4001696309559,,,,159,False
nasa,B0005,161,1.3034100438655642,24.0,2802.422,3.4648625780221494,2.6308501373847837,4.195685302232799,1.681903812546276,2.0177167019715503,33.3198093248819,41.074938058306316,23.789078897860136,4.515710618127537,1.3063229222545856,10299.39,4.180051194279357,4.209469599722886,0.48387273513507595,3.784137389052248,25.517578140682183,29.411970172612595,1.3117408019068604,5.417847779416662,0.06052114924707915,0.08753623977970666,dataset,False,2.0,65.17050219327821,34.82949780672179,-0.0026343980871814665,0.28355816394957145,0.12274550212102327,0.1352608932824924,1.5648351648480152,17.28585916044618,0.9958697025781321,255.62646276828968,254.6738205143123,902.0070939699009,127.81323138414484,-0.19417506357017925,-0.09713011086747649,33.2703254670066,33.3728910839527,41.45023191903855,1.6839942152584442,75.0,,64.37262610689703,,,,160,False
nasa,B0005,162,1.2978870806495706,24.0,2801.625,3.467864133752208,2.673348140468748,4.195561297751176,1.6751538331374711,2.0160479224870884,33.33765795318198,41.02476444658572,23.827460066666994,4.498416000540264,1.3008298414983879,10543.077999999994,4.180646937833196,4.20895331166291,0.47243937323982793,3.779054819049973,25.507755071863212,29.44296145322608,1.3123673608772357,5.420494767310219,0.05982677899726283,0.08853801860235527,dataset,False,2.0,64.89435403247853,35.10564596752147,0.2761481607996785,0.20821803072582412,0.11286993195285162,0.1355583515074082,1.5222131572824282,17.197304379918727,0.9912086206021341,256.9272926097881,255.98618787518953,906.5055099704412,128.46364630489404,-0.16219338838650257,-0.09844287291034058,33.254954959422214,33.373450726640215,41.45023191903855,1.6814274343572713,75.0,,65.45076821153677,,,,161,False
nasa,B0005,163,1.2980735056918902,24.0,2802.031,3.464021404592563,2.632763831012711,4.196066962029683,1.6753870332687708,2.017067096348242,33.29076744042025,41.06214198725253,23.738230385656273,4.495092195696156,1.3010620975626164,10430.109,4.180771276246327,4.2096978774496145,0.47521504364732603,3.7792479031045296,25.501142838576612,29.42301028796411,1.3055793260832103,5.393273872470744,0.057944393691446945,0.08890519876854222,dataset,False,2.0,64.90367528459451,35.09632471540549,-0.009321252115981338,0.1547757541008977,0.11313639229201215,0.1353223843919193,1.5633031310169718,17.323911601596258,0.9965400581716121,258.2283547073507,257.29176720127276,911.0006021661374,129.11417735367536,-0.13947149969923275,-0.09733918940555189,33.25105084347201,33.35740296394913,41.45023191903855,1.6796701753016836,75.0,,66.25396643214678,,,,162,False
nasa,B0005,164,1.293463613844243,24.0,2793.39,3.4664623858156745,2.6687371180046218,4.196640912532072,1.6745175551626736,2.018208092691312,33.27568841807217,40.98366325567302,23.73611267134457,4.480587160854472,1.2964529220440137,10154.094,4.1803289001653905,4.208913317260355,0.487249119163245,3.780306641791635,25.47614046458346,29.346694244289665,1.304889724833938,5.390845197036785,0.06175931225184275,0.0847212726764891,dataset,False,2.0,64.67318069221216,35.326819307787844,0.2304945923823567,0.1510525682782628,0.1224806149499949,0.1346012596035169,1.5279037945274498,17.24755058432845,0.9935344706687779,259.52480762939473,258.5966569261067,915.4811893269919,129.76240381469736,-0.12840977589752398,-0.09615633869954313,33.251316915980446,33.33292491328027,41.29040553417739,1.6784981905657486,75.0,,,,,,163,False
nasa,B0005,165,1.288003392619118,24.0,2793.39,3.46850906693551,2.696396337945361,4.1956235749123225,1.6675147261111667,2.018933300007017,33.32067807371405,40.98234242711097,23.80026564355092,4.462561539360953,1.29095770818731,10316.906,4.18089241375241,4.209819008906641,0.4786606518321662,3.77660287617465,25.50648704649774,29.392476256063365,1.3000487800811442,5.371538482817263,0.05898908039586478,0.08573621892771217,dataset,False,2.0,64.4001696309559,35.5998303690441,0.2730110612562555,0.15315252067087498,0.12262320976868012,0.13491692555500065,1.4992272369669615,17.182076783560053,0.9930071301684028,260.81576533758204,259.89670570618784,919.9437508663528,130.40788266879102,-0.1307309314677764,-0.0978326555639836,33.26039681068171,33.31882881185209,41.29040553417739,1.6767365487819021,75.0,,,,,,164,False
nasa,B0005,166,1.2874525221379407,24.0,2792.485,3.466806213058136,2.6794834862925194,4.195862008850563,1.6675463612314736,2.0237906818969758,33.37314972896719,41.06375085817118,23.849121770252687,4.458954972949582,1.2903909497267576,10571.39,4.181591749623686,4.209558826223893,0.46537199921732825,3.7731541894181793,25.517452651606238,29.451852683469095,1.2964321960748433,5.357072936505822,0.05763029720163586,0.08742389347930328,dataset,False,2.0,64.37262610689703,35.62737389310297,0.027543524058870616,0.13011304997243228,0.11347334331822935,0.12997651059336732,1.5163785225580435,17.214629087918496,0.9953400984900124,262.1061562873088,261.19313790226266,924.4027058393024,131.0530781436544,-0.13318640124765505,-0.09996798354661669,33.276850949579114,33.317275272880146,41.29040553417739,1.6756352888337438,75.0,,,,,,165,False
nasa,B0005,167,1.3090153642307354,24.0,2802.016,3.471070722008039,2.6787137407179737,4.18482689434833,1.6889369086237116,2.017308526034403,33.71351889594897,41.047029587744966,24.92195746617458,4.547121975075507,1.3119030524394601,9892.375,4.180124598026874,4.209585024954352,0.4961119302927425,3.7907306154894886,25.664855251476258,29.48700718737772,1.2925232211233684,5.34080218992244,0.057823749393303175,0.08975687046479841,dataset,False,2.0,65.45076821153677,34.54923178846323,-1.0781421046397384,0.020933496067424073,0.05995202967768023,0.10339386456371073,1.506113153630356,16.125072121570387,1.0149937974029188,263.41805933974825,262.485661123386,928.9498278143778,131.70902966987413,-0.06197307004152182,-0.09256795824788859,33.32459133358138,33.33384541872629,41.29040553417739,1.6761242388070372,75.0,,,,,,166,False
nasa,B0005,168,1.3250793286429356,24.0,2820.39,3.475472204020004,2.655378369801326,4.201968615940368,1.6980469256755544,2.017696449416675,33.86531768239223,41.051007697556734,25.09329713312876,4.6112125267366455,1.32798489156344,10212.234,4.180701556427969,4.2097142451021625,0.49196368572619387,3.788459846791776,25.433646971948875,29.072715879630877,1.3214361202812164,5.461595468589952,0.057823749393303175,0.08975687046479841,dataset,False,2.0,66.25396643214678,33.74603356785322,-0.8031982206100139,-0.08641666974250199,0.027670388755523162,0.08749946429725725,1.5465902461390422,15.957710564427973,1.004955798605558,264.7460442313117,263.8070972436672,933.5610403411144,132.37302211565586,0.03756823749465821,-0.0766392999049358,33.392463013524036,33.34446583346597,41.22740227746052,1.6781839810705044,75.0,,,,,,167,False
nasa,B0006,1,2.035337591005598,24.0,3690.234,3.556946061827572,2.4757677568281857,4.179823027658306,1.9905377543149845,2.015537581193984,32.142777859921516,39.16298653238707,24.27707330832413,7.259532673353608,2.0467027976309904,7597.875,4.178545536777291,4.204084967565013,0.6901722652474586,4.05918455376202,25.318868966701046,27.35587045298397,0.8536211530154707,3.5625235628444534,,,dataset,False,2.0,101.7668795502799,-1.7668795502798957,,,,,1.70405527083012,14.885913224062943,2.3976711336180965,2.0467027976309904,0.8536211530154707,7.259532673353608,1.0233513988154952,,,,,,,63.0,62.0,100.69495379965822,97.27995757064676,93.93371068400424,87.237049209184,0,True
nasa,B0006,2,2.0251402460314116,24.0,3672.344,3.56147580138708,2.35152551190002,4.177288238505559,1.990277542145709,2.0149020169266376,32.29307515705474,39.2462026826329,24.63823886086074,7.233468610780376,2.036565727155805,10516.0,4.0402737940086615,4.207016122080002,1.0058102575465715,3.1989875752087076,27.09775038276125,31.874973194517526,2.0695847219039996,8.369259090235582,,,dataset,False,2.0,101.25701230157058,-1.2570123015705832,0.5098672487093125,,,,1.8257627266055394,14.60796382177216,0.9840455940755991,4.083268524786796,2.9232058749194705,14.493001284133983,2.041634262393398,,,,,,,63.0,61.0,100.65505528134835,96.73752522420565,93.4153066413211,86.46035170661865,1,True
nasa,B0006,3,2.013326371345464,24.0,3651.641,3.5667524696413215,2.4404797151065436,4.1781213228922995,1.9899467848963859,2.014434345552428,32.24414709253608,38.999202460252846,24.704057719023776,7.2024172506399236,2.0247293324555025,10484.547,4.038932794121953,4.207290616886043,1.0082418712127785,3.218414661139416,27.243309503530377,32.149172607204065,2.0664880148785976,8.35363918902803,,,dataset,False,2.0,100.6663185672732,-0.6663185672731942,0.590693734297389,,,,1.737641607785756,14.29514474122907,0.9797924390935563,6.107997857242298,4.989693889798068,21.695418534773907,3.053998928621149,-0.5502804915033654,-0.5502804915033654,32.22666670317078,32.22666670317078,39.2462026826329,1.9902540271190265,63.0,60.0,98.439491313642,96.16399769684014,92.801220350415,85.40543276276622,2,True
nasa,B0006,4,2.0132846655407413,24.0,3631.563,3.5687953371516272,2.4791558539003917,4.1785623580417175,1.9896029706719567,2.0142051662535234,32.14711742429942,38.843627771866515,24.648384924528084,7.165866619640587,2.0132866329706425,10397.89,4.041573195545713,4.2067161669272375,1.0091527849049151,3.292338720611327,27.173138796303842,32.01707420321111,2.054292104121508,8.307524763315753,,,dataset,False,2.0,100.66423327703706,-0.6642332770370558,0.0020852902361383485,0.3675487577476133,0.3675487577476133,0.3675487577476133,1.6994065041413258,14.195242847338431,0.9800391234194024,8.12128449021294,7.043985993919576,28.861285154414496,4.06064224510647,-0.3898632554026016,-0.3898632554026016,32.20677938345294,32.20677938345294,39.2462026826329,1.9900912630072591,63.0,59.0,98.40830882167123,95.59449654742434,92.25998980927889,84.87977118730883,3,True
nasa,B0006,5,2.000528337624771,24.0,3629.172,3.563970503289941,2.280187848173442,4.17824995156942,1.9895483606575701,2.013995769332238,32.06687277315468,38.97798888258284,24.634206199911688,7.151825619514958,2.01193411208748,10495.203,4.044519343833571,4.207282925709644,1.0015833213488141,3.3364609367943845,27.058181783567154,31.921070464263895,2.042114728673591,8.260399641952828,,,dataset,False,2.0,100.02641688123855,-0.026416881238546353,0.6378163957985095,0.43511566726033735,0.43511566726033735,0.43511566726033735,1.898062103395978,14.343782682671154,0.9852209005878361,10.13321860230042,9.086100722593168,36.013110773929455,5.06660930115021,-0.40737043626162706,-0.40737043626162706,32.17879806139329,32.17879806139329,39.2462026826329,1.989982682537321,63.0,58.0,97.86153958780268,95.05333570989653,92.86144454426585,84.10317262014732,4,True
nasa,B0006,6,2.0138990759931645,24.0,3652.281,3.5735512387791406,2.4392842568466446,4.193216523251186,1.9901040351037365,2.0151519685741275,32.03447836207717,38.83989920742278,24.343399604359956,7.217636568934659,2.0252745663966842,10792.672,4.047097190632797,4.206904703786746,0.9862667417729534,3.3137967168040245,27.010664589975644,32.03240226041504,2.0455350146719304,8.275127546084235,,,dataset,False,2.0,100.69495379965822,-0.6949537996582222,-0.6685369184196759,0.2143851501243347,0.2143851501243347,0.2143851501243347,1.7539322664045414,14.496499603062826,0.99009528161096,12.158493168697104,11.131635737265098,43.23074734286411,6.079246584348552,-0.25867143726687386,-0.25867143726687386,32.15474477817393,32.15474477817393,39.2462026826329,1.9900029079650572,63.0,57.0,97.27995757064676,94.4599497403073,96.23880444545317,83.57384161147543,5,False
nasa,B0006,7,2.013101105626967,24.0,3650.828,3.5711391343785897,2.2812068449406446,4.193732603145628,1.9900886222380372,2.0145081864690626,32.11157496697372,39.04610837498471,24.430946389444678,7.210316640128026,2.0244845012390646,10789.985,4.049439686105663,4.206930372632538,0.9824656350882873,3.3744527275705107,27.092063790042364,32.00263278190103,2.031732731558034,8.221007623439275,,,dataset,False,2.0,100.65505528134835,-0.6550552813483534,0.03989851830986879,0.18530404482192372,0.18530404482192372,0.18530404482192372,1.9125257582049837,14.615161985540034,0.9964324882862861,14.182977669936168,13.163368468823132,50.44106398299214,7.091488834968084,-0.18212469630906758,-0.18212469630906758,32.14857766228819,32.14857766228819,39.2462026826329,1.9900151528611971,63.0,56.0,96.73752522420565,93.91391861244244,94.11158763046275,83.03795693523827,6,False
nasa,B0006,8,1.9687898262728398,24.0,3572.453,3.5681507462163036,2.366410527029613,4.176826628115461,1.9891170520197212,2.0146816699579064,32.112576242471775,38.87507521022778,24.650435471431692,7.047530492990164,1.9801685861266676,10127.562,4.042873827434288,4.207160698723091,1.0143685048220616,3.351699173864526,27.295000789108386,32.2043613029437,2.0195657309030044,8.169227279560069,,,dataset,False,2.0,98.439491313642,1.5605086863580055,2.215563967706359,0.4753411766625573,0.4753411766625573,0.4753411766625573,1.8104161010858482,14.224639738796085,0.9804922691183112,16.163146256062834,15.182934199726136,57.4885944759823,8.081573128031417,-0.31968349352642333,-0.31968349352642333,32.144077484811135,32.144077484811135,39.2462026826329,1.9899028902560127,63.0,55.0,96.16399769684014,93.37848580760102,92.76383439427936,82.55605075190346,7,False
nasa,B0006,9,1.9681661764334244,24.0,3550.594,3.5692834155812436,2.436020049578708,4.176369138969733,1.9892116643905464,2.015071955488147,32.03566207329278,38.7260539826455,24.564976908542672,7.006928974989669,1.9681661764334246,10147.952999999994,4.044418810558217,4.207043942482234,1.0107370140086231,3.3881796770645662,27.231094729512908,32.08909051113987,2.007966612252574,8.124205618151969,,,dataset,False,2.0,98.40830882167123,1.591691178328773,0.0311824919707675,0.4198213410760836,0.4198213410760836,0.4198213410760836,1.740349089391025,14.161077074102831,0.9801787362517445,18.13131243249626,17.19090081197871,64.49552345097197,9.06565621624813,-0.36464419879082105,-0.36464419879082105,32.13203132797576,32.13203132797576,39.2462026826329,1.989826087382072,63.0,54.0,95.59449654742434,93.37946287226883,91.96254458590938,82.00674628095463,8,False
nasa,B0006,10,1.9572307917560536,24.0,3551.25,3.563388513484579,2.1864377487643725,4.176897989902666,1.9891927045376199,2.0155176072270926,31.99527968872302,38.98629728904917,24.515019617858613,6.997027828770137,1.9685225510059057,10162.094,4.046394243580996,4.2067449161458885,1.0066771395721101,3.411369813597988,27.153987730434693,31.997731444743632,1.9980737675041316,8.08624142740848,,,dataset,False,2.0,97.86153958780268,2.1384604121973183,0.5467692338685453,0.43392666249746825,0.43392666249746825,0.43392666249746825,1.9904602411382935,14.471277671190556,0.9852101474035468,20.099834983502163,19.188974579482842,71.49255127974212,10.049917491751081,-0.39746737792965253,-0.39746737792965253,32.11835616405049,32.11835616405049,39.2462026826329,1.9897627490976266,63.0,53.0,95.05333570989653,98.98132741254089,90.92698036997214,81.45999708082721,9,False
nasa,B0006,11,1.9455991514129352,24.0,3530.25,3.566658719765511,2.3406023605912454,4.177579509962451,1.9891317699701738,2.014079047237871,31.874127571841353,38.65978861919643,24.40648205159496,6.962031846687854,1.9568576537310198,10119.375,4.047522733576512,4.20701033665878,1.0084053179675698,3.3838900306758117,27.145539720170813,32.16534007453746,1.9988832320087995,8.092296899429108,,,dataset,False,2.0,97.27995757064676,2.720042429353242,0.5815820171559238,0.4486921979633138,0.4486921979633138,0.4486921979633138,1.8369771493712053,14.253306567601474,0.9789754711006577,22.056692637233184,21.187857811491643,78.45458312642997,11.028346318616592,-0.43337722989416133,-0.42373977742476415,32.09149113524247,32.09615356475875,39.2462026826329,1.9896221506631455,63.0,52.0,94.4599497403073,97.87749540442012,90.67385029783527,80.44248151480832,10,False
nasa,B0006,12,1.9347505044841131,24.0,3491.016,3.5687035970122842,2.4263021374140443,4.177996110793395,1.9887805507702212,2.0134697854511865,32.120959708576166,38.84979195732924,24.666067568688486,6.887138702095809,1.9347505044841131,9586.875,4.085066306035491,4.204804954593547,0.9549342396702305,3.877677512722722,27.100618830315568,30.352216278441432,1.7284690992892457,7.046053288555106,,,dataset,False,2.0,96.73752522420565,3.2624747757943453,0.5424323464411032,0.45194870773649287,0.4572140296431128,0.4572140296431128,1.7516939733793508,14.183724388640751,1.1193434150947166,23.991443141717298,22.91632691078089,85.34172182852578,11.995721570858649,-0.4784785175829519,-0.44346202978795507,32.07427959039462,32.0982207434102,39.2462026826329,1.989472451525597,63.0,51.0,93.91391861244244,97.29075085393775,89.85509225152718,80.17622449484624,11,False
nasa,B0006,13,1.9232799539368028,24.0,3470.281,3.569207084156356,2.4753697700007034,4.176316409477926,1.9887320866401275,2.0148749194363664,32.11021168908644,38.75128344015104,24.819105859024557,6.847354848477563,1.9232799539368028,9952.359,4.051166664155547,4.2069602632522045,1.006802861269818,3.4683026218266377,27.346430051525438,32.18060237026164,1.9610953586693718,7.943821168106747,,,dataset,False,2.0,96.16399769684014,3.8360023031598587,0.5735275273655134,0.4502320870433053,0.46690682111997955,0.46690682111997955,1.7009466394772228,13.932177581126485,0.980717202472894,25.9147230956541,24.87742226945026,92.18907667700334,12.95736154782705,-0.5394610456888919,-0.45966994597155586,32.06088605004965,32.09914312384684,39.2462026826329,1.989350981699971,63.0,50.0,93.37848580760102,96.21230560840047,89.05023147060238,79.94856072013991,12,False
nasa,B0006,14,1.911889930948487,24.0,3470.0,3.5659271296109383,2.342364523655007,4.1779924550101715,1.9887200290368634,2.0144081790374893,31.989061278918154,38.76853764058789,24.627666776864352,6.840713677434523,1.9231418479471192,10758.031000000003,4.058254218359525,4.206292828423885,0.9644271457724102,3.4889576433629683,27.13044941257913,32.076511477048484,1.9575006995371154,7.931726530817104,,,dataset,False,2.0,95.59449654742434,4.405503452575658,0.5695011494157995,0.5069736729612714,0.4747986925273503,0.4747986925273503,1.8356279313551647,14.140870863723535,0.9824475916672106,27.837864943601218,26.834922968987375,99.02979035443786,13.918932471800609,-0.5770727058946822,-0.4729958133853734,32.04508043551152,32.09128013492336,39.2462026826329,1.9892626875364616,63.0,49.0,93.37946287226883,97.29905665710821,88.55065211341164,79.38136561787802,13,False
nasa,B0006,15,1.9010667141979305,24.0,3450.297,3.5612417270649486,2.188400081882664,4.177439981618572,1.9887874042287874,2.014472686005532,31.878814448635442,38.84686112344348,24.450913129560714,6.793793461606306,1.9123037750088228,9921.75,4.052641062554042,4.206565620992792,1.003863966765221,3.4845820081431578,27.16494621497475,32.07848903390586,1.9467011062973343,7.88882948376283,,,dataset,False,2.0,95.05333570989653,4.94666429010347,0.5411608375278121,0.49730811713420164,0.479538845741669,0.479538845741669,1.989039899735908,14.395947993882768,0.9823304506391657,29.75016871861004,28.781624075284707,105.82358381604416,14.87508435930502,-0.6252719687205169,-0.4833617528079132,32.026274603059605,32.0771157558375,39.2462026826329,1.9891865918935836,63.0,48.0,98.98132741254089,95.07039652765395,88.02356224085472,79.14859872343084,14,False
nasa,B0006,16,1.8891989948061458,24.0,3429.407,3.557881987836072,2.1206980945954057,4.17561570814845,1.9885910895930397,2.0146756268214814,31.767450711024402,38.865889781652804,24.26604433063594,6.7456949265554975,1.9004733636832007,10000.25,4.054775482005672,4.2066154337879675,0.9977172335982791,3.4637426876418322,27.122265060515833,32.105341901779,1.9360658601075607,7.8490425929006555,,,dataset,False,2.0,94.4599497403073,5.5400502596927055,0.5933859695892352,0.6235004059350928,0.4871286539981734,0.4871286539981734,2.054917613553044,14.599845451016865,0.9816160714582393,31.650642082293242,30.71768993539227,112.56927874259966,15.825321041146621,-0.6009888393100012,-0.49272479058581303,31.999571837954328,32.05776169053668,39.2462026826329,1.9890352973425138,63.0,47.0,97.87749540442012,93.93371068400424,87.51456894003293,78.35688183567815,15,False
nasa,B0006,17,1.878278372248849,24.0,3409.484,3.56282437243777,2.369981457799298,4.177602520456299,1.9884996811951434,2.015931347705288,31.78991634963658,38.647578733807656,24.34725293029431,6.715428290172565,1.8894418521024605,9936.031,4.057168542660257,4.206175319196726,0.999232022548308,3.4648259352010413,27.091186922536306,32.085857911982885,1.9332526075302616,7.84185753386999,,,dataset,False,2.0,93.91391861244244,6.086081387557556,0.5460311278648504,0.6741136668905909,0.4908100586148407,0.4908100586148407,1.8076210626570006,14.300325803513346,0.977338318201588,33.5400839343957,32.65094254292253,119.28470703277223,16.77004196719785,-0.5335733204054977,-0.5001956270467129,31.967405976220608,32.042006082248434,39.2462026826329,1.9888764032382245,63.0,46.0,97.29075085393775,93.4153066413211,86.97462518866288,78.06723069856942,16,False
nasa,B0006,18,1.8675697161520206,24.0,3390.422,3.5591953280168633,2.247991649924625,4.176354539745044,1.9883511225658228,2.01432419683381,31.82883467218067,38.79218188173866,24.380274264917215,6.671003147341871,1.8787595848221554,9989.532,4.057851780907196,4.205939141240403,0.9916167995326167,3.499632013614532,27.064754224863968,31.9088312502423,1.9146189235724498,7.766262220514929,,,dataset,False,2.0,93.37848580760102,6.621514192398976,0.5354328048414203,0.5061005506040971,0.49343492603993366,0.49343492603993366,1.928362889820419,14.411907616821441,0.9812707697031506,35.41884351921786,34.56556146649498,125.9557101801141,17.70942175960893,-0.5613567442314766,-0.5060565154016351,31.939031819191502,32.03016322613357,39.2462026826329,1.9887998102928344,63.0,45.0,96.21230560840047,92.801220350415,87.73383276818602,77.5585594639521,17,False
nasa,B0006,19,1.8675892574453767,24.0,3390.281,3.5580906165580983,2.4115317107898875,4.177450270459645,1.9774549866256104,2.015920256743369,31.890449470827843,38.77022223929529,24.455293448252306,6.649157909557736,1.8732149840310968,10158.782,4.060600437907517,4.206072421466277,0.9808697607191185,3.4835006927291863,27.096833265509154,32.042697066607694,1.9097392231922625,7.7483829980032,,,dataset,False,2.0,93.37946287226883,6.620537127731168,-0.000977064667807781,0.5028845949402395,0.4659675932228369,0.4659675932228369,1.7659185596697577,14.314928791042988,0.9808747504802708,37.29205850324895,36.47530068968724,132.60486808967184,18.646029251624476,-0.5298201851337406,-0.5022458842230116,31.92451055894501,32.02280987059115,39.2462026826329,1.987624142516341,63.0,44.0,97.29905665710821,92.25998980927889,88.29695470921088,77.03370803147585,18,False
nasa,B0006,20,1.979626548250818,24.0,3591.734,3.565899462157853,2.2033558468593775,4.174584178175673,1.9892449305971969,2.0202081897757225,31.51177053595285,37.54320599748628,24.511611712923585,7.081678004979797,1.990949629313217,10289.312,4.080872787384854,4.205991716092305,0.9681079124845425,3.8084806397361795,25.621036972906786,28.597753861232963,1.8953922525074667,7.720179606907591,0.06123359021000344,0.0785415394665875,dataset,False,2.0,98.98132741254089,1.0186725874591076,-5.601864540272061,-0.11197878247382106,0.14660800724942122,0.14660800724942122,1.9712283313162953,13.031594284562697,1.050415620660755,39.283008132562166,38.37069294219471,139.68654609465165,19.641504066281083,-0.168222952165095,-0.41226798972865586,31.87615964366799,31.997257903859243,39.2462026826329,1.9876293651222987,63.0,43.0,95.07039652765395,92.86144454426585,86.68943709812419,76.26569372312217,19,False
nasa,B0006,21,1.9575499080884022,24.0,3552.297,3.570814209348872,2.35887751155593,4.175224020262452,1.9890474874073771,2.0141161810049812,31.874488497680712,37.90362577530197,24.910587532936997,7.012938248506369,1.9689347035586928,10283.077999999994,4.045174541374003,4.2067372007029835,1.0074956451339934,3.3106686864075936,26.018916084630686,28.999939091310562,2.02415714058962,8.190623902432431,0.06062991544979002,0.07802409378290423,dataset,False,2.0,97.87749540442012,2.1225045955798834,1.1038320081207758,-0.059753783377335876,0.19446920729298894,0.19446920729298894,1.816346508706522,12.993038242364971,0.9727183053511145,41.25194283612086,40.39485008278433,146.69948434315802,20.62597141806043,0.08081994194731543,-0.35464232780936017,31.876195736251923,31.99141174166026,39.2462026826329,1.9876209368660192,63.0,42.0,93.93371068400424,96.23880444545317,85.6662956020367,76.50785159033714,20,False
nasa,B0006,22,1.9458150170787551,24.0,3531.578,3.5666817833633124,2.218672914041916,4.177217300859919,1.988682950523383,2.014039356997488,31.53911453638972,37.6701605139887,24.567665011550126,6.963524813088768,1.9571028081380615,10281.39,4.051548873709219,4.206267337538965,1.0034782097041377,3.425996614065579,26.11363000720855,28.954767078368718,2.003740415640463,8.116044885614967,0.0608598716542857,0.07840240203025303,dataset,False,2.0,97.29075085393775,2.7092491460622483,0.586744550482365,-0.0553225629732097,0.2131489855401021,0.2131489855401021,1.9585443868180028,13.102495502438572,0.9767247258485353,43.20904564425892,42.398590498424795,153.6630091562468,21.60452282212946,0.2544535485885673,-0.3141183392850511,31.81801121903328,31.97085277778433,39.2462026826329,1.987611176841335,63.0,41.0,93.4153066413211,94.11158763046275,85.12038906836733,76.23283417237043,21,False
nasa,B0006,23,1.9242461121680094,24.0,3492.907,3.5668392745025836,2.339723057947995,4.176681511062203,1.9885503931265138,2.014851230713757,31.220866832188786,37.34166959188387,24.224319222372547,6.886787836432937,1.9356074980404325,10081.797,4.054876346836675,4.207142843027727,1.0090039758008693,3.4762145944957377,25.760828939548123,28.573880662844978,1.9861773950641646,8.052408755670276,0.06006450818180178,0.07807093382204865,dataset,False,2.0,96.21230560840047,3.78769439159953,1.0784452455372815,-0.004830791156032887,0.2524806337217921,0.2524806337217921,1.8369584531142076,13.117350369511325,0.9745390833923481,45.144653142299354,44.38476789348896,160.54979699267975,22.572326571149677,0.32432193540970516,-0.29159277091060976,31.729076733343515,31.93824469319322,39.2462026826329,1.987593007489974,63.0,40.0,92.801220350415,92.76383439427936,91.1859730890915,75.72746493327713,22,False
nasa,B0006,24,1.9459811331421641,24.0,3511.594,3.571051969392875,2.3997508208942735,4.190384318239257,1.9885639445355097,2.013606338093071,31.119005145018026,37.28979017254232,24.029961629396936,6.931312025188277,1.945981133142164,10797.328,4.0652768150256735,4.206429877497038,0.9670469137409575,3.5210925208592174,25.50924394673222,28.35410437907863,1.9723265810619972,8.004589853608609,0.05913130853407464,0.07795570757873038,dataset,False,2.0,97.29905665710821,2.70094334289179,-1.0867510487077396,-0.1704560109683868,0.19425316926833416,0.19425316926833416,1.7906334973449836,13.259828543145382,0.9866424515225832,47.090634275441516,46.35709447455096,167.48110901786802,23.545317137720758,0.41491535842280186,-0.26046464506610506,31.642071119953506,31.90410971201925,39.2462026826329,1.9875773990398387,63.0,39.0,92.25998980927889,91.96254458590938,90.40642025157354,75.4695752301041,23,False
nasa,B0006,25,1.901407930553079,24.0,3431.9370000000054,3.5666308474029793,2.491410879472442,4.176973413125379,1.9880563928902786,2.014324216253238,31.033244078156734,37.16794481484507,24.015743593007034,6.764569545110991,1.9014079305530798,10099.218,4.063843033634871,4.206921564718665,0.9956113321433608,3.5736937240670366,25.50074158941563,28.29238390325409,1.946733752863215,7.905121430279038,0.06059698754511872,0.07938182566133384,dataset,False,2.0,95.07039652765395,4.929603472346045,2.228660129454255,-0.0017060817757425183,0.27902012594274755,0.27902012594274755,1.6855625336529365,13.152201221838038,0.976716989550589,48.99204220599459,48.30382822741418,174.245678562979,24.496021102997297,0.32720677781614027,-0.2544005546491971,31.55751408290563,31.869275086664754,39.2462026826329,1.9875042979059878,63.0,38.0,92.86144454426585,90.92698036997214,88.78805472517142,75.19987166525353,24,False
nasa,B0006,26,1.878674213680085,24.0,3431.125,3.5527392240854914,2.1387303309558976,4.1734521552365464,1.9772969675547487,2.0138293357975146,31.001249222460967,37.51577848501052,23.89771458163466,6.718419901668035,1.895507704327033,10078.719,4.066132819284077,4.204812324834961,0.9906010437782993,3.600475741470342,25.44745403999636,28.21188042033004,1.9243534762416121,7.81809650160913,0.0604355089729667,0.07949409294266127,dataset,False,2.0,93.93371068400424,6.0662893159957605,1.1366858436497154,0.0526239056303055,0.3133267546510263,0.3133267546510263,2.034721824280649,13.618063903375862,0.9850101489821315,50.887549910321624,50.22818170365579,180.96409846464704,25.443774955160812,0.13773128876193963,-0.24590725408421385,31.480893934049295,31.823613941166332,39.2462026826329,1.9863748857021584,63.0,37.0,96.23880444545317,90.67385029783527,87.237049209184,74.67600959020095,25,False
nasa,B0006,27,1.8683061328264219,24.0,3412.406,3.5560959755046615,2.346064498302046,4.1764585468168685,1.9771693646864965,2.022139165928567,30.921434744041356,37.24165964092258,23.81688709830912,6.688005446379005,1.885139749897619,10617.375,4.0717924890729655,4.206162698014965,0.9623757899947653,3.5916260454245297,25.351655963419258,28.181745758886848,1.9276089738498763,7.834815797244307,0.0598822703747387,0.07871218357298479,dataset,False,2.0,93.4153066413211,6.584693358678905,0.5184040426831444,0.0498611971121349,0.31366822640997954,0.32121434265226156,1.8303940485148225,13.424772542613457,0.9779679257938727,52.77268966021924,52.15579067750567,187.65210391102605,26.38634483010962,-0.11004420440169134,-0.24127237958011682,31.39404577348977,31.768748324645795,39.04610837498471,1.9852418540512935,63.0,36.0,94.11158763046275,89.85509225152718,86.46035170661865,74.3816151224871,26,False
nasa,B0006,28,1.8560244070082998,24.0,3410.688,3.5504500858303394,2.327337743316428,4.17626102066065,1.9660409689641987,2.019521715890847,30.929360248207214,37.27233216178077,23.762584263292904,6.640085200741396,1.872772471846588,10564.157,4.07421858176447,4.205381133772882,0.9601634678060209,3.6158836080589976,25.2638879248557,28.075949119303758,1.9094516746717545,7.7652669617095444,0.06058721482266893,0.07989533922911993,dataset,False,2.0,92.801220350415,7.198779649585006,0.6140862909061013,0.05772654571860301,0.314603928674328,0.3320614518468482,1.8489232773442223,13.509747898487863,0.9807907142601701,54.64546213206583,54.06524235217743,194.29218911176744,27.322731066032915,-0.42096705228755094,-0.24218084998100578,31.304098331092423,31.71615685087264,39.04610837498471,1.9830108386911314,63.0,35.0,92.76383439427936,89.05023147060238,85.40543276276622,76.51438107200852,27,False
nasa,B0006,29,1.8451997961855777,24.0,3410.718,3.546007083640312,2.4863117233366316,4.172855540858831,1.9446151093535715,2.0145859231710013,31.00810965793079,37.207134503019795,23.77382410040801,6.563769597032893,1.850825166359206,10143.984,4.072241149512793,4.205003143801726,0.9767942245252043,3.634273988175265,25.323443940163475,28.099632347736115,1.8901553939778828,7.688554218976656,0.06090836519034555,0.0797490751361702,dataset,False,2.0,92.25998980927889,7.740010190721108,0.5412305411361018,0.11194730629899396,0.33616973871032657,0.3395317764643216,1.6865438175221992,13.433310402611784,0.9791920665655403,56.49628729842504,55.95539774615531,200.85595870880033,28.24814364921252,-0.754349271352243,-0.2420560719587,31.215864349802718,31.670596540217893,39.04610837498471,1.9797268509639274,63.0,34.0,91.96254458590938,88.55065211341164,84.87977118730883,75.20380044180057,28,False
nasa,B0006,30,1.857228890885317,24.0,3392.719,3.554257954720065,2.2921663510920895,4.1881878017349035,1.9769353023702758,2.01454229289152,30.96779499306422,37.49607769896255,23.756892194026193,6.645030700311289,1.8740751609970479,10790.452999999994,4.079543683954575,4.203251704766414,0.9423017567128742,3.6429691233258272,25.304305905815063,28.15103439695118,1.8844508029627145,7.670201748661515,0.060369152473069135,0.08014506815871338,dataset,False,2.0,92.86144454426585,7.138555455734149,-0.6014547349869588,0.6119882868275042,0.2865988934789078,0.30708396572462227,1.896021450642814,13.739185504936358,0.9944940764973252,58.37036245942208,57.83984854911803,207.5009894091116,29.18518122971104,-0.6678978620299345,-0.236292765365459,31.161466795513853,31.626633429014273,39.04610837498471,1.9784958881412353,63.0,33.0,90.92698036997214,88.02356224085472,84.10317262014732,74.43796804365446,29,False
nasa,B0006,31,1.9247760889090635,24.0,3470.672,3.555857469677978,2.4343006861812118,4.189991619197343,1.9997552547832569,2.015096988943597,31.10097217303459,37.250073961181094,23.74029655014346,6.858742333318888,1.9302725535450327,1674.484,4.205390789780383,8.083343544866112,0.10207906562952598,4.480833764270697,23.82084266180423,23.941020332727746,0.047627647023171626,0.19916101895379779,0.06209144685667864,0.08164302964777198,dataset,False,2.0,96.23880444545317,3.7611955545468305,-3.3773599011873188,0.1638690958966947,0.17824597416820212,0.18426917016089087,1.7556909330161314,13.509777411037636,40.52840470170453,60.30063501296711,57.8874761961412,214.3597317424305,30.150317506483557,-0.3966352238718156,-0.18715694254861762,31.08411516304924,31.58929318145257,39.04610837498471,1.979566664878823,63.0,32.0,90.67385029783527,87.51456894003293,83.57384161147543,73.91389642773318,30,False
nasa,B0006,32,1.8822317526092551,24.0,3414.109,3.5537306734803207,2.472619908000758,4.186982490201218,1.988435645814164,2.0246589334484746,31.307368922041046,37.39699052067588,24.18583594954418,6.717291283849604,1.8903755105957254,10113.656,4.129876207718454,4.202120861189459,0.721783578456563,3.5040748331325484,25.536564067789637,28.482333092467393,1.9209859596926566,7.80008465309993,0.06232003183337441,0.08021169162372531,dataset,False,2.0,94.11158763046275,5.8884123695372494,2.127216814990419,0.3179163223475001,0.2617387060354241,0.24694490063926275,1.7143625822004598,13.211154571131697,0.9840652405903952,62.19101052356284,59.80846215583386,221.0770230262801,31.09550526178142,-0.2606559764548295,-0.15462814524232169,31.060940601614373,31.557124939655264,38.98629728904917,1.9795419344079015,63.0,31.0,89.85509225152718,86.97462518866288,83.03795693523827,73.9229991107842,31,False
nasa,B0006,33,1.855276687885587,24.0,3395.219,3.5452650003621513,2.403422072720937,4.1864831065416155,1.9771310999966942,2.014540253971324,31.131339987164562,37.2852066420257,23.96227406279053,6.631043625317636,1.8687043585221015,10137.89,4.1333834302816355,4.201864317666194,0.7089263537445136,3.56856401225435,25.56741667631952,28.58710834674342,1.889561355482824,7.681201094141563,0.06189122330035962,0.08120805787615462,dataset,False,2.0,92.76383439427936,7.236165605720643,1.3477532361833937,0.3448471214121113,0.22702627677450551,0.28134516112501684,1.7830610338206783,13.322932579235168,0.9889619900935194,64.05971488208493,61.698023511316684,227.70806665159773,32.029857441042466,-0.23155157982336522,-0.15166235006179213,31.05198791711195,31.517875489442975,38.98629728904917,1.9784000050949193,63.0,30.0,89.05023147060238,87.73383276818602,82.55605075190346,73.66074224499864,32,False
nasa,B0006,34,1.8392508917181876,24.0,3386.0,3.538408778928339,2.4006679782182205,4.187721936001791,1.9657121749650674,2.0140910758505797,30.828713779105055,37.080390421974414,23.520157783193987,6.566620456818436,1.85263037020511,10651.657,4.138693587672253,4.2028686021710415,0.6690717235847999,3.5974004749593367,25.15735403314838,28.294010828400918,1.873388558573749,7.622451990149735,0.06171642129064926,0.08150165216580176,dataset,False,2.0,91.96254458590938,8.037455414090616,0.8012898083699724,0.5336512071198826,0.2578305694304737,0.2971010595263791,1.787053957783571,13.560232638780427,0.988919443180307,65.91234525229004,63.571412069890435,234.27468710841617,32.95617262614502,-0.13190417901797327,-0.15203901117103005,31.022958780520657,31.46959755767547,38.98629728904917,1.976114828137875,63.0,29.0,88.55065211341164,88.29695470921088,82.00674628095463,73.37582467533949,33,False
nasa,B0006,35,1.8185396073994429,24.0,3368.187,3.5297688311332673,2.3194299432177345,4.184171356892756,1.954259908493909,2.0132183154407977,30.761533072057244,36.98024266357476,23.52943289153009,6.4829128009599115,1.8318592092700148,10032.485,4.137278474891531,4.2020080862057165,0.7009158793713598,3.6237143492909194,24.989538945227892,27.970800137688457,1.8464867255102844,7.518378117752441,0.06199878481176484,0.08138761044036787,dataset,False,2.0,90.92698036997214,9.073019630027858,1.0355642159372422,0.4143416157681813,0.2773823687132216,0.3188205641266986,1.8647414136750218,13.450809772044668,0.9920781904152454,67.74420446156006,65.41789879540072,240.7575999093761,33.87210223078003,-0.1726344462430901,-0.16248413873855763,30.995787679910705,31.420247693008836,38.865889781652804,1.9727351796982382,63.0,28.0,88.02356224085472,86.68943709812419,81.45999708082721,72.58146328760667,34,False
nasa,B0006,36,1.8134770059567056,24.0,3368.266,3.5300676840423306,2.3401731734980076,4.186779863144672,1.9490645317083881,2.0142775706959855,31.30305692941581,37.598741245467004,23.947667716448013,6.467987223304602,1.8268835356265334,10574.297,4.1414571010246455,4.201677900975037,0.6627818101879956,3.6170718429558018,25.180745399490828,28.158791899243404,1.8404870942060845,7.497275928663967,0.06250406054880163,0.08169124692338582,dataset,False,2.0,90.67385029783527,9.326149702164727,0.25313007213686944,0.3259860386168967,0.2642442909124594,0.3169436929269892,1.8466066896466642,13.65107352901899,0.9926087182994243,69.5710879971866,67.2583858896068,247.2255871326807,34.7855439985933,-0.2527276384016355,-0.17574739543750081,31.02596845060619,31.397404867311817,38.865889781652804,1.9699119361136024,63.0,27.0,87.51456894003293,85.6662956020367,80.44248151480832,72.59618860483589,35,False
nasa,B0006,37,1.7971018450305436,24.0,3358.719,3.5248882875629555,2.3829603510808774,4.186482965601712,1.9373603063774296,2.014866249205715,31.06432144678013,37.33680914521836,23.724670891624807,6.403849764167238,1.8105214250184154,10461.735,4.141645479496477,4.20163878277163,0.6653979687062586,3.6184452044994417,25.292235216630523,28.40104385792931,1.8275766007178813,7.446458948302454,0.06201388686472383,0.08131610081343171,dataset,False,2.0,89.85509225152718,10.144907748472818,0.8187580463080906,0.3560214389793913,0.2752973189071389,0.3308829805209087,1.8035226145208347,13.612138253593553,0.9906678736788562,71.38160942220502,69.08596249032468,253.62943689684792,35.69080471110251,-0.37252717064471863,-0.19691112120307716,31.040257120880067,31.35513933683997,38.865889781652804,1.9659310302826956,63.0,26.0,86.97462518866288,85.12038906836733,80.17622449484624,72.35742347388873,36,False
nasa,B0006,38,1.7810046294120476,24.0,3339.5,3.5190926887152725,2.351855540704836,4.184741677172267,1.931265607613736,2.014036681172477,30.96654665282149,37.39499820465976,23.509674105704782,6.338750790738973,1.794452250569754,9993.062000000005,4.14089223010424,4.201778926311602,0.6902193087006624,3.636268181299368,25.12354763553037,28.132231098068214,1.8084572416385079,7.373067133449089,0.06183019217410585,0.08120435160553863,dataset,False,2.0,89.05023147060238,10.949768529397616,0.8048607809247983,0.375098887981261,0.2845506490495103,0.34369319134263543,1.8328861364674314,13.885324098954975,0.9922558351138758,73.17606167277476,70.89441973196318,259.9681876875869,36.58803083638738,-0.5340131722738836,-0.22594542716416396,31.043975761341493,31.309392735389373,38.865889781652804,1.962453494147649,63.0,25.0,87.73383276818602,91.1859730890915,79.94856072013991,72.34269052829943,37,False
nasa,B0006,39,1.7710130422682329,24.0,3331.265,3.5151810230271,2.3535104841115886,4.186114015167315,1.9254165161128032,2.013562007420154,30.826455697992966,37.35233964342659,23.239016261869025,6.29760583116398,1.784457124597187,10602.281,4.145384297144703,4.201893244216743,0.6475684683594475,3.6385397346334627,24.845898768603192,27.966969935040385,1.801383510362728,7.3488259232524795,0.06282694657880761,0.08347157844651079,dataset,False,2.0,88.55065211341164,11.449347886588356,0.49957935719073987,0.3709337695867248,0.2817537773605079,0.347795458864954,1.8326035310557267,14.113323381557564,0.9906036745267349,74.96051879737195,72.69580324232591,266.2657935187509,37.48025939868597,-0.71336446122176,-0.25981411851175934,31.025810365347713,31.26288851215237,38.865889781652804,1.9605336348235725,63.0,24.0,88.29695470921088,90.40642025157354,79.38136561787802,72.08370965142339,38,False
nasa,B0006,40,1.7604712448170943,24.0,3321.188,3.514029112834162,2.3948058223938364,4.186378094589789,1.9198513516096092,2.0146073733834746,31.080769482413952,37.58677381866742,23.40832459139638,6.258739634429371,1.7737266783224712,10667.969,4.147133824093723,4.202091955147693,0.6387407048258826,3.649826602701682,24.745480280733183,27.75957410527405,1.787086665630926,7.294596015612171,0.06349817571333986,0.08385488671663242,dataset,False,2.0,88.02356224085472,11.976437759145284,0.5270898725569282,0.4837882303411135,0.28119093876167256,0.35239275152372257,1.7915722721959524,14.178449227271038,0.9925241525408964,76.73424547569442,74.48288990795683,272.5245331531803,38.36712273784721,-0.8364074554812853,-0.2985415213397638,31.037107814282685,31.230966713503513,38.865889781652804,1.9548252397475057,63.0,23.0,86.68943709812419,88.78805472517142,79.14859872343084,79.67933296550063,39,False
nasa,B0006,41,1.7502913788006587,24.0,3321.844,3.514139684003936,2.4418858444380294,4.185742966026202,1.9087413975281489,2.0156412315711094,31.694287817425337,38.207044569893476,23.993875243611917,6.225215277391307,1.7635421946147194,10504.781,4.14686600265132,4.201996589667506,0.644539043262368,3.6579210686447445,25.29969472858799,28.315119077831064,1.7745050484310954,7.244058477987285,0.060945139936148515,0.082015904986437,dataset,False,2.0,87.51456894003293,12.48543105996707,0.5089933008217855,0.8724235505420239,0.2778152320109746,0.35630776525617414,1.743857121588173,14.213169326281559,0.9938220216245265,78.49778767030914,76.25739495638793,278.74974843057163,39.24889383515457,-0.7034153963317982,-0.3424936655104417,31.096439378721755,31.228040197759547,38.79218188173866,1.945723854021995,63.0,22.0,85.6662956020367,87.237049209184,78.35688183567815,77.31951188457819,40,False
nasa,B0006,42,1.7394925037732578,24.0,3311.828,3.509578354212467,2.391848815367812,4.1849954235358595,1.90276801874341,2.014135597110891,31.875581783696685,38.340431886092745,24.22249363678538,6.181350631805279,1.7527224316529635,10246.781,4.146165272892503,4.202078104566653,0.6565157026354524,3.663250342263088,25.719099276376973,28.759435057679752,1.7631023701501227,7.198027094757925,0.0639175801612165,0.08216571708748939,dataset,False,2.0,86.97462518866288,13.025374811337116,0.5399437513700462,0.7136962441799867,0.2775717369511824,0.36078669174675637,1.7931466081680476,14.117938249307365,0.9941126853023994,80.2505101019621,78.02049732653805,284.9310990623769,40.12525505098105,-0.635940959705854,-0.39154761651066716,31.153260664887323,31.231466815121948,38.79218188173866,1.9371570913149196,63.0,21.0,85.12038906836733,86.46035170661865,78.06723069856942,75.73527958783049,41,False
nasa,B0006,43,1.7546766553637203,24.0,3327.391,3.5110708693292705,2.3166154227865463,4.175622772952551,1.9093310200805393,2.013918427729744,31.543288143901563,38.521539672721865,23.931600807664452,6.229024305427443,1.7712668853166194,10166.218999999997,4.1467730055348575,4.202221842381282,0.6579114337367381,3.6628486200461525,25.607949607087512,28.681906125997056,1.7530387092584507,7.159619697366392,0.06223664045181756,0.08227519539898062,dataset,False,2.0,87.73383276818602,12.26616723181398,-0.7592075795231352,0.5030001626093338,0.2257861215766002,0.3341201614784256,1.8590073501660043,14.589938865057412,1.0103980453836523,82.02177698727873,79.7735360357965,291.1601233678044,41.010888493639364,-0.5303967806478479,-0.4336099075761868,31.194455480561025,31.220044953990783,38.77022223929529,1.9303770833233043,63.0,20.0,91.1859730890915,85.40543276276622,77.5585594639521,74.94893041667702,42,False
nasa,B0006,44,1.7659390941842175,24.0,3312.078,3.5159179315855056,2.4110989960643794,4.191704957733779,1.9306457089007387,2.0164764928559697,31.420983409991024,38.03707160241571,23.80004225730534,6.277252504305007,1.7793486320201701,10804.922,4.152354380509434,4.20183690205406,0.6271793594104227,3.7793272762446426,25.15239521946869,28.544862281131994,1.7796542977619259,7.282361445645569,0.06223664045181756,0.08227519539898062,dataset,False,2.0,88.29695470921088,11.70304529078912,-0.5631219410248605,0.36655898766985046,0.20330032652231808,0.31325406607137246,1.7806059616693997,14.237029345110368,0.9998282443156853,83.8011256192989,81.55319033355842,297.4373758721094,41.90056280964945,-0.38658646323019796,-0.46612233850909524,31.25368244364962,31.201266311557315,38.521539672721865,1.926870436716871,63.0,19.0,90.40642025157354,84.87977118730883,77.03370803147585,74.15555372705246,43,False
nasa,B0006,45,1.7337887419624838,24.0,3293.172,3.50585340727078,2.4510125175432287,4.185468369564667,1.9071188100787417,2.014424639912736,31.15837149963786,37.934285687720596,23.325044766777037,6.150198549282981,1.7470274349833859,10758.985,4.149073473832747,4.20176801838368,0.6306853307322821,3.652499186899819,24.956784398728235,28.227586320387818,1.7815611077552853,7.277301247716801,0.06203106446308808,0.08319177703888532,dataset,False,2.0,86.68943709812419,13.310562901875812,1.607517611086692,0.42375432718479544,0.4916756125766682,0.34266914663990244,1.7344558520214384,14.60924092094356,0.980616060475517,85.54815305428228,83.3347514413137,303.5875744213924,42.77407652714114,-0.3550651465500836,-0.4535451264777296,31.293366286407682,31.187130350104713,38.521539672721865,1.922156326875354,63.0,18.0,88.78805472517142,84.10317262014732,76.26569372312217,73.6483241273414,44,False
nasa,B0006,46,1.713325912040734,24.0,3275.328,3.5010379345914444,2.471216186082459,4.184201889006967,1.895357624914609,2.0136840343383655,31.15661421699882,37.88470784051604,23.22751550921504,6.071234224049486,1.7265534634619577,10317.515,4.149319265033265,4.2020264962422305,0.6460328347371922,3.6795160676623317,24.845753514136497,28.067108057487324,1.7472715338139853,7.142633396708459,0.06250649038034015,0.08426848073493345,dataset,False,2.0,85.6662956020367,14.333704397963302,1.02314149608749,0.5007554695798575,0.48844799209533674,0.3577907544054044,1.7129857029245086,14.657192331301005,0.9881426155287932,87.27470651774424,85.08202297512769,309.65880864544187,43.63735325887212,-0.3448627251099509,-0.4519953173265203,31.278722015165982,31.15841537887744,38.521539672721865,1.9167856361959763,63.0,17.0,87.237049209184,83.57384161147543,76.50785159033714,73.13802198049653,45,False
nasa,B0006,47,1.7024077813673466,24.0,3265.016,3.497407662636496,2.470968641396993,4.185838836583766,1.889289515930022,2.015243276008703,31.206611383963253,38.065368726791895,23.20127236203539,6.02729323530815,1.715622686224313,10805.734,4.152958435765652,4.201731974579074,0.6113130497727024,3.6818257982073193,24.759253545817227,28.067128360555888,1.7330062812565004,7.0887477374153285,0.06261533272747599,0.0839721783477321,dataset,False,2.0,85.12038906836733,14.87961093163267,0.5459065336693669,0.47347031831598513,0.48681447142281686,0.36188022786766444,1.7148701951867733,14.864096364756506,0.989969110198733,88.99032920396854,86.81502925638418,315.68610188075,44.49516460198427,-0.35832326076567583,-0.4519588602967878,31.29295100888429,31.14511525278038,38.521539672721865,1.911978557151236,63.0,16.0,86.46035170661865,83.03795693523827,76.23283417237043,72.59182340531257,46,False
nasa,B0006,48,1.82371946178183,24.0,3328.937,3.5388872766749144,2.4288023941361625,4.1729165619005535,1.9819436190557278,2.014822027548639,33.61169282822636,39.788440481350335,26.602945710082057,6.504119410839673,1.8370184167679948,9946.391,4.150611801337876,4.2019364305263425,0.6587124630219527,3.852084607245219,25.385815273810298,28.576958595190668,1.7181103053145987,7.0323957158778185,0.06261533272747599,0.0839721783477321,dataset,False,2.0,91.1859730890915,8.814026910908495,-6.065584020724174,-0.21357416184891206,0.2010533007723586,0.22512566938698705,1.744114167764391,13.185494771268278,1.0692086597033845,90.82734762073653,88.53313956169877,322.1902212915897,45.413673810368266,-0.03720080270826999,-0.3973550326191521,31.55746562642478,31.24074829262188,39.788440481350335,1.9170463582954351,63.0,15.0,85.40543276276622,82.55605075190346,75.72746493327713,72.34335322015197,47,False
nasa,B0006,49,1.8081284050314708,24.0,3329.266,3.5327430295356828,2.3551430866643166,4.186982012423103,1.9653354524512165,2.014147642384201,32.85630077141311,39.212903178007906,25.5878756709222,6.446804092766897,1.8215641861193277,10063.547,4.133464624796557,4.2019802690229335,0.7020225574183072,3.4977976183423696,27.380478585615847,30.7089708928189,1.8578932380029431,7.550026289254288,0.0645724621588098,0.08034229300933068,dataset,False,2.0,90.40642025157354,9.593579748426464,0.7795528375179686,-0.1855768138161892,0.275705456221387,0.23667623538971583,1.8318389257587864,13.625027507085704,0.9804461036078339,92.64891180685586,90.39103279970172,328.6370253843566,46.32445590342793,0.182207523811316,-0.33521315717052064,31.760450133766795,31.310240117677687,39.788440481350335,1.9210382519292764,63.0,14.0,84.87977118730883,82.00674628095463,75.4695752301041,72.06901997138895,48,False
nasa,B0006,50,1.7757610945034283,24.0,3301.579,3.521214759733266,2.365933525789291,4.186537777937825,1.947074974419259,2.0135457323415866,32.210981559158874,38.66937823121345,24.788511221807962,6.31795328454014,1.7891456290974868,10376.172,4.140296135804,4.201868241940657,0.6677627320569628,3.5812607098712266,26.646363956512182,30.106699115532898,1.8210149183856525,7.415144416259705,0.06368615846693702,0.08236363977175419,dataset,False,2.0,88.78805472517142,11.21194527482858,1.6183655264021155,-0.07644924843167047,0.25129367209930137,0.26487397602262197,1.820604252148534,13.880867009405488,0.9824991607886342,94.43805743595335,92.21204771808738,334.95497866889673,47.21902871797668,0.25570788298503444,-0.30499461371742426,31.87347134144129,31.35734961691777,39.788440481350335,1.9237606142102415,63.0,13.0,84.10317262014732,81.45999708082721,75.19987166525353,71.5605372480387,49,False
nasa,B0006,51,1.7447409841836798,24.0,3283.563,3.5093111439506677,2.3481961394586457,4.182282350256796,1.924171876472179,2.0143501433980724,31.965090081650274,38.5170065164806,24.29903895658481,6.1942812892745245,1.7579731427659742,9756.858999999997,4.140774096111559,4.201968483553752,0.6954585994503466,3.6189003007560423,26.100358589607755,29.363372970921308,1.781156660020605,7.263358133027784,0.06291209789909709,0.08214102281998399,dataset,False,2.0,87.237049209184,12.762950790816006,1.551005515987427,0.027751973084893678,0.26786645899280986,0.29059660682191807,1.8340862107981502,14.21796755989579,0.9869840100115828,96.19603057871933,93.99320437810798,341.1492599581712,48.098015289359665,0.20140847899777867,-0.2956273320772598,31.900551567863783,31.395903251285343,39.788440481350335,1.925303662104644,63.0,12.0,83.57384161147543,80.44248151480832,74.67600959020095,71.30123589762857,50,False
nasa,B0006,52,1.729207034132373,24.0,3275.125,3.50716091973708,2.46945948630322,4.185961817428056,1.9124874175496662,2.013955993405398,31.744801840189538,38.292505299491516,23.984895747102637,6.135757389855395,1.7424113038313267,10610.906,4.147814314370267,4.2020894684143295,0.6350254799384938,3.6380744136956626,25.649456483530546,29.053108404174978,1.768504706120673,7.220246795059284,0.06366741172107057,0.08296956725555057,dataset,False,2.0,86.46035170661865,13.539648293381347,0.7766975025653409,0.05142734820442314,0.2781981973880977,0.2959332118990386,1.7165023311248357,14.307609552388879,0.9852455002245464,97.93844188255066,95.76170908422864,347.2850173480266,48.96922094127533,0.07211138212288738,-0.29346232821466894,31.88747357351307,31.42883793513127,39.788440481350335,1.9262756019852698,63.0,11.0,83.03795693523827,80.17622449484624,74.3816151224871,71.02438249830975,51,False
nasa,B0006,53,1.7081086552553244,24.0,3265.656,3.500928918686389,2.4666715880697576,4.1836566973224585,1.895029520195036,2.0143598768040447,31.876564068962466,38.52091685291118,23.99541497188152,6.054235157069178,1.7213372648582923,9978.078,4.147155030260045,4.202032914685855,0.6641688307452451,3.665907694313529,25.59348533692894,28.824607780532247,1.7379203234562912,7.101189456853301,0.06454586928056331,0.08390558187210605,dataset,False,2.0,85.40543276276622,14.594567237233775,1.054918943852428,0.23284000054197945,0.2958315035059508,0.30521771609013937,1.7169851092527009,14.525501881029658,0.9904581019197592,99.65977914740895,97.49962940768494,353.33925250509577,49.82988957370448,-0.05787929145400155,-0.3018259352546219,31.920801166019157,31.46672608796148,39.788440481350335,1.9248454519967197,63.0,10.0,82.55605075190346,79.94856072013991,76.51438107200852,71.03503115177503,52,False
nasa,B0006,54,1.6975954237461768,24.0,3266.093,3.4973019898820894,2.4482931262785135,4.184390004467988,1.8837083786913245,2.0146981664689427,32.24289319481841,38.95436345473558,24.295032488841088,6.013344143532257,1.7108095020663345,10246.984,4.149659891227396,4.2029650037863515,0.6423954573398333,3.6728332803135753,25.80802143843077,29.04334125546153,1.7252078618104913,7.052573384008162,0.06441730776729335,0.08332080296168762,dataset,False,2.0,84.87977118730883,15.120228812691167,0.5256615754573915,0.34171835219020463,0.29520874487880233,0.3156892417945645,1.7360968781894748,14.65933096589449,0.9916541304599397,101.3705886494753,99.22483726949542,359.35259664862804,50.68529432473765,-0.15077792149757088,-0.3147650410273506,32.0029921445019,31.516117429436985,39.788440481350335,1.920151718975778,63.0,9.0,82.00674628095463,79.38136561787802,75.20380044180057,72.61279021654194,53,False
nasa,B0006,55,1.6820634524029463,24.0,3257.594,3.4929038301187156,2.4745215382882586,4.184732708741646,1.8716858064147301,2.0150505202774576,32.07305565938816,38.731363854696035,24.10547107270791,5.951295826092729,1.695322722323797,10437.047,4.151763891899817,4.201745105046002,0.6264782060354271,3.680117211757426,25.690981294880917,29.041516878949153,1.7133465273459727,7.007619483480775,0.06517362934686399,0.08478155339352322,dataset,False,2.0,84.10317262014732,15.896827379852681,0.7765985671615141,0.25862644779768684,0.35033087696474124,0.31846488522182453,1.7102111704533876,14.625892781988124,0.9894803504518755,103.06591137179909,100.9381837968414,365.3038924747208,51.532955685899545,-0.35178390779934876,-0.3231811103609547,32.094460560476925,31.560327856089938,39.788440481350335,1.916608418609377,63.0,8.0,81.45999708082721,79.14859872343084,74.43796804365446,71.57788163862855,54,False
nasa,B0006,56,1.6714768322295086,24.0,3248.593,3.488659224822318,2.469127855241356,4.185835940524748,1.865490610984191,2.016431910751689,32.030140929891196,38.74827601131975,23.97620032331416,5.906953289300361,1.6847468431795718,10805.827999999994,4.154792029296989,4.201953884828614,0.5997121692406552,3.6817868852101214,25.577958645380264,28.954766991435342,1.6997638970329363,6.9567286623922495,0.06359515956336817,0.08418492196132377,dataset,False,2.0,83.57384161147543,16.42615838852457,0.529331008671889,0.20924539905612677,0.5065985133591095,0.3424222437636558,1.716708085283392,14.772075688005593,0.9911652118982066,104.75065821497866,102.63794769387434,371.21084576402114,52.37532910748933,-0.6185232673075157,-0.2959725808211037,32.18181323176616,31.597494606364208,39.788440481350335,1.9136217172163352,63.0,7.0,80.44248151480832,78.35688183567815,73.91389642773318,70.75078755794715,55,False
nasa,B0006,57,1.6607591387047655,24.0,3238.766,3.4822930804774015,2.4177173347922416,4.185703389994729,1.8592998515524075,2.013961242413253,31.984935871368258,38.84227056628921,23.819965773306656,5.860045546935781,1.674069028883379,10805.375,4.155969601476407,4.201864866348314,0.595298729135649,3.6937410845811742,25.46098104903186,28.827764021851614,1.6857824232221659,6.9032605027257254,0.06528547500729169,0.08605041403439097,dataset,False,2.0,83.03795693523827,16.96204306476173,0.5358846762371599,0.20824321331290604,0.4429452278089792,0.35234196692220165,1.7679860552024875,15.022304792982553,0.9930516570955829,106.42472724386204,104.3237301170965,377.07089131095694,53.21236362193102,-0.9255233903028104,-0.28524056810874676,32.259645680506665,31.624597284337298,39.788440481350335,1.9106227507785736,63.0,6.0,80.17622449484624,78.06723069856942,73.9229991107842,70.48655753258726,56,False
nasa,B0006,58,1.651121015038069,24.0,3240.14,3.477575664197982,2.3775131079338427,4.184887437252902,1.8481564914191075,2.0142789765419593,32.23677365476226,39.221381996208315,23.938135747847074,5.820727565447038,1.6644759827403508,10685.968,4.156491909347314,4.20167085224603,0.5977385633854604,3.686688184656638,25.436993851892336,28.786886386344246,1.673689212599851,6.856693666158054,0.06653396257005847,0.08674821993371198,dataset,False,2.0,82.55605075190346,17.443949248096544,0.4819061833348144,0.8629922337188048,0.408311345695036,0.31766881123477075,1.8073743293190594,15.283246248361241,0.9944952564728617,108.0892032266024,105.99741932969636,382.891618876404,54.0446016133012,-0.8291954354544072,-0.28391627506960704,32.122153763160256,31.668814631041204,39.788440481350335,1.8972440380149116,63.0,5.0,79.94856072013991,77.5585594639521,73.66074224499864,70.24586590646545,57,False
nasa,B0006,59,1.6401349256190927,24.0,3230.109,3.4787436506489255,2.443723814618984,4.1845671326128535,1.8415790819015416,2.0170700253976435,32.56097148037261,39.466510899162515,24.442914706328594,5.7824622216409205,1.653420335536575,10588.64,4.156718541366754,4.201838951244605,0.6003042777467495,3.6892686004043425,25.938054463156547,29.207075464293986,1.6652168234433142,6.823092253995323,0.06634112534272091,0.08720558299891104,dataset,False,2.0,82.00674628095463,17.99325371904537,0.549304470948826,0.8399673970618906,0.3982319321981902,0.32803125081433193,1.7408433179938694,15.02359619283392,0.9929159447942962,109.74262356213897,107.66263615313967,388.6740810980449,54.87131178106949,-0.7101946125869776,-0.28782324165955697,32.092620834056206,31.738104939091905,39.788440481350335,1.8848684009599441,63.0,4.0,79.38136561787802,77.03370803147585,73.37582467533949,69.75821482857815,58,False
nasa,B0006,60,1.6291999416165441,24.0,3229.7810000000027,3.4740152461288862,2.4324278256917147,4.184590722398005,1.8297907910631264,2.0153270924031044,32.48984985901219,39.352653481724175,24.244880453394085,5.736645120847621,1.6424684803257832,10736.094,4.158143863599229,4.202695530287936,0.5885277953971548,3.6933604255028323,25.848663621482324,29.18554105903438,1.6547534163622186,6.783187112194273,0.06590996191117977,0.08712834097374948,dataset,False,2.0,81.45999708082721,18.540002919172792,0.5467492001274223,0.7328057644344212,0.37867933156579736,0.3280308501395095,1.7521628967062899,15.10777302833009,0.9925759717943702,111.38509204246476,109.31738956950188,394.41072621889253,55.69254602123238,-0.6270932785094315,-0.29947445971393466,32.12050766404153,31.807237610570105,39.788440481350335,1.873139982624331,63.0,3.0,79.14859872343084,76.26569372312217,72.58146328760667,69.72671916307038,59,False
nasa,B0006,61,1.6088496302961666,24.0,3212.469,3.4718387718772696,2.494085641889116,4.181227276564003,1.817104268059883,2.0264444143525524,32.42612199208859,39.31890647034385,24.11448837545242,5.660108913595565,1.62220696889282,9790.859,4.155601040919429,4.202048923784108,0.638529647513026,3.6978868847367,25.889479643087075,29.094562723441733,1.6349303060429285,6.704123604867586,0.06605623626692969,0.08756285633165226,dataset,False,2.0,80.44248151480832,19.55751848519168,1.0175155660188864,0.6794567694375673,0.4092547513210781,0.33674952111676876,1.6871416346748864,15.204418094891427,0.9922178106901063,113.00729901135759,110.95231987554482,400.0708351324881,56.503649505678794,-0.6140682200764004,-0.3157671350305171,32.166610855085366,31.852160213077017,39.788440481350335,1.8624332217831014,63.0,2.0,78.35688183567815,76.50785159033714,72.59618860483589,69.46585589656323,60,False
nasa,B0006,62,1.6035244898969248,24.0,3213.219,3.463180130644551,2.382347172890769,4.182601669503782,1.8111916679086209,2.014269976996697,32.29984271249387,39.47196886600465,23.928926832055478,5.629170806755964,1.6168547651180512,10274.359,4.158789297211486,4.20263466163033,0.6051805192990077,3.7121319687649907,25.70387833670803,28.972067174585955,1.6269456560792492,6.675762677057575,0.06590274256382748,0.08820859113319164,dataset,False,2.0,80.17622449484624,19.823775505153762,0.26625701996208306,0.6284127211772415,0.38715471026723774,0.3312260145871883,1.8002544966130132,15.543042033949174,0.9937976471903087,114.62415377647564,112.57926553162406,405.7000059392441,57.31207688823782,-0.5849877090320037,-0.3348348642382675,32.2221149423158,31.901581063705567,39.788440481350335,1.852303646818997,63.0,1.0,78.06723069856942,76.23283417237043,72.35742347388873,69.19189736163904,61,False
nasa,B0006,63,1.5989712144027983,24.0,3203.578,3.463469391967206,2.406668297987779,4.183991041340736,1.811311276437818,2.0248983473305704,32.610757585145336,39.74009698783903,24.062133136477676,5.613265378160054,1.6123439203975136,10711.063,4.161275046209055,4.201922758254661,0.5778779287080846,3.705504506616076,25.559248674341752,28.849413778690618,1.6217192595576966,6.657798466905885,0.06791172070092616,0.08831509615303365,dataset,False,2.0,79.94856072013991,20.05143927986009,0.22766377470632904,0.5456872042626315,0.364066830018499,0.32430873953400463,1.7773227433529568,15.677963851361355,0.9942188889322681,116.23649769687314,114.20098479118175,411.31327131740414,58.11824884843657,-0.5624819127220917,-0.3566074301320326,32.29553429393409,31.967349500998516,39.788440481350335,1.843931822443275,63.0,0.0,77.5585594639521,75.72746493327713,72.34269052829943,68.68407119097562,62,False
nasa,B0006,64,1.5876273123575604,24.0,3195.125,3.46021805164007,2.4204142690378765,4.182425008087469,1.803806490743987,2.0134062122749032,32.25699351958767,39.03600072360686,24.423808071870038,5.565884051451248,1.6009508960827088,10806.015,4.161826614699263,4.2019324312079265,0.570690155520193,3.6967905925504496,26.033525396777186,29.329113559805148,1.6153893837071327,6.632018152587757,0.06674377333784236,0.08857968181390717,dataset,False,2.0,79.38136561787802,20.618634382121982,0.5671951022618913,0.5498405569430815,0.36677145982134507,0.3242626185909265,1.7620107390495923,14.612192651736823,0.9910619149970583,117.83744859295585,115.81637417488889,416.8791553688554,58.918724296477926,-0.5398142325645158,-0.38161015150284316,32.29694432641101,32.02457101386231,39.788440481350335,1.8359416336485412,63.0,,77.03370803147585,75.4695752301041,72.08370965142339,68.93029945931838,63,False
nasa,B0006,65,1.5829719744686166,24.0,3195.3129999999946,3.462574876665621,2.4507845245525193,4.190985194174346,1.7982499291189593,2.014898941623113,32.47193402838835,39.16106395962828,24.297842706066838,5.554078926631059,1.5962648834533302,10481.047,4.160877646372476,4.202081808054388,0.5847874437209172,3.6867221313378074,25.992986590762236,29.176041721553197,1.6042055252397798,6.585947964220951,0.06674377333784236,0.08857968181390717,dataset,False,2.0,79.14859872343084,20.851401276569163,0.23276689444718102,0.4954573896716482,0.35499854069695513,0.31809473972931385,1.740200669621827,14.863221253561441,0.9950501094395229,119.43371347640918,117.42057970012867,422.43323429548644,59.71685673820459,-0.5149688260429391,-0.40697909178217284,32.33683216331103,32.08021759570128,39.788440481350335,1.8285980459189646,63.0,,76.26569372312217,75.19987166525353,79.67933296550063,68.68800149554288,64,False
nasa,B0006,66,1.567137636713563,24.0,3186.297,3.4537077937586056,2.3930328819230717,4.181860480163402,1.78580087304261,2.014097659688176,32.40219271195366,39.20051799483514,24.115666972211724,5.484852293943405,1.580471927962659,10153.36,4.161425110425687,4.201818733858601,0.5990737065059747,3.705916068394221,25.919135612812614,29.06181349745949,1.5911872585582059,6.537637288142954,0.06641297510611752,0.0895032370200492,dataset,False,2.0,78.35688183567815,21.643118164321848,0.7917168877526848,0.5216959775797279,0.3663074841741911,0.32206135809258285,1.78882759824033,15.084851022623415,0.9932658267982512,121.01418540437184,119.01176695868688,427.91808658942983,60.50709270218592,-0.5085412697742798,-0.4379192259432634,32.37403734151728,32.108533791482415,39.788440481350335,1.8206290721248064,63.0,,76.50785159033714,74.67600959020095,77.31951188457819,68.41290291971356,65,False
nasa,B0006,67,1.5613446139713882,24.0,3176.438,3.4514035349888337,2.3938995980718403,4.183449364094532,1.7850805225230335,2.01648199199959,32.30987415652578,39.15878418316098,23.949350638183297,5.459349243870988,1.5746836978058925,10662.468,4.163958276098405,4.201981089851835,0.5683102063952958,3.710772416523735,25.692906565192622,28.902663443706384,1.5866138465192483,6.521994112980162,0.06686868471567307,0.08981021390663306,dataset,False,2.0,78.06723069856942,21.932769301430582,0.28965113710873425,0.49707262366688526,0.35629577960373865,0.3169337582774605,1.7895497660226916,15.209433544977685,0.9924807483941172,122.58886910217774,120.59838080520612,433.3774358333008,61.29443455108887,-0.49040263545103446,-0.4698881257264783,32.406531170033034,32.12590548639558,39.788440481350335,1.8132071392218687,63.0,,76.23283417237043,74.3816151224871,75.73527958783049,68.16512018658753,66,False
nasa,B0006,68,1.5511711892790419,24.0,3167.593,3.450781146333252,2.4373294683003053,4.182943907496545,1.7785916660457872,2.014359351341952,32.35440526839345,39.18225956809825,23.94684852697399,5.4210010856609046,1.5645634506395365,10494.625,4.164464208785288,4.202659374028286,0.5730095974241113,3.708882263474569,25.652455059158342,28.83769850148563,1.5750489432991288,6.4773608249308126,0.0675638979208385,0.09093282660720825,dataset,False,2.0,77.5585594639521,22.441440536047907,0.5086712346173243,0.4997491287951362,0.407010932169357,0.3163985268729786,1.74561443919624,15.235411041124262,0.9933427512178579,124.15343255281728,122.17342974850524,438.7984369189617,62.07671627640864,-0.47188555661203974,-0.4921085345800892,32.41829433139615,32.158350171375254,39.788440481350335,1.8062506566845369,63.0,,75.72746493327713,76.51438107200852,74.94893041667702,67.904830700863,67,False
nasa,B0006,69,1.5406741606295171,24.0,3167.719,3.446105572450592,2.3705330061374523,4.182592999177517,1.772817292817664,2.016181081460114,32.4731363791227,39.38159156766375,24.029360363522056,5.396674282144139,1.559368869193007,10467.75,4.165089280369284,4.20164780091011,0.5712040569100846,3.7139202446334973,25.71736135777053,28.8794927672878,1.5655588560400082,6.4404370982160515,0.06767916633501396,0.09097518732194294,dataset,False,2.0,77.03370803147585,22.966291968524146,0.5248514324762397,0.4973038249478776,0.450529867109401,0.32691509681585956,1.812059993040065,15.352231204141692,0.9960461487454656,125.71280142201029,123.73898860454526,444.1951112011059,62.85640071100514,-0.458041383814378,-0.5057153731661285,32.409510821271155,32.200436290140516,39.788440481350335,1.799374477776149,63.0,,75.4695752301041,75.20380044180057,74.15555372705246,67.66345454997655,68,False
nasa,B0006,70,1.5253138744624433,24.0,3159.077999999994,3.4418152533277144,2.351294851260762,4.1775564354981025,1.760208614752248,2.0224281819207026,32.52334649341759,39.44712875501599,24.054796737761627,5.336382318493199,1.5440081754460322,9904.406,4.163425204405361,4.201931662195583,0.5983354892917244,3.713906926144234,25.864876174531357,28.950383897583738,1.550419707607746,6.378936572909475,0.0679726933427561,0.09232410955240872,dataset,False,2.0,76.26569372312217,23.73430627687783,0.7680143083536848,0.5194303357705039,0.41694973500008076,0.4543126737883745,1.8262615842373404,15.392332017254361,0.9958646474046653,127.25680959745632,125.289408312153,449.53149351959905,63.62840479872816,-0.46225959572960734,-0.5338227148034249,32.41286048471169,32.25503528989171,39.788440481350335,1.792416260145061,63.0,,75.19987166525353,74.43796804365446,73.6483241273414,69.20802869118744,69,False
nasa,B0006,71,1.5301570318067428,24.0,3148.829,3.445008015985666,2.436845595522602,4.183199732433941,1.7653145274643671,2.015670909853089,32.518264823491045,39.40950590627068,24.004853828853747,5.335865243491626,1.5435556143394842,10805.656,4.167052922452991,4.201986370700827,0.5504731986658961,3.7108207873256394,25.698809219589723,28.9326271382961,1.557914285971521,6.412675314236504,0.06833354741887734,0.09201668954083403,dataset,False,2.0,76.50785159033714,23.49214840966286,-0.24215786721497068,0.39346299244711813,0.36633776046798233,0.42739287628165956,1.7463541369113393,15.404652077416934,0.9907834007548865,128.80036521179582,126.84732259812452,454.8673587630907,64.40018260589791,-0.4581423149531015,-0.5619079038773032,32.422074767851946,32.3095013141514,39.788440481350335,1.7872372860855097,63.0,,74.67600959020095,73.91389642773318,73.13802198049653,70.25733895325736,70,False
nasa,B0006,72,1.5246566834474087,24.0,3149.094,3.441164687975023,2.39030487147494,4.183585552184287,1.75938690367356,2.0154336980599203,32.5437072434024,39.48443326993031,23.98676553992143,5.311039208920566,1.5380705119141083,10777.328,4.167771935858787,4.201881586225614,0.5477440352913021,3.7240225827517524,25.687446717455636,28.908083251448843,1.545656573306035,6.364543514552339,0.06885136093381199,0.0925822548520223,dataset,False,2.0,76.23283417237043,23.76716582762957,0.2750174179667084,0.3943390322475807,0.35550219583987597,0.4211583336313464,1.7932806807093464,15.497667730008878,0.9950920136316563,130.33843572370992,128.39297917143057,460.1783979720113,65.16921786185496,-0.43908396831198887,-0.5909458236754934,32.446461220942794,32.36298514852896,39.788440481350335,1.7820568096620033,63.0,,74.3816151224871,73.9229991107842,72.59182340531257,68.93595113136764,71,False
nasa,B0006,73,1.5145492986655427,24.0,3140.547,3.443620591429828,2.4892160721496315,4.183170360974043,1.7526794612983279,2.014176241235146,32.562223096007365,39.4416762582387,23.972655907518135,5.2757208998800795,1.5279879708209352,10745.86,4.16830651099615,4.201620779776264,0.546860642818258,3.7220223141933277,25.675400345041066,28.89162012676732,1.5390454575236716,6.339285434724141,0.06906646906873301,0.0934909607320899,dataset,False,2.0,75.72746493327713,24.272535066722867,0.505369239093298,0.4221095786862776,0.6183403262325748,0.40969681350246673,1.6939542888244117,15.469020350720566,0.9928153605543738,131.86642369453085,129.93202462895425,465.45411887189135,65.93321184726543,-0.414970130935474,-0.5571562693996125,32.441607772029,32.32100635924021,39.74009698783903,1.7761936281480544,63.0,,76.51438107200852,73.66074224499864,72.34335322015197,68.41328891599532,72,False
nasa,B0006,74,1.509391504602082,24.0,3131.625,3.439943269617906,2.450611393803655,4.183501501534186,1.7517143152603387,2.0151247064734266,32.58978020040808,39.53866201326228,23.95941142019243,5.252067186141771,1.5227316456556497,10806.781,4.169166700830441,4.201757286849718,0.5406140317536144,3.7240786297616295,25.668763538927504,28.906891490587697,1.5304542755975101,6.30592498723691,0.06870914709601504,0.09387730518518865,dataset,False,2.0,75.4695752301041,24.5304247698959,0.25788970317303495,0.39117903877739196,0.5974738008587775,0.4365896285400822,1.7328901077305314,15.579250593069851,0.9949540276602871,133.3891553401865,131.46247890455177,470.7061860580331,66.69457767009325,-0.3915712140420707,-0.5216516037160344,32.47488644011104,32.31034553640001,39.74009698783903,1.7709844105996897,63.0,,75.20380044180057,73.37582467533949,72.06901997138895,67.86575648309008,73,False
nasa,B0006,75,1.5039974333050705,24.0,3121.907,3.43602719305159,2.4111946043456745,4.183243008796117,1.7510543427437684,2.0150071612077523,32.57089563557426,39.5867547936938,23.89672125029287,5.227603531545398,1.5173692930206066,10806.593999999997,4.169644676616033,4.2018643305032475,0.5384934314958242,3.7249541026012265,25.633776388554608,28.864999475314598,1.5240711840825225,6.281300398145045,0.06952595566680789,0.09418623001298362,dataset,False,2.0,75.19987166525353,24.800128334746475,0.26970356485057323,0.39487270581773115,0.5435273223967159,0.3974104972480086,1.7720484044504423,15.69003354340093,0.9956026390814873,134.9065246332071,132.9865500886343,475.9337895895785,67.45326231660356,-0.35098555258517733,-0.4933302838785843,32.48478260082963,32.32474209945662,39.74009698783903,1.7662648519621704,63.0,,74.43796804365446,72.58146328760667,71.5605372480387,67.62467319400798,74,False
nasa,B0006,76,1.4935201918040188,24.0,3122.125,3.436309312279291,2.4609139768640715,4.182038001412004,1.738897832675072,2.0158858292130217,32.537854347094196,39.499752884420865,23.846991377084784,5.188705680877489,1.5068909540441695,10429.547,4.169269558498214,4.20177036634956,0.5550972951361489,3.722659239469784,25.625938785360578,28.79786265611228,1.5160567441204849,6.25000195692772,0.06825231466048369,0.09343980119280403,dataset,False,2.0,74.67600959020095,25.323990409799052,0.5238620750525769,0.36808722454772036,0.5024415847593218,0.38515402187606584,1.7211240245479327,15.65276150733608,0.9939541906252113,136.41341558725128,134.50260683275476,481.122495270456,68.20670779362564,-0.34389195370040054,-0.47490222061693954,32.49834876434368,32.347652670074375,39.74009698783903,1.7615745479254166,63.0,,73.91389642773318,72.59618860483589,71.30123589762857,67.37049575830618,75,False
nasa,B0006,77,1.4876323024497422,24.0,3121.672,3.430470227771154,2.378420264362521,4.182440318401142,1.7386366169147272,2.0170367841185635,32.65645090520509,39.9686395722832,23.868790356430857,5.176852663340739,1.5062638808897746,10807.094,4.170825436817314,4.201750349741588,0.5336904356595124,3.7126007250396476,25.457904643596315,28.740807964185244,1.511318019554419,6.23285269342389,0.06960330384223117,0.09561343002331575,dataset,False,2.0,74.3816151224871,25.618384877512895,0.29439446771384326,0.3685615576082313,0.48314946336526193,0.3806738303766798,1.8040200540386206,16.099849215852345,0.9966558073157002,137.91967946814106,136.01392485230917,486.29934793379675,68.95983973407053,-0.3275496774014791,-0.45729628160678465,32.53300643921161,32.384118632675,39.9686395722832,1.756930157364586,63.0,,73.9229991107842,72.35742347388873,71.02438249830975,66.85037565421159,76,False
nasa,B0006,78,1.5302876214401704,24.0,3120.86,3.4417311090871063,2.3844697219937414,4.189962701965466,1.7870824868725375,2.015207980747731,33.180785234653264,40.42668250871336,24.45395460946014,5.347694207569808,1.5488388153619477,10719.016,4.174750285186774,4.201796095184764,0.5302599810800499,3.75500778976295,25.836963360909557,29.03089109050934,1.4898897798598172,6.159451667626823,0.06960330384223117,0.09561343002331575,dataset,False,2.0,76.51438107200852,23.48561892799148,-2.1327659495214135,0.1044178391943575,0.35564206763030826,0.3257367855681295,1.8054929799717243,15.972727899253222,1.0395660379036071,139.46851828350302,137.503814632169,491.64704214136657,69.73425914175151,-0.18411200039306683,-0.4212611258979315,32.6156444358376,32.436287479302635,40.42668250871336,1.7577792394472609,63.0,,73.66074224499864,72.34269052829943,71.03503115177503,66.56176483359263,77,False
nasa,B0006,79,1.5040760088360112,24.0,3103.828,3.4355429213552537,2.448639661640692,4.181214475643097,1.7612939709674549,2.013340550431054,32.71220835503141,40.02451449021777,23.812647163051572,5.2236271551117675,1.5174748645766734,10806.437000000005,4.1691977730813585,4.201926818039459,0.5492970763103397,3.7165828196647213,25.705316618203263,29.11199322326797,1.5578487464526696,6.420972472778715,0.06944383967261045,0.09508674404018921,dataset,False,2.0,75.20380044180057,24.796199558199433,1.3105806302079515,0.18299075896752867,0.38703882982033067,0.3411237873495665,1.732574814002405,16.211867327166196,0.9740835675042713,140.9859931480797,139.06166337862166,496.87066929647835,70.49299657403985,-0.13449392729509543,-0.3957409827680641,32.63955163342847,32.45506008571115,40.42668250871336,1.75662690726224,63.0,,73.37582467533949,72.08370965142339,72.61279021654194,66.29651890863822,78,False
nasa,B0006,80,1.4887593608730894,24.0,3095.094,3.4272336842373576,2.362869757217078,4.182157933832856,1.7545734584319284,2.0143052426244057,32.543943889007906,40.02167483360719,23.379533041996073,5.176267519921574,1.5073692774128393,10805.265,4.171119131265599,4.202109746188843,0.5381839402689709,3.727192287204725,25.199061438892777,28.548022058686282,1.52510015111682,6.29161569208783,0.0692409257238966,0.09541147475162996,dataset,False,2.0,74.43796804365446,25.562031956345535,0.7658323981461024,0.18277256794677044,0.38660818305971417,0.3684695300122277,1.8192881766157778,16.64214179161112,0.9883739610864266,142.49336242549253,140.58676352973848,502.0469368163999,71.24668121274627,-0.1556687862932142,-0.377612993026924,32.6416113729875,32.473895614895945,40.42668250871336,1.756063391630208,63.0,,72.58146328760667,79.67933296550063,71.57788163862855,66.07893719337645,79,False
nasa,B0006,81,1.4782779285546637,24.0,3095.781,3.4307536518687556,2.479712742728869,4.1802491747767325,1.7364714851989516,2.01522796444188,32.6655410721976,40.078211781584145,23.483667289937664,5.122691134141608,1.4916662070632016,10208.062,4.170591339259446,4.2017192249136555,0.5633828270138145,3.7178619152316905,25.244891582118854,28.440539775376276,1.5058864545221935,6.214854946915972,0.07018023704211739,0.09580053634249773,dataset,False,2.0,73.91389642773318,26.086103572266822,0.5240716159212866,0.25939551626039614,0.3863978073496901,0.4464981603543998,1.7005364320478633,16.59454449164648,0.9905568926420127,143.98502863255572,142.09264998426067,507.16962795054155,71.99251431627786,-0.16713126132157838,-0.3621811247683204,32.65633899785816,32.499311620588195,40.42668250871336,1.7531790874036666,63.0,,72.59618860483589,77.31951188457819,70.75078755794715,66.06125370330544,80,False
nasa,B0006,82,1.478459982215684,24.0,3094.328,3.430880434209888,2.4609902569842412,4.182775550999248,1.7371701742903363,2.0164424024266667,33.160922870564626,40.565789328351094,23.948764926788748,5.124880814442826,1.491887814091922,10807.219,4.17248276051658,4.201926859597692,0.5291763291114836,3.7203502596234315,25.478299525410506,28.73984325523221,1.5000593660660781,6.192193667639189,0.07032112501568692,0.09530176637205882,dataset,False,2.0,73.9229991107842,26.077000889215796,-0.009102683051025906,0.23098350615862273,0.36459831297816264,0.40377177039357093,1.7217852940150071,16.617024401562347,0.994552514281094,145.47691644664764,143.59270935032674,512.2945087649844,72.73845822332382,-0.16498984013762258,-0.34459335144104575,32.71806056057438,32.54635110055605,40.565789328351094,1.7509574144653441,63.0,,72.35742347388873,75.73527958783049,70.48655753258726,65.78242650931341,81,False
nasa,B0006,83,1.473214844899973,24.0,3086.531,3.431984614031654,2.4794507375590507,4.182970513713943,1.735834373498019,2.0141732645976056,33.414445545408455,40.75221353269305,24.305636072230342,5.10775169767335,1.4866661982216098,10805.906,4.172394176533348,4.201876108488853,0.527538717103797,3.7196598180974716,26.03924515455654,29.323806526810927,1.4945458137473557,6.168610777099122,0.06930780981897802,0.09454813120638911,dataset,False,2.0,73.66074224499864,26.339257755001356,0.2622568657855595,0.2066722688278489,0.35581234027619246,0.38206184298561424,1.703519776154892,16.446577460462706,0.9947277524360468,146.96358264486923,145.0872551640741,517.4022604626578,73.48179132243462,-0.18284662076532343,-0.32723396653556047,32.803282805514485,32.593457976181895,40.75221353269305,1.7492729056853134,63.0,,72.34269052829943,74.94893041667702,70.24586590646545,66.04512848751195,82,False
nasa,B0006,84,1.4675164935067897,24.0,3085.625,3.426913589626702,2.421513989921717,4.182588389688278,1.7297519223496336,2.0145333122938633,33.3541679486525,40.71162611325717,24.16642252229391,5.080220414114893,1.4809067710327544,10655.937000000005,4.172402910068512,4.201796006870495,0.5324897112186404,3.7361043865059695,25.97604259369371,29.28336283016691,1.4872131934049793,6.139338880307628,0.07066012489753228,0.09558033908197718,dataset,False,2.0,73.37582467533949,26.624175324660513,0.28491756965915727,0.20937505547646112,0.3452368642246057,0.3717343982113979,1.761074399766561,16.545203590963258,0.9957595707191205,148.44448941590198,146.57446835747908,522.4824808767727,74.22224470795099,-0.20838582251593296,-0.3111550896695682,32.87972158033893,32.6251858349131,40.75221353269305,1.7470766663942427,63.0,,72.08370965142339,74.15555372705246,69.75821482857815,67.37164383636953,83,False
nasa,B0006,85,1.4516292657521335,24.0,3067.203,3.4220422356705154,2.3927989623544175,4.180388252515709,1.7279074368071294,2.0150807231044525,33.13634596100404,40.58721297402195,23.980795554734595,5.035306011533541,1.470326932936196,10117.172,4.171688063914414,4.20180072733435,0.5577472609858612,3.7314326696173303,25.919206758618333,29.144799251099133,1.4770992669240341,6.099312635612248,0.07048796563268331,0.09637484690828765,dataset,False,2.0,72.58146328760667,27.418536712393333,0.7943613877328204,0.2618408377646858,0.3551413517288216,0.3669103416473095,1.787589290161291,16.606417419287357,0.9954151124846599,149.91481634883817,148.0515676244031,527.5177868883062,74.95740817441909,-0.26985527028727735,-0.30123710099498513,32.93626661288191,32.651045678992766,40.75221353269305,1.744761975800579,63.0,,79.67933296550063,73.6483241273414,69.72671916307038,66.30064036176807,84,False
nasa,B0006,86,1.4519237720967177,24.0,3058.157,3.4202687142856667,2.410475236770924,4.182476201666448,1.726921154488644,2.0151017082510445,32.92241762841388,40.37035790264624,23.638284377724087,5.01283455939849,1.465344540300074,10805.86,4.174044409713007,4.201611600487684,0.5210314086722089,3.7359698146172473,25.445615862630408,28.784111097347363,1.4773068946244228,6.103201702204666,0.071253157527167,0.09693308592499948,dataset,False,2.0,72.59618860483589,27.403811395164112,-0.014725317229220991,0.20798209853650604,0.31385171639889736,0.3615532338599877,1.7720009648955242,16.732073524922153,0.9919025935857492,151.38016088913824,149.52887451902754,532.5306214477047,75.69008044456912,-0.3337073739084559,-0.2945287005960009,32.97472294101388,32.670897504445776,40.75221353269305,1.743564307981936,63.0,,77.31951188457819,73.13802198049653,69.46585589656323,65.50593392415531,85,False
nasa,B0006,87,1.4471484694777745,24.0,3058.812,3.4248208106770663,2.4915333699239977,4.182567814531136,1.721203340058839,2.015773418279684,33.20338483123576,40.667923693760464,23.829441222036376,5.00077374207361,1.4606132131193796,10806.328,4.174780078270172,4.201714765160048,0.5177401731195147,3.7365704864341165,25.395678108430275,28.679483623785192,1.467852219660383,6.066534300518101,0.07290881656804299,0.0968587759009549,dataset,False,2.0,72.35742347388873,27.64257652611127,0.2387651309471579,0.20241916485983752,0.3127520408383003,0.34995337555276906,1.691034444607138,16.838482471724088,0.995068300170791,152.84077410225763,150.99672673868793,537.5313951897783,76.42038705112881,-0.40499937663658836,-0.28665124629001293,33.02941633361694,32.707039189195456,40.75221353269305,1.7418209802963474,63.0,,75.73527958783049,72.59182340531257,69.19189736163904,65.2608101146965,86,False
nasa,B0006,88,1.4468538105659885,24.0,3058.578,3.4234990883192666,2.444861994529003,4.182606347806988,1.7211548500579925,2.0165661835906454,33.533950654066935,40.990356883952465,24.20984647694025,4.999696593563816,1.4603718106284507,10744.828,4.174543851075507,4.2018926754376515,0.5189695261985966,3.7308436109738667,25.907732220074237,29.19580828168184,1.463184507321478,6.046510068312508,0.0725103674563298,0.09660159139822988,dataset,False,2.0,72.34269052829943,27.65730947170057,0.014732945589301494,0.417169054370909,0.3042348076736192,0.33415081884605913,1.7377443532779853,16.780510407012216,0.9980776883031818,154.30114591288608,152.4599112460094,542.5310917833422,77.15057295644304,-0.3103749415972622,-0.27517196382810255,33.064732875558306,32.74396691195232,40.990356883952465,1.735228216614893,63.0,,74.94893041667702,72.34335322015197,68.68407119097562,65.02030975677887,87,False
nasa,B0006,89,1.4416741930284678,24.0,3049.328,3.4247420964314874,2.4840755398082255,4.183047552179642,1.7200574224369996,2.018144057635402,33.5767934055627,40.997744028174516,24.27322345224107,4.981262705788425,1.4550578556129818,10804.797000000006,4.174566149404988,4.201797518925969,0.516197086835388,3.7302994526820052,26.05226931839347,29.373049314501156,1.4628528286926168,6.044968870561439,0.07088794010729621,0.09740741420439394,dataset,False,2.0,72.08370965142339,27.91629034857661,0.25898087687603777,0.31200907903771763,0.2919062386581851,0.3293388492397651,1.6989720123714163,16.724520575933447,0.9946713894065464,155.75620376849906,153.922764074702,547.5123544891306,77.87810188424953,-0.2666828322352399,-0.2659045557200964,33.15119138061144,32.79675890739132,40.997744028174516,1.7311045617618472,63.0,,74.15555372705246,72.06901997138895,68.93029945931838,65.0117867920558,88,False
nasa,B0006,90,1.5935866593100128,24.0,3177.219,3.450702139255875,2.479017302613424,4.222516216835943,1.8210499414870156,2.0143333289759338,33.224088400657315,40.77265883698999,24.058176844558602,5.552979188490855,1.6069734834474942,10804.797000000006,4.174566149404988,4.201797518925969,0.516197086835388,3.7302994526820052,26.05226931839347,29.373049314501156,1.4628528286926168,6.044968870561439,0.07141473238066469,0.09614920599785416,dataset,False,2.0,79.67933296550063,20.320667034499365,-7.595623314077244,-0.524136492184617,-0.02122936968279191,0.16688458550708163,1.7434989142225188,16.714481992431388,1.0985202693860059,157.36317725194655,155.3856169033946,553.0653336776215,78.68158862597328,0.17807979244704197,-0.1832377890678065,33.219205831776385,32.82684508228208,40.997744028174516,1.737752210067356,63.0,,73.6483241273414,71.5605372480387,68.68800149554288,64.47533361240377,89,False
nasa,B0006,91,1.5463902376915637,24.0,3082.937,3.4480475429907522,2.4820670710190385,4.1909374470770855,1.821446935406101,2.016338466932382,33.37083344726966,40.522204934304625,24.676724380143,5.390978441072507,1.5596829639731993,10802.578,4.173693627167618,4.201775391106608,0.531538366645467,3.783602805806672,25.93431372564645,29.14752722153641,1.5074462647226137,6.228334940746049,0.07075152805097641,0.09048196250260114,dataset,False,2.0,77.31951188457819,22.68048811542181,2.359821080922444,-0.34056154568450125,0.04149479804399846,0.2039011411090948,1.708870376058047,15.845480554161625,1.0346524453129995,158.92286021591974,156.8930631681172,558.4563121186941,79.46143010795987,0.3956550998740007,-0.1306794122262286,33.28973506928359,32.865590711694715,40.997744028174516,1.746249755088071,63.0,,73.13802198049653,71.30123589762857,68.41290291971356,63.96265286923975,90,False
nasa,B0006,92,1.51470559175661,24.0,3074.266,3.4399481891896455,2.452449045714353,4.183028520369727,1.7899526443788862,2.0145951136219593,33.43366634309322,40.57746834859555,24.71374963671338,5.266992055643804,1.5280524986410895,10544.452999999994,4.167560827475247,4.201674132878917,0.5632506915869504,3.7334837603402944,26.51775579342402,29.818832673562348,1.5594126196189984,6.424272161315765,0.07030413873328058,0.0930529362512398,dataset,False,2.0,75.73527958783049,24.26472041216951,1.5842322967477003,-0.18122804770462864,0.0932780444295571,0.22478691201664788,1.7305794746553742,15.863718711882171,0.97988978633149,160.45091271456084,158.4524757877362,563.7233041743378,80.22545635728042,0.4861443947503063,-0.09484325260948447,33.31700941653644,32.910542399157414,40.997744028174516,1.7515280020969257,63.0,,72.59182340531257,71.02438249830975,68.16512018658753,63.96039085857309,91,False
nasa,B0006,93,1.4989786083335404,24.0,3066.0,3.434112914501242,2.4198491932573414,4.1838942747302825,1.7769381660412278,2.0144018884289827,33.28676739403043,40.516963879873735,24.452648939888725,5.2021678298567675,1.5123119806040248,10701.125,4.169913578643362,4.201830959999943,0.5448814802561375,3.7456372760155343,26.296792336298168,29.655105623519365,1.531252501215966,6.313889140006932,0.07156671814928477,0.09367023927457886,dataset,False,2.0,74.94893041667702,25.051069583322985,0.7863491711534749,-0.1288188171678371,0.10438516189100312,0.25569804703018006,1.7640450814729411,16.06431493998501,0.9876307006212885,161.96322469516485,159.98372828895216,568.9254720041946,80.98161234758243,0.4942910895168229,-0.06955860452591645,33.304241601398644,32.9478368841829,40.997744028174516,1.7556383813512468,63.0,,72.34335322015197,71.03503115177503,67.904830700863,63.701838045146154,92,False
nasa,B0006,94,1.4831110745410492,24.0,3056.437,3.4325600940363916,2.4706823501191706,4.1839835007856605,1.7640108930619747,2.015270624937178,33.14347737377552,40.34325381638243,24.224651493389036,5.14159828204076,1.496489204117284,10805.813,4.171532395838358,4.201992281469841,0.5333539409716682,3.753407683849187,26.03904064199693,29.39030853998228,1.5139762670464267,6.246968728689128,0.07235057565104601,0.09440345976365576,dataset,False,2.0,74.15555372705246,25.844446272947536,0.7933766896245515,-0.07797290517129767,0.1151261721769356,0.28282801964316834,1.71330115066649,16.118602322993393,0.98844957922408,163.45971389928215,161.49770455599858,574.0670702862353,81.72985694964107,0.4245537853971032,-0.054838540942664986,33.28317254391094,32.97465052396901,40.997744028174516,1.7590642784224808,63.0,,72.06901997138895,72.61279021654194,67.66345454997655,63.70636961500734,93,False
nasa,B0006,95,1.4729664825468278,24.0,3048.219,3.4270614887575657,2.413759774558071,4.183640209073579,1.7571864995414006,2.015800833534411,33.11021541795579,40.39341126895154,24.107818019162874,5.098312631397127,1.4864398791091686,10693.438,4.172498324803942,4.201883915537131,0.5330281051780623,3.7589381052953175,25.90252654964816,29.205477681579126,1.4964453759932768,6.1781046971379725,0.07033788263426383,0.09507092273616935,dataset,False,2.0,73.6483241273414,26.351675872658603,0.5072295997110672,-0.10668608397347298,0.10469478383123089,0.26082225941565584,1.7698804345155086,16.285593249788665,0.9933138241832136,164.9461537783913,162.99414993199187,579.1653829176324,82.47307688919565,0.2647407251204995,-0.050266774975342134,33.28055948960612,32.99812528095053,40.997744028174516,1.7619921846959081,63.0,,71.5605372480387,71.57788163862855,69.20802869118744,63.188197132203896,94,False
nasa,B0006,96,1.4627604396099307,24.0,3039.218,3.427340316812041,2.4562499847243027,4.183387047926521,1.7502861853648675,2.0153848289913054,33.18991802149879,40.46341487442664,24.152350848480747,5.061266947086572,1.476194495305401,10708.406,4.1731887388414854,4.201969977221339,0.5287188605250439,3.7456212649020735,25.877092731363224,29.153216648671478,1.4869651036229707,6.141235494597005,0.07148316063857231,0.09546831610525248,dataset,False,2.0,73.13802198049653,26.861978019503468,0.5103021468448645,-0.054183337566064436,0.1347931843936243,0.2505654724308033,1.7271370632022185,16.311064025945893,0.9927566502459759,166.4223482736967,164.48111503561483,584.226649864719,83.21117413684836,0.0651430435617624,-0.04597055046383606,33.307309528914615,33.02499140887085,40.997744028174516,1.7643286877835305,63.0,,71.30123589762857,70.75078755794715,70.25733895325736,62.906868444776165,95,False
nasa,B0006,97,1.4518364681062514,24.0,3039.047,3.423482197888437,2.401794655879554,4.18356344388626,1.743973921153546,2.017707476586292,33.26265398635676,40.5818264138806,24.1926071662797,5.035816042514257,1.4704983947284573,10805.297000000006,4.173938904887936,4.201695282300284,0.5206861524505176,3.750365620802588,25.93141642274133,29.22524462438927,1.4776549281989553,6.104317439554733,0.07177878179971342,0.09678915937102545,dataset,False,2.0,72.59182340531257,27.408176594687433,0.5461985751839649,-0.023439993142383743,0.14564043068231455,0.2505713132610953,1.7817687880067057,16.3892192476009,0.9951568303709306,167.89284666842516,165.95876996381378,589.2624659072333,83.94642333421258,-0.18673264022967692,-0.04687415651074095,33.313236444426714,33.053749278589024,40.997744028174516,1.7666057458930013,63.0,,71.02438249830975,70.48655753258726,68.93595113136764,62.66299320276505,96,False
nasa,B0006,98,1.4468670644030392,24.0,3030.375,3.4220957701069374,2.4087687236133313,4.18171248971767,1.7368671582969701,2.0198780169470747,33.299978841087025,40.61670777074496,24.238609855596458,4.9972295049197095,1.4603098506210614,10363.61,4.173400552968585,4.201772117189957,0.5396168984246936,3.7574072516860855,26.008428132103052,29.215805701192597,1.4672703537593768,6.0625308905950135,0.07217659052012376,0.09731548106056298,dataset,False,2.0,72.34335322015197,27.65664677984803,0.24847018516059904,-6.62691852539865e-05,0.1353644685250066,0.3768523973787907,1.7729437661043388,16.3780979151485,0.995256154995239,169.35315651904622,167.42604031757315,594.259695412153,84.67657825952311,-0.4559846508742981,-0.05232424837540128,33.28983926312873,33.08325950839221,40.997744028174516,1.768176976716899,63.0,,71.03503115177503,70.24586590646545,68.41328891599532,62.661566577467134,97,False
nasa,B0006,99,1.441380399427779,24.0,3021.0,3.421883545422636,2.4308118485818704,4.1832473219705815,1.7360229366477682,2.0197856871193367,33.31663547841367,40.631647661681036,24.191028062692588,4.975932506524653,1.4547925177101502,10805.094,4.174885302655925,4.201969015097004,0.5159893563314368,3.763946782178309,25.9304594999863,29.22328146275053,1.4646886025235586,6.0537538112839115,0.07275773932145782,0.09742370041141407,dataset,False,2.0,72.06901997138895,27.930980028611046,0.2743332487630141,0.0014689680034436492,0.13602221034860576,0.36674800560369164,1.752435473388711,16.440619598988448,0.993243557165422,170.80794903675638,168.8907289200967,599.2356279186776,85.40397451837819,-0.7574737176898799,-0.060282381327201484,33.26382347041382,33.112333719512435,40.997744028174516,1.7697735281379756,63.0,,72.61279021654194,69.75821482857815,67.86575648309008,62.40437480156788,98,False
nasa,B0006,100,1.431210744960774,24.0,3021.75,3.4195777411151886,2.398886415333129,4.183049768329545,1.7297210104409786,2.015287001210607,33.39150630507064,40.74323383889164,24.226474805349635,4.955042720020617,1.4498337715163376,10805.5,4.175318199908142,4.2018966162936255,0.5130294674323456,3.762720455293621,25.947381066960602,29.231872906886423,1.4560873679672557,6.0196556153442655,0.07161196696477634,0.09618267512171286,dataset,False,2.0,71.5605372480387,28.4394627519613,0.5084827233502551,0.8118795717461935,0.14557337668859305,0.34455034954265445,1.7841633529964165,16.516759033542005,0.9957052052036903,172.2577828082727,170.34681628806396,604.1906706386982,86.12889140413635,-0.5801452614462753,-0.0730154248671119,33.28056526085515,33.14515814629229,40.997744028174516,1.760640635033372,63.0,,71.57788163862855,69.72671916307038,67.62467319400798,62.67177142472422,99,False
nasa,B0006,101,1.4260247179525716,24.0,3012.265,3.4175281789596474,2.3814379490849835,4.1830924980863315,1.7288007546336817,2.013949066691416,33.41522427488497,40.81715493531611,24.22178922960351,4.933838616415427,1.4446620815753788,10806.844,4.175615707899823,4.201708649732984,0.5111048997969515,3.7526750253731245,25.97159894270595,29.272600835493,1.4509235258351052,5.9992195546217895,0.07236285655797875,0.09800608224040097,dataset,False,2.0,71.30123589762857,28.698764102371427,0.2593013504101265,0.6018275986949618,0.13499094770289502,0.31871626623110844,1.801654549001348,16.595365705712602,0.9956845111763403,173.7024448898481,171.79773981389906,609.1245092551136,86.85122244492405,-0.47587227555972966,-0.09058115207117033,33.28500434361668,33.180252943403914,40.997744028174516,1.75137601695613,63.0,,70.75078755794715,69.46585589656323,67.37049575830618,64.49024386633451,100,False
nasa,B0006,102,1.420487649966195,24.0,3002.641,3.4197860540725715,2.459885297095542,4.181536580807847,1.7216957440273102,2.015065571425412,33.39690850726103,40.72877617289365,24.207764443084063,4.896686996165651,1.433868905592938,10367.906000000003,4.175150889309921,4.201967903302304,0.5302306092048581,3.755317908269853,26.033603358388206,29.24185694673003,1.4427757073671112,5.966464399909309,0.07217187946582546,0.09754420653220938,dataset,False,2.0,71.02438249830975,28.97561750169025,0.27685339931882424,0.4710897089520742,0.13428930496709426,0.3087193841661781,1.7216512837123048,16.52101172980959,0.9938266206391656,175.13631379544103,173.24051552126616,614.0211962512792,87.56815689772051,-0.41936707078950913,-0.11105041402871564,33.281328560033465,33.209871247486156,40.997744028174516,1.7445503269209728,63.0,,70.48655753258726,69.19189736163904,66.85037565421159,63.17701010879417,101,False
nasa,B0006,103,1.4207006230355006,24.0,3012.0,3.4171369298988705,2.4007285025453995,4.172034399629829,1.7228352005659142,2.0151971595728613,33.73731993653,41.45494452672042,24.266994666970984,4.9122243951975815,1.4393596890702223,10806.719,4.1765045776973535,4.201778290985763,0.5065702986666106,3.763354669678761,25.90982967799584,29.203986172484676,1.4387995662064443,5.951854893848148,0.07327514105662862,0.09816756377374604,dataset,False,2.0,71.03503115177503,28.96496884822497,-0.010648653465281654,0.39138992649019855,0.21917399680933955,0.2874080322198239,1.7713058970844293,17.187949859749434,1.0003892987438512,176.57567348451124,174.67931508747262,618.9334206464767,88.28783674225562,-0.35760252554935335,-0.10751123459430635,33.32638381428342,33.23213263556122,41.45494452672042,1.739140030373441,63.0,,70.24586590646545,68.68407119097562,66.56176483359263,62.39880853421427,102,False
nasa,B0006,104,1.452255804330839,24.0,3020.11,3.4305347141293625,2.472830716079143,4.188427549455566,1.748786563991936,2.0180838913239434,34.08965316576344,41.39678877103747,25.010523307428713,5.0276616402312255,1.4656294419557323,10043.172,4.176745651188443,4.201694216136269,0.5432554804858266,3.7551825062891337,26.41227975974544,29.530053408982685,1.4306682185998174,5.924572694866612,0.07255344400984245,0.09400039614590885,dataset,False,2.0,72.61279021654194,27.38720978345806,-1.5777590647669086,0.15427635105105253,0.10364040901034514,0.24533961941533788,1.715596833376423,16.38626546360876,1.024436988884908,178.04130292646698,176.10998330607242,623.961082286708,89.02065146323349,-0.21522897105563535,-0.0982990470793339,33.421001393482214,33.28723042799051,41.45494452672042,1.7376175974664374,63.0,,69.75821482857815,68.93029945931838,66.29651890863822,61.60601438971667,103,False
nasa,B0006,105,1.431557632772571,24.0,3002.172000000006,3.4250844180972875,2.467318928642863,4.181499335679726,1.7345182497801421,2.015157068463395,33.9987286593769,41.36669473718026,24.81713061500866,4.94452805577554,1.4449647347904269,10569.812,4.17382701715403,4.201799253685489,0.5309995986704704,3.760096811017353,26.686445558767225,30.003136543658723,1.4740662854997948,6.0908495813053944,0.0737422116355231,0.09682011701371697,dataset,False,2.0,71.57788163862855,28.422118361371446,1.0349085779133844,0.20704424887128425,0.11440345620103642,0.2505058196303753,1.7141804070368631,16.5495641221716,0.9802576376682404,179.48626766125741,177.5840495915722,628.9056103424836,89.74313383062871,-0.1444201182408407,-0.10430510101482503,33.50985271762433,33.345421818805264,41.45494452672042,1.7353507724903114,63.0,,69.72671916307038,68.68800149554288,66.07893719337645,61.35568833106767,104,False
nasa,B0006,106,1.415015751158943,24.0,2992.703,3.4171339862792935,2.3692462667540997,4.179546243153898,1.7271808134437059,2.013917344838714,33.907397114007345,41.37787352037061,24.66015421423191,4.894486735953604,1.4337081215345788,9917.203,4.173723458924574,4.202607352676675,0.5546341217971023,3.7538021792064638,26.606458183179758,29.808177657882982,1.4419263959197568,5.9612537417466935,0.07351181896001253,0.09784840606777727,dataset,False,2.0,70.75078755794715,29.24921244205285,0.8270940806814053,0.23872344225493833,0.12652435479144117,0.25646108107056564,1.8102999763997984,16.717719306138704,0.9943004896724039,180.919975782792,179.02597598749196,633.8000970784371,90.459987891396,-0.1276493585411973,-0.12098651923502839,33.58160062687518,33.395096060477655,41.45494452672042,1.7330402352981953,63.0,,69.46585589656323,68.41290291971356,66.06125370330544,61.08698790688678,105,False
nasa,B0006,107,1.4097311506517451,24.0,2964.468,3.417521467040602,2.4482618595124874,4.18101558225098,1.730597159216869,2.026182069042455,33.70518417605219,41.140956091698214,24.417272340572964,4.855992547052503,1.4231960953793916,10317.406,4.175356086603463,4.2017718095422545,0.5280098623751955,3.7552040488098104,26.340043075472312,29.64273803651614,1.4385090449885618,5.949355499498352,0.07363095072187217,0.09872074778143794,dataset,False,2.0,70.48655753258726,29.513442467412744,0.26423002535989326,0.21052658727253118,0.13745766312787794,0.2510279880530203,1.7327537227384928,16.72368375112525,0.9893549855230198,182.34317187817138,180.46448503248052,638.6560896254897,91.17158593908569,-0.132768209206184,-0.13758279634359388,33.62585364584472,33.41686651269716,41.45494452672042,1.7317025591045276,63.0,,69.19189736163904,68.16512018658753,65.78242650931341,60.5551339457587,106,False
nasa,B0006,108,1.404917318129309,24.0,2983.375,3.4181623236680356,2.4598632768748825,4.182667734360821,1.7141556201256136,2.0154806588037197,33.7458832944166,41.2168813199875,24.34226965648951,4.8369076517542595,1.4183842067789227,10806.109,4.177001265513861,4.20296129787524,0.5028174374171062,3.751361742414546,26.10257345827895,29.424227040099296,1.428596000627247,5.911217733768592,0.07483720295528123,0.09855595497783809,dataset,False,2.0,70.24586590646545,29.754134093534546,0.2406916261218015,0.2097487313686514,0.13659505354132762,0.24620369690876004,1.722804457485939,16.87461166349799,0.9928518672571948,183.76155608495029,181.89308103310776,643.492997277244,91.88077804247514,-0.1420619988191228,-0.15637999436791047,33.67044409117768,33.43012402265748,41.45494452672042,1.7294314052873918,63.0,,68.68407119097562,67.904830700863,66.04512848751195,60.28079882565868,107,False
nasa,B0006,109,1.395164296571563,24.0,2975.297,3.420331935905118,2.497869764845928,4.179947555799937,1.7067863109671502,2.014398878088724,34.01657212624259,41.40391881889191,24.68862064835225,4.8052696454978046,1.408647489428361,10041.921,4.175978439491436,4.201757124664383,0.5358568872022332,3.7523421815899587,26.41341494885895,29.528181634019152,1.4124825711160032,5.8453444121588785,0.07422880685868813,0.09794583413307753,dataset,False,2.0,69.75821482857815,30.241785171421853,0.4876510778873069,0.2310805142810807,0.1447043938704536,0.24497062904752964,1.682077790954009,16.71529817053966,0.9972848644181059,185.17020357437863,183.30556360422378,648.2982669227417,92.58510178718932,-0.17081973273512516,-0.1799009347012163,33.74043775596057,33.45662018976109,41.45494452672042,1.72650774271933,63.0,,68.93029945931838,67.66345454997655,67.37164383636953,60.044681313586366,108,False
nasa,B0006,110,1.3945343832614077,24.0,2974.9850000000006,3.4192916311692465,2.472236707252471,4.182316086490744,1.7063636381021512,2.015379938834276,34.175023374593785,41.586571331198584,24.83379380277289,4.801526654785816,1.4079654070224146,10719.281,4.177288870633245,4.201859315713612,0.5020480730050468,3.752726383746223,26.584568753917836,29.841441321069038,1.4158103425546338,5.859300023674594,0.07359262883289279,0.09794263420249376,dataset,False,2.0,69.72671916307038,30.273280836929615,0.03149566550776228,0.18338180849683142,0.11418976498145128,0.23466555835513644,1.7100793792382727,16.752777528425693,0.9944590491420877,186.57816898140103,184.7213739467784,653.0997935775275,93.28908449070052,-0.20718450095901644,-0.20887344132671704,33.81878946291289,33.49816728630468,41.586571331198584,1.7241720054854472,63.0,,68.68800149554288,69.20802869118744,66.30064036176807,59.529519927791675,109,False
nasa,B0006,111,1.3893171179312644,24.0,2966.25,3.414352330355796,2.4278749904763077,4.18300582450457,1.7053149763509456,2.024938600791225,33.976109677640174,41.43504077863728,24.567907151996646,4.775703115211149,1.4027609776931165,10804.719,4.177855739421222,4.202267158759825,0.49627710815559467,3.752396012919458,26.46196190140926,29.81401566030922,1.4100062790771903,5.836603315196029,0.07428961541366103,0.09782803971993742,dataset,False,2.0,69.46585589656323,30.534144103436773,0.2608632665071582,0.1835380001065346,0.12521330833090644,0.2195325123649019,1.7551308340282623,16.867133626640634,0.9948615112630451,187.98092995909414,186.1313802258556,657.8754966927387,93.99046497954707,-0.2528368333231461,-0.23791070637496609,33.87487800318841,33.54031496827373,41.586571331198584,1.7218234276571738,63.0,,68.41290291971356,70.25733895325736,65.50593392415531,59.25896255209705,110,False
nasa,B0006,112,1.3838379472327809,24.0,2956.359,3.412701167144591,2.4275905200235055,4.1825046060820625,1.7046353656612552,2.027018156432659,33.84150372451663,41.37436880579148,24.35845427718724,4.75356967215729,1.3973651022208544,10805.687,4.178526044718228,4.201768683837636,0.4938138600026009,3.7534948764970397,26.121216404378323,29.432438931189996,1.4032076101664004,5.810634186020249,0.07436247289279864,0.100297485432866,dataset,False,2.0,69.19189736163904,30.808102638360964,0.27395853492419064,0.18324851366707123,0.12662104448998776,0.21968654266414403,1.754914086058557,17.015914528604238,0.9958363196556117,189.378295061315,187.53458783602198,662.629066364896,94.6891475306575,-0.30964222147330067,-0.2694565225102386,33.91933752491396,33.56583972400497,41.586571331198584,1.7201173898205684,63.0,,68.16512018658753,68.93595113136764,65.2608101146965,58.983534090723126,111,False
nasa,B0006,113,1.3736814238195123,24.0,2956.344,3.410409522809144,2.37337869163978,4.179533028548021,1.698575782177053,2.014779909755338,34.1008464215818,41.66477948989921,24.62149945751311,4.7339209156334245,1.3923928661516176,10011.406,4.177172618632017,4.201625543524005,0.5294163905286804,3.7495282804531564,26.409310711304133,29.526379105226304,1.3908139939358488,5.759577834716481,0.07308819155500623,0.10028552688952369,dataset,False,2.0,68.68407119097562,31.315928809024385,0.5078261706634208,0.23509599607994147,0.14634477349295252,0.22528979058328588,1.8061543369082411,17.0432800323861,1.001135214502193,190.7706879274666,188.92540182995782,667.3629872805294,95.3853439637333,-0.37122536765079384,-0.3034022742057972,33.95569017341914,33.58851555470556,41.66477948989921,1.7176914479816823,63.0,,67.904830700863,68.41328891599532,65.02030975677887,58.729764183769575,112,False
nasa,B0006,114,1.3786059891863676,24.0,2956.406,3.414419320260644,2.4248604132549767,4.18250512422575,1.69824433155204,2.0151111715849144,34.34663683304219,41.81816829502593,24.908657981582394,4.737337553037889,1.3921283985955233,10806.625,4.178585522762485,4.201785610504049,0.4920934896464165,3.75004525139233,26.554432319974733,29.785784828098866,1.3996417551151459,5.796179049213766,0.07390565956199621,0.10034826354300655,dataset,False,2.0,68.93029945931838,31.069700540681623,-0.24622826834276168,0.36824907572235616,0.12613640768420054,0.20902132317119282,1.757644710970773,16.909510313443533,0.9946319431439051,192.16281632606214,190.32504358507296,672.1003248335674,96.08140816303107,-0.2856974589851376,-0.3348506357797807,33.98138854014702,33.61930929180474,41.81816829502593,1.7126372247376924,63.0,,67.66345454997655,67.86575648309008,65.0117867920558,57.6909165798125,113,False
nasa,B0006,115,1.3737600299108574,24.0,2947.266,3.4131710032395315,2.426962848243194,4.1828227593786,1.6971242328938314,2.0151664181090267,34.216231530637586,41.686647000781186,24.777867901281315,4.7173801003183184,1.38718961360724,10805.563,4.178699556417778,4.2018270229460235,0.49048660535639466,3.7486346943162476,26.61726658220038,29.938016224006763,1.3939365239954786,5.772714016164769,0.07406486350284623,0.09903658397481056,dataset,False,2.0,68.68800149554288,31.311998504457122,0.24229796377549917,0.28898801430856763,0.4396532587983103,0.20921194455775918,1.7558599111354058,16.90877909949987,0.9951598151909387,193.55000593966938,191.71898010906844,676.8177049338857,96.77500296983469,-0.23774345648057293,-0.2901536606539144,34.00313882727309,33.65899501700395,41.81816829502593,1.7088978230490617,63.0,,69.20802869118744,67.62467319400798,64.47533361240377,58.220047786861315,114,False
nasa,B0006,116,1.3682580583942712,24.0,2937.984,3.4107019261975147,2.417287750352038,4.182413969607667,1.6959707969888713,2.016248522283907,34.041617020161176,41.565382893773936,24.55493670403353,4.693367988762856,1.3816435642879072,10807.219,4.179152897117853,4.202054742705047,0.4882181980623172,3.7574002083853717,26.399750319384214,29.715784734660758,1.3880083462318267,5.749737967946482,0.07434066648007011,0.10067908230747398,dataset,False,2.0,68.41290291971356,31.58709708028644,0.2750985758293183,0.23378846382335894,0.3562643585945853,0.19887957831929184,1.7651262192556296,17.010446189740406,0.9954144498041394,194.9316495039573,193.10698845530027,681.5110729226485,97.46582475197864,-0.22490558599896115,-0.26313939744496034,34.016560817888475,33.68582635991961,41.81816829502593,1.7057768214035782,63.0,,70.25733895325736,67.37049575830618,63.96265286923975,57.93987473958035,115,False
nasa,B0006,117,1.3633024037317505,24.0,2929.125,3.4089059214760367,2.4185087281747166,4.182451170946608,1.69533939901694,2.015018401452086,33.890212870710734,41.46394809540406,24.318017130660255,4.672791745349317,1.3767680733904994,10805.547,4.179687026714319,4.202074957625042,0.48643566147944856,3.7553916796956957,26.124475808397165,29.466865883379434,1.382603118645768,5.7291172875642715,0.0749835856113319,0.1003809603504959,dataset,False,2.0,68.16512018658753,31.83487981341247,0.24778273312603005,0.23214373459997262,0.30280637604971844,0.19804221023963778,1.7639424427718917,17.1459309647438,0.9957796672258459,196.3084175773478,194.48959157394603,686.1838646679978,98.1542087886739,-0.21486047673326697,-0.2474034447670601,34.03506368735433,33.704088221024314,41.81816829502593,1.7022510453835848,63.0,,68.93595113136764,66.85037565421159,63.96039085857309,58.74874417384586,116,False
nasa,B0006,118,1.3580966140172601,24.0,2928.454,3.4134080258317576,2.480937393224248,4.181305580928812,1.689063706570807,2.014808414619914,34.116762412437,41.6123634180086,24.575299028638764,4.659320521452227,1.3715997399506397,10510.453,4.179503145069986,4.201911913537215,0.4977570830847539,3.7468249398162885,26.26020263178304,29.449039550104775,1.3749731604022921,5.6981864443736345,0.07363422580248341,0.10034341350119641,dataset,False,2.0,67.904830700863,32.095169299137,0.2602894857245275,0.23410352056024522,0.2817639886325605,0.19307457526178184,1.7003681877045635,17.037064389369835,0.9975465554173687,197.68001731729845,195.86456473434833,690.84318518945,98.84000865864923,-0.20692044969097065,-0.23611045643719336,34.07215159915636,33.73728802176058,41.81816829502593,1.6997418540281046,63.0,,68.41328891599532,66.56176483359263,63.701838045146154,59.283761639646784,117,False
nasa,B0006,119,1.353269090999531,24.0,2929.375,3.411221044859532,2.4078214169511205,4.1804870315884735,1.689254941512802,2.0149941642208877,34.490493589415046,42.0075404495327,24.98269073769502,4.660109770220521,1.372035215805313,10202.781,4.1789032172148595,4.201830029496174,0.5112717350742633,3.74663240885026,26.670370279195048,29.801856124521297,1.3699560368269865,5.676921359003236,0.07495654638579109,0.0986748779007716,dataset,False,2.0,67.66345454997655,32.33654545002345,0.24137615088645248,0.20947602786015979,0.2596839670830366,0.1874050696299861,1.772665614637353,17.02484971183768,1.0015176975920645,199.05205253310376,197.2345207711753,695.5032949596705,99.52602626655188,-0.2162802820640362,-0.2295607843072843,34.119543745473614,33.79116867038615,42.0075404495327,1.6979887170826697,63.0,,67.86575648309008,66.29651890863822,63.70636961500734,,118,False
nasa,B0006,120,1.3841605738237488,24.0,2946.031,3.4155210852213678,2.433234589649132,4.163570261072192,1.7102192011852473,2.014889154962298,34.23744800906639,41.61679232360952,25.141147272482755,4.757037329543386,1.3976672133129613,10140.858999999997,4.17845646237936,4.201660395186249,0.515281678165132,3.7548981889793307,26.950570586809867,30.13644300471175,1.3723435446384402,5.685826876187355,0.075132937700244,0.09988518450397564,dataset,False,2.0,69.20802869118744,30.791971308812563,-1.5445741412108873,0.05186904718829481,0.1776118174461584,0.14115330063869463,1.7303356714230604,16.47564505112677,1.0184528639154948,200.44971974641672,198.60686431581377,700.2603322892139,100.22485987320836,-0.11809929317942268,-0.20883187827325012,34.12578620892087,33.83625797403058,42.0075404495327,1.6983742733909792,63.0,,67.62467319400798,66.07893719337645,63.188197132203896,,119,False
nasa,B0006,121,1.4051467790651473,24.0,2955.438,3.4229838362549794,2.440822893388958,4.190012868765637,1.7302612146468814,2.021897889619746,34.41428886050454,41.80245062827161,25.169349346251153,4.843240753022356,1.418542004032935,10340.672,4.177248046135666,4.2018347977923,0.519858236748327,3.7524398308967344,26.72454690095705,29.904596866451254,1.4122526348047744,5.847121241363505,0.075132937700244,0.09988518450397564,dataset,False,2.0,70.25733895325736,29.74266104674264,-1.0493102620699233,-0.07914830566941333,0.11522732108956689,0.1250102527415956,1.7491899753766784,16.633101282020455,1.00445343069162,201.86826175044965,200.01911695061855,705.1035730422362,100.93413087522482,0.02621307371013779,-0.1801044409530524,34.16960412720731,33.88523280759081,42.0075404495327,1.7008688972205728,63.0,,67.37049575830618,66.06125370330544,62.906868444776165,,120,False
nasa,B0006,122,1.378719022627353,24.0,2937.625,3.414757022019347,2.396078253891397,4.182418011462176,1.7152722093432786,2.013990107965066,34.16445180476378,41.653004783464006,24.821438212878718,4.754836079332782,1.3973979029514154,10700.062999999995,4.177076313780446,4.201909029650088,0.5043054215705995,3.765024779245602,26.742962123720645,30.096384008359824,1.4194185517777305,5.873856024641949,0.07592804413673004,0.10032970664387303,dataset,False,2.0,68.93595113136764,31.064048868632355,1.321387821889715,0.025594623027139107,0.1462348909577969,0.14593766082005571,1.7863397575707793,16.831566570585288,0.9844861483607245,203.26565965340106,201.4385355023963,709.858409121569,101.63282982670053,0.07059210487508086,-0.16682050541195645,34.20189893523202,33.921304720327086,42.0075404495327,1.7019325815887754,63.0,,66.85037565421159,65.78242650931341,62.66299320276505,,121,False
nasa,B0006,123,1.3682657783199066,24.0,2929.078,3.41435871627236,2.449306948268824,4.182070839014939,1.701355119877482,2.0141794769710484,33.877146811272176,41.36061809844917,24.44823164208337,4.695459322494514,1.3817286028195048,10628.938,4.178244586506249,4.201652974757697,0.4999092101784323,3.7581799935246383,26.311611774381017,29.633427106758724,1.3973904483907214,5.786800677703233,0.07550871785129283,0.10116073256897913,dataset,False,2.0,68.41328891599532,31.586711084004676,0.5226622153723213,0.02707822749802915,0.1572025721662658,0.1462835203456362,1.732763890746115,16.9123864563658,0.9887920762666919,204.64738825622055,202.83592595078701,714.5538684440635,102.32369412811028,0.05570958843332019,-0.15803363657671354,34.17952897420106,33.94439143913449,42.0075404495327,1.7022105153588183,63.0,,66.56176483359263,66.04512848751195,62.661566577467134,,122,False
nasa,B0006,124,1.3573151296618016,24.0,2918.375,3.4091886698418046,2.384185417166802,4.182701902443236,1.7004563863905504,2.014245767720947,33.839566254190565,41.42815616511055,24.316938949769007,4.668777253561046,1.3760293127381156,10807.109,4.1795700196828705,4.202116845735083,0.48692998458942593,3.7612193870723996,26.06284845842712,29.36231857880349,1.384507960062897,5.7364910089577625,0.07460959963253604,0.10145892418195081,dataset,False,2.0,67.86575648309008,32.13424351690992,0.5475324329052427,0.10645429762282958,0.16813053953195492,0.15207637494028034,1.7985164852764344,17.111217215341544,0.993876057365249,206.02341756895868,204.22043391084992,719.2226456976246,103.01170878447934,0.030659093843585332,-0.1540211193757977,34.1288219163159,33.96530867016557,42.0075404495327,1.7024317208426691,63.0,,66.29651890863822,67.37164383636953,62.40437480156788,,123,False
nasa,B0006,125,1.3524934638801596,24.0,2919.812,3.411930366643558,2.4440756213040964,4.182270325485355,1.6873607733405396,2.013969299900083,33.818304796930946,41.343265645039,24.299358283075954,4.634374282929831,1.3659937664496005,10722.515,4.179746146558016,4.201754715758656,0.48783189198132004,3.7605697616352387,26.038273335849972,29.30429017195157,1.3762594880184391,5.703592286486258,0.07487960335651152,0.10060335245891304,dataset,False,2.0,67.62467319400798,32.37532680599202,0.24108328908209842,0.10633283015348952,0.15743456216122864,0.15150396942491084,1.7381947041812587,17.043907361963043,0.9925408531906876,207.38941133540828,205.59669339886835,723.8570199805544,103.69470566770414,-0.010791044690469324,-0.15408553400891384,34.08902924294524,33.982380609839986,42.0075404495327,1.70145537488734,63.0,,66.07893719337645,66.30064036176807,62.67177142472422,,124,False
nasa,B0006,126,1.3474099151661236,24.0,2900.422,3.4094417183837504,2.4296014294774673,4.182394535290608,1.691961200784779,2.014779898380345,33.812621135472135,41.38118673567723,24.255785257635935,4.6136225280465055,1.3608521741120891,10772.969,4.180475236713375,4.20178318477522,0.48201466976029567,3.761798186882574,25.982571679078095,29.26647234925969,1.368149853184393,5.671566893988103,0.07528060880004324,0.10254518763662164,dataset,False,2.0,67.37049575830618,32.62950424169382,0.2541774357018056,0.10424071614073824,0.1572296055728958,0.14611027663789541,1.7527931058131405,17.125401478041297,0.994666023568019,208.75026350952038,206.96484325205276,728.4706425086008,104.37513175476019,-0.07155648414797589,-0.15606162766489115,34.06612965447633,33.99827648426347,42.0075404495327,1.7010544152669307,63.0,,66.06125370330544,65.50593392415531,64.49024386633451,,125,False
nasa,B0006,127,1.3370075130842318,24.0,2901.375,3.4081896097479882,2.41022288115442,4.182061947471753,1.6853124510181006,2.014211676143238,33.79894614410012,41.378450473707446,24.22667614097166,4.592488574905165,1.3556374972983631,10745.718999999997,4.180575458045295,4.201810483095487,0.48145630444434423,3.751114478494223,25.98889751886105,29.274547562511103,1.3621997554425456,5.64760275050041,0.07499556374166019,0.10138737916427212,dataset,False,2.0,66.85037565421159,33.14962434578841,0.5201201040945875,0.131474453237594,0.16696027376392636,0.1506247893655103,1.7718390663173325,17.151774332735787,0.9951826021712575,210.10590100681875,208.3270430074953,733.0631310835059,105.05295050340938,-0.16457572165652154,-0.16258371770622293,34.057002981815266,34.01435798973703,42.0075404495327,1.700051720467047,63.0,,65.78242650931341,65.2608101146965,63.17701010879417,,126,False
nasa,B0006,128,1.3312352966718526,24.0,2901.187,3.40737851449911,2.4098927032454966,4.182288987105723,1.6788023481230294,2.0146307921789908,33.702723745621576,41.306600641009794,24.08401483096836,4.569687454162207,1.3499332072349146,10807.094,4.180989327010452,4.201721119000679,0.4770483815421464,3.7559372442334014,25.873817245148032,29.17342792067648,1.3578706482943115,5.630700035350506,0.07635857115497807,0.1014317733775896,dataset,False,2.0,66.56176483359263,33.43823516640737,0.28861082061895615,0.13430658672703685,0.17893065272729586,0.1990523247683177,1.7723962838602265,17.222585810041434,0.9941544939723327,211.45583421405368,209.68491365578961,737.6328185376682,105.72791710702684,-0.27475370258197257,-0.16845264660007675,34.015599115133725,34.012974142100695,42.0075404495327,1.699025584622269,63.0,,66.04512848751195,65.02030975677887,62.39880853421427,,127,False
nasa,B0006,129,1.3259303781727643,24.0,2891.64,3.4085862639015,2.453938411405305,4.179662143533188,1.6712234371153531,2.013369705800471,33.63562651984647,41.204081036719124,24.032744419693664,4.532599533665247,1.3393616664896304,10113.641,4.180259837044143,4.201720993314495,0.5061870554501405,3.764214981537595,25.866725578506443,29.05326191379302,1.345320864451083,5.579556193305689,0.07477686532784665,0.10280887562042597,dataset,False,2.0,66.29651890863822,33.70348109136178,0.2652459249544137,0.136693564133833,0.25265085231614876,0.17814563066324696,1.7257237321278835,17.17133661702546,0.995570426268618,212.7951958805433,211.0302345202407,742.1654180713334,106.39759794027165,-0.3992118001728844,-0.15755143467800847,33.93011240817687,33.994813076264016,42.0075404495327,1.6972224341825242,63.0,,67.37164383636953,65.0117867920558,61.60601438971667,,128,False
nasa,B0006,130,1.321578743867529,24.0,2882.906,3.404843616147767,2.3940396792395253,4.181392635232333,1.676926820246207,2.0139825284473383,33.690724061796516,41.32955629442644,24.035049734679703,4.5318458597308435,1.3401963092185816,10585.812,4.181385692481847,4.201829001057363,0.4823215453078367,3.7643913523639103,25.77918241614055,29.018350960542612,1.3456065141061426,5.581856493871091,0.07601129120974016,0.10207495349364025,dataset,False,2.0,66.07893719337645,33.92106280662355,0.2175817152617725,0.31290914978109896,0.21995777781008427,0.16718061700556036,1.7873529559928079,17.294506559746736,0.9959793559031966,214.1353921897619,212.37584103434685,746.6972639310643,107.06769609488094,-0.4159974650447582,-0.1541490849006414,33.87544001344988,33.9824928923608,42.0075404495327,1.69389319608862,63.0,,66.30064036176807,64.47533361240377,61.35568833106767,,129,False
nasa,B0006,131,1.321225074066109,24.0,2883.265,3.4081057374178703,2.45134737470238,4.182099866234647,1.6701674907264448,2.0138921521532196,33.71317033815572,41.300370296451625,24.066996312466095,4.514360818770418,1.3346417992040758,10806.562,4.1817308381034755,4.20180498945883,0.47209224667993926,3.7711630585050364,25.779594856251975,29.051085535901876,1.3439395421344436,5.575417040865363,0.07632337493459862,0.1024320211016061,dataset,False,2.0,66.06125370330544,33.93874629669456,0.017683490071007668,0.4196085249951921,0.18758135418566838,0.15705285448855477,1.7307524915322667,17.23337398398553,0.9930817253017192,215.47003398896595,213.7197805764813,751.2116247498348,107.73501699448298,-0.32586528465752357,-0.15495095088054955,33.805328161215,33.97472382132674,42.0075404495327,1.6878838236965765,63.0,,65.50593392415531,63.96265286923975,61.08698790688678,,130,False
nasa,B0006,132,1.3156485301862682,24.0,2882.969,3.4091728540380735,2.475014603796582,4.182054276922838,1.6635304836146556,2.013710255019385,33.65376593260611,41.243646229563595,23.996723972247743,4.494276286709874,1.3290572326952677,10805.281000000003,4.182001396978748,4.201964081312294,0.4697269743787368,3.767879659334081,25.739149646920637,29.033598285442057,1.3370313727648664,5.547545062719749,0.0749954456773232,0.10259630569279,dataset,False,2.0,65.78242650931341,34.21757349068659,0.27882719399202927,0.31535246220542346,0.18816524093095383,0.16281145202941588,1.7070396731262565,17.246922257315852,0.9940359364544238,216.79909122166123,215.05681194924617,755.7059010365447,108.39954561083061,-0.288172742372185,-0.15736157286272084,33.75425957399923,33.972667091588896,42.0075404495327,1.682709651123714,63.0,,65.2608101146965,63.96039085857309,60.5551339457587,,131,False
nasa,B0006,133,1.3209025697502388,24.0,2891.656,3.4110817622184233,2.4569179775419294,4.168816046299314,1.6646335896429372,2.0145340492151043,33.983578066068176,41.36464929786556,24.663353868241057,4.516334349346584,1.3343651261849256,10733.391,4.182128535941678,4.2017094009740035,0.47087953923867404,3.7623165002978114,25.68008908964709,28.953402514298006,1.3310153615352773,5.523319794220651,0.07655910700249269,0.10301800475787612,dataset,False,2.0,66.04512848751195,33.954871512488054,-0.26270197819853536,0.23681604284833782,0.16802949675814033,0.15231227514973397,1.7118980687573848,16.701295429624505,1.0025166987147198,218.13345634784616,216.38782731078143,760.2222353858913,109.06672817392308,-0.23277060809411304,-0.15613560744329585,33.76490269947883,33.98217488245496,42.0075404495327,1.6790374981002596,63.0,,65.02030975677887,63.701838045146154,60.28079882565868,,132,False
nasa,B0006,134,1.3474328767273906,24.0,2901.25,3.4167486246717154,2.438240626221148,4.190149239555381,1.691847724352744,2.01382438347875,33.816348135475515,40.89285784811417,24.805357555777945,4.622129800449759,1.360873808489467,10805.547,4.1828383738325865,4.201660599756037,0.47164332324034053,3.7745278082743177,26.173174882929104,29.214892256060573,1.3412939442866827,5.568479593013496,0.07655910700249269,0.10301800475787612,dataset,False,2.0,67.37164383636953,32.62835616363047,-1.3265153488575834,0.04941126467205521,0.09546283968834474,0.12008361677939916,1.751908613334233,16.087500292336223,1.0145977429378443,219.49433015633562,217.72912125506812,764.8443651863411,109.74716507816781,-0.11281027845405821,-0.14431005926024992,33.76258088760733,33.97416592282427,42.0075404495327,1.6781766318964793,63.0,,65.0117867920558,63.70636961500734,60.044681313586366,,133,False
nasa,B0006,135,1.3260128072353616,24.0,2891.703,3.4169689184247174,2.4946397780995584,4.187196878135145,1.671226012596274,2.0133154561700204,33.60692030225909,40.652964511118334,24.568710436075083,4.542384695182743,1.3394377678574836,10751.266000000003,4.178933402506249,4.201683433557864,0.48209882306648255,3.773416650845095,26.412927199212106,29.67320643675769,1.364446915498468,5.6504935851285865,0.07655910700249269,0.10301800475787612,dataset,False,2.0,66.30064036176807,33.699359638231925,1.0710034746014543,0.1324032832239908,0.13704315205209242,0.12561645851677183,1.6925571000355868,16.08425407504325,0.98167085332752,220.8337679241931,219.09356817056658,769.3867498815238,110.41688396209655,-0.0613512952253727,-0.1408498298115186,33.74144243814014,33.95144179993088,42.0075404495327,1.6765631558220524,63.0,,64.47533361240377,63.188197132203896,59.529519927791675,,134,False
nasa,B0006,136,1.3101186784831063,24.0,2883.016,3.4105763913818787,2.4367455144223555,4.18232296515852,1.663315386938566,2.0139168871011672,33.47350597721994,40.58410707337388,24.308667818003084,4.49501089864976,1.3287666002211338,10805.625,4.181529998801519,4.201900338190367,0.4715310281416789,3.7775445664037823,26.01498124223845,29.182521926296026,1.3411189185118095,5.562542775058024,0.07627816468715698,0.10209285250394709,dataset,False,2.0,65.50593392415531,34.494066075844685,0.7947064376127599,0.18645618341508624,0.15839687889631648,0.14180509361361146,1.7455774507361648,16.275439255370795,0.9907895428808188,222.16253452441424,220.43468708907838,773.8817607801735,111.08126726220712,-0.05413621543156177,-0.1446985395278981,33.70753092231492,33.93133765191408,42.0075404495327,1.6736985744374313,63.0,,63.96265286923975,62.906868444776165,59.25896255209705,,135,False
nasa,B0006,137,1.30521620229393,24.0,2873.453,3.4113335283009314,2.4858689968085326,4.1822817387062585,1.6559242579419076,2.0142276812428177,33.209178727620106,40.322783635307104,24.003796003990193,4.457843561793712,1.318653201380414,10806.672,4.182019422566182,4.201731577620456,0.46802885962151797,3.7738067195182934,25.743698100268983,28.958962550469153,1.3318683656161114,5.525931837405634,0.07628105077777647,0.10123049924820199,dataset,False,2.0,65.2608101146965,34.7391898853035,0.24512380945881773,0.15895655395150926,0.15724348987770156,0.14193226718384466,1.696412741897726,16.31898763131691,0.9900777249637698,223.48118772579465,221.7665554546945,778.3396043419673,111.74059386289733,-0.07236544934603828,-0.1505034220866721,33.64855418066692,33.90604465203822,42.0075404495327,1.670759755129812,63.0,,63.96039085857309,62.66299320276505,58.983534090723126,,136,False
nasa,B0006,138,1.3004061951355774,24.0,2874.031,3.4081283345557187,2.3957550201907916,4.181394192711236,1.656121338952165,2.0140803684449082,33.58088963686094,40.78032921971219,24.359100181053126,4.457417238465267,1.3191009682587322,10502.453,4.182166822631962,4.201804218145283,0.47743976411283257,3.7659976981313297,25.849366387166373,28.86335897061623,1.3196408242361084,5.476670350664813,0.07559149558239868,0.10170048160813132,dataset,False,2.0,65.02030975677887,34.97969024322113,0.24050035791762525,0.15414550768137616,0.14655045736786973,0.14644761543041113,1.7856391725204448,16.421229038659067,0.999590906883554,224.8002886940534,223.0861962789306,782.7970215804326,112.4001443470267,-0.10368614489104704,-0.16058265638905672,33.63637076979086,33.885246380649384,42.0075404495327,1.6684916542127255,63.0,,63.701838045146154,62.661566577467134,58.729764183769575,,137,False
nasa,B0006,139,1.300235735841116,24.0,2874.234,3.4125732422699135,2.4504684570147006,4.182109437180301,1.6493562885018465,2.014831579693271,33.76400861956033,40.85731522464202,24.621773390889473,4.442814595041541,1.3137391419694107,10689.219,4.182002618515247,4.201878359716502,0.4698905470562728,3.7664642206897034,26.160906049591357,29.24054616758047,1.3228696991414346,5.488804458752463,0.07436926956755013,0.10195116957544287,dataset,False,2.0,65.0117867920558,34.9882132079442,0.008522964723070459,0.12847321165824183,0.15674050669050302,0.1414384571873518,1.7316409801656008,16.23554183375255,0.9930979164630124,226.1140278360228,224.40906597807202,787.2398361754741,113.0570139180114,-0.13447048712320253,-0.16546000350222748,33.64920897976224,33.86194125211011,42.0075404495327,1.666304939351375,63.0,,63.70636961500734,62.40437480156788,57.6909165798125,,138,False
nasa,B0006,140,1.2895066722480755,24.0,2864.984,3.407693686560286,2.3942028718004007,4.181210531150237,1.6481250828318856,2.014857985605384,33.57003564415372,40.74860220857894,24.362440700162463,4.416977394029637,1.3082852203397821,10436.453999999998,4.181834582640987,4.201838427416867,0.47884343336493446,3.7695784683360736,26.149674507929515,29.273782336676156,1.314397974297511,5.454073925264533,0.07554946383264172,0.1033905552179119,dataset,False,2.0,64.47533361240377,35.52466638759623,0.5364531796520282,0.1603603580972674,0.1685067153255642,0.30407998706193723,1.787007659349836,16.386161508416475,0.9953493887869115,227.42231305636258,225.72346395236954,791.6568135695038,113.71115652818129,-0.19344884906191226,-0.17469796524435607,33.63714013799797,33.836093416650755,42.0075404495327,1.6634247656099426,63.0,,63.188197132203896,62.67177142472422,58.220047786861315,,139,False
nasa,B0006,141,1.279253057384795,24.0,2855.093,3.4073499608041957,2.4303844034459368,4.180183763169455,1.6402735508297446,2.013906118562721,33.272050895552354,40.472276230208436,24.05758090644101,4.378207599491924,1.2980105432452615,10193.25,4.181909885829295,4.201774820147272,0.48795278000253883,3.772696541391716,25.88741440866421,28.967053882242595,1.3079547890669487,5.428632416836202,0.07543780913259987,0.10190222500615645,dataset,False,2.0,63.96265286923975,36.03734713076025,0.5126807431640259,0.20986008340656923,0.17801000201895248,0.26713718030676886,1.7497993597235184,16.414695323767425,0.992397102786113,228.72032359960784,227.03141874143648,796.0350211689957,114.36016179980392,-0.26213289534797135,-0.18817883661772233,33.59302819373763,33.8053107716664,42.0075404495327,1.6604353716202724,63.0,,62.906868444776165,64.49024386633451,57.93987473958035,,140,False
nasa,B0006,142,1.2792078171714618,24.0,2855.625,3.409292163767801,2.4755630989048205,4.181641969595387,1.6339269718637894,2.01480412850878,33.12740933210319,40.28187574900838,23.840036551906117,4.3593085177713045,1.29271674890541,10733.703,4.183197517427232,4.201841193794755,0.4613631297360031,3.7717136551873143,25.497625818790674,28.663710651492863,1.3044856462084087,5.416243821399602,0.0752830478385875,0.10212799871439257,dataset,False,2.0,63.96039085857309,36.03960914142691,0.002262010666655101,0.18220356507403182,0.1681891731205775,0.23549777458514798,1.7060788706905665,16.44183919710226,0.990978132003824,230.01304034851324,228.3359043876449,800.394329686767,115.00652017425662,-0.3240912177660351,-0.20073514615121651,33.54039253368734,33.77479863012209,42.0075404495327,1.657475020445186,63.0,,62.66299320276505,63.17701010879417,58.74874417384586,,141,False
nasa,B0006,143,1.274036760902923,24.0,2855.594,3.4095492354804775,2.446712151873903,4.1818501497507565,1.6340523871461572,2.014522533445452,33.439116773449626,40.637565231244686,24.11614509838886,4.3608552455467775,1.2927526254102126,10647.812,4.183464592697866,4.201820075591181,0.461820374307058,3.7729149181527832,25.5837511055969,28.644446228233157,1.295231312425075,5.378568090075848,0.07504265846305132,0.10234809729911541,dataset,False,2.0,63.701838045146154,36.298161954853846,0.25855281342693814,0.23432904423657916,0.16811970622867392,0.22494184743061724,1.7351379978768535,16.521420132855827,0.9980862977978648,231.30579297392345,229.63113570006996,804.7551849323138,115.65289648696172,-0.36055367508821184,-0.2150465847212689,33.48594640442548,33.747692804562604,42.0075404495327,1.654416900195508,63.0,,62.661566577467134,62.39880853421427,59.283761639646784,,142,False
nasa,B0006,144,1.2741273923001468,24.0,2847.437,3.410318915287339,2.4607112018206894,4.1817089329030335,1.6325488263539847,2.0149438038428857,33.482874768414376,40.64243349478575,24.248375431600596,4.3434928809598965,1.2876062525418415,10621.235,4.183120158655426,4.201815160235378,0.46331258611468296,3.763320626966718,25.901434373433876,29.000180627198866,1.2952835891179624,5.377919019185417,0.07493083270026814,0.10316530446995302,dataset,False,2.0,63.70636961500734,36.29363038499266,-0.004531569861185858,0.3665274221362189,0.1582833973987684,0.20898368224090247,1.720997731082344,16.394058063185152,0.9940728527400329,232.5933992264653,230.92641928918792,809.0986778132736,116.29669961323265,-0.2799310787684678,-0.22849688365091794,33.45259906771936,33.707388051722575,41.80245062827161,1.6484870103956322,63.0,,62.40437480156788,61.60601438971667,,,143,False
nasa,B0006,145,1.2637639426440779,24.0,2847.36,3.409269478846637,2.4619788522973796,4.178725976011113,1.6192776155716366,2.0150039133931816,33.22136307064441,40.38713367022122,23.97276387413658,4.302865540244398,1.2771907331177363,9969.577999999994,4.182413374403951,4.2016698016977765,0.4895623775321374,3.768968092746883,25.812500717956773,28.850541540719945,1.283512095982499,5.329418570910341,0.07555918138378297,0.10171557782292613,dataset,False,2.0,63.188197132203896,36.811802867796104,0.5181724828034433,0.3112443229564178,0.24079326235934162,0.20920253990275,1.7167471237137333,16.41436979608464,0.9950749487406086,233.87058995958304,232.20993138517042,813.401543353518,116.93529497979152,-0.25454510137674136,-0.22824066029051154,33.414043344557896,33.66674465418569,41.80245062827161,1.6432921706931682,63.0,,62.67177142472422,61.35568833106767,,,144,False
nasa,B0006,146,1.2581373688955233,24.0,2837.328,3.4094374435069095,2.4999079970509284,4.181148894438262,1.6178697167430758,2.015129426588159,32.98562738901426,40.15316398972329,23.67821307261489,4.281560070563412,1.271594362996909,10501.094,4.18370305418643,4.201854366050775,0.46477655427153497,3.7650021548950647,25.418015652812915,28.54442368993556,1.2846233502370228,5.335727220166014,0.07529135855581007,0.10399050592213124,dataset,False,2.0,62.906868444776165,37.093131555223835,0.281328687427731,0.2599065479379149,0.29401882033924776,0.20462307071440733,1.681240897387334,16.474950917108398,0.9898577374934764,235.14218432257996,233.49455473540743,817.6831034240814,117.57109216128998,-0.2597581696908436,-0.2154575748402899,33.365255485737336,33.609598195326086,41.653004783464006,1.6387476036736193,63.0,,64.49024386633451,61.08698790688678,,,145,False
nasa,B0006,147,1.253259864055301,24.0,2837.281,3.403885091976961,2.4061574188511727,4.181246648937272,1.6181306110813383,2.0157490612295734,32.970182781539556,40.26211669866818,23.518722627950357,4.276712120648879,1.2720519779038446,10570.735,4.184213258814413,4.201788249320559,0.45813935565041386,3.76625461075654,25.184158283341244,28.312507797337528,1.274790172497304,5.296456015108492,0.07695888745317593,0.10278141799912464,dataset,False,2.0,62.66299320276505,37.33700679723495,0.24387524201111432,0.2597816911931446,0.25091831714410373,0.19857660405095032,1.775089230086099,16.743394070717823,0.9978520429067198,236.41423630048382,234.76934490790472,821.9598155447303,118.20711815024191,-0.2631112872376112,-0.2124853156056206,33.34135589112928,33.56182743439712,41.42815616511055,1.6349682389875622,63.0,,63.17701010879417,60.5551339457587,,,146,False
nasa,B0006,148,1.2532313315493426,24.0,2838.515,3.4065929107527846,2.40921365026611,4.1821248744689274,1.6181696583650664,2.014223314502266,33.31018716138479,40.65437976632703,23.900390232503312,4.280532341284352,1.2719850717832044,10804.765,4.1844828823674325,4.201808636248183,0.4483704092614531,3.7680620418827333,25.35578191720396,28.410960417779172,1.2765878428263688,5.303836512649219,0.07582454225155175,0.10410637069985224,dataset,False,2.0,62.661566577467134,37.338433422532866,0.001426625297916928,0.23587431793117375,0.23006889354112758,0.19363573285369667,1.7729112242028173,16.75398953382372,0.9963944736987516,237.68622137226703,236.04593275073108,826.2403478860147,118.84311068613351,-0.251086888062626,-0.20992749512080885,33.31428564358166,33.539149048401626,41.42815616511055,1.6311730709288526,63.0,,62.39880853421427,60.28079882565868,,,147,False
nasa,B0006,149,1.2480874960313577,24.0,2828.328,3.4095930016592684,2.4705399687343235,4.179545017207998,1.6103994653878324,2.0163352495806492,33.23406652671602,40.41021687551566,23.927161901061876,4.246668968709857,1.2616158782805698,10037.5,4.183364628261381,4.201735384834022,0.4806295724553249,3.7693140171606307,25.68149669765411,28.710913065629942,1.2682924704703233,5.268323781045386,0.07591191584477391,0.10494385154400138,dataset,False,2.0,62.40437480156788,37.59562519843212,0.25719177589925124,0.26074119904879184,0.21845526726088793,0.1932929033964214,1.7090050484736743,16.483054974453783,0.9947357629685544,238.9478372505476,237.3142252212014,830.4870168547245,119.4739186252738,-0.22506850244172105,-0.21079467509755975,33.261291434297235,33.51492905930264,41.38118673567723,1.6272773886174512,63.0,,61.60601438971667,60.044681313586366,,,148,False
nasa,B0006,150,1.2534354284944844,24.0,2838.265,3.409409922814414,2.4996841687041944,4.164241788212258,1.6116489596960517,2.01499403966668,33.117656712920734,40.49521984011741,23.563221777928874,4.26246034658643,1.2669575254883128,10555.125,4.184200224556769,4.201941787024512,0.4560114228449873,3.774311795673955,25.591813739883985,28.66950429176209,1.2676531202490295,5.266512290015124,0.07629297155319334,0.10647126315333194,dataset,False,2.0,62.67177142472422,37.32822857527578,-0.26739662315633694,0.18035621876795532,0.19811607077135052,0.17777531646628958,1.6645576195080634,16.931998062188534,0.9994512735782324,240.21479477603592,238.58187834145045,834.7494772013109,120.10739738801796,-0.1886233979528837,-0.20740334861174625,33.216053541173935,33.48690313594223,41.38118673567723,1.6236297763038678,63.0,,61.35568833106767,59.529519927791675,,,149,False
nasa,B0006,151,1.2898048773266901,24.0,2864.547,3.4195489282896943,2.4839695531514434,4.189238693156103,1.6420474102120959,2.0181368086516467,33.78417036686004,41.357879741754175,24.182986071194534,4.411007355344468,1.3033465580435102,10807.328,4.186273511206201,4.20193379990356,0.443994615201818,3.8207854425526673,25.497613624329297,28.564337059732743,1.2632813231093256,5.2552033589161695,0.07444944766297028,0.09763490351376954,dataset,False,2.0,64.49024386633451,35.50975613366549,-1.8184724416102895,-0.05275909970947623,0.11521007567886671,0.13621984062588127,1.7052691400046593,17.17489367055964,1.0317152119652744,241.51814133407942,239.8451596645598,839.1604845566554,120.75907066703971,-0.0653062439182996,-0.18595797258402438,33.2672654883047,33.48576510519775,41.378450473707446,1.6238071622421029,63.0,,61.08698790688678,59.25896255209705,,,150,False
nasa,B0006,152,1.2635402021758835,24.0,2846.39,3.4151799904187996,2.4675402264113453,4.180842923747738,1.619485147897518,2.0142774492167734,33.806439563441614,41.37902988743146,24.13790128994837,4.309332868487828,1.277082553212368,10790.062999999995,4.1825191492621805,4.201865908278174,0.461115404692784,3.7795049535926117,25.84421874752408,29.13293364894342,1.3098764319512157,5.435685258744513,0.0752876188558989,0.10131281846755223,dataset,False,2.0,63.17701010879417,36.82298989120583,1.3132337575403383,0.0783380749778921,0.14693462181669673,0.15694744779031156,1.7133026973363927,17.241128597483087,0.9749641432283827,242.7952238872918,241.155036096511,843.4698174251432,121.3976119436459,-0.020165865213323586,-0.1796203769807174,33.33516851143854,33.48606484197141,41.37902988743146,1.6223629798454755,63.0,,60.5551339457587,58.983534090723126,,,151,False
nasa,B0006,153,1.2479761706842853,24.0,2837.969,3.4154594925159083,2.4946438160388325,4.18123823034649,1.6049332611605434,2.0138128429431967,33.63735785291911,41.20920760771975,23.963097388160715,4.252178442129103,1.2615517243518672,10574.641,4.183146901150216,4.201787473923707,0.4603947695397726,3.783566014109638,25.742753320720922,29.028126782794402,1.2808028779460496,5.317439221789806,0.07525091465096566,0.10263114150619053,dataset,False,2.0,62.39880853421427,37.60119146578573,0.7782015745799029,0.13030295109318857,0.1665182519751346,0.17272445235121522,1.6865944143076574,17.246110219559032,0.9849694641340482,244.05677561164367,242.43583897445706,847.7219958672723,122.02838780582184,-0.025214175110519564,-0.1805266229294027,33.3549926193855,33.48345020626331,41.37902988743146,1.6194510672469142,63.0,,60.28079882565868,58.729764183769575,,,152,False
nasa,B0006,154,1.2321202877943334,24.0,2838.156,3.4130336456755868,2.4577382116375843,4.1798277092808815,1.591662023140669,2.0149177563869873,33.58195933847606,41.20630554355683,23.85096067907487,4.20951164003174,1.2509034328816129,10074.109,4.183234691854298,4.2017437511643605,0.47630004072556226,3.778045283866205,25.638392621114672,28.824446138646483,1.260224011328026,5.233843698747072,0.07579555842218386,0.10337622430701954,dataset,False,2.0,61.60601438971667,38.39398561028333,0.7927941444975986,0.21003552252906701,0.187620180756862,0.22013551653650537,1.7220894976432972,17.35534486448196,0.9926040304242488,245.3076790445253,243.6960629857851,851.9315075073041,122.65383952226264,-0.05740940022069036,-0.18820115384654781,33.36490107639166,33.48130351900849,41.37902988743146,1.6153623869255829,63.0,,60.044681313586366,57.6909165798125,,,153,False
nasa,B0006,155,1.2271137666213534,24.0,2829.843,3.4094524356574096,2.40986495422137,4.180792839927961,1.590121112674739,2.0149300788502975,33.56245583951572,41.28239317323536,23.75303412345965,4.186771428806759,1.2457801096939922,10423.047,4.184017765217709,4.201762552830957,0.4579041286845444,3.7844105060535296,25.49563276443761,28.73861109020366,1.2555182553159336,5.215668101632673,0.07634314633390711,0.10459379391771405,dataset,False,2.0,61.35568833106767,38.64431166893233,0.2503260586490015,0.18325088011362284,0.18892995449235117,0.2044438661512177,1.770927885706591,17.529359049775714,0.9922437243897414,246.55345915421927,244.95158124110102,856.1182789361109,123.27672957710963,-0.11234475495570545,-0.19675412359697952,33.39901035327879,33.47617279011726,41.37902988743146,1.6124467366358928,63.0,,59.529519927791675,58.220047786861315,,,154,False
nasa,B0006,156,1.2217397581377356,24.0,2829.625,3.4138496008165014,2.479418189447868,4.181365190126037,1.576784104156222,2.0147963353542564,33.5111267532655,41.1595683576961,23.71579098948608,4.15248785209495,1.2352644153306773,10534.046,4.184506044897757,4.201785741226195,0.45057293654671465,3.783966177604957,25.428938070318736,28.66945729023269,1.2490102256403561,5.189511697266624,0.07548574752727838,0.10415670198896312,dataset,False,2.0,61.08698790688678,38.91301209311322,0.268700424180885,0.18198805378893823,0.19897063185674624,0.19327599302120732,1.7019470006781692,17.44377736821002,0.9889946374917535,247.78872356954994,246.20059146674137,860.2707667882058,123.89436178477497,-0.17847951440016613,-0.20433097150031984,33.45156028970391,33.46809104672165,41.37902988743146,1.6083381753772077,63.0,,59.25896255209705,57.93987473958035,,,155,False
nasa,B0006,157,1.211102678915174,24.0,2819.437,3.410900672125043,2.434585389303289,4.180594670510683,1.5752875074450006,2.015518745222527,33.53675907012135,41.230427315370186,23.759120931060004,4.129969055488359,1.229817718469132,10266.812000000005,4.184552650962067,4.201919560571855,0.45805565641534807,3.7904069692079725,25.452360068893437,28.620406575828014,1.2355614203117098,5.134567656385111,0.075678173941146,0.10498941605859084,dataset,False,2.0,60.5551339457587,39.4448660542413,0.5318539611280855,0.21078592570063534,0.2090917025421885,0.19862847173657117,1.7460092812073937,17.471306384310182,0.9953513425167251,249.01854128801907,247.43615288705308,864.4007358436942,124.50927064400953,-0.26782368133853934,-0.21577915421828897,33.508217918562096,33.46341077222226,41.37902988743146,1.6040538650135736,63.0,,58.983534090723126,58.74874417384586,,,156,False
nasa,B0006,158,1.2056159765131735,24.0,2819.579,3.4105744140130074,2.425682710641569,4.181424135030176,1.5684956746000391,2.0147884579094577,33.49803069556778,41.21487873613708,23.662315778660414,4.109058176498991,1.2244220253478801,10568.109,4.185044305278331,4.201732878916651,0.44372224797267185,3.7852383299729215,25.399233871624016,28.628153065717633,1.2343216690764713,5.129941726617282,0.07639730618221811,0.10625558495145841,dataset,False,2.0,60.28079882565868,39.71920117434132,0.2743351201000195,0.2380767751808456,0.2305731864741307,0.19930134161613552,1.7557414243886074,17.552562957476667,0.9919796889444563,250.24296331336694,248.67047455612956,868.5097940201931,125.12148165668347,-0.3466768812779229,-0.22311164706015338,33.52700227198039,33.44398887740224,41.37902988743146,1.5990864666370712,63.0,,58.729764183769575,59.283761639646784,,,157,False
nasa,B0006,159,1.2008936262717274,24.0,2810.672,3.4096514247359915,2.417924401749313,4.181921994951423,1.5671931448019898,2.0146138657111945,33.516977262709986,41.27439823262361,23.65025525718372,4.090847852187607,1.219622468433224,10798.344,4.18550919440487,4.201886584230645,0.4320099833928993,3.7829070124674815,25.2820272954604,28.53948250596772,1.228549351972925,5.10670675556884,0.07554089552390525,0.10325199429925233,dataset,False,2.0,60.044681313586366,39.955318686413634,0.2361175120723118,0.23596934879815165,0.2930785009113265,0.1942706702998356,1.7639975932021095,17.62414297543989,0.9927338014338901,251.46258578180016,249.8990239081025,872.6006418723807,125.73129289090008,-0.42669754570170365,-0.21492443293883856,33.555293345579784,33.43201404249163,41.37902988743146,1.594765834578487,63.0,,57.6909165798125,,,,158,False
nasa,B0006,160,1.1905903985558335,24.0,2811.485,3.4128578373442537,2.4541577949851603,4.179593598747663,1.5538432233552129,2.0148417510809367,33.531923269271225,41.237668013317766,23.716467103089535,4.056685436022797,1.2093335298167716,10279.047,4.1849861835985696,4.201754101022374,0.4502885532088832,3.7878786914446536,25.41799675980421,28.572516311766954,1.2167690519088443,5.057822912479961,0.07758555911246837,0.10473113760753461,dataset,False,2.0,59.529519927791675,40.470480072208325,0.5151613857946913,0.3142251496932545,0.27084481735905597,0.2039439847055742,1.7254358037625024,17.52120091022823,0.9938891262229196,252.67191931161693,251.11579296001133,876.6573273084035,126.33595965580847,-0.48838913522528854,-0.2165664644148851,33.59672000121484,33.429014161172105,41.37902988743146,1.5889852609444028,63.0,,58.220047786861315,,,,159,False
nasa,B0006,161,1.185179251041941,24.0,2802.422,3.413450901705652,2.463616101176541,4.180557596235595,1.5522138654028754,2.013981544237104,33.567636169584304,41.24068073261839,23.75283925140291,4.038363952838126,1.204001133414051,10299.39,4.185315793098662,4.201712312513253,0.448041029780938,3.7843489852839536,25.454072385369944,28.62669459075133,1.2127627663930907,5.041736647227119,0.07914099539982122,0.10410597469599145,dataset,False,2.0,59.25896255209705,40.74103744790295,0.27055737569462224,0.5231281314237457,0.24987885488233047,0.20413786688932348,1.7169414950590545,17.487841481215476,0.9927754766044659,253.87592044503097,252.32855572640443,880.6956912612417,126.93796022251549,-0.40551900674690383,-0.2234444587857978,33.57506658148726,33.43277936886668,41.37902988743146,1.580001906463481,63.0,,57.93987473958035,,,,160,False
nasa,B0006,162,1.1796706818144624,24.0,2801.625,3.414388187503409,2.470375229475307,4.181414159913002,1.545285047994101,2.014023708028726,33.60493096509702,41.28133907077437,23.806067140125037,4.018604577083815,1.1983981921124975,10543.077999999994,4.185698076549506,4.201956439749408,0.4357074000789461,3.7858512135022657,25.429946661301248,28.631186857858758,1.2082676359614504,5.023365863296581,0.07703480377026387,0.1043025357256912,dataset,False,2.0,58.983534090723126,41.016465909276874,0.2754284613739273,0.41934760180710456,0.25109104095893486,0.2041672654183182,1.7110389304376952,17.475271930649335,0.9918317402906357,255.07431863714348,253.53682336236588,884.7142958383255,127.53715931857174,-0.361811695582655,-0.2305107452239372,33.554915721652804,33.44860945836576,41.37902988743146,1.5725818964731393,63.0,,58.74874417384586,,,,161,False
nasa,B0006,163,1.1745952836753915,24.0,2802.031,3.412419038813061,2.4357634426689945,4.180815073540562,1.5387187116139815,2.016504705213686,33.54281440778599,41.28338645880181,23.71321070187237,3.9972106649852583,1.1933753740556388,10430.109,4.185822767349111,4.201709609217771,0.4376828059525046,3.78787942201836,25.42050671654486,28.612332550569292,1.20037301066354,4.991137256868183,0.07558657312230183,0.10545022867710716,dataset,False,2.0,58.729764183769575,41.270235816230425,0.2537699069535506,0.36690443504446935,0.2516218229203719,0.1990861401441208,1.7450516308715676,17.570175756929437,0.9941704482308936,256.2676940111991,254.7371963730294,888.7115065033107,128.13384700559956,-0.3329964719748954,-0.23749585282545815,33.54546137713949,33.447086449202764,41.37902988743146,1.5659604415184831,63.0,,59.283761639646784,,,,162,False
nasa,B0006,164,1.15381833159625,24.0,2793.39,3.4148103057455175,2.481190011798763,4.1697037841892834,1.5170395993741237,2.0192733708647617,33.472459360982775,41.149193043289586,23.707339766856947,3.924465245555991,1.1726581892283787,10154.094,4.183379948808009,4.202177831755399,0.4413750898299244,3.7928876825609925,25.397105626124826,28.542199304478256,1.1788999537205667,4.901828984344684,0.07680024027253078,0.10505838895245793,dataset,False,2.0,57.6909165798125,42.3090834201875,1.0388476039570733,0.3915097809904168,0.292834808489732,0.2247876575901175,1.6885137723905204,17.44185327643264,0.9947054332536962,257.4403522004275,255.91609632674997,892.6359717488667,128.72017610021376,-0.36922534124105283,-0.24931667136227018,33.53451137939017,33.43542447885966,41.37902988743146,1.5584981991418285,63.0,,,,,,163,False
nasa,B0006,165,1.1644009557372264,24.0,2793.39,3.4166177332601,2.491537251958465,4.180283727512206,1.5238666038924866,2.014625681416588,33.58210389885497,41.26268252018065,23.791460085164704,3.9460798888358575,1.1780515275082346,10316.906,4.186038120685106,4.20176385561649,0.43928790856070404,3.7913311497766347,25.419424201944214,28.565426308382822,1.190884963344019,4.9526180714648,0.07773379473968531,0.1055258410926404,dataset,False,2.0,58.220047786861315,41.779952213138685,-0.5291312070488132,0.31356405442063534,0.25021143302169835,0.20935907417363125,1.6887464755537414,17.471222435015942,0.9892236141770168,258.61840372793574,257.106981290094,896.5820516377025,129.30920186396787,-0.34582518118534605,-0.2559862950057319,33.53647618532409,33.43590720904771,41.37902988743146,1.5518727482636032,63.0,,,,,,164,False
nasa,B0006,166,1.1587974947916069,24.0,2792.485,3.4121341541171764,2.40904100737121,4.181170015245673,1.5237985973545418,2.016243208356173,33.6634605108384,41.45791806300034,23.802896883148367,3.9393071901105365,1.1776520335951333,10571.39,4.186458410641472,4.20175644608898,0.42549549388620544,3.790433217834476,25.432459537239456,28.631428241793976,1.1828734766030495,4.919771036022739,0.07649758460967311,0.10668360253694291,dataset,False,2.0,57.93987473958035,42.06012526041965,0.28017304728096804,0.3147113167306436,0.240911125186376,0.20946056360266424,1.772129007874463,17.655021179851975,0.9955857975420067,259.79605576153085,258.28985476669703,900.5213588278131,129.89802788076543,-0.3176127847848241,-0.26555718049762633,33.55170956108138,33.45156359365915,41.45791806300034,1.546574197583435,63.0,,,,,,165,False
nasa,B0006,167,1.1749748834769171,24.0,2802.016,3.419700177568569,2.475767645530351,4.1575524997258,1.5391310859398721,2.013736316594881,33.730546074122294,41.11666214070682,24.698597962486065,4.008595035958819,1.1938603172395272,9892.375,4.185803839712749,4.201706683800265,0.45152941234573374,3.7931687120611355,25.57546236674736,28.6588020031526,1.173687529649647,4.88134262283355,0.07693445086160708,0.10589812281309796,dataset,False,2.0,58.74874417384586,41.25125582615414,-0.8088694342655103,0.18063897719128405,0.2084658673890894,0.18832752025483346,1.6817848541954494,16.418064178220757,1.0171875282647862,260.98991607877036,259.4635422963467,904.5299538637719,130.49495803938518,-0.24259034189585849,-0.2630512927570759,33.57108826148148,33.47568906333992,41.45791806300034,1.5429585554329224,63.0,,,,,,166,False
nasa,B0006,168,1.1856752327929356,24.0,2820.39,3.4234687742187893,2.4160441724133666,4.188511527828155,1.5427100462165395,2.014876364498059,33.8912822372509,41.36263766174168,24.907725860706154,4.053102764878838,1.204588199235937,10212.234,4.185713841585135,4.201881752705908,0.448551711409678,3.8054224311359532,25.30089012739764,28.229569454958643,1.201935088594657,4.998318059827748,0.07693445086160708,0.10589812281309796,dataset,False,2.0,59.283761639646784,40.716238360353216,-0.5350174658009266,0.09970371860118946,0.1767230562199748,0.17242138122432438,1.772467355414788,16.454911801035525,1.0022073659937678,262.1945042780063,260.66547738494137,908.5830566286508,131.09725213900316,-0.13477850255274434,-0.25418335140130266,33.61041341564979,33.49377568189197,41.45791806300034,1.5403799925945725,63.0,,,,,,167,False
nasa,B0007,1,1.89105229539079,24.0,3690.234,3.522006703394617,2.145975766935391,4.199497433806136,1.869128126500791,1.9968672421771276,32.62485875142121,40.59042914535701,23.92407356409745,6.789434464560018,1.9190294812778448,7597.875,4.189507926171337,4.214723891435149,0.6633518471359257,2.2618666203475337,25.115926436461894,27.29904441900397,0.8100391983943989,3.3882618981815105,,,dataset,False,2.0,94.5526147695395,5.4473852304604975,,,,,2.0535216668707448,16.666355581259555,2.3690575531179308,1.9190294812778448,0.8100391983943989,6.789434464560018,0.9595147406389224,,,,,,,86.0,85.0,94.03501758558703,93.50221197094288,92.98062322010084,89.52238102804654,0,True
nasa,B0007,2,1.880637027686859,24.0,3672.344,3.5319490434317116,2.1110166987852117,4.198510349854315,1.868091214569674,1.9943911963511516,32.738209593287145,40.26023408628707,24.261106709876195,6.7719351932569545,1.908614952935609,10516.0,4.052903759371662,4.214978847580325,0.9600587158151216,2.258223670085453,26.756606170640403,30.577385154985016,1.925498720701186,7.798728555478046,,,dataset,False,2.0,94.03185138434294,5.968148615657057,0.5207633851965596,,,,2.0874936510691033,15.999127376410875,0.9912314832598649,3.827644434213454,2.735537919095585,13.561369657816972,1.913822217106727,,,,,,,86.0,84.0,93.99676261783037,92.98259493883182,93.0016954859173,89.0171516150066,1,True
nasa,B0007,3,1.8806626717011388,24.0,3651.641,3.5344025220217845,2.0251085128182655,4.198280074112568,1.877784734502072,1.994681656822022,32.68511456550919,40.27558633997852,24.3190033925327,6.772981740189951,1.9086150443129848,10484.547,4.0484888632002844,4.214688912633025,0.9616826980292597,2.259445364927154,26.78896518782561,30.66376913104331,1.919102315852996,7.763009341966283,,,dataset,False,2.0,94.03313358505694,5.9668664149430555,-0.0012822007140016467,,,,2.1731715612943026,15.956582947445817,0.9945353244309176,5.7362594785264385,4.654640234948581,20.334351398006923,2.8681297392632192,-0.25974059224129387,-0.25974059224129387,32.68272763673918,32.68272763673918,40.59042914535701,1.8716680251908457,86.0,83.0,94.07544062019399,92.95373280431103,92.95826554580384,88.7664384798406,2,True
nasa,B0007,4,1.8807709009833444,24.0,3631.563,3.53492504932652,1.922542180649595,4.198267468745592,1.8875256535871228,1.9952731083659303,32.554748499572646,40.29314715799111,24.223578724887073,6.770718740979214,1.908792407567644,10397.89,4.047760658857355,4.214772907108823,0.9654367573360634,2.258309855573535,26.790949987534404,30.792245916339162,1.9181132521205053,7.758242445066389,,,dataset,False,2.0,94.03854504916723,5.961454950832774,-0.005411464110281372,0.17135657345742553,0.17135657345742553,0.17135657345742553,2.2757252880959973,16.069568433104035,0.9951406182390132,7.645051886094082,6.572753487069086,27.105070138986136,3.822525943047041,-0.15409269604028497,-0.15409269604028497,32.65073285244755,32.65073285244755,40.59042914535701,1.875632432289915,86.0,82.0,93.48453935192921,92.95042288854616,92.40699089389143,88.51314867366426,3,True
nasa,B0007,5,1.8794508728285058,24.0,3629.172,3.534536640068787,1.8711590450649882,4.198464224146956,1.8871621432453276,1.9935500451030046,32.46787845303298,40.268872630219796,24.13830760704513,6.764758586702278,1.9073013015924791,10495.203,4.04822297570294,4.21467779253526,0.9618526384256975,2.2598866834853135,26.726850930641444,30.89342353302922,1.9197018135260306,7.7641555288623545,,,dataset,False,2.0,93.97254364142529,6.02745635857471,0.06600140774193619,0.1450177820285532,0.1450177820285532,0.1450177820285532,2.3273051790819674,16.130565023174665,0.9935403968229968,9.552353187686561,8.492455300595116,33.869828725688414,4.776176593843281,-0.11534485914040667,-0.11534485914040667,32.61416197256464,32.61416197256464,40.59042914535701,1.8779383744809977,86.0,81.0,93.50261900695995,92.96811293478524,92.4600851063082,88.0040530927102,4,True
nasa,B0007,6,1.8807003517117404,24.0,3652.281,3.5411626672196816,2.1756867065903434,4.197967993115647,1.8675154082122565,1.9941041745764116,32.48624734055599,39.67620802332074,24.135840711684263,6.747854749148299,1.8975851087731508,10792.672,4.049879067690307,4.2150694402361655,0.9462015579927743,2.2568227959927976,26.620773999930954,30.821167500690837,1.918023625827199,7.755758933162881,,,dataset,False,2.0,94.03501758558703,5.964982414412972,-0.062473944161737904,0.10351943679049498,0.10351943679049498,0.10351943679049498,2.0222812865253035,15.540367311636476,0.9893439701269406,11.449938296459713,10.410478926422316,40.61768347483671,5.724969148229857,-0.07887136241157641,-0.07887136241157641,32.592842867229855,32.592842867229855,40.59042914535701,1.8762012134362074,86.0,80.0,93.50221197094288,92.93677725300518,94.17338718975424,87.48237967688445,5,False
nasa,B0007,7,1.8799352523566075,24.0,3650.828,3.541165612176161,2.1117887156019437,4.198023461704379,1.8673359462519084,1.993164510431567,32.55779966353037,39.803817662926164,24.255515986671373,6.745923115825768,1.8968013562318675,10789.985,4.050759108978297,4.2147997979457195,0.9433576367086911,2.2585172923121335,26.58924306987374,30.421910739966474,1.9079514744642407,7.714342828618135,,,dataset,False,2.0,93.99676261783037,6.00323738216963,0.038254967756657265,0.09264202528485536,0.09264202528485536,0.09264202528485536,2.086234746102435,15.548301676254791,0.9941559738905288,13.34673965269158,12.318430400886557,47.36360659066248,6.67336982634579,-0.06149335700967336,-0.06149335700967336,32.58783669527279,32.58783669527279,40.59042914535701,1.8749347466955932,86.0,79.0,92.98259493883182,92.39086456610724,93.14105558952922,87.48250375296554,6,False
nasa,B0007,8,1.8815088124038797,24.0,3572.453,3.5494581176357975,2.026250619894166,4.199372697237068,1.9063154499484403,1.9936540341331743,32.45374435641106,39.88810476942348,24.302952144966042,6.750169011081445,1.8983109837889884,10127.562,4.044734526765342,4.214676316022421,0.9765320100409601,2.2581337056618764,26.74846360058507,30.518431203479878,1.9080707612855043,7.712855982677816,,,dataset,False,2.0,94.07544062019399,5.924559379806013,-0.07867800236361688,0.0681677356207879,0.0681677356207879,0.0681677356207879,2.1731220773429025,15.585152624457436,0.9948850023308672,15.245050636480569,14.226501162172061,54.113775601743924,7.622525318240284,-0.04257157481111117,-0.04257157481111117,32.57107515291507,32.57107515291507,40.59042914535701,1.878857334602199,86.0,78.0,92.95373280431103,92.42626458068524,92.6042519826176,87.25143696073415,7,False
nasa,B0007,9,1.8696907870385844,24.0,3550.594,3.5502805464079743,1.9505894332906037,4.19921182024681,1.9164348198845678,1.99377953803378,32.373246444985035,39.95162250671474,24.257530932186896,6.743937188969025,1.897456550946488,10147.952999999994,4.043475031336312,4.214795782824283,0.975933351916163,2.257178725012606,26.80373015807701,31.081278437806464,1.907601763398918,7.7087946715231475,,,dataset,False,2.0,93.48453935192921,6.5154606480707855,0.5909012682647727,0.133509427201286,0.133509427201286,0.133509427201286,2.2486223869562063,15.694091574527846,0.9946816926640111,17.142507187427057,16.13410292557098,60.85771279071295,8.571253593713529,-0.07029672268202808,-0.07029672268202808,32.549094185367295,32.549094185367295,40.59042914535701,1.8830326107446842,86.0,77.0,92.95042288854616,92.4189475925017,92.34752324104353,86.98228727643364,8,False
nasa,B0007,10,1.870052380139199,24.0,3551.25,3.5481347674910286,1.8688247067658061,4.198957678253482,1.9165385597747795,1.9937831213829802,32.30534276235138,40.052021854718284,24.189583713016194,6.741800535657847,1.8979824996199641,10162.094,4.043487576569312,4.2147880916189155,0.9746502968474159,2.256867952684998,26.78643062225572,31.24066372289512,1.9072651144835322,7.70714871780684,,,dataset,False,2.0,93.50261900695995,6.4973809930400535,-0.018079655030732056,0.11666619584217289,0.11666619584217289,0.11666619584217289,2.330132971487676,15.86243814170209,0.9951330233049003,19.04048968704702,18.04136804005451,67.5995133263708,9.52024484352351,-0.07959081372288404,-0.07959081372288404,32.5247190430657,32.5247190430657,40.59042914535701,1.8863832056476941,86.0,76.0,92.96811293478524,94.03902718804883,91.8414215584509,86.42821138858982,9,False
nasa,B0007,11,1.8700442394188577,24.0,3530.25,3.5484272148956437,1.7896213776724978,4.198832114024662,1.926771167846017,1.9942511729128334,32.183319483399806,40.1213838436794,24.062655752137022,6.7368460545816395,1.8978182133806856,10119.375,4.043393946582859,4.2147872937326705,0.976179124094627,2.2593801599662027,26.717163571192394,31.220976754395,1.9070580921981135,7.70655505802767,,,dataset,False,2.0,93.50221197094288,6.497788029057119,0.0004070360170658205,0.10504027985966218,0.10504027985966218,0.10504027985966218,2.409210736352164,16.05872809154238,0.9951549043758925,20.938307900427706,19.948426132252624,74.33635938095243,10.469153950213853,-0.06654514718133224,-0.0810610553039988,32.48056511626356,32.49368271945971,40.59042914535701,1.8921475097822167,86.0,75.0,92.93677725300518,94.07360798721798,91.85809809836137,86.1950162294209,10,False
nasa,B0007,12,1.8596518987766364,24.0,3491.016,3.5560433603714667,1.910336108594535,4.198945227315025,1.936979366983281,1.9938120330189373,32.378853181816005,40.174657039770814,24.334878490739897,6.708004507865959,1.8874661545337479,9586.875,4.083839046288738,4.214635547971288,0.9380552377031146,2.259349558224372,26.84939514355575,30.225464388780154,1.6945662441356055,6.898161457817228,,,dataset,False,2.0,92.98259493883182,7.017405061168176,0.5196170321110571,0.10492564455111193,0.1427290755188799,0.1427290755188799,2.2886091187204896,15.839778549030918,1.1138343874520764,22.825774054961453,21.64299237638823,81.0443638888184,11.412887027480727,-0.10382763172444119,-0.0987768091703011,32.44462947511645,32.48411359132273,40.59042914535701,1.8990363250235773,86.0,74.0,92.39086456610724,94.05477156622393,91.58361291859427,85.69894388242597,11,False
nasa,B0007,13,1.8590746560862206,24.0,3470.281,3.5604849642800684,1.9086884059809102,4.1990513028067955,1.9470891822561436,1.9942213710086447,32.2913249500013,40.016434730174936,24.352069874766624,6.708691704147774,1.8869533962422642,9952.359,4.042846696176429,4.214697666122234,0.9817557185619997,2.257250955728727,27.007028938797088,31.747377634153153,1.8957289989496082,7.659904482347302,,,dataset,False,2.0,92.95373280431103,7.046267195688969,0.028862134520792893,0.10794007807459138,0.13324016376903933,0.13324016376903933,2.2903628968258856,15.664364855408312,0.9953708559017631,24.71272745120372,23.538721375337836,87.75305559296616,12.35636372560186,-0.12988067452094876,-0.10717925355159633,32.40525051356566,32.46928369583647,40.59042914535701,1.9059667697989844,86.0,73.0,92.42626458068524,93.55044824889998,91.05735475658892,85.69850998502307,12,False
nasa,B0007,14,1.8590084577709232,24.0,3470.0,3.5562872542469752,1.7868782934275431,4.198107645780677,1.946961601670498,1.9939995868905829,32.14782797344657,40.16569230743226,24.125190486792466,6.699986179131589,1.8867286703615063,10758.031000000003,4.048321143107591,4.21478322848139,0.9419704874170602,2.2577026727640215,26.826630905506512,31.779134469034663,1.8962072952788642,7.660829731652196,,,dataset,False,2.0,92.95042288854616,7.049577111453843,0.0033099157648734945,0.10881221606210686,0.12324552930718041,0.12324552930718041,2.411229352353134,16.040501820639793,0.9950012717802755,26.599456121565225,25.4349286706167,94.45304177209775,13.299728060782613,-0.1426698480761204,-0.10949309465450449,32.36455846095305,32.44632257280862,40.59042914535701,1.9119103646073217,86.0,72.0,92.4189475925017,93.50997575970688,90.82530457557574,85.18260586819383,13,False
nasa,B0007,15,1.8593622586957048,24.0,3450.297,3.5647746218187324,2.1361343961784502,4.19925638222589,1.946851050742258,1.994356138623711,32.01380948237792,39.46139677634257,24.072501109913752,6.677306716245749,1.8759711783647026,9921.75,4.042805773132121,4.21480753341866,0.9831343358842753,2.2587594242447993,26.845102423271214,31.742574167707367,1.8962371093370716,7.662771242108353,,,dataset,False,2.0,92.96811293478524,7.031887065214761,-0.01769004623908188,0.10044307066400507,0.1131787024824474,0.1131787024824474,2.06312198604744,15.388895666428816,0.9893125543885943,28.47542729992993,27.33116577995377,101.1303484883435,14.237713649964965,-0.14570484434502748,-0.10781751284905282,32.319151563887544,32.41748836677991,40.59042914535701,1.9178792553570148,86.0,71.0,94.03902718804883,93.53357681400493,90.56907800752278,85.20068737191244,14,False
nasa,B0007,16,1.8587355450601035,24.0,3429.407,3.565438928797127,2.0133501283179167,4.199087384946408,1.957412809315224,1.9935665024864544,31.881310103471357,39.5636595172155,23.938131916668528,6.670158805806246,1.8754208508926609,10000.25,4.045560380508014,4.214941550491233,0.9764739721259944,2.259076929798671,26.64132190339396,31.367092340830315,1.8845649232206916,7.617738610120436,,,dataset,False,2.0,92.93677725300518,7.063222746994825,0.03133568178006385,0.10982403325818524,0.10772250110228848,0.10772250110228848,2.185737256628491,15.62552760054697,0.9951479133377885,30.35084815082259,29.21573070317446,107.80050729414975,15.175424075411295,-0.13410921235309584,-0.10500925227917157,32.25865784017908,32.38397722532312,40.59042914535701,1.9268689954673117,86.0,70.0,94.07360798721798,92.98062322010084,90.58028166969791,84.67858078671516,15,False
nasa,B0007,17,1.847817291322145,24.0,3409.484,3.565961679108638,1.8575547668336483,4.199009971925293,1.9680136940585706,1.993742172224942,31.854304304240515,39.628948319501816,23.932016714666645,6.653374361102632,1.869973696731274,9936.031,4.044533741116961,4.214888859693616,0.9788566212857466,2.2573066258252825,26.630410829604692,31.5483245449075,1.8830047135286185,7.610627195113805,,,dataset,False,2.0,92.39086456610724,7.60913543389276,0.5459126868979354,0.16058980517231305,0.13510938771451642,0.13510938771451642,2.341455205091645,15.696931604835171,0.9930796685192967,32.220821847553864,31.09873541670308,114.45388165525239,16.110410923776932,-0.1415289631626269,-0.11172718001786831,32.1883083042501,32.3528199946712,40.59042914535701,1.9369367702479778,86.0,69.0,94.05477156622393,93.0016954859173,90.30274477778701,84.38288681938828,16,False
nasa,B0007,18,1.8485252916137047,24.0,3390.422,3.572496559005355,2.1657556124208934,4.1985172274243965,1.9680547468944674,1.9946244036549008,31.856555404576753,39.225347214914876,23.976819790445433,6.6277732024911185,1.8595965985300904,9989.532,4.044230721552821,4.214844274151372,0.9766348319070319,2.2555994965654356,26.732842671781054,31.877731734386295,1.8837154778582357,7.612758689037261,,,dataset,False,2.0,92.42626458068524,7.573735419314758,-0.035400014578002015,0.16491760395087454,0.12507942287378004,0.12507942287378004,2.032761615003503,15.248527424469444,0.9871961134196507,34.080418446083954,32.98245089456132,121.0816548577435,17.040209223041977,-0.12230717299853032,-0.11386033642052547,32.12858940906666,32.325249739665956,40.59042914535701,1.9431106999425807,86.0,68.0,93.55044824889998,92.95826554580384,90.66020913497029,84.15372178291575,17,False
nasa,B0007,19,1.848378951850034,24.0,3390.281,3.5699492020415136,2.0270686341513207,4.198245740608724,1.9680218912213907,1.994455565707021,31.867182607083926,39.4126321606434,23.980775695020398,6.622933769749249,1.8594934150547346,10158.782,4.0483283369868595,4.214811027824689,0.9649550603910502,2.2572421269163248,26.680612495729743,31.64827378798208,1.873621744992687,7.574719968757333,,,dataset,False,2.0,92.4189475925017,7.581052407498305,0.007316988183546869,0.10655917594275195,0.11853706539098931,0.11853706539098931,2.171177106457403,15.431856465623,0.992459347797542,35.93991186113869,34.85607263955401,127.70458862749275,17.969955930569345,-0.12288789656502538,-0.11370496392606035,32.07798302527655,32.30114094321427,40.59042914535701,1.9482694070762634,86.0,67.0,93.50997575970688,92.40699089389143,90.31320969141767,83.89635071012741,18,False
nasa,B0007,20,1.8807805437609766,24.0,3591.734,3.5464338449590023,1.905311669649934,4.196262462698172,1.9066656790606797,1.9992261048783584,32.35216872128999,39.95874037686836,24.35868522365832,6.784229478347449,1.9087580832358864,10289.312,4.074946565045077,4.21474637892319,0.9532314518219567,2.2565961562150756,25.34511515663789,28.79758724840639,1.8688221928782478,7.595676755058879,0.03816813609946085,0.06158094574229446,dataset,False,2.0,94.03902718804883,5.960972811951166,-1.6200795955471392,-0.053640818108888766,0.02703092534161412,0.02703092534161412,2.2909507930482382,15.600055153210043,1.0213695505703149,37.84866994437458,36.724894832432255,134.4888181058402,18.92433497218729,-0.02097906810656519,-0.08882341311618841,32.08266562117042,32.303692332118054,40.59042914535701,1.9472821190048528,86.0,66.0,93.53357681400493,92.4600851063082,89.79155124950229,83.66030137983086,19,False
nasa,B0007,21,1.8814721597443598,24.0,3552.297,3.5531968089006387,1.7951975189442124,4.1969587758867,1.9267198323744987,1.9940266531677509,32.60219299451182,40.31302300333008,24.65025766803762,6.788565185044576,1.9093375745978098,10283.077999999994,4.0497034511262955,4.214913925322058,0.9728413929766043,2.257614950089563,25.81811264335102,29.15641159378297,1.9226264697308402,7.777058977638834,0.03971312292013592,0.06180654339682964,dataset,False,2.0,94.07360798721798,5.926392012782017,-0.03458079916914869,-0.057139601627510216,0.02395033911607598,0.02395033911607598,2.4017612569424878,15.662765335292459,0.9930881555298202,39.758007518972384,38.6475213021631,141.27738329088479,19.879003759486192,0.07628693268011973,-0.06880195066881611,32.12455297228162,32.317906649374905,40.59042914535701,1.947276985457701,86.0,65.0,92.98062322010084,94.17338718975424,89.29426300195226,83.37183604126994,20,False
nasa,B0007,22,1.8810954313244785,24.0,3531.578,3.5599340214678805,2.1058524852518143,4.197071720130598,1.9261058568907057,1.993858646326954,32.19571819720114,39.359447242364645,24.306273974736932,6.759032566671403,1.8977991805073422,10281.39,4.047740326560617,4.214664287644461,0.9746200523952011,2.257687343623163,25.908545561555126,29.1544231457191,1.9222490690604281,7.772342366108819,0.03840146399106517,0.06100130384680727,dataset,False,2.0,94.05477156622393,5.945228433776066,0.018836420994048808,-0.10721766273921104,0.023706819205503257,0.023706819205503257,2.0912192348787837,15.053173267627713,0.9872805824455221,41.655806699479726,40.56977037122353,148.0364158575562,20.827903349739863,0.13095834452911823,-0.05317359314301386,32.10623947382013,32.31235262882155,40.59042914535701,1.9461896344484437,86.0,64.0,93.0016954859173,93.14105558952922,89.01634302251377,83.11331315333763,21,False
nasa,B0007,23,1.8710089649779995,24.0,3492.907,3.5595604968237993,1.846021007590992,4.19690260801443,1.9468405917249594,1.9927272592846585,31.805988160181123,39.454159451189874,23.946713982155597,6.749769979363801,1.8988743799039816,10081.797,4.047339918204985,4.214683020359257,0.9814543800187316,2.2566610651846633,25.457306030924414,28.71481831414117,1.9102722007426796,7.7248832378538586,0.0371051772037323,0.06007565108189894,dataset,False,2.0,93.55044824889998,6.449551751100017,0.5043233173239514,-0.0596715444588952,0.04555302366543272,0.04555302366543272,2.3508816004234374,15.507445469034277,0.9940334048549381,43.554681079383705,42.48004257196621,154.78618583692,21.777340539691853,0.14320098916339802,-0.04618625289709532,32.057705794838114,32.29033678235892,40.59042914535701,1.9461647753953255,86.0,63.0,92.95826554580384,92.6042519826176,90.75378449787789,82.87121532881531,22,False
nasa,B0007,24,1.8701995151941375,24.0,3511.594,3.552385161941813,1.7370300333706354,4.1966416719103465,1.9364196896718646,1.9934659604006035,31.737001978644926,39.641748274009444,23.7951049382806,6.739468507067623,1.8980061904892396,10797.328,4.052602643278332,4.214632473773596,0.945219125348839,2.25873311675073,25.208124224769332,28.533877426349584,1.911438002665537,7.729719662052378,0.037833946033938984,0.061293760421866045,dataset,False,2.0,93.50997575970688,6.490024240293124,0.04047248919310675,-0.055955287116071874,0.045332130862288114,0.045332130862288114,2.459611638539711,15.846643335728846,0.9929729281527485,45.452687269872946,44.39148057463174,161.5256543439876,22.726343634936473,0.14578246794719346,-0.04074886327069638,32.01662319535795,32.267281165537504,40.59042914535701,1.9451105841954621,86.0,62.0,92.40699089389143,92.34752324104353,90.78512577422919,82.6269342464367,23,False
nasa,B0007,25,1.8706715362800985,24.0,3431.9370000000054,3.5707670304281067,2.0506492642329937,4.1971302559922,1.9675984733558025,1.9930006393050421,31.51707667966367,38.86906912217273,23.718457017715572,6.70387372964967,1.8818429649996573,10099.218,4.048938302632183,4.214717049746853,0.979517792785676,2.25410399402555,25.198908450122424,28.46161610072502,1.9104392919651738,7.72834765801044,0.037520425405365855,0.060073134186248135,dataset,False,2.0,93.53357681400493,6.466423185995069,-0.023601054298055146,-0.0565463879219692,0.04245991481394048,0.04245991481394048,2.1464809917592067,15.15061210445716,0.9850315437471447,47.3345302348726,46.30191986659692,168.22952807363728,23.6672651174363,0.144048154336998,-0.035922065337820115,31.966949915086524,32.23727298610255,40.59042914535701,1.947185326456816,86.0,61.0,92.4600851063082,91.8414215584509,90.01216089028337,82.3608731378666,24,False
nasa,B0007,26,1.8596124644020169,24.0,3431.125,3.5657224847439295,1.8254369744762284,4.19652461108806,1.9680130544442065,1.9947910338783705,31.442860781038384,39.11839966443177,23.64183560576637,6.694608974354447,1.8818176729063296,10078.719,4.05016241592548,4.214644865560644,0.9770963621219407,2.252053665117908,25.088377505443955,28.386930544540967,1.8987506900256186,7.682019876448338,0.03739727137150672,0.0612330724542185,dataset,False,2.0,92.98062322010084,7.0193767798991615,0.5529535939040926,-0.004384596709566324,0.06287966197754656,0.06287966197754656,2.371087636611832,15.4765640586654,0.9910820218745724,49.21634790777893,48.20067055662254,174.92413704799174,24.608173953889466,0.10320958252585051,-0.03058586076907168,31.923104982843228,32.18999306728724,40.31302300333008,1.9482453509697144,86.0,60.0,94.17338718975424,91.85809809836137,89.52238102804654,81.82068405449036,25,False
nasa,B0007,27,1.860033909718346,24.0,3412.406,3.5712835067487094,2.134879000684994,4.196790308710931,1.9675631762844843,1.9956093835681803,31.32326275303232,38.68010761281634,23.519892775337357,6.666595714140784,1.871185272755064,10617.375,4.054313355152662,4.21482514567111,0.9494915810770539,2.2596917073338147,24.994883820641892,28.336534625568376,1.9001597932620455,7.688114788242566,0.03591968009886427,0.06057069111701671,dataset,False,2.0,93.0016954859173,6.9983045140827045,-0.021072265816457048,-0.06108309198100557,0.041206235937025895,0.05965074167777719,2.0619113080259366,15.160214837478986,0.9847515347868505,51.087533180533995,50.10083034988459,181.59073276213252,25.543766590266998,0.026594761637610254,-0.029053552560570114,31.8700008277224,32.133395193677046,40.31302300333008,1.948200299192306,86.0,59.0,93.14105558952922,91.58361291859427,89.0171516150066,81.81277156024248,26,False
nasa,B0007,28,1.8591653109160768,24.0,3410.688,3.5679716274891398,1.970455493406623,4.196693048697735,1.967618505240168,1.9936520198661494,31.28571570579735,38.863045678198645,23.467259682273063,6.657658351293735,1.8703076498430442,10564.157,4.056876740812042,4.214813104899418,0.9494463317725509,2.2556992275076393,24.88975595599089,28.23465144539435,1.8892616385345753,7.647630073270044,0.03738579892114978,0.06131737602920535,dataset,False,2.0,92.95826554580384,7.04173445419616,0.043429940113455245,-0.05320009651185984,0.04299472157012417,0.05904997124946897,2.2262375552911124,15.395785995925582,0.9899675151895674,52.95784083037704,51.99009198841917,188.24839111342627,26.47892041518852,-0.05743297525234727,-0.027116886485646655,31.812916857844463,32.077419239288574,40.31302300333008,1.9481566750268762,86.0,58.0,92.6042519826176,91.05735475658892,88.7664384798406,82.0559589609192,27,False
nasa,B0007,29,1.8481398178778288,24.0,3410.718,3.5646314038791784,1.8132694309760007,4.197078923354,1.9678214300979182,1.9944764248874858,31.331850868998004,39.14531169811219,23.492198340361576,6.6523732824954225,1.870485787180345,10143.984,4.053513642975223,4.214716067860107,0.9702067607317292,2.258604715115658,24.914746778130716,28.256499193062336,1.8878936224991834,7.6420441309451395,0.03789058841967389,0.06032875855026001,dataset,False,2.0,92.40699089389143,7.593009106108568,0.5512746519124079,0.0011956698610262606,0.06526216621103174,0.07662942413028821,2.383809492377999,15.653113357750613,0.9907792287068623,54.82832661755738,53.87798561091835,194.9007643959217,27.41416330877869,-0.17846653436938267,-0.02938797329554017,31.759383684035875,32.02850333406558,40.31302300333008,1.9481366289145288,86.0,57.0,92.34752324104353,90.82530457557574,88.51314867366426,81.57850394828483,28,False
nasa,B0007,30,1.849201702126164,24.0,3392.719,3.568983888921194,2.0483657324095637,4.196062203382386,1.9675056354779956,1.9940826161567085,31.32285733932258,38.8380564174779,23.51112503683739,6.624137179951853,1.8603470811914904,10790.452999999994,4.058658000726498,4.21480821414822,0.9385413755544059,2.2587445007906664,24.945473030337098,28.319210692991568,1.8871140223412006,7.639557286899821,0.03715722957533256,0.06103479269674707,dataset,False,2.0,92.4600851063082,7.539914893691801,-0.053094212416766595,0.15789420817406352,0.06049834140468363,0.07215619528383806,2.1476964709728223,15.32693138064051,0.9858159386063474,56.68867369874887,55.76509963325955,201.52490157587354,28.344336849374436,-0.18845380948648013,-0.03057393210264401,31.65645254583913,31.982702489517173,40.31302300333008,1.9542206245562603,86.0,56.0,91.8414215584509,90.56907800752278,88.0040530927102,81.0606641493618,29,False
nasa,B0007,31,1.8834677437950846,24.0,3470.672,3.564620688944316,2.181560983985832,4.206531081984383,1.9683447778186904,1.9940812941255717,31.608436452122476,38.95965174080089,23.527236127318186,6.780118866357346,1.902162627516613,1674.484,4.220314994509881,8.332909045959154,0.07863071516048291,2.2554191695406485,23.601078570891087,23.703554924939645,0.0368616190666399,0.15544391534079163,0.04119201955867326,0.06848356653346994,dataset,False,2.0,94.17338718975424,5.826612810245763,-1.7133020834460382,-0.009977920253625427,-0.005534784166688383,0.01264091932617551,2.0249700979985508,15.432415613482707,51.602796504348,58.59083632626548,55.801961252326194,208.3050204422309,29.29541816313274,-0.08354416517717124,-0.014156625670840839,31.5570768916002,31.94759005397983,40.31302300333008,1.9583831191006795,86.0,55.0,91.85809809836137,90.58028166969791,87.48237967688445,80.82136607381061,30,False
nasa,B0007,32,1.8628211117905844,24.0,3414.109,3.5694388142217837,2.1177799354077496,4.203187727641822,1.9788210991401491,2.003329552797809,31.782101501165204,39.053875772291974,23.9542942093336,6.702715077597238,1.878985300422826,10113.656,4.12787165425453,4.214675146206582,0.7096400165009412,2.2565646173008194,25.24857476578596,28.734782385089698,1.8886256897448574,7.636197627624519,0.041759405414555945,0.06445608820977453,dataset,False,2.0,93.14105558952922,6.858944410470784,1.032331600225021,0.09137159766947178,0.034228281132046165,0.04553416709710601,2.0854077922340726,15.099581562958374,0.9948955532192651,60.46982162668831,57.69058694207105,215.00773551982815,30.234910813344154,-0.03740872352260956,-0.007757521844968025,31.5157152219966,31.91656212748522,40.31302300333008,1.963654643325624,86.0,54.0,91.58361291859427,90.30274477778701,87.48250375296554,80.79117550809605,31,False
nasa,B0007,33,1.852085039652352,24.0,3395.219,3.568742147335628,2.1637448793153697,4.202997027311235,1.9785908218423578,1.9938003511879974,31.515041989202878,38.699551697978606,23.73407143959736,6.6632871098367605,1.868342522610038,10137.89,4.129220845194228,4.214620610525395,0.70507727738106,2.2557644289288383,25.2648118529816,28.82022743543977,1.8816302194377073,7.611121614880721,0.04232704798626884,0.06414150947613172,dataset,False,2.0,92.6042519826176,7.395748017382402,0.5368036069116187,0.0946196266282385,0.058847545503055584,0.06088633709130953,2.039252147995865,14.965480258381245,0.9929381997108656,62.33816414929834,59.57221716150876,221.67102262966492,31.16908207464917,-0.04309968792488527,-0.00486851203748454,31.486620604898775,31.8790140327969,40.31302300333008,1.9668296663373634,86.0,53.0,91.05735475658892,90.66020913497029,87.25143696073415,80.83620901489451,32,False
nasa,B0007,34,1.8469504648208708,24.0,3386.0,3.5642424070467817,2.0456561472058055,4.2027504558714135,1.9784335668087778,1.9942339530946611,31.13866351339678,38.6052414906155,23.309807963383705,6.636505189849408,1.863163803383198,10651.657,4.134788878196348,4.214633202681263,0.6676988877013444,2.2571525119254,24.83295974161257,28.46526973152355,1.8727601419388353,7.58129739355354,0.03967286398299121,0.06333755034552216,dataset,False,2.0,92.34752324104353,7.6524767589564675,0.2567287415740651,0.11624525186633435,0.04548064443542728,0.06682095540896879,2.157094308665608,15.295433527231793,0.9948758314849107,64.20132795268154,61.444977303447594,228.30752781951432,32.10066397634077,-0.05402315852550378,-0.009126635113660518,31.426786758373964,31.829630715533366,40.31302300333008,1.9710310540510552,86.0,52.0,90.82530457557574,90.31320969141767,86.98228727643364,80.54327931865014,33,False
nasa,B0007,35,1.836828431169018,24.0,3368.187,3.5653038098527605,2.1356202266992863,4.202665067816707,1.9781613462371574,1.9932621441916,31.068710515588776,38.42604747702835,23.305948209951065,6.602468444353949,1.8530972590844652,10032.485,4.131515049788598,4.214690925137906,0.7064608875238769,2.254738979525141,24.67485217111906,28.200378318530046,1.8657632276215048,7.556399587059793,0.04046536725285732,0.06397225205950727,dataset,False,2.0,91.8414215584509,8.158578441549096,0.5061016825926288,0.16921552555540273,0.06644789794036171,0.0797409767967235,2.0670448411174203,15.120099267077283,0.9932113741178261,66.054425211766,63.3107405310691,234.90999626386827,33.027212605883,-0.07688843826992246,-0.017001041701240657,31.381950141966474,31.78016542566286,40.31302300333008,1.9720873413391906,86.0,51.0,90.56907800752278,89.79155124950229,86.42821138858982,80.03301687154688,34,False
nasa,B0007,36,1.8371619619672275,24.0,3368.266,3.565432167703823,2.042987153745025,4.20243913428064,1.9783860225738241,1.9932668899112056,31.618244836823447,39.0468968949422,23.739006255698545,6.603771377505247,1.853375502508215,10574.297,4.136266746327734,4.214903299651425,0.6676074040197765,2.2582134852820483,24.895406841356955,28.459241345509497,1.858642999683723,7.530045262228468,0.04083099544598788,0.06292223531520325,dataset,False,2.0,91.85809809836137,8.141901901638633,-0.01667653991046336,0.11225251217394713,0.06576455490326055,0.07698619060508959,2.159451980535615,15.307890639243656,0.9971659446292783,67.90780071427422,65.16938353075282,241.5137676413735,33.95390035713711,-0.11519668869703086,-0.02344773716635038,31.39948854754498,31.757562439799813,40.31302300333008,1.9731246381521523,86.0,50.0,90.58028166969791,89.29426300195226,86.1950162294209,79.79587243502831,35,False
nasa,B0007,37,1.8316722583718854,24.0,3358.719,3.5622303163451425,1.9786162394118947,4.202794567899269,1.9780805998719366,1.9945447573637072,31.331528063668397,38.836764958613884,23.487622777066665,6.578203848493088,1.8478823586231066,10461.735,4.135417505544552,4.2146409952312975,0.6743578345675691,2.2573390854177324,24.993919378962513,28.634605591894335,1.8581735024122168,7.527583968982907,0.04078701229987664,0.06338858492819599,dataset,False,2.0,91.58361291859427,8.41638708140573,0.2744851797670975,0.1418082567323026,0.05595928080950216,0.08247227363736759,2.2241783284873744,15.349142181547219,0.9944616884398844,69.75568307289733,67.02755703316504,248.09197148986658,34.87784153644866,-0.15346567518743373,-0.036359609325360275,31.40031507860859,31.715669435073902,40.31302300333008,1.9741763805108974,86.0,49.0,90.30274477778701,89.01634302251377,85.69894388242597,79.81089759731121,36,False
nasa,B0007,38,1.8211470951317783,24.0,3339.5,3.564481026852489,2.15845357648832,4.203135326288817,1.9780988820364462,1.9937887547057833,31.132569191182142,38.49981470604549,23.2595984254445,6.54458780150221,1.837328948442241,9993.062000000005,4.13326568802833,4.214616914837865,0.7043077305261205,2.255795255095618,24.80297144486912,28.364390089817356,1.8521738994623793,7.506951450967527,0.03981735939635393,0.06446689612483536,dataset,False,2.0,91.05735475658892,8.942645243411079,0.5262581620053481,0.19009107892149188,0.07585512190888437,0.09446648683650219,2.044681749800497,15.24021628060099,0.9919851202824707,71.59301202133956,68.87973093262742,254.6365592913688,35.79650601066978,-0.20614610206965842,-0.05334173046328647,31.385000427147066,31.669319204721138,40.31302300333008,1.9752244181905254,86.0,48.0,90.66020913497029,90.75378449787789,85.69850998502307,79.79032557316987,37,False
nasa,B0007,39,1.816506091511515,24.0,3331.265,3.561614556780574,2.092603698932653,4.202837061508687,1.9779784075733657,1.992201283338572,30.972969676157927,38.582340147970775,23.021675511770262,6.522834742251909,1.832695307479773,10602.281,4.139035094131206,4.214648584856087,0.6601075469547241,2.2571041486474606,24.51176932541328,28.1594205841221,1.8429751277987763,7.474215433443736,0.03879098770177327,0.06280987925671022,dataset,False,2.0,90.82530457557574,9.174695424424257,0.23205018101317876,0.15816863183156898,0.08500473251881659,0.09808711036746737,2.1102333625760337,15.560664636200514,0.9944221600368088,73.42570732881933,70.7227060604262,261.1593940336207,36.712853664409664,-0.2851941121138523,-0.07104020008535389,31.34911230786306,31.62232487282959,40.31302300333008,1.97624011593807,86.0,47.0,90.31320969141767,90.78512577422919,85.18260586819383,79.53253910740352,38,False
nasa,B0007,40,1.8113815601504555,24.0,3321.188,3.5630587459190144,2.1528886431678034,4.202745735932991,1.9784370488525895,1.9945004268443043,31.1990648511682,38.787499833494046,23.189779567510282,6.50707815642793,1.8275277284905889,10667.969,4.140171363171507,4.214573623402441,0.6539673761950128,2.2573078069144445,24.44267945496156,28.01307299015277,1.837169520261325,7.4529157493445135,0.04135849902166442,0.06409309629130175,dataset,False,2.0,90.56907800752278,9.430921992477224,0.2562265680529663,0.18910070987854227,0.0959613970904985,0.10214196825683913,2.049857092765188,15.597720265983764,0.994751822483227,75.25323505730992,72.55987558068753,267.66647219004864,37.62661752865496,-0.3555065472444742,-0.08929223117092604,31.336733059047624,31.589735087581204,40.31302300333008,1.9773332572755293,86.0,46.0,89.79155124950229,90.01216089028337,85.20068737191244,84.44105580927753,39,False
nasa,B0007,41,1.8116056333939583,24.0,3321.844,3.5629534367704405,2.0537418826405966,4.203198796599359,1.9782902099305797,1.9931746766502974,31.722267598269813,39.31221126031847,23.746627825123486,6.507683177848434,1.8277691559641205,10504.781,4.13929567747795,4.214635656760874,0.6625272528133718,2.2617411195901895,24.98061830520359,28.536212131076272,1.8319542201243004,7.431666573349963,0.04198813216408782,0.06290743673977844,dataset,False,2.0,90.58028166969791,9.41971833030209,-0.011203662175134355,0.35931055200563267,0.09425982333229058,0.0993083274960398,2.1494569139587627,15.565583435194984,0.9977155192448554,77.08100421327404,74.39182980081183,274.1741553678971,38.54050210663702,-0.2880664364656813,-0.1059087891717094,31.348116173662355,31.58337338737314,40.31302300333008,1.9783278004867184,86.0,45.0,89.29426300195226,89.52238102804654,84.67858078671516,81.29969139866601,40,False
nasa,B0007,42,1.8060548955557403,24.0,3311.828,3.563446012076242,2.0793300586339956,4.202901668731174,1.978204592155878,1.9946160382197378,31.900827580605675,39.40567993360536,23.98219553879158,6.48886720492721,1.8221936236007856,10246.781,4.137154952140779,4.2147081279818845,0.6785827361862233,2.254744158645107,25.37806773198085,28.941934192718506,1.8310535200700233,7.426207489795434,0.0410635565050997,0.06183018814159419,dataset,False,2.0,90.30274477778701,9.697255222212988,0.2775368919108985,0.2838310811742204,0.0835247915328091,0.10365536565249976,2.1235716100971787,15.423484394813784,0.995161312123253,78.90319783687482,76.22288332088186,280.6630225728243,39.45159891843741,-0.26103401410846855,-0.12873366413349205,31.359988781606404,31.58523431842775,40.31302300333008,1.9782661497882912,86.0,44.0,89.01634302251377,89.0171516150066,84.38288681938828,80.78716931406449,41,False
nasa,B0007,43,1.8132041826994056,24.0,3327.391,3.563998342345823,2.0759793304520757,4.196154302326916,1.9671070815271066,1.9952878943511754,31.5372402498617,39.32802757827611,23.71372956170196,6.486171873839956,1.8242584407474904,10166.218999999997,4.137424160656775,4.214688038425604,0.6819927445707711,2.258807162947582,25.25198951518979,28.845042154275994,1.8261958914883378,7.408624620339959,0.0397095688006817,0.06308316873083149,dataset,False,2.0,90.66020913497029,9.339790865029713,-0.3574643571832752,0.194404284764731,0.07064221782859818,0.09267632463260037,2.1201749718748406,15.614298016574146,0.998939078359623,80.72745627762231,78.0490792123702,287.14919444666424,40.363728138811155,-0.2158866756172813,-0.14629862196909366,31.36220860767229,31.572461712239146,40.31302300333008,1.9771177757567664,86.0,43.0,90.75378449787789,88.7664384798406,84.15372178291575,80.28313382423269,42,False
nasa,B0007,44,1.8062641938283535,24.0,3312.078,3.5604902283110547,2.0674349483094465,4.2044772244864275,1.9781214643703728,1.9951041266249487,31.24662583059252,38.6112528181758,23.52099861667097,6.483966529554647,1.8222968709239153,10804.922,4.142648094632666,4.214711989188702,0.6438719580588741,2.2585848300420186,24.74618517386197,28.650268868340458,1.834773067016935,7.449353572969232,0.0397095688006817,0.06308316873083149,dataset,False,2.0,90.31320969141767,9.686790308582331,0.3469994435526189,0.2034313549625864,0.08422951604336106,0.0985908157702752,2.137042276176981,15.09025420150483,0.9932001421225873,82.54975314854623,79.88385227938714,293.6331609762189,41.274876574273115,-0.18321767321090243,-0.1657813172841607,31.37300483939186,31.547639441179484,40.31302300333008,1.9770865655129257,86.0,42.0,90.78512577422919,88.51314867366426,83.89635071012741,79.74873460762174,43,False
nasa,B0007,45,1.7958310249900458,24.0,3293.172,3.5567002097886946,2.037264031192436,4.20211656315423,1.9780364457328714,1.9939079880095492,30.939399361884792,38.569726951286874,23.07246859020669,6.439677700794888,1.8118306786592215,10758.985,4.141814607896977,4.214715443852137,0.6440480089192413,2.255500726606694,24.568292813185277,28.293152961467708,1.8259818020792045,7.410478123893561,0.04658869845988432,0.06938696400889426,dataset,False,2.0,89.79155124950229,10.208448750497709,0.5216584419153776,0.20498703089486128,0.16989903754186172,0.10820598909175481,2.164852531961794,15.497258361080185,0.9922501289969761,84.36158382720545,81.70983408146634,300.0728386770138,42.180791913602725,-0.18808453375304557,-0.17225872695290856,31.360073724021465,31.491128666803284,40.31302300333008,1.9770740754624971,86.0,41.0,90.01216089028337,88.0040530927102,83.66030137983086,79.52051219435972,44,False
nasa,B0007,46,1.7858852600390451,24.0,3275.328,3.5584127263446006,2.1632674190148338,4.202901194454151,1.97793896698507,1.9931708315999248,30.884857004354572,38.34572083526661,22.983640218520346,6.407012477669587,1.8018958274990609,10317.515,4.140519345939853,4.214696510731475,0.6686362013437687,2.257720008282533,24.46813967282139,28.158218963844206,1.816837031801614,7.377338242440997,0.045058966847244336,0.06928051739204368,dataset,False,2.0,89.29426300195226,10.70573699804774,0.4972882475500313,0.2563835096409107,0.19117379941062893,0.11685226150193873,2.0396337754393175,15.362080616746265,0.9917762550845096,86.16347965470452,83.52667111326795,306.4798511546834,43.08173982735226,-0.19411752563480705,-0.17971339250077553,31.286734940774572,31.422435227196992,39.641748274009444,1.9770293699036219,86.0,40.0,89.52238102804654,87.48237967688445,83.37183604126994,79.26758531494089,45,False
nasa,B0007,47,1.7803268604502753,24.0,3265.016,3.556136820956992,2.106631526845483,4.201790697233378,1.9780170042003,1.9937766833094566,30.920682316695828,38.482540634946716,22.969922978716898,6.383292596096491,1.796311290604812,10805.734,4.144478806017769,4.214588036442186,0.6339919341730229,2.25837582999649,24.383631011491403,28.14052310759905,1.80607722418126,7.336668687829761,0.04581384765227875,0.06966533025568689,dataset,False,2.0,89.01634302251377,10.983656977486234,0.27791997943849367,0.25672698960805035,0.20153714174840673,0.12035373363099428,2.0951591703878947,15.512617656229818,0.9945927375387422,87.95979094530932,85.33274833744922,312.8631437507799,43.97989547265466,-0.20253201205940322,-0.1862454182339662,31.24565036607732,31.371433791976777,39.641748274009444,1.9770230103364583,86.0,39.0,89.0171516150066,87.48250375296554,83.11331315333763,78.99868573621188,46,False
nasa,B0007,48,1.8150756899575577,24.0,3328.937,3.568999942180493,2.1809272860788376,4.191916354433964,1.9779140108313502,1.993416647067197,33.880577817079796,41.0499421893331,26.46604285791351,6.531870934297347,1.8312780528780856,9946.391,4.141978761932281,4.214711618563932,0.6857285550878955,2.2576031377754036,25.07100125430618,28.759859696236166,1.7976022527284194,7.310880207102207,0.04581384765227875,0.06966533025568689,dataset,False,2.0,90.75378449787789,9.246215502122112,-1.7374414753641219,0.03035702587110336,0.11186655004088379,0.08082617599280031,2.0109890683551264,14.583899331419591,1.0187337327256643,89.79106899818741,87.13035059017764,319.39501468507723,44.895534499093706,-0.12014241794835276,-0.17790704156494996,31.52045122866708,31.454417378252725,41.0499421893331,1.9770045232159483,86.0,38.0,88.7664384798406,87.25143696073415,82.87121532881531,78.76092732639034,47,False
nasa,B0007,49,1.8157025154845838,24.0,3329.266,3.571059290544873,2.1773498094527195,4.20342192245769,1.978162017642311,1.9946576173158321,33.038339318294426,40.361944885615415,25.38232315092876,6.537088661397099,1.8317383060861463,10063.547,4.129690120322505,4.214748254523058,0.6978201575108862,2.2571010001007035,27.032480454408866,30.83734369244914,1.8487341475191512,7.476365173726568,0.04888655382152031,0.06968514370622465,dataset,False,2.0,90.78512577422919,9.214874225770814,-0.031341276351298575,0.004017880134655627,0.10899399941910758,0.07848935406896491,2.026072113004971,14.979621734686656,0.9908067682658365,91.62280730427356,88.9790847376968,325.9321033464743,45.81140365213678,-0.04783367224071464,-0.16753280588999164,31.726988192880732,31.506470871838705,41.0499421893331,1.977022884222843,86.0,37.0,88.51314867366426,86.98228727643364,82.6269342464367,78.4899242324434,48,False
nasa,B0007,50,1.8002432178056673,24.0,3301.579,3.5666921284622095,2.180136101967249,4.202807443974011,1.9779553399945098,1.9927642557550822,32.27329169539202,39.6676965288026,24.501910100578034,6.474009221241965,1.8163173679165368,10376.172,4.134932989245559,4.214619976897151,0.6710831492517819,2.25901127149411,26.29245192725164,30.256179923768244,1.834030847158745,7.42642624859883,0.04805522182634865,0.06988641944387855,dataset,False,2.0,90.01216089028337,9.987839109716631,0.7729648839458179,0.05569171172394079,0.1408566369488625,0.09266232406645171,2.0226713420067624,15.165786428224568,0.9903417768192668,93.4391246721901,90.81311558485554,332.40611256771626,46.71956233609505,-0.0342814029052078,-0.16196158168887345,31.83441087730311,31.53671947246784,41.0499421893331,1.9769747133370348,86.0,36.0,88.0040530927102,86.42821138858982,82.3608731378666,78.51282687975178,49,False
nasa,B0007,51,1.7904476205609308,24.0,3283.563,3.563327431073248,2.1286295199076855,4.203276539809248,1.9779914337720734,1.9950332824030974,31.937919783481355,39.481181404811096,24.043121291612863,6.432644438382921,1.8064343691663283,9756.858999999997,4.133479145170933,4.214585588585567,0.7084093086167149,2.2578275276481437,25.717432915400742,29.511842412811585,1.8200980662052824,7.378920804565745,0.047509200748586077,0.07037254012210739,dataset,False,2.0,89.52238102804654,10.477618971953461,0.4897798622368299,0.10579006416513721,0.138329687682172,0.10060467482985928,2.0746470199015623,15.438060113198233,0.9924928786571147,95.24555904135643,92.63321365106081,338.8387570060992,47.622779520678215,-0.03994697745895195,-0.16373215682919862,31.855976095824268,31.556521832565558,41.0499421893331,1.9769448357211843,86.0,35.0,87.48237967688445,86.1950162294209,81.82068405449036,78.2624936954719,50,False
nasa,B0007,52,1.780343032300132,24.0,3275.125,3.5590146214829015,2.155901281560187,4.202580870413733,1.972192989054421,1.994232501388858,31.688686599521045,39.419051143069204,23.724772219746917,6.398430607115167,1.7990139355200936,10610.906,4.141043663189292,4.214715552650301,0.6479660358754884,2.25924764393366,25.281300307037686,29.200173089787796,1.810882099686112,7.347155139873531,0.048179914298366426,0.07048007986898036,dataset,False,2.0,89.0171516150066,10.982848384993403,0.5052294130399417,0.12855931627804154,0.15938175483642794,0.10029399538672693,2.0466795888535465,15.694278923322287,0.9934461972051767,97.04457297687652,94.44409575074692,345.23718761321436,48.52228648843826,-0.07884994137679581,-0.16729547913014728,31.834761997715805,31.57113878642511,41.0499421893331,1.9763436754110386,86.0,34.0,87.48250375296554,85.69894388242597,81.81277156024248,77.98169667805736,51,False
nasa,B0007,53,1.775328769596812,24.0,3265.656,3.5566945836342914,2.067103728219671,4.203244171517053,1.9723263193206682,1.9927179646840105,31.779120691032947,39.72196117128354,23.738337987235628,6.376184332185841,1.7939851787233854,9978.078,4.138547507532556,4.21468240898435,0.6850484604241814,2.2568491012736267,25.227543828398364,29.003660704014656,1.8002698132279844,7.308521152569998,0.04853240735824653,0.07034952369656776,dataset,False,2.0,88.7664384798406,11.233561520159398,0.250713135165995,0.18937706551296857,0.16767308263852954,0.10533390210432686,2.1361404432973816,15.98362318404791,0.9965090596651563,98.83855815559991,96.24436556397491,351.6133719454002,49.419279077799956,-0.0920142626395898,-0.1705423421792155,31.85895004183293,31.59087498583453,41.0499421893331,1.9768655991903947,86.0,33.0,87.25143696073415,85.69850998502307,82.0559589609192,78.24910266696052,52,False
nasa,B0007,54,1.7702629734732853,24.0,3266.093,3.555013984911923,2.0619831864543094,4.202697222668131,1.9668382736785281,1.9937154240389596,32.133873372089305,40.041366724781085,24.06931067212055,6.358403193718278,1.7889281717647347,10246.984,4.140791354371345,4.214791547114884,0.665245208025633,2.260961049109437,25.459049490706317,29.209813810542578,1.794832004178584,7.287731267862797,0.04974625536405859,0.07095960275807538,dataset,False,2.0,88.51314867366426,11.486851326335739,0.25328980617634045,0.1800061017753407,0.15575368880908683,0.11050792751005929,2.1407140362138213,15.972056052660534,0.9967106490189029,100.62748632736465,98.0391975681535,357.9717751391185,50.313743163682325,-0.1191728919290889,-0.17841552913829642,31.947674795982607,31.622955885958184,41.0499421893331,1.9757372801212103,86.0,32.0,86.98228727643364,85.18260586819383,81.57850394828483,78.7489749921135,53,False
nasa,B0007,55,1.760081061854204,24.0,3257.594,3.5526373754067415,2.143037413381466,4.202581421564202,1.9609304428642138,1.9925505277409798,31.889431533099835,39.66314441864834,23.857377552308677,6.320704857288989,1.77873079557331,10437.047,4.142616291192758,4.214726224038771,0.651247647213734,2.2586361225030682,25.343396530192575,29.18041772363144,1.7899253522051646,7.2697434962636605,0.04989362821249148,0.06988750479775756,dataset,False,2.0,88.0040530927102,11.995946907289806,0.5090955809540674,0.1787498156792097,0.1782412805439202,0.11936981097430191,2.0595440081827356,15.805766866339667,0.9937457969305463,102.40621712293796,99.82912292035866,364.2924799964075,51.20310856146898,-0.18705867912252364,-0.18746185455107164,32.042678013104116,31.645618853709276,41.0499421893331,1.9740266798343444,86.0,31.0,86.42821138858982,85.20068737191244,81.0606641493618,78.2640558439023,54,False
nasa,B0007,56,1.749647593537689,24.0,3248.593,3.547186025484395,1.9929057988209282,4.201275185814673,1.9607588424014128,1.994265959280498,31.81736328028127,39.84751541049116,23.739137412822192,6.293165969925084,1.7736818795438978,10805.827999999994,4.145719435970476,4.21472660323316,0.6243379873546476,2.2583039255865396,25.228421211568914,29.11844804300408,1.7785719643291364,7.226917545439107,0.04762093306188868,0.06959637470924757,dataset,False,2.0,87.48237967688445,12.517620323115551,0.5216734158257452,0.18118833250678107,0.26764030051479154,0.13105275817405157,2.208369386993745,16.10837799766897,0.9972505555674362,104.17989900248186,101.60769488468779,370.5856459663326,52.08994950124093,-0.29488528541836423,-0.18076288911116387,32.13592864069678,31.653975926835628,41.0499421893331,1.9723086673759789,86.0,30.0,86.1950162294209,84.67858078671516,80.82136607381061,77.9877748735063,55,False
nasa,B0007,57,1.749650075059311,24.0,3238.766,3.546814755244375,2.0335961968180234,4.202508747096239,1.9607502568135042,1.9932021181710204,31.72316205746117,39.743357771631004,23.58399487368775,6.2734553874156385,1.7683787460637161,10805.375,4.146768957078443,4.214620378441202,0.6242466255881621,2.261442593761467,25.11195849555622,28.993570388420174,1.7776541036612543,7.225983149930824,0.04647996212810349,0.07109805169409975,dataset,False,2.0,87.48250375296554,12.517496247034458,-0.00012407608109299417,0.15338392695482242,0.22634207346254698,0.13028517729729658,2.1689125502782156,16.159362897943254,0.9947822483696718,105.94827774854558,103.38534898834904,376.85910135374826,52.97413887427279,-0.3992709004351682,-0.17923916549977945,32.21617661477332,31.651618349087467,41.0499421893331,1.9705819926372992,86.0,29.0,85.69894388242597,84.38288681938828,80.79117550809605,77.49488428352494,56,False
nasa,B0007,58,1.745028739214683,24.0,3240.14,3.5447850172972655,2.0213017345171265,4.202333230196108,1.955106689333301,1.9932663431900044,31.957150654392294,40.07246786936068,23.708228344468015,6.256226412886117,1.763759718548529,10685.968,4.147015930897931,4.214602260880449,0.6283098829760826,2.2604612537132738,25.084968690362786,28.9660427547404,1.769159563077764,7.194028473897764,0.04796925031131609,0.07089251138004057,dataset,False,2.0,87.25143696073415,12.748563039265846,0.23106679223138826,0.3502347537143734,0.21411260087533776,0.13648007318919667,2.1810314956789814,16.364239524892664,0.9969477911196202,107.7120374670941,105.1545085514268,383.1153277666344,53.85601873354705,-0.38183873582761196,-0.18086367001152415,32.02383389850456,31.66930269569504,41.0499421893331,1.9683012604874943,86.0,28.0,85.69850998502307,84.15372178291575,80.83620901489451,77.1938576567251,57,False
nasa,B0007,59,1.7396457455286727,24.0,3230.109,3.5465215420964156,2.0789964919635966,4.202490707154508,1.9550631626775967,1.9938941800121164,32.29917704213345,40.247716114003914,24.21598770999788,6.239813068938487,1.7583083669215216,10588.64,4.146555215254979,4.2146424094030746,0.632469676745709,2.2569332802096187,25.58786856081741,29.3765147762846,1.7646229903533945,7.175288420157524,0.04822541815588505,0.07097691576307026,dataset,False,2.0,86.98228727643364,13.017712723566362,0.26914968430051545,0.3802838497795548,0.21460943858439577,0.13004504150991153,2.1234942151909117,16.031728404006035,0.996421545300955,109.47034583401563,106.91913154178019,389.35514083557285,54.735172917007816,-0.33454534724765156,-0.18342237054648744,31.94991767088847,31.715723236844507,41.0499421893331,1.9659913749910227,86.0,27.0,85.18260586819383,83.89635071012741,80.54327931865014,77.25093744345037,58,False
nasa,B0007,60,1.7285642277717963,24.0,3229.7810000000027,3.540832547654255,1.9925354808829658,4.202290557382721,1.9491545130405272,1.9929599237339224,32.128842946565555,40.27220819224188,24.018596493562136,6.212101547614824,1.7525835363074187,10736.094,4.147921891536968,4.214627240268389,0.6219059863072725,2.259998699912,25.48842021020059,29.326964606810204,1.7589494407419461,7.154062622161303,0.04908955036286932,0.07022873713037443,dataset,False,2.0,86.42821138858982,13.571788611410184,0.5540758878438226,0.3583949501693553,0.21652840679444352,0.14148815236740261,2.2097550764997553,16.25361169867974,0.9963808485411371,111.22292937032304,108.67808098252213,395.5672423831877,55.61146468516152,-0.3229102599913631,-0.19202952997623352,31.935472796005826,31.758128534083575,41.0499421893331,1.9631112922956249,86.0,26.0,85.20068737191244,83.66030137983086,80.03301687154688,77.22970077051454,59,False
nasa,B0007,61,1.723900324588418,24.0,3212.469,3.542992511358393,2.14041602578448,4.20313824854604,1.9485245668379871,2.002837999763986,32.021134355757404,39.89848456781458,23.868157730931408,6.179917969286194,1.7426147065341895,9790.859,4.1432664230185265,4.214680376168718,0.6805631717739336,2.2593197213429033,25.520562110849983,29.227532412342384,1.7535883783856707,7.134665584721478,0.048817413924019566,0.07189407403925935,dataset,False,2.0,86.1950162294209,13.8049837705791,0.23319515916891476,0.33273647986256377,0.22652327475761866,0.1461439148304396,2.06272222276156,16.03032683688317,0.9937421620793453,112.96554407685723,110.4316693609078,401.7471603524739,56.482772038428614,-0.31320508736379854,-0.1984584868839294,31.943794253233428,31.774244114840936,41.0499421893331,1.9601646056022157,86.0,25.0,84.67858078671516,83.37183604126994,79.79587243502831,76.71543360879438,60,False
nasa,B0007,62,1.7139788776485192,24.0,3213.219,3.5360811169860216,2.006753861515003,4.202703239422359,1.9431245838111422,1.994963835157279,31.859048861486652,40.0571305311587,23.679272417109907,6.153814617791076,1.7380315936991801,10274.359,4.1474070239405405,4.214737281479257,0.6445765127679761,2.2575805910920255,25.33659989417566,29.12070979710154,1.7436846343049115,7.097578479488509,0.04889219507251717,0.07012605128802055,dataset,False,2.0,85.69894388242597,14.301056117574035,0.49607234699493574,0.3318207732580632,0.23538676144673218,0.14567302112811717,2.195949377907356,16.37785811404879,0.996757991385303,114.7035756705564,112.17535399521272,407.90097497026494,57.3517878352782,-0.3239086727310334,-0.20785520812390765,31.96083047942999,31.795344946753666,41.0499421893331,1.9572577650778882,86.0,24.0,84.38288681938828,83.11331315333763,79.81089759731121,76.43801971479242,61,False
nasa,B0007,63,1.7139701997004613,24.0,3203.578,3.5392436935272635,2.121868132176415,4.202907102508285,1.9430105437169318,2.0016459444206927,32.16100333536097,40.240711749549135,23.840345275714288,6.140230112759753,1.7326816189303085,10711.063,4.150676946753748,4.214674041982327,0.6158895006533762,2.2576286112338373,25.20201911662045,29.023105935768037,1.739442178100415,7.082943687531079,0.04742321873077289,0.06907761875176498,dataset,False,2.0,85.69850998502307,14.301490014976935,0.0004338974028996745,0.30679284948175367,0.21435379086263423,0.1451044563857593,2.0810389703318704,16.400366473834847,0.9961133751640485,116.43625728948672,113.91479617331314,414.0412050830247,58.21812864474336,-0.3111294344515478,-0.21799184770137542,31.99901874386279,31.836482312520822,41.0499421893331,1.9543261875175144,86.0,23.0,84.15372178291575,82.87121532881531,79.79032557316987,76.44630124589922,62,False
nasa,B0007,64,1.7036521173638766,24.0,3195.125,3.5348237062932575,2.0119648758828452,4.201457080806326,1.9425236436352382,1.9940444299252393,32.10276048728767,40.12941739090177,24.239122695185117,6.1152195100522375,1.7277750529192737,10806.015,4.1509731200236155,4.2146702808474625,0.6084464038225221,2.258245841718614,25.656761357540805,29.46574411938269,1.7331425695161469,7.056468876968673,0.048460437754935325,0.0708375336017697,dataset,False,2.0,85.18260586819383,14.817394131806168,0.5159041168292333,0.33305428054704295,0.22570794829527643,0.1553563404070465,2.1894922049234804,15.890294695716655,0.9969030149675617,118.16403234240599,115.64793874282928,420.1564245930769,59.082016171202994,-0.30618939574641557,-0.23108899265080993,31.99590745538263,31.88167394496601,41.0499421893331,1.9518947245131855,86.0,22.0,83.89635071012741,82.6269342464367,79.53253910740352,76.45458250665615,63,False
nasa,B0007,65,1.7040137474382486,24.0,3195.3129999999946,3.5366477402090606,2.0744390946376323,4.204304103661928,1.9370251789871722,1.99394242124594,32.33880662180898,40.3959693732437,24.100749099673767,6.102542460406299,1.7227450346671636,10481.047,4.149258356029318,4.214623533956246,0.6267487978620769,2.258186681343964,25.703556204950726,29.509744013346197,1.7306025666204339,7.045688065301182,0.048460437754935325,0.0708375336017697,dataset,False,2.0,85.20068737191244,14.799312628087563,-0.018081503718605063,0.2803365720797757,0.21473562542441357,0.15534851125745605,2.129865009024296,16.295220273569935,0.9954596554374615,119.88677737707316,117.37854130944972,426.2589670534832,59.94338868853658,-0.2938325827751347,-0.24224095962538725,32.04084496425354,31.927263615791645,41.0499421893331,1.9495041981254815,86.0,21.0,83.66030137983086,82.3608731378666,84.44105580927753,76.19529662330623,64,False
nasa,B0007,66,1.6935716157343033,24.0,3186.297,3.5352062840980913,2.188793384556236,4.20220228055958,1.9310353224698769,1.994068391906693,32.21373014824893,40.18751058333668,23.89454515016851,6.064240838548212,1.7123397579890853,10153.36,4.148663453896309,4.214751677091127,0.6442525073717175,2.2565198053976188,25.605973227211333,29.387918001266215,1.7226447427960885,7.01699929064534,0.04890922045962195,0.07224375321168745,dataset,False,2.0,84.67858078671516,15.321419213284841,0.5221065851972782,0.280379889016929,0.23606803531931006,0.16516392932580032,2.0134088960033436,16.29296543316817,0.9940179280434358,121.59911713506224,119.10118605224581,432.3232078920314,60.79955856753112,-0.3107523479812089,-0.2539708041218705,32.080481651050306,31.94692211779081,41.0499421893331,1.9465318461323278,86.0,20.0,83.37183604126994,81.82068405449036,81.29969139866601,75.93337709550308,65,False
nasa,B0007,67,1.6876577363877656,24.0,3176.438,3.5329852237553396,2.1739523632140685,4.202001482736379,1.9304738354803441,1.9931157642861432,32.09949526722965,40.14605167557969,23.747372758256024,6.039232563009916,1.706415331485726,10662.468,4.15237266814831,4.214660426373847,0.6098065574603136,2.2568508289793328,25.387711853967417,29.24631551480774,1.7134941199493157,6.982611319803901,0.05049341528042814,0.0714779278737494,dataset,False,2.0,84.38288681938828,15.617113180611724,0.29569396732688347,0.3099616933577266,0.23679431833594947,0.16015955493437928,2.0280491195223105,16.398678917323668,0.9958687990923487,123.30553246654797,120.81468017219512,438.36244045504134,61.65276623327399,-0.3098071622097774,-0.26666573040280195,32.11811497202716,31.954868825255762,41.0499421893331,1.9435042039990116,86.0,19.0,83.11331315333763,81.81277156024248,80.78716931406449,75.68241133213476,66,False
nasa,B0007,68,1.6830744356583152,24.0,3167.593,3.532158560934324,2.1783847786257136,4.202600613133091,1.9305724132185291,1.9932876007572093,32.11305439113157,40.18846095484838,23.732576134274755,6.021644367339642,1.7018564078772058,10494.625,4.152356182458047,4.2147387353767405,0.6173984261308548,2.259539997317955,25.34324683845571,29.172752711612734,1.7082999092418372,6.963390885474152,0.049653807534869046,0.07281511275371025,dataset,False,2.0,84.15372178291575,15.846278217084247,0.22916503647252284,0.3097715177818401,0.2602594940821814,0.16545085595538978,2.0242158345073777,16.455884820573626,0.9962281205251067,125.00738887442517,122.52298008143696,444.384084822381,62.50369443721259,-0.2991952259876983,-0.27334764578826387,32.13370534570108,31.977901390906563,41.0499421893331,1.9410507763875349,86.0,18.0,82.87121532881531,82.0559589609192,80.28313382423269,75.68025092614516,67,False
nasa,B0007,69,1.6779270142025482,24.0,3167.719,3.5308376380023527,2.191481814157953,4.202328519159183,1.9247227974831074,1.9932567265208059,32.20371989479744,40.2789498830108,23.784085634385107,6.002398054178905,1.69664240237683,10467.75,4.152709194310727,4.214931268516532,0.6170213473590758,2.25643385717496,25.404838740175805,29.21475971618361,1.7025273517660244,6.941129507634421,0.049804698569480284,0.07183693248710026,dataset,False,2.0,83.89635071012741,16.103649289872592,0.25737107278834515,0.30859365663062305,0.2566743592516104,0.17045193764748576,2.0108467050012298,16.494864248625696,0.9965434039088477,126.704031276802,124.22550743320298,450.3864828765599,63.352015638401,-0.28301696144297966,-0.28087029831802396,32.124159630967476,32.01618515347476,41.0499421893331,1.9380167398680856,86.0,17.0,82.6269342464367,81.57850394828483,79.74873460762174,75.69735307433983,68,False
nasa,B0007,70,1.6732060275966172,24.0,3159.077999999994,3.5296958440720005,2.1753473356526807,4.202855889678493,1.9246004507121866,1.9933610066273437,32.23340825772458,40.310727434969614,23.83125634938924,5.983917976480589,1.6919465713508783,9904.406,4.150213011801893,4.214762412303275,0.6504148284512127,2.258322298582479,25.53866446967712,29.26292921590928,1.6971781299761945,6.920471681162353,0.04960142143548596,0.07212114083797687,dataset,False,2.0,83.66030137983086,16.339698620169145,0.23604933029655228,0.27679100087589603,0.24524999478685744,0.20757451616435957,2.0275085540258124,16.479471085580375,0.9969174958521357,128.39597784815288,125.92268556317917,456.3704008530405,64.19798892407644,-0.27924721572454864,-0.2908524067917586,32.13461616208338,32.067945509308345,41.0499421893331,1.9355613336352515,86.0,16.0,82.3608731378666,81.0606641493618,79.52051219435972,76.69799596579394,69,False
nasa,B0007,71,1.6674367208253988,24.0,3148.829,3.5281819372126093,2.1832922624558813,4.202212609390717,1.9243788765495635,1.9942955362628867,32.212169716369466,40.31733812871393,23.780373043169558,5.9608146040524375,1.6861522277740562,10805.656,4.155306899207721,4.2147220153611,0.594124829801803,2.2589681205832584,25.392212094931914,29.24635618901523,1.6923842429794251,6.902459427288027,0.04933286951263678,0.07263784411726666,dataset,False,2.0,83.37183604126994,16.628163958730056,0.2884653385609113,0.28231801881509566,0.23689707842729263,0.2140354389189608,2.0189203469348356,16.53696508554437,0.996317612131393,130.08213007592693,127.6150698061586,462.3312154570929,65.04106503796346,-0.27320786261453556,-0.3037538086587343,32.15371969814459,32.12103801778894,41.0499421893331,1.933146764606409,86.0,15.0,81.82068405449036,80.82136607381061,79.26758531494089,76.95686399326549,70,False
nasa,B0007,72,1.6622662630667526,24.0,3149.094,3.5265730179666974,2.192864020990023,4.202335745153063,1.9184028799161776,1.9951017113211473,32.21746401954225,40.332563430145015,23.770282871894263,5.940860787210121,1.6809684835702723,10777.328,4.15567222938149,4.2147218693240704,0.5939657677067484,2.2572765027836446,25.37882063803655,29.246890579031508,1.6873219346761954,6.883155763375668,0.048245150285560964,0.07344417258506274,dataset,False,2.0,83.11331315333763,16.88668684666237,0.25852288793231537,0.2585630729088336,0.2361211947670455,0.2188291682577261,2.00947172416304,16.56228055825075,0.9962345946109316,131.7630985594972,129.3023917408348,468.27207624430304,65.8815492797486,-0.28012088181987194,-0.31726506239278995,32.18956121395015,32.172909285902804,41.0499421893331,1.930674594216913,86.0,14.0,81.81277156024248,80.79117550809605,78.99868573621188,76.18123986419369,71,False
nasa,B0007,73,1.6574243065763063,24.0,3140.547,3.5245022548553444,2.1560972126643922,4.201997273379946,1.9181664471622712,1.9939693898192545,32.23410177209762,40.431258866851486,23.76194654931583,5.9206212707581605,1.6761769576323122,10745.86,4.156007874053479,4.2147325399745,0.593493820202256,2.256202226309472,25.36610442135351,29.227147864241523,1.6815462324926305,6.861063039650999,0.05001512861656075,0.07381936636092858,dataset,False,2.0,82.87121532881531,17.12878467118469,0.2420978245223182,0.2827294656207755,0.3153027667625031,0.21358465840169344,2.0459000607155535,16.669312317535656,0.9968069418749438,133.43927551712952,130.98393797332741,474.1926975150612,66.71963775856476,-0.26892718486737127,-0.3110958583155842,32.19687105762381,32.10705024410352,40.431258866851486,1.9281901845614466,86.0,13.0,82.0559589609192,80.83620901489451,78.76092732639034,75.67906517794573,72,False
nasa,B0007,74,1.652538684928734,24.0,3131.625,3.5228548406546385,2.138540138129487,4.201599523927098,1.9180994998619483,1.9959097500887342,32.228343983674435,40.46247985933005,23.751263650793735,5.9007349025021005,1.671325378308302,10806.781,4.15668004634962,4.214579723018079,0.588732785602933,2.2576076874496755,25.36601497084141,29.24258075677239,1.6779281833563182,6.847494871051736,0.047456705587096075,0.07255600991617446,dataset,False,2.0,82.6269342464367,17.373065753563296,0.24428108237860613,0.2555671621757128,0.3263276611116993,0.21766083026540342,2.063059385797611,16.711216208536317,0.996064906046927,135.1106008954378,132.66186615668374,480.0934324175633,67.5553004477189,-0.27118128012162496,-0.3008046290283117,32.20942940726249,32.07465043071871,40.46247985933005,1.925747770184118,86.0,12.0,81.57850394828483,80.54327931865014,78.4899242324434,75.38925374923957,73,False
nasa,B0007,75,1.6472174627573322,24.0,3121.907,3.5222829121237855,2.1646493163558524,4.20196227209543,1.9179587244853675,1.9950531920364833,32.1833106060944,40.40103455658551,23.692389087728426,5.88059965048413,1.6659497158262415,10806.593999999997,4.157264783828636,4.214616737514549,0.5872360516340629,2.2559698725759985,25.328687996097223,29.205804963938984,1.6733466884732024,6.830199592578087,0.048886406569936064,0.07289868386035867,dataset,False,2.0,82.3608731378666,17.639126862133395,0.26606110857009924,0.2839814234045832,0.30605151009667053,0.22345407352276653,2.0373129557395773,16.708645468857082,0.9955795336985965,136.77655061126404,134.33521284515695,485.97403206804745,68.38827530563202,-0.25576452805896954,-0.29442346533053393,32.193879805691026,32.07105118714681,40.46247985933005,1.923841124733937,86.0,11.0,81.0606641493618,80.03301687154688,78.51282687975178,75.15980338018666,74,False
nasa,B0007,76,1.6364136810898071,24.0,3122.125,3.5189923820688493,2.1187211383693167,4.202045571197949,1.9116787215527213,1.993252278498655,32.17200142078129,40.4426971996319,23.642375027314003,5.857228806793807,1.6604881076487283,10429.547,4.156127781729184,4.214694942964417,0.6059708111667655,2.2586154785414965,25.324904467851695,29.15027468636607,1.6664038144446285,6.803587379367527,0.04904240478915373,0.07202371305148902,dataset,False,2.0,81.82068405449036,18.179315945509643,0.5401890833762479,0.28578967322248017,0.30806787894224724,0.22319878331220963,2.0833244328286327,16.800322172317898,0.9964500160497582,138.43703871891276,136.00161665960158,491.83126087484123,69.21851935945638,-0.27019775005368385,-0.29204085506135224,32.189706932944276,32.080414452638806,40.46247985933005,1.9219054646422218,86.0,10.0,80.82136607381061,79.79587243502831,78.2624936954719,74.89110298497941,75,False
nasa,B0007,77,1.6362554312048496,24.0,3121.672,3.5177844279570794,2.1377868706438155,4.204697039833386,1.9116021818524709,1.9934424013813434,32.03316223587618,40.26214977673693,23.617774403005388,5.854045152219231,1.6602561800126316,10807.094,4.158424100775489,4.214633904589618,0.582931239184051,2.2596361366365243,25.15003755101717,29.069744196379535,1.662100077140783,6.787680456055111,0.04861981736892422,0.07223470556283451,dataset,False,2.0,81.81277156024248,18.18722843975752,0.007912494247875657,0.25701152591457943,0.28817520219056464,0.22377847851349628,2.0669101691895704,16.644375373731545,0.9988906220789525,140.09729489892538,137.66371673674237,497.68530602706045,70.04864744946269,-0.2701343212870348,-0.28885919504366425,32.18307362980892,32.09419347809301,40.46247985933005,1.9200182992794343,86.0,9.0,80.79117550809605,79.81089759731121,77.98169667805736,74.6424267316758,76,False
nasa,B0007,78,1.641119179218384,24.0,3120.86,3.5212226057273495,2.103155697792567,4.203964293328523,1.917648718820213,1.993721164618022,32.506671891788216,40.645668361956844,24.167910537487234,5.87708991176168,1.6651901326573508,10719.016,4.159699163403841,4.214745527678928,0.5853283715827439,2.2575471354309986,25.474627913650302,29.345336772449535,1.6557177581420521,6.767693446191523,0.04861981736892422,0.07223470556283451,dataset,False,2.0,82.0559589609192,17.9440410390808,-0.2431874006767174,0.20977628219965538,0.2684191807568561,0.21804613169769282,2.1008085955359563,16.47775782446961,1.0057210079850374,141.76248503158274,139.31943449488443,503.56239593882214,70.88124251579137,-0.24093088207686172,-0.2803980287908012,32.22243537987459,32.12329552612322,40.645668361956844,1.9187259298396024,86.0,8.0,80.83620901489451,79.79032557316987,78.24910266696052,74.62071949335129,77,False
nasa,B0007,79,1.6315700789656966,24.0,3103.828,3.5172227884430147,2.186737546753024,4.201985395805308,1.9111402386391976,1.9950801271316676,31.961039485620926,39.95209030011925,23.553024490779926,5.817751586988509,1.6503476506735772,10806.437000000005,4.1580679564787895,4.214717340768705,0.5848407029641006,2.2578144403866363,25.309912948438804,29.227318696670796,1.6673670770347373,6.808296803401708,0.04830739180756976,0.07449610987674748,dataset,False,2.0,81.57850394828483,18.421496051715167,0.4774550126343655,0.2317846761842574,0.27738578901517713,0.216569738912132,2.015247849052284,16.399065809339326,0.9897926337903783,143.41283268225632,140.98680157191916,509.3801475258106,71.70641634112816,-0.22950108692964044,-0.2737151303171551,32.198167338956935,32.11638217066449,40.645668361956844,1.9173676739552117,86.0,7.0,80.54327931865014,79.53253910740352,78.7489749921135,74.37413882690404,78,False
nasa,B0007,80,1.621213282987236,24.0,3095.094,3.5125010864221813,2.1007747911593695,4.20178017149305,1.9108682624772713,1.9937540476262585,31.798082670491866,40.165034583244065,23.15836420422582,5.792748313295921,1.6453643701617962,10805.265,4.159707944141472,4.214654945008987,0.5800623724475535,2.257803885265159,24.83271348154768,28.734579293571617,1.6532443830262529,6.755625806790082,0.04807714089362054,0.07403770271784743,dataset,False,2.0,81.0606641493618,18.9393358506382,0.5178397989230348,0.2599637230469057,0.2777355577339358,0.227988419138928,2.101005380333681,17.006670379018246,0.9952336067520566,145.0581970524181,142.6400459549454,515.1728958391066,72.52909852620905,-0.23395860875141167,-0.2715689052389709,32.154634780233664,32.112728216160164,40.645668361956844,1.9159944551317198,86.0,6.0,80.03301687154688,84.44105580927753,78.2640558439023,74.12675743202055,79,False
nasa,B0007,81,1.6164273214762122,24.0,3095.781,3.5129614635074673,2.1417010068719846,4.202220537976551,1.9049809251600105,1.9934634318284483,31.95802833708937,40.36674175781141,23.26175935743409,5.777434052781424,1.6405723282935025,10208.062,4.157611519016756,4.214643753973769,0.612499987247524,2.256363794384646,24.88956188067808,28.661365876187777,1.6472616190647518,6.7327507429117395,0.048897202430558395,0.07193674461638987,dataset,False,2.0,80.82136607381061,19.17863392618939,0.23929807555118998,0.25504699674593356,0.2664405441229536,0.2670404223188726,2.0605195311045663,17.10498240037732,0.9959391448851658,146.6987693807116,144.28730757401016,520.950329891888,73.3493846903558,-0.23918902113798243,-0.271507251213864,32.129220642305654,32.11835481843249,40.645668361956844,1.914054659992765,86.0,5.0,79.79587243502831,81.29969139866601,77.9877748735063,74.13937161114492,80,False
nasa,B0007,82,1.615823510161921,24.0,3094.328,3.5125204100391962,2.0912297625621297,4.2013887453306085,1.9051115160683214,1.9955237523449136,32.41813169746276,40.88269125311642,23.705879583857502,5.775091282241099,1.6398172829202333,10807.219,4.1603779113712145,4.214780400715733,0.5756546588787363,2.2547997798913593,25.13848713559105,29.00140228722429,1.6419676238584775,6.711075973253044,0.05060519273798081,0.07400471120772745,dataset,False,2.0,80.79117550809605,19.208824491903954,0.030190565714562467,0.23221376452415826,0.26765312979477984,0.2469976016286634,2.110158982768479,17.176811669258917,0.9986903877354225,148.33858666363184,145.92927519786863,526.7254211741291,74.16929333181592,-0.23238626336557125,-0.2665991819552536,32.1492874100977,32.146153604032556,40.88269125311642,1.9127255236079794,86.0,4.0,79.81089759731121,80.78716931406449,77.49488428352494,73.84855898875296,81,False
nasa,B0007,83,1.61672418029789,24.0,3086.531,3.5151454557578807,2.1663009505205935,4.201620573144587,1.9049221617708285,1.9937747556066172,32.64044972789331,40.856332202254556,24.063147568932987,5.763553948391042,1.6354662322934128,10805.906,4.159943440903098,4.21461504007756,0.5754967390130302,2.2575052091681385,25.67656084340354,29.537310773703567,1.6411431974668278,6.705918002765424,0.05513227508897388,0.07463188429536609,dataset,False,2.0,80.83620901489451,19.163790985105493,-0.045033506798461076,0.20350063139208033,0.25660911783358586,0.2353608593544618,2.0353196226239936,16.79318463332157,0.9965408471471731,149.97405289592527,147.57041839533545,532.4889751225202,74.98702644796263,-0.21111986449059647,-0.2584389111370734,32.18992220567728,32.173485566972595,40.88269125311642,1.911401095068835,86.0,3.0,79.79032557316987,80.28313382423269,77.1938576567251,74.09507777068637,82,False
nasa,B0007,84,1.6108655863730026,24.0,3085.625,3.513443179473182,2.1843637809529235,4.201668680267049,1.8987673918259145,1.993529946094214,32.56399373078006,40.778024611598504,23.95500402082536,5.740753354217775,1.6295978762616465,10655.937000000005,4.159692060850637,4.214731729762176,0.5820536705778918,2.2583118126282766,25.62368416476886,29.488543232595912,1.6364573585637787,6.687701657887191,0.052122387063300676,0.07530335771038864,dataset,False,2.0,80.54327931865014,19.456720681349864,0.2929296962443715,0.20836549277865685,0.2575603183113401,0.23608487844786794,2.017304899314125,16.823020590773144,0.995808334225004,151.6036507721869,149.20687575389923,538.2297284767379,75.80182538609345,-0.19745011134000032,-0.2507393128611999,32.223487180387835,32.184078234518466,40.88269125311642,1.9094678842652315,86.0,2.0,79.53253910740352,79.74873460762174,77.25093744345037,74.90683099437412,83,False
nasa,B0007,85,1.6006603374309376,24.0,3067.203,3.5097089402574535,2.113995772639173,4.202567159315787,1.904361661364581,1.9937950394148773,32.28305350922276,40.5829305350897,23.712966469853818,5.716456662638244,1.6247445560775966,10117.172,4.157997794537938,4.214640908593128,0.611667316149344,2.2561160307677173,25.554462099423464,29.344957303409892,1.6304413880736184,6.665136108977431,0.05077571807567494,0.07496378520798935,dataset,False,2.0,80.03301687154688,19.966983128453123,0.5102624471032584,0.23278562663197278,0.25580778068171756,0.23616809373808054,2.0885713866766142,16.869964065235884,0.9965059571980366,153.2283953282645,150.83731714197285,543.9461851393762,76.61419766413225,-0.2040938391750176,-0.2483375053156521,32.233461470700675,32.19024665702475,40.88269125311642,1.908108177953153,86.0,1.0,84.44105580927753,79.52051219435972,77.22970077051454,74.10387607196436,84,False
nasa,B0007,86,1.5959174487005663,24.0,3058.157,3.5042771471756997,2.0287779476202195,4.201472345711643,1.9042167406508488,1.9948137474440242,32.06065237439007,40.6345689985191,23.380469376342713,5.6912426228244595,1.6200110476582623,10805.86,4.161882420497646,4.2146284359111865,0.5695433813889582,2.2565972479494287,25.086777788456857,28.997287486309055,1.6250110282557033,6.645696220366166,0.05126724930337932,0.07541159661766002,dataset,False,2.0,79.79587243502831,20.204127564971685,0.23714443651856243,0.20248116194620422,0.25596575177570347,0.24124451326666105,2.1726943980914237,17.254099622176387,0.9969231097447948,154.84840637592276,152.46232817022855,549.6374277622007,77.42420318796138,-0.23146888405953212,-0.2455372945319349,32.222326566061554,32.19182737777005,40.88269125311642,1.9073619798629657,86.0,0.0,81.29969139866601,79.26758531494089,76.71543360879438,73.85577656406076,85,False
nasa,B0007,87,1.5962179519462243,24.0,3058.812,3.509207943122176,2.1948906641943635,4.201332830124454,1.8982712229514884,1.994905249607193,32.365261126964526,40.75070125010339,23.582488319458513,5.682079807585006,1.6150573334208287,10806.328,4.162474734978786,4.214711732650793,0.5681591509104055,2.2587285258591323,25.056441260108773,28.942764795322784,1.621137279597127,6.6318054176565004,0.051355678502895456,0.0749649652243977,dataset,False,2.0,79.81089759731121,20.18910240268879,-0.015025162282896076,0.20018739629312704,0.23552185140459017,0.23545430642566118,2.006442165930091,17.168212930644877,0.996249579691481,156.46346370934359,154.08346544982567,555.3195075697856,78.23173185467179,-0.23400870310924426,-0.2426366951090962,32.255536455170386,32.21207586838918,40.88269125311642,1.9060288839728678,86.0,,80.78716931406449,78.99868573621188,76.43801971479242,73.60386391528245,86,False
nasa,B0007,88,1.5958065114633972,24.0,3058.578,3.5095064920492853,2.1621122251410005,4.201522880341636,1.8978120665431735,1.9940601969636647,32.68851871366292,41.0672419235651,23.982069185971252,5.681366066603345,1.6145820819454735,10744.828,4.162064680444332,4.214650058526536,0.5696776900490276,2.2578935905488997,25.564533976059447,29.435653039427557,1.6165839728730325,6.611947147216563,0.05194895745860293,0.07469906780400354,dataset,False,2.0,79.79032557316987,20.209674426830134,0.020572024141344514,0.22656333877493323,0.23632737647412796,0.2253405836683811,2.0394106552006352,17.085172737593847,0.9987616536096166,158.07804579128907,155.7000494226987,561.000873636389,79.03902289564454,-0.19719300024358732,-0.23540106389458168,32.27372113735786,32.23317648352125,41.0672419235651,1.9040452187451635,86.0,,80.28313382423269,78.76092732639034,76.44630124589922,73.6124006828227,87,False
nasa,B0007,89,1.5906507821480704,24.0,3049.328,3.505203266169396,2.0092802451741245,4.201386492450036,1.9036894961898951,1.9937194932286224,32.747733642524246,41.40590880756584,24.051439279589804,5.674946153706331,1.6148057066120742,10804.797000000006,4.162110677449121,4.214607868406527,0.5665133557597003,2.2576276206357586,25.71603687619593,29.629351330078233,1.6159913814543043,6.608958850038187,0.05128667477654547,0.07539484013414438,dataset,False,2.0,79.53253910740352,20.467460892596478,0.257786465766344,0.20459648408813108,0.22600267043161237,0.22585530936344442,2.192106247275911,17.354469527976033,0.999266286407318,159.69285149790113,157.316040804153,566.6758197900953,79.84642574895057,-0.17880648862264395,-0.23115928398477772,32.35239055304819,32.25897540973071,41.40590880756584,1.9033001445002333,86.0,,79.74873460762174,78.4899242324434,76.45458250665615,73.35053336137332,88,False
nasa,B0007,90,1.6888211161855506,24.0,3177.219,3.5281182345919753,2.144268362237989,4.2333254357000865,1.9369986986497965,1.9937139334305616,32.50500516961017,41.01558674901627,23.850620264439623,6.052063994967586,1.712927946186764,10804.797000000006,4.162110677449121,4.214607868406527,0.5665133557597003,2.2576276206357586,25.71603687619593,29.629351330078233,1.6159913814543043,6.608958850038187,0.05502813794451862,0.07705920199069437,dataset,False,2.0,84.44105580927753,15.558944190722471,-4.908516701874007,-0.338039165991573,0.030385262505396325,0.12256044396490495,2.0890570734620977,17.16496648457665,1.059985817897879,161.4057794440879,158.9320321856073,572.7278837850629,80.70288972204395,0.09759421821331157,-0.1770810988968033,32.423082802960025,32.26562335164276,41.40590880756584,1.905913188117486,86.0,,79.52051219435972,78.51282687975178,76.19529662330623,73.08836247667689,89,False
nasa,B0007,91,1.6259938279733204,24.0,3082.937,3.519590928396835,2.0962813773920193,4.203917718634026,1.9233419037458164,1.9940123642001173,32.91993878980996,41.31851435911838,24.43569034018692,5.8200950508713785,1.6500819621462108,10802.578,4.16124700040263,4.214646441245995,0.5748933502886298,2.259536832988886,25.616278552522115,29.492381619864656,1.64003223412061,6.706592600983702,0.05527266157182866,0.07666481641775076,dataset,False,2.0,81.29969139866601,18.700308601333987,3.1413644106115157,-0.047832532485540466,0.13515557552196583,0.18561180542063796,2.1076363412420065,16.882824018931462,1.0061277625015643,163.0558614062341,160.57206441972792,578.5479788359343,81.52793070311705,0.14572012598017664,-0.15663685763365165,32.51927384823208,32.2938716973052,41.40590880756584,1.9077492859760663,86.0,,79.26758531494089,78.2624936954719,75.93337709550308,72.83476335244853,90,False
nasa,B0007,92,1.6157433862812898,24.0,3074.266,3.5146260368096875,2.0376560852489356,4.202046403451837,1.9169003551303383,1.9933319825535087,32.948305858317944,41.4002950560853,24.481210786362457,5.777020974284328,1.6397656608575055,10544.452999999994,4.157403064239153,4.214634163331606,0.5930983707185236,2.25984186287353,26.192445895478503,30.056355404654543,1.6495241351438579,6.735756645442642,0.05324102311684918,0.07558335014316388,dataset,False,2.0,80.78716931406449,19.212830685935515,0.5125220846015281,0.00040061940315609944,0.1438287002129516,0.19031150927445054,2.164390318202902,16.91908426972284,0.9940840669872943,164.6956270670916,162.22158855487177,584.3249998102186,82.3478135335458,0.1580796965713833,-0.14128138344928187,32.5722912643176,32.32782412094873,41.40590880756584,1.9089281698822682,86.0,,78.99868573621188,77.98169667805736,75.68241133213476,72.5677486379478,91,False
nasa,B0007,93,1.6056626764846538,24.0,3066.0,3.5115494818370454,2.050265845971926,4.201592874087554,1.9104739991515625,1.9934516762680057,32.76906651915661,41.2508092329952,24.228447169823482,5.73704566709158,1.6296761858018656,10701.125,4.159130474098866,4.214633287059249,0.580283521622526,2.257119845149217,25.99244956080433,29.9217154585725,1.6391985549619557,6.6963955082443745,0.05273469991494585,0.07574262774043826,dataset,False,2.0,80.28313382423269,19.716866175767308,0.5040354898317929,0.0553075190661815,0.15482351834732241,0.2075415062147519,2.1513270281156283,17.02236206317172,0.9941908384855116,166.32530325289346,163.86078710983372,590.0620454773102,83.16265162644673,0.1459972159768947,-0.13010425837783632,32.58515294344393,32.354064606069734,41.40590880756584,1.9094833536203413,86.0,,78.76092732639034,78.24910266696052,75.68025092614516,72.58079631286874,92,False
nasa,B0007,94,1.5949746921524348,24.0,3056.437,3.510769869032659,2.1421639870693685,4.201214370586727,1.904277326283454,1.9942033375334116,32.59734424608833,40.95362783962595,24.003142454503458,5.698533580976982,1.6189903302168103,10805.813,4.160505352231573,4.214655908274801,0.5707857347109031,2.2580269759095866,25.7378775367257,29.685947006810565,1.62907363642146,6.657849042997684,0.054101669766115246,0.07605862048749032,dataset,False,2.0,79.74873460762174,20.251265392378258,0.5343992166109501,0.07945447110283936,0.16590464410022662,0.21128950167591853,2.0590503835173584,16.950485385122494,0.9938104048956318,167.94429358311027,165.48986074625518,595.7605790582872,83.97214679155513,0.09194098249232194,-0.12345638452708083,32.588487994974756,32.36980958012137,41.40590880756584,1.9100343470660957,86.0,,78.4899242324434,78.7489749921135,75.69735307433983,72.34080666086842,93,False
nasa,B0007,95,1.5904102438871945,24.0,3048.219,3.50804494279531,2.093098662464846,4.201660608337926,1.9040060475398195,1.9942540792901025,32.52349894408369,40.989022190981714,23.879196296054904,5.678186762251141,1.6144678451299883,10693.438,4.161111580296077,4.214734865641993,0.5736707135896004,2.2588361587869192,25.603747603389166,29.52893852325117,1.619744115509475,6.622441836205796,0.053379437619037746,0.0768769249386572,dataset,False,2.0,79.52051219435972,20.479487805640275,0.2282224132620172,0.05125046771871524,0.1655915674188452,0.20542078110285134,2.10856194587308,17.10982589492681,0.9967425284469534,169.55876142824025,167.10960486176464,601.4387658205384,84.77938071412012,0.0010496022475283634,-0.11808519848439722,32.61253253846085,32.38141320757574,41.40590880756584,1.9099987856836194,86.0,,78.51282687975178,78.2640558439023,76.69799596579394,72.33785303884392,94,False
nasa,B0007,96,1.5853517062988178,24.0,3039.218,3.507748080950393,2.109503853325003,4.201750207865124,1.903682025344975,1.9999801485407718,32.578228834731775,41.02622774121347,23.935993772910926,5.659917861268947,1.6094293397117418,10708.406,4.161784165329537,4.214744172995059,0.5707952161740101,2.2578079576131604,25.574680690927398,29.489260448244107,1.6145123124697451,6.602681508293792,0.05523767045005179,0.07884381066373808,dataset,False,2.0,79.26758531494089,20.732414685059112,0.25292687941883685,0.05282871200874269,0.16417002905316225,0.20053355374022744,2.092246354540121,17.09023396830254,0.9968516977425661,171.16819076795198,168.72411717423438,607.0986836818073,85.58409538397599,-0.11323524079787348,-0.11474892226390411,32.664290184495016,32.39605557231023,41.40590880756584,1.9099453141530318,86.0,,78.2624936954719,77.9877748735063,76.95686399326549,72.06898740723396,95,False
nasa,B0007,97,1.5799737147242376,24.0,3039.047,3.5066673521067266,2.1295447836320704,4.201226117420626,1.8977184161709566,1.995744295058308,32.62728298499839,41.01371342582121,23.980765847990668,5.639981128155463,1.6040326523018948,10805.297000000006,4.162435132005642,4.214670168995556,0.5635456812132326,2.2571025923731836,25.62855590034613,29.555663549954055,1.6084542968454334,6.578729680541486,0.054439338280930595,0.07785420519610012,dataset,False,2.0,78.99868573621188,21.001314263788117,0.2688995787290054,0.08122118610993283,0.16458509668502985,0.20035314572603766,2.071681333788556,17.03294757783054,0.9972509977111501,172.77222342025388,170.3325714710798,612.7386648099628,86.38611171012694,-0.23478217586311625,-0.11332290893690253,32.6904923702984,32.41244833092847,41.40590880756584,1.9098900334749787,86.0,,77.98169667805736,77.49488428352494,76.18123986419369,71.8122812610409,96,False
nasa,B0007,98,1.5752185465278068,24.0,3030.375,3.5061843921745397,2.138556110583413,4.201796973837129,1.89734180804451,1.995283636272928,32.652115712561326,41.04923314430273,23.999220368885872,5.622384724607772,1.5992977156114052,10363.61,4.161122628619384,4.2146517893649875,0.5864427180215657,2.2580114961651523,25.704388603277437,29.573584932950624,1.6039303072027375,6.561338900668857,0.05405487569096337,0.07821105614795815,dataset,False,2.0,78.76092732639034,21.239072673609655,0.23775840982153795,0.10293982467795218,0.16441152009699864,0.23985714342975087,2.063240863253716,17.05001277541686,0.9971117251351079,174.3715211358653,171.93650177828255,618.3610495345705,87.18576056793265,-0.36082422748441606,-0.11334746885568635,32.68685207018824,32.42916888854702,41.40590880756584,1.9098430076251127,86.0,,78.24910266696052,77.1938576567251,75.67906517794573,71.84077076962414,97,False
nasa,B0007,99,1.569798484648868,24.0,3021.0,3.5051004339266254,2.1437793669909317,4.201200470517945,1.8970244466316413,1.9943198333456515,32.64767456395258,41.05277512550887,23.973654052530293,5.601397050692208,1.5939076477841838,10805.094,4.163316309598824,4.214608312282589,0.5599935607736916,2.2598985853212543,25.63485128551617,29.574504883211656,1.598724153569629,6.541311142563025,0.05335322659418541,0.07819867312210359,dataset,False,2.0,78.4899242324434,21.5100757675566,0.2710030939469448,0.10426148749601225,0.16548040055973218,0.24590403083571574,2.057421103527013,17.07912107297858,0.9969872815302809,175.9654287836495,173.53522593185218,623.9624465852627,87.98271439182474,-0.5063564759262855,-0.11515464661744153,32.676846162331074,32.44594211175814,41.40590880756584,1.9091765026692868,86.0,,78.7489749921135,77.25093744345037,75.38925374923957,71.81472572930024,98,False
nasa,B0007,100,1.5702565375950357,24.0,3021.75,3.5054479186890566,2.199196544880164,4.201289094579205,1.890944242298161,1.9968908750212224,32.6993879231031,41.02092182377061,24.01135599553165,5.585607978791153,1.5891502676011144,10805.5,4.163753434252257,4.214720979959802,0.5584478700234946,2.2580707743707293,25.6527336441731,29.59702533136257,1.594367057933732,6.524541089557955,0.05354779689154472,0.07799840526566774,dataset,False,2.0,78.51282687975178,21.487173120248215,-0.02290264730838487,0.5928228929525744,0.15392185032459282,0.22998668021063168,2.002092549699041,17.00956582823896,0.996727986628513,177.5545790512506,175.12959298978592,629.5480545640538,88.7772895256253,-0.31076728620869964,-0.11622871101743838,32.696284437680376,32.466585204438495,41.40590880756584,1.9045710570341234,86.0,,78.2640558439023,77.22970077051454,75.15980338018666,72.09287657939008,99,False
nasa,B0007,101,1.565249873909438,24.0,3012.265,3.500074246846,2.0252901014990434,4.201033482375415,1.8968789299198896,1.9939195524210047,32.724576765133094,41.34840278359994,24.011740056772418,5.577995627249515,1.5893237737378407,10806.844,4.164091233459148,4.214656066398112,0.5564473902566054,2.256273737870077,25.668484796650056,29.608387587301,1.5888417530840926,6.502849751971681,0.05429631089195726,0.07755605645193993,dataset,False,2.0,78.2624936954719,21.737506304528097,0.2503331842798815,0.303719770319411,0.14232761436073815,0.2251977466514927,2.1757433808763715,17.33666272682752,1.0003033786422169,179.14390282498846,176.71843474287002,635.1260501913033,89.57195141249423,-0.26639960749835545,-0.12205539852292585,32.676748235212685,32.488688218212566,41.40590880756584,1.901924759651531,86.0,,77.9877748735063,76.71543360879438,74.89110298497941,73.36031742390898,100,False
nasa,B0007,102,1.559633933561147,24.0,3002.641,3.5011647157526498,2.0874226328484515,4.201482697501314,1.8964776036151527,1.9941986616958334,32.70434030242972,41.23753665797544,23.99347983811607,5.559790708920634,1.5838167436941692,10367.906000000003,4.162630452592037,4.214792569529256,0.5804323642524042,2.2561311748891355,25.74432548238452,29.610572699408394,1.5889914208606204,6.5043688274001425,0.054140507846383475,0.07849103991881125,dataset,False,2.0,77.98169667805736,22.01830332194264,0.28079701741454244,0.2805472636007124,0.15324299528740482,0.22070909873898473,2.1140600646528624,17.24405681985937,0.996743420324039,180.72771956868263,178.30742616373064,640.685840900224,90.36385978434132,-0.23470175109685265,-0.1278161139323962,32.65235167962386,32.515535340874706,41.40590880756584,1.8998824845000122,86.0,,77.49488428352494,76.43801971479242,74.6424267316758,72.59320183924443,101,False
nasa,B0007,103,1.5649820533392105,24.0,3012.0,3.500407285435189,2.0863200514042264,4.196165946742788,1.8967990962803922,1.9932029763532655,32.74051962267582,41.21700308433066,24.069019867711653,5.577554960236856,1.589084240246478,10806.719,4.164844499586838,4.214652953232849,0.5543120438055745,2.25781444074406,25.633915030387637,29.581957944882603,1.5837435388029601,6.484046496780475,0.05497736185369785,0.07863873360391814,dataset,False,2.0,78.24910266696052,21.750897333039475,-0.2674059889031639,0.20340311572721675,0.15227425175834697,0.21034671625760154,2.1098458953385615,17.14798321661901,1.0033722009357364,182.3168038089291,179.8911697025336,646.2633958604608,91.15840190446455,-0.1880147505499374,-0.12572961168200472,32.64949698997579,32.52488925011021,41.40590880756584,1.8985149942128952,86.0,,77.1938576567251,76.44630124589922,74.62071949335129,72.35689876374249,102,False
nasa,B0007,104,1.57497949984227,24.0,3020.11,3.507816455272743,2.0588247910323827,4.205246397279064,1.903150343237685,1.9969727693616797,33.38712825139849,41.89753189273277,24.773284683784794,5.62469817500744,1.599072467997887,10043.172,4.162361800436451,4.214725432157408,0.5997667514502262,2.26044629702722,26.086357315160182,29.869815946124863,1.5895540982093053,6.510806320731768,0.05427616393971161,0.07537775917996459,dataset,False,2.0,78.7489749921135,21.251025007886497,-0.4998723251529782,0.09997596155082392,0.11318115824685321,0.19528347363101517,2.146421606246681,17.124247208947978,1.0059880753975625,183.915876276927,181.4807238007429,651.8880940354683,91.9579381384635,-0.12503367813514005,-0.12087510248426786,32.728475390506794,32.58193280074131,41.89753189273277,1.8984022959083184,86.0,,77.25093744345037,76.45458250665615,74.37413882690404,72.08952932811995,103,False
nasa,B0007,105,1.5652811168780458,24.0,3002.172000000006,3.5025243992110107,2.007722684403967,4.201509838937999,1.9028709165135844,2.0040394709724123,33.270627344923426,41.90270996402953,24.60432088403771,5.5818236403890635,1.5893600099595029,10569.812,4.162074459333904,4.214702509937045,0.5727283056288979,2.2579101044409127,26.36503424612251,30.28624835971873,1.5985530100800984,6.539081034372454,0.054523978157317556,0.0781727897082057,dataset,False,2.0,78.2640558439023,21.735944156097702,0.48491914821120474,0.12564563504574267,0.11186433221838002,0.1947999449761579,2.1937871545340317,17.298389079991825,0.9942491740576467,185.50523628688651,183.07927681082302,657.4699176758573,92.75261814344326,-0.09159927025832038,-0.12349860729296526,32.80318823059078,32.64083458771858,41.90270996402953,1.8982887828056945,86.0,,77.22970077051454,76.19529662330623,74.12675743202055,71.58154739555555,104,False
nasa,B0007,106,1.559755497470126,24.0,2992.703,3.505155823274424,2.190682586389996,4.201909525379603,1.896329660235778,2.0003771874564404,33.115074143665915,41.48233804274523,24.423639542020226,5.5472371537483385,1.57851775671353,9917.203,4.160213369745536,4.21478424347132,0.6071489442630493,2.259929684740767,26.295278993185978,30.11536638731283,1.5880747040002996,6.498869870002492,0.05441238770330601,0.07816806645061,dataset,False,2.0,77.9877748735063,22.012225126493703,0.27628097039600163,0.12798104414345915,0.11334364801217248,0.18989209606756305,2.0112269389896067,17.058698500725008,0.993982054331137,187.08375404360004,184.6673515148233,663.0171548296057,93.54187702180002,-0.07486675151033195,-0.1289141415797063,32.85687276148418,32.68711641998164,41.90270996402953,1.897553546294775,86.0,,76.71543360879438,75.93337709550308,74.13937161114492,71.59042124836843,105,False
nasa,B0007,107,1.549897685670499,24.0,2964.468,3.4983646475135717,2.008435320437976,4.199865517000471,1.9084409166580933,2.0052937156241972,32.90572814040102,41.641162265997195,24.19968791502018,5.519553305083662,1.5740000521310509,10317.406,4.1627693488989195,4.214954620222875,0.5747134152763645,2.258982739820645,26.019053861613617,29.940843049405782,1.575276543629848,6.448414890965002,0.05451219205855288,0.07651054614613173,dataset,False,2.0,77.49488428352494,22.50511571647506,0.49289058998135715,0.1503801452686943,0.13185164898284427,0.19975238938881204,2.1914301965624947,17.441474350977014,0.9991896714872325,188.6577540957311,186.24262805845316,668.5367081346894,94.32887704786555,-0.0874329587804125,-0.13700165527703326,32.88471727702445,32.706620277699166,41.90270996402953,1.8986257963434887,86.0,,76.43801971479242,75.68241133213476,73.84855898875296,71.31281292553435,106,False
nasa,B0007,108,1.5438771531345021,24.0,2983.375,3.500140843862167,2.1646360641399958,4.2008597336564515,1.8897565548946964,1.9945472659822978,32.953112654161664,41.433877603827945,24.11639369687997,5.503043443273644,1.5679999189918266,10806.109,4.165255711471095,4.214615041399025,0.5514668312302669,2.255223398916022,25.806756459289247,29.783065327576665,1.5763313215788,6.4546749294051375,0.052351911552094406,0.0772564945442686,dataset,False,2.0,77.1938576567251,22.8061423432749,0.30102662679983894,0.15670696696652442,0.14569405432677626,0.20115158608018105,2.0362236695164557,17.317483906947974,0.9947146881668069,190.22575401472292,187.81895938003197,674.0397515779631,95.11287700736146,-0.11404146449813546,-0.1448819325963965,32.914816971184486,32.719126794749904,41.90270996402953,1.8978672710285074,86.0,,76.44630124589922,75.68025092614516,74.09507777068637,71.30438764462457,107,False
nasa,B0007,109,1.5450187488690073,24.0,2975.297,3.49909547013937,2.0647427536919833,4.20162098338246,1.8959167588975119,1.9938553434941435,33.2282109237263,41.8543569979417,24.459092848668906,5.5054777795976095,1.569110639350695,10041.921,4.162797199607679,4.214879556531111,0.5907794252362071,2.259596881543815,26.09212236076689,29.877944013477087,1.5668087638478059,6.41668628909314,0.055582769847162185,0.07723477152073635,dataset,False,2.0,77.25093744345037,22.74906255654963,-0.05707978672526792,0.12389867889930314,0.1316936750079907,0.1946269966596654,2.1368782296904767,17.395264149272794,1.0014691489835914,191.79486465407362,189.38576814387977,679.5452293575607,95.89743232703681,-0.13660861635864208,-0.15236280780214756,32.97287060716185,32.74569548246775,41.90270996402953,1.8977565022550944,86.0,,76.45458250665615,75.69735307433983,74.90683099437412,71.06316755015847,108,False
nasa,B0007,110,1.5445940154102908,24.0,2974.9850000000006,3.5010357611640615,2.170172617792397,4.201149059944848,1.8894086402500336,1.9945388143156637,33.361342590516294,41.78271326384125,24.609806274773607,5.488386587295718,1.5632924032897542,10719.281,4.165298218363235,4.214640660350812,0.5527898752480225,2.259158636180731,26.277216685610473,30.19701485838157,1.568571468375814,6.423144523876131,0.05474089300471066,0.07901841555586095,dataset,False,2.0,77.22970077051454,22.77029922948546,0.021236672935827983,0.12831261092372442,0.11213264404129347,0.18397021236150551,2.0309764421524514,17.172906989067645,0.9966344758957485,193.35815705736337,190.95433961225558,685.0336159448565,96.67907852868169,-0.1437892673588088,-0.1626097676327997,33.03906607390317,32.7888270457195,41.90270996402953,1.8976029420502816,86.0,,76.19529662330623,76.69799596579394,74.10387607196436,70.81636374397554,109,False
nasa,B0007,111,1.5343086721758876,24.0,2966.25,3.497212315865497,2.120750718982474,4.200810741834928,1.8889319524937909,2.0003871362753527,33.12431679486816,41.62744766181303,24.334930769941984,5.4648853812431595,1.5583373324505823,10804.719,4.165982566818228,4.214580333704422,0.5466753544245773,2.2569537095235206,26.15850923293319,30.16491960110753,1.5628295534731107,6.400638023945776,0.055237233438058246,0.0799393133533925,dataset,False,2.0,76.71543360879438,23.284566391205615,0.5142671617201557,0.15470600866775186,0.1232175530493572,0.18959165241253031,2.080060022852454,17.292516891871045,0.9971255848006295,194.91649438981395,192.5171691657287,690.4985013260996,97.45824719490697,-0.1801566896564693,-0.17781885632064606,33.07904007687668,32.83137362253862,41.90270996402953,1.8968082443076717,86.0,,75.93337709550308,76.95686399326549,73.85577656406076,70.82890914587998,110,False
nasa,B0007,112,1.5287603942958483,24.0,2956.359,3.496089957852059,2.13627215665258,4.200373974181371,1.8885129340185374,1.996471333028226,32.991553593266204,41.552128441464966,24.140776797393674,5.443512988157579,1.552878953757077,10805.687,4.166560676451064,4.214688734910135,0.5446291639741253,2.257525864287733,25.828357624929552,29.80917785848533,1.5570359729721548,6.379172307409957,0.0572653476857599,0.07942312226110386,dataset,False,2.0,76.43801971479242,23.561980285207582,0.2774138940019668,0.1543676963264943,0.13491511530075173,0.18521848335267094,2.064101817528791,17.411351644071292,0.99733017137225,196.46937334357102,194.07420513870085,695.9420143142572,98.23468667178551,-0.23162333658577677,-0.1930688686947315,33.107761405960325,32.856425321190684,41.90270996402953,1.89601177734801,86.0,,75.68241133213476,76.18123986419369,73.60386391528245,70.54200864712588,111,False
nasa,B0007,113,1.5289260249179843,24.0,2956.344,3.495877119417779,2.0938572364769055,4.201791474587699,1.8888280889155629,1.9936433250812406,33.2318318845246,41.839167194182565,24.391660570898495,5.444307341097111,1.553069948397462,10011.406,4.163872052915668,4.214625841394862,0.5872978957380496,2.2570099014195613,26.095617992004808,29.89283012850155,1.5525103948672536,6.361421960562042,0.05107064795051435,0.07876484726875482,dataset,False,2.0,76.44630124589922,23.55369875410078,-0.008281531106803186,0.18028014210613036,0.13376097309082582,0.1850441747824769,2.1079342381107935,17.44750662328407,1.0003604185402288,198.02244329196847,195.6267155335681,701.3863216553543,99.01122164598424,-0.24609996179129034,-0.20585363495961476,33.15689263214521,32.878157848025154,41.90270996402953,1.8952146766115274,86.0,,75.68025092614516,75.67906517794573,73.6124006828227,70.54974814173902,112,False
nasa,B0007,114,1.529091650133123,24.0,2956.406,3.493116071455022,1.9959465760122976,4.20067023466464,1.8888109089947782,1.9952567240378403,33.5098123920945,42.23998716092915,24.672067025619615,5.441182379748626,1.5531501891813029,10806.625,4.166950763269816,4.214612424103626,0.5422383259383012,2.2579368697950892,26.247673777602802,30.164464056505928,1.5517413335924064,6.358015762665259,0.05508857873132331,0.07806701171840846,dataset,False,2.0,76.45458250665615,23.545417493343848,-0.00828126075693092,0.2294392485457351,0.12311826402989481,0.1745604672307536,2.204723658652343,17.56792013530953,1.0009079190960486,199.57559348114978,197.17845686716052,706.827504035103,99.78779674057489,-0.2049479217506371,-0.21856749706958215,33.16916104621481,32.90864099800797,42.23998716092915,1.8937807331872367,86.0,,75.69735307433983,75.38925374923957,73.35053336137332,70.30857145199401,113,False
nasa,B0007,115,1.5239059324661248,24.0,2947.266,3.492655946458748,2.0305769860653866,4.20021831736756,1.888168080257056,2.001090966399853,33.382402850667845,42.040902384977116,24.56852628281145,5.421918988770977,1.547955372566583,10805.563,4.1667553061663325,4.214667908011257,0.5427505445125442,2.256062462105012,26.33793086974434,30.30672706771009,1.552160873847725,6.359464052717702,0.055778574185470456,0.07824269800333249,dataset,False,2.0,76.19529662330623,23.804703376693766,0.25928588334991787,0.20687592205960642,0.3298303674388518,0.18010781497212405,2.1696413313021736,17.472376102165665,0.9972905506432997,201.12354885371636,198.73061774100825,712.2494230238739,100.56177442685818,-0.18245587328306942,-0.18222194139115683,33.18033859678925,32.94373690525027,42.23998716092915,1.892310449561584,86.0,,76.69799596579394,75.15980338018666,73.08836247667689,70.31679239846461,114,False
nasa,B0007,116,1.5186675419100615,24.0,2937.984,3.49208824531703,2.0758803797636745,4.200674971032527,1.8879294129270705,1.9951199234830206,33.17829959346276,41.803429062834496,24.34305560390618,5.402074304203918,1.5427397741089666,10807.219,4.167406043259077,4.214569582582126,0.5411680736913659,2.259058585442117,26.124984681348387,30.109069799343242,1.5482378687796434,6.345011134317024,0.058454793092531966,0.07808837738558039,dataset,False,2.0,75.93337709550308,24.066622904496924,0.2619195278031583,0.20543977780032208,0.2146525721265175,0.17490407382424167,2.124794591268852,17.460373458928316,0.9964488049404123,202.66628862782534,200.27885560978788,717.6514973280778,101.33314431391267,-0.16759320653301704,-0.17336485685551192,33.18666114176894,32.954071337396385,42.23998716092915,1.8914704248307133,86.0,,76.95686399326549,74.89110298497941,72.83476335244853,70.02276199533257,115,False
nasa,B0007,117,1.5136482266426952,24.0,2929.125,3.490216477408044,2.0793549048242492,4.200371214024706,1.8877500770150009,1.995116853206629,33.01591345323486,41.6886924602386,24.0993140682898,5.38163506298379,1.537826810352851,10805.547,4.167984383816882,4.214620581299379,0.5392831523920453,2.2579079030077556,25.852136896684545,29.88284075789973,1.5422210583959262,6.322222313350735,0.05487289835073646,0.08114313792394433,dataset,False,2.0,75.68241133213476,24.317588667865238,0.25096576336831333,0.1812472951390177,0.2041903192771889,0.17400950974507026,2.121016309200457,17.5893783919488,0.9971507015682657,204.20411543817818,201.82107666818382,723.0331323910616,102.10205771908909,-0.17437716283814264,-0.1678216661330051,33.19767967305232,32.956775641193055,42.23998716092915,1.889401340866404,86.0,,76.18123986419369,74.6424267316758,72.5677486379478,71.08932523027576,116,False
nasa,B0007,118,1.5136050185229033,24.0,2928.454,3.4905931958620466,2.0585109366080414,4.200965645223048,1.8878121701005246,1.9949523118907793,33.271000362987586,41.988171601182124,24.36377918362768,5.382167848540123,1.5376799163150534,10510.453,4.1674360130407715,4.214627867929713,0.553192092298844,2.257241324478822,25.97324099771749,29.8612751603721,1.5375395695113832,6.304229801068963,0.0568991758337347,0.07887220766486298,dataset,False,2.0,75.68025092614516,24.319749073854837,0.0021604059895992123,0.15136067305799372,0.18411531592350117,0.16946941713541178,2.142454708615007,17.624392417554443,1.0000912801247221,205.74179535449323,203.3586162376952,728.4153002396017,102.87089767724662,-0.1793780321488701,-0.1634120356087725,33.22946844393491,32.9768529949463,42.23998716092915,1.8892069023869869,86.0,,75.67906517794573,74.62071949335129,72.58079631286874,71.62276360312717,117,False
nasa,B0007,119,1.5139470614867965,24.0,2929.375,3.4911419366203664,2.0253107306977376,4.201492773602507,1.8876928991276465,1.994323430810411,33.61966967517867,42.33252236723314,24.74466282559706,5.384801675737266,1.5380472634247557,10202.781,4.166129848167657,4.214638929315727,0.5699179336255679,2.2595809027237586,26.37673825663932,30.190535444314815,1.5368489121601576,6.300596849409311,0.05574285095910161,0.08005685613579032,dataset,False,2.0,75.69735307433983,24.30264692566017,-0.01710214819466671,0.15535843691105383,0.16205526133127648,0.16397995271575155,2.17618204290477,17.587859541636078,1.0007797456569194,207.27984261791798,204.89546514985537,733.800101915339,103.63992130895899,-0.1612939896481464,-0.16064785211493962,33.26861431908015,33.01774601210991,42.33252236723314,1.8883845164100002,86.0,,75.38925374923957,74.37413882690404,72.34080666086842,,118,False
nasa,B0007,120,1.5339599193158786,24.0,2946.031,3.49283645226053,2.0069579017420067,4.192768207316796,1.9010239453576763,1.9935581248677674,33.29697162630193,41.63553796804361,24.95875411585554,5.456855397343847,1.5580488439366298,10140.858999999997,4.165590685660384,4.2146547086355275,0.5734301684938365,2.257798765752091,26.649421931226808,30.51470759808182,1.5369337918973969,6.300110335712662,0.05446434802277253,0.07791983537472322,dataset,False,2.0,76.69799596579394,23.302004034206064,-1.0006428914541061,0.05317048047206043,0.11290064914263155,0.13924610828073838,2.185810305574789,16.676783852188066,1.013738426567592,208.8378914618546,206.43239894175275,739.2569573126829,104.4189457309273,-0.07121387830490851,-0.14781274180701198,33.26217722265871,33.04868491939864,42.33252236723314,1.8895460469207646,86.0,,75.15980338018666,74.12675743202055,72.33785303884392,,119,False
nasa,B0007,121,1.5391372798653098,24.0,2955.438,3.5025157522808223,2.19792648712031,4.204602036514753,1.8951387117061618,2.002748484975491,33.393130865360554,41.470498076928735,24.95211336056763,5.471447192534329,1.5578950737028456,10340.672,4.165235787565802,4.214695718376011,0.5722185834012944,2.2577325249929077,26.383044651599388,30.118986881967757,1.5640622102356598,6.409383176344137,0.05446434802277253,0.07791983537472322,dataset,False,2.0,76.95686399326549,23.043136006734514,-0.25886802747155,-0.024143038447110143,0.09242885286701608,0.12829944096008916,2.0066755493944433,16.518384716361105,0.9960569749128553,210.39578653555745,207.9964611519884,744.7284045052172,105.19789326777872,0.00514673653992314,-0.13294618294079005,33.28905862970795,33.0812810006238,42.33252236723314,1.8901667228420016,86.0,,74.89110298497941,74.13937161114492,72.06898740723396,,120,False
nasa,B0007,122,1.5236247972838737,24.0,2937.625,3.492953565598811,2.0299415196572554,4.200995491738166,1.8941605693797292,1.9944619397860412,33.13820710362847,41.54038193238441,24.59206034022774,5.421260505402817,1.5477669619589283,10700.062999999995,4.165908079107956,4.214668177679377,0.5497762640282507,2.2569767043713065,26.395185471876317,30.279995940987064,1.5562051520604723,6.374228922936072,0.05604258367132115,0.07991327205972212,dataset,False,2.0,76.18123986419369,23.818760135806315,0.7756241290718009,0.025677985059873266,0.11269783488072789,0.13864146578287886,2.171053972080911,16.948321592156674,0.9945777135550724,211.94355349751638,209.55266630404887,750.1496650106201,105.97177674875819,0.017779892205301035,-0.12615074926738784,33.30372398074418,33.101717965369,42.33252236723314,1.890731486378121,86.0,,74.6424267316758,73.84855898875296,71.8122812610409,,121,False
nasa,B0007,123,1.5135813035589147,24.0,2929.078,3.4917462636517236,2.1171503915767786,4.201036137691208,1.8875176184156874,1.993640903324712,32.84069778843796,41.13947017697289,24.21295183077047,5.383917083795636,1.5377046718625509,10628.938,4.166720223625047,4.214593660188518,0.5502799554341739,2.255662068284336,25.994181141235586,29.884417292240713,1.5474107703473634,6.341510323231785,0.05719697967170129,0.08185319457580625,dataset,False,2.0,75.67906517794573,24.32093482205427,0.5021746862479546,0.07672360679534904,0.12327448593778456,0.14384300301739159,2.0838857461144293,16.92651834620242,0.993727522988202,213.48125816937892,211.10007707439624,755.5335820944157,106.74062908468946,0.006686286459409377,-0.12420109227909014,33.26461057113551,33.10926124840407,42.33252236723314,1.8906004393281333,86.0,,74.62071949335129,74.09507777068637,71.84077076962414,,122,False
nasa,B0007,124,1.5077850749847914,24.0,2918.375,3.490432264232956,2.1309899052747716,4.200762329918291,1.8871483333452153,1.994011319738722,32.75739655594484,41.09041922644824,24.083470327760516,5.3610987462604935,1.5318259006586357,10807.109,4.168345111839039,4.214655341587215,0.5377470175952029,2.2568773718044937,25.74488779237481,29.63090988603296,1.5382420486947261,6.306709913924635,0.05533954029001459,0.08086669055606474,dataset,False,2.0,75.38925374923957,24.610746250760428,0.28981142870615884,0.10653287574165801,0.12402681932815313,0.14475360994394265,2.0697724246435194,17.006948898687725,0.9958289086938334,215.01308407003756,212.63831912309095,760.8946808406762,107.50654203501878,-0.010363300220556372,-0.12526598545797693,33.18936898752055,33.11365012808375,42.33252236723314,1.8904341817631767,86.0,,74.37413882690404,74.90683099437412,71.81472572930024,,123,False
nasa,B0007,125,1.5031960676037333,24.0,2919.812,3.488861416967918,2.1294318317485654,4.201013677167557,1.8807767614744106,1.9944414808648834,32.77234087259374,41.10034021580957,24.06336388722212,5.343310353999166,1.5272466448571733,10722.515,4.168592130149556,4.214784966178019,0.5397795947368633,2.2582502812523337,25.71873647224021,29.598129752060995,1.5319835314318733,6.282496610545275,0.057050602535577005,0.08153840356165401,dataset,False,2.0,75.15980338018666,24.84019661981334,0.2294503690529126,0.10354932431195749,0.13412093998260502,0.1440213951535989,2.071581845418992,17.036976328587446,0.9969080042457946,216.54033071489474,214.17030265452283,766.2379911946754,108.27016535744737,-0.044301011285322336,-0.12583472442949756,33.12836278971314,33.11656824606337,42.33252236723314,1.8896950498849125,86.0,,74.12675743202055,74.10387607196436,72.09287657939008,,124,False
nasa,B0007,126,1.4978220596995881,24.0,2900.422,3.4891932104785104,2.164511453629433,4.200439147859412,1.8864406837331464,1.9927344450972762,32.720417557744895,41.03075447325996,24.014672446811392,5.324161013608342,1.5219102875481252,10772.969,4.169233311039406,4.214636124334508,0.5347641011634837,2.261216960162669,25.673994611790967,29.564284108505642,1.5272564306549814,6.264230301169947,0.0577616170406075,0.0820660023586674,dataset,False,2.0,74.89110298497941,25.108897015020588,0.2687003952072473,0.1042274110523664,0.13485562841969967,0.1385916213902189,2.035927694229979,17.01608202644857,0.9964995118046002,218.06224100244287,215.6975590851778,771.5621522082837,109.03112050122144,-0.09780497614682061,-0.12880785773836897,33.08257458614135,33.11640187776785,42.33252236723314,1.88954617696552,86.0,,74.13937161114492,73.85577656406076,73.36031742390898,,125,False
nasa,B0007,127,1.492848534633516,24.0,2901.375,3.4878785713375917,2.1743012710834013,4.200264786461796,1.8800416304859324,1.9942563048805741,32.710022803073514,40.99688397371006,23.987947203431663,5.305115004388002,1.5169244670285524,10745.718999999997,4.169409262891975,4.21459392347149,0.5346296164163783,2.2525444182563477,25.676415041989998,29.569686993063936,1.5218526204088783,6.242983877289834,0.057585488535843915,0.08293347770359485,dataset,False,2.0,74.6424267316758,25.357573268324202,0.2486762533036142,0.10399846004589648,0.13357079785526252,0.14340689657133368,2.0259635153783946,17.0089367702784,0.9967617407137612,219.57916546947143,217.21941170558668,776.8672672126717,109.78958273473572,-0.16897052558854023,-0.13429105685919743,33.05198552112522,33.116629177793605,42.33252236723314,1.888775332312613,86.0,,73.84855898875296,73.60386391528245,72.59320183924443,,126,False
nasa,B0007,128,1.492414389867026,24.0,2901.187,3.486430546073901,2.1928976284966537,4.200151660684939,1.873350316923088,1.9933001058929758,32.62076759783716,40.88481342461614,23.86413247301575,5.282982492286843,1.5112029165659036,10807.094,4.169972718454648,4.214655620893534,0.5298773632736826,2.2559007086342158,25.56512774573633,29.477071860791316,1.5173148401993501,6.225569745376881,0.05670666348649182,0.08268806521788226,dataset,False,2.0,74.62071949335129,25.379280506648712,0.021707238324509603,0.10595314327938751,0.14513532694436948,0.14870478935135822,2.007254032188285,17.02068095160039,0.9959718817271678,221.09036838603734,218.73672654578604,782.1502497049585,110.54518419301867,-0.22885825933261014,-0.13473190140907956,32.986962244610176,33.111839096800054,42.33252236723314,1.8873291469948694,86.0,,74.09507777068637,73.6124006828227,72.35689876374249,,127,False
nasa,B0007,129,1.487482776538081,24.0,2891.64,3.4812572775226682,2.0298495899147295,4.200453152662228,1.8797045920181357,1.994355063355133,32.57651826255201,41.09400879501426,23.796556329674626,5.2768323677167315,1.5116035043189853,10113.641,4.168125294398354,4.214617519145497,0.5652761973459737,2.2589460744649728,25.559920462706533,29.374914905673503,1.5113667766650312,6.202646168952299,0.05871571908588068,0.08294174003043774,dataset,False,2.0,74.37413882690404,25.625861173095956,0.24658066644724386,0.13232142474357858,0.17499344660837834,0.14408730242761578,2.1706035627474987,17.297452465339635,1.0001566315057397,222.60197189035634,220.24809332245107,787.4270820726751,111.30098594517817,-0.2882128991512104,-0.12965908795647657,32.88264710334751,33.07941469724619,42.33252236723314,1.8865303162839182,86.0,,74.90683099437412,73.35053336137332,72.08952932811995,,128,False
nasa,B0007,130,1.482535148640411,24.0,2882.906,3.4823550791204023,2.0959492247836815,4.200291122451955,1.8790771964585375,1.9927610429233324,32.58396494906228,41.01377835587309,23.788802856443375,5.260753321907949,1.506611859399193,10585.812,4.170055075501605,4.214819217519119,0.5387042891872431,2.258542844329382,25.488875323515025,29.358312360503618,1.5122919946326507,6.207167352858012,0.057109751399146834,0.08239034528661737,dataset,False,2.0,74.12675743202055,25.873242567979446,0.2473813948834902,0.25712385337733823,0.16549193647526977,0.13867813434682488,2.1043418976682737,17.224975499429718,0.9962440221507373,224.10858374975552,221.76038531708372,792.6878353945831,112.05429187487776,-0.27831258292789257,-0.12835372796551772,32.81134643562355,33.051948201411754,42.33252236723314,1.8843356413940042,86.0,,74.10387607196436,73.08836247667689,71.58154739555555,,129,False
nasa,B0007,131,1.4827874322228984,24.0,2883.265,3.4835074286280525,2.177723491219515,4.199877643371451,1.8728827201349676,1.9944391195904978,32.623742674615976,40.90635248178393,23.82871891762843,5.2446010409404655,1.5015197498525221,10806.562,4.170980328996168,4.214598142669415,0.5262918902096787,2.258716490308573,25.487686966812053,29.383571730227782,1.5073075529557292,6.187393653509599,0.05701776890792207,0.0816566640960627,dataset,False,2.0,74.13937161114492,25.860628388855076,-0.012614179124369684,0.2817492382120562,0.15393613049445493,0.1336398892533137,2.022154152151936,17.077633564155498,0.996160171099881,225.61010349960804,223.26769287003944,797.9324364355235,112.80505174980402,-0.2192998243903139,-0.12651220186207726,32.73440761654908,33.03229494264975,42.33252236723314,1.882110042236885,86.0,,73.85577656406076,72.83476335244853,71.59042124836843,,130,False
nasa,B0007,132,1.476971179775059,24.0,2882.969,3.478976541530706,2.056251340337525,4.200436806124781,1.8726821517266898,1.994379463643991,32.58599202496769,41.06596192416311,23.743478109305848,5.236702371876375,1.5010235281640598,10805.281000000003,4.171423760789058,4.2146348248502346,0.5246829333521439,2.2564909012037067,25.448935623731767,29.380641256719517,1.5025908032417246,6.169033981583698,0.05771468674207234,0.08397428323884612,dataset,False,2.0,73.84855898875296,26.151441011247044,0.29081262239196803,0.23326808754407297,0.14585301179087934,0.13885233038686182,2.144185465787256,17.322483814857264,0.9989569515038402,227.1111270277721,224.77028367328117,803.1691388073999,113.55556351388606,-0.19370642498653967,-0.12932369566333,32.679186108683005,33.01950549803242,42.33252236723314,1.879962200471581,86.0,,73.60386391528245,72.5677486379478,71.31281292553435,,131,False
nasa,B0007,133,1.4819015554137276,24.0,2891.656,3.483501191305966,2.1512510632923165,4.193077426787744,1.872769806970048,1.992644974954703,32.864544723781215,40.84520330629611,24.457169523678328,5.2615001542053506,1.5060077366690552,10733.391,4.1713108733450905,4.214579375370762,0.5276088601879512,2.257969068065784,25.401218153058803,29.307071169348962,1.5007140603920082,6.162063483066971,0.0568683507839505,0.08373541370295104,dataset,False,2.0,74.09507777068637,25.904922229313627,-0.24651878193341759,0.15839874072593574,0.12395119544154909,0.1348226248841627,2.041826363495428,16.388033782617786,1.0035274383153738,228.61713476444118,226.27099773367317,808.4306389616053,114.30856738222059,-0.1598699392824244,-0.13006503213413922,32.68157080221733,33.0159627808172,42.33252236723314,1.8784874193270173,86.0,,73.6124006828227,72.58079631286874,71.30438764462457,,132,False
nasa,B0007,134,1.4981366198874824,24.0,2901.25,3.4899701994096612,2.1693699073642034,4.203372086437543,1.8800526095621806,1.9933389783603288,33.079651096902374,41.12807910254104,24.575871874910508,5.309128082147545,1.5168693575881576,10805.547,4.1721850943029075,4.214632397666789,0.5282582470319744,2.2578025360471528,25.892291164391303,29.669057228550887,1.5117692037748494,6.2102853499582285,0.0568683507839505,0.08373541370295104,dataset,False,2.0,74.90683099437412,25.09316900562588,-0.8117532236877452,0.04824227548654534,0.09376425796305,0.11272896648552035,2.03400217907334,16.55220722763053,1.00337363256281,230.13400412202932,227.78276693744803,813.7397670437529,115.06700206101466,-0.0818769195665503,-0.1203587872220865,32.71379625631309,33.01002038774424,42.33252236723314,1.8777778469487134,86.0,,73.35053336137332,72.34080666086842,71.06316755015847,,133,False
nasa,B0007,135,1.4820775214392872,24.0,2891.703,3.484801138956006,2.116759239247948,4.202065190134895,1.8730803637891618,1.9933817364068822,32.932141650182686,41.094988453128494,24.328512035193278,5.264024064665989,1.506127965354888,10751.266000000003,4.168170344859338,4.214691285585271,0.5328139987506353,2.255855489249506,26.195166662980835,30.05088773324804,1.5170180620333407,6.21759356364055,0.0568683507839505,0.08373541370295104,dataset,False,2.0,74.10387607196436,25.896123928035635,0.8029549224097536,0.10559273082222945,0.125032987942007,0.11858281599165026,2.0853059508869465,16.766476417935216,0.9928213796849221,231.64013208738422,229.29978499948137,819.0037911084189,115.82006604369211,-0.05713058379939958,-0.11647364182388625,32.729776334071985,32.992852350130896,42.33252236723314,1.8770082071801888,86.0,,73.08836247667689,72.33785303884392,70.81636374397554,,134,False
nasa,B0007,136,1.4771155312812152,24.0,2883.016,3.47835437960934,2.009424225590032,4.200086642861885,1.872593579883026,1.9932411647857315,32.755748003791545,41.11877573165318,24.080433038145774,5.237249791138279,1.5012385247553297,10805.625,4.170885773793107,4.2146912830068315,0.5265143382382552,2.255906181220569,25.775432615050974,29.64944323132459,1.5069321686106878,6.185241126547968,0.0546567857524269,0.08196905646669346,dataset,False,2.0,73.85577656406076,26.14422343593924,0.24809950790360347,0.10353264209186505,0.11438628178934493,0.11880191741935107,2.190662417271853,17.038342693507406,0.996221698644467,233.14137061213955,230.80671716809206,824.2410408995572,116.57068530606978,-0.051031189256289744,-0.11761683680926592,32.733309378676644,32.97810959848783,42.33252236723314,1.875623496795177,86.0,,72.83476335244853,72.06898740723396,70.82890914587998,,135,False
nasa,B0007,137,1.4720772783056488,24.0,2873.453,3.475694933923807,2.0034792344341588,4.199758658258613,1.8724797349992206,1.995591810750265,32.52965474617847,40.980034990626955,23.77234297368613,5.215196688731701,1.4961803118983437,10806.672,4.171489343593048,4.2145829400294605,0.5245455697477127,2.2522363111364445,25.502094661985332,29.390818858325176,1.5022223944515616,6.167999906385611,0.05855396288691582,0.0817127037862085,dataset,False,2.0,73.60386391528245,26.396136084717554,0.25191264877831543,0.10385628163933518,0.11336623198039888,0.1241406736405753,2.1962794238244543,17.207692016940825,0.9959779040869486,234.6375509240379,232.30893956254363,829.4562375882889,117.31877546201895,-0.06270149037080158,-0.12165978207359364,32.71527257298714,32.959633644604324,42.33252236723314,1.8748673072465052,86.0,,72.5677486379478,71.8122812610409,70.54200864712588,,136,False
nasa,B0007,138,1.472248013656454,24.0,2874.031,3.481431873453954,2.172988732474185,4.199843161074874,1.865968723158606,1.9935321227601952,32.848065199041,41.017509953482886,24.130003633195166,5.2056982980811926,1.49101112606186,10502.453,4.1709391437180825,4.2146670379589235,0.5380389552304216,2.258114717902984,25.633883413252562,29.386940749297114,1.4969311043683926,6.147383483489175,0.058279853382820955,0.08282201995515953,dataset,False,2.0,73.6124006828227,26.387599317177305,-0.008536767540249457,0.10083188105285927,0.11335602252306103,0.12355849780694342,2.026854428600689,16.88750632028772,0.9960452566659502,236.12856205009976,233.80587066691203,834.6619358863701,118.06428102504988,-0.06276465864241033,-0.12336099124993617,32.738002333107524,32.94428297718498,42.33252236723314,1.8741291478700575,86.0,,72.58079631286874,71.84077076962414,70.54974814173902,,137,False
nasa,B0007,139,1.4670106672274665,24.0,2874.234,3.4796060336232353,2.087464676179042,4.200352076636086,1.8658199135269655,1.9930538887372675,33.072327061961936,41.299420742573055,24.398489581288885,5.2042396475068236,1.4911721882360118,10689.219,4.1715299959864875,4.2147482589232705,0.5268201075758294,2.2562328997373022,25.938494846858667,29.732600284223718,1.4926371349983312,6.129052339584661,0.06554333401316845,0.08712630369162297,dataset,False,2.0,73.35053336137332,26.649466638626677,0.2618673214493725,0.10236054655307214,0.12416196581131317,0.12364011492060399,2.1128874004570437,16.90093116128417,0.9990185513089751,237.61973423833578,235.29850780191035,839.8661755338769,118.80986711916789,-0.08132816390133615,-0.12521670112202807,32.787583213048514,32.92678356397968,42.33252236723314,1.87274068002094,86.0,,72.34080666086842,71.81472572930024,70.30857145199401,,138,False
nasa,B0007,140,1.4617672495335379,24.0,2864.984,3.4782258967329596,2.110564313669325,4.200169604165679,1.8654929805746867,1.996737767854495,32.85096451719535,41.105738037939375,24.15787591865575,5.183086991629311,1.4858666965307439,10436.453999999998,4.170738157771229,4.214695275380121,0.5398676579617498,2.256373893963063,25.940545343617295,29.774982060233484,1.491748930463982,6.125610253718194,0.06343709105065118,0.08961239735080084,dataset,False,2.0,73.08836247667689,26.911637523323108,0.262170884696431,0.10383949553436622,0.1242773658651737,0.22705386665201274,2.0896052904963542,16.947862119283624,0.9960568204118582,239.10560093486652,236.79025673237433,845.0492625255063,119.55280046743326,-0.11827665325070523,-0.12969757865152298,32.814283169861824,32.90552603064078,42.33252236723314,1.8713822584325555,86.0,,72.33785303884392,72.09287657939008,70.31679239846461,,139,False
nasa,B0007,141,1.4566952670489708,24.0,2855.093,3.4743233868367187,2.0724687293779813,4.199911577879335,1.8651572711615223,1.9940890874950365,32.572302329954546,40.87704013237699,23.833084099928946,5.159398601553586,1.4807852636482064,10193.25,4.170530612676785,4.214624712705536,0.5506546287914637,2.2571590453370423,25.680165940793994,29.490551964069194,1.4856632066578241,6.102473630824328,0.064090710272644,0.08923128682926011,dataset,False,2.0,72.83476335244853,27.165236647551467,0.2535991242283586,0.13046082586963906,0.1239445497221817,0.1692985609243496,2.1274428485013535,17.043956032448044,0.9967166562463432,240.58638619851473,238.27591993903215,850.2086611270598,120.29319309925737,-0.15563027130917403,-0.13674861710836517,32.80913913539568,32.88128614010045,42.33252236723314,1.8706097135352109,86.0,,72.06898740723396,73.36031742390898,70.02276199533257,,140,False
nasa,B0007,142,1.451354972758956,24.0,2855.625,3.4737305453330443,2.1253826973270513,4.199564012073342,1.8585270477249944,1.9932272893446619,32.450684441760906,40.730219862268235,23.613836363374315,5.139631324826036,1.475463006381773,10733.703,4.172971180189329,4.214658540157633,0.5207747203778949,2.257554114506629,25.300800520190858,29.190163881380066,1.482018102107702,6.089690845583161,0.0649449108692077,0.0882787478820197,dataset,False,2.0,72.5677486379478,27.4322513620522,0.267014714500732,0.12808103508051544,0.12458650776747845,0.1643884135223337,2.0741813147462906,17.11638349889392,0.9955769125109833,242.0618492048965,239.75793804113985,855.3482924518859,121.03092460244825,-0.2111224030611262,-0.1463905153765483,32.795608377075,32.858676979641494,42.33252236723314,1.869194203135041,86.0,,71.8122812610409,72.59320183924443,71.08932523027576,,141,False
nasa,B0007,143,1.451615926257375,24.0,2855.594,3.47481272321405,2.1147331324879475,4.199951033620322,1.8589284752853454,1.9966895581151058,32.7394359440147,41.03226257370644,23.88537512458738,5.142634517149567,1.4757262879778916,10647.812,4.173136529821085,4.214670640009291,0.5229904879916255,2.255133153543163,25.391998291850797,29.208672053167405,1.4763114642372095,6.067139363587177,0.06309122315038551,0.09066468210852158,dataset,False,2.0,72.58079631286874,27.419203687131258,-0.013047674920940722,0.15142814578176314,0.12397818453105686,0.154046750227279,2.0852179011323746,17.14688744911906,0.9996036227628834,243.5375754928744,241.23424950537705,860.4909269690354,121.7687877464372,-0.23394328404237533,-0.1535376832482901,32.78309749909835,32.83741440288258,42.33252236723314,1.867810069966571,86.0,,71.84077076962414,72.35689876374249,71.62276360312717,,142,False
nasa,B0007,144,1.4468161332173683,24.0,2847.437,3.476096426841386,2.1738445330859366,4.19995987158867,1.8582313740431637,1.9930274022141452,32.775898242252914,40.89527781087817,24.02342893757079,5.127232456586971,1.4709153790366938,10621.235,4.172745325894311,4.21472448455011,0.5244719662400338,2.256906167617702,25.6831340414972,29.453610291006044,1.4759524471698953,6.064859165546712,0.0635675339735441,0.09036756488030863,dataset,False,2.0,72.34080666086842,27.659193339131576,0.2399896520003182,0.2566024333505695,0.13426185653885625,0.14815855893506635,2.0261153385027337,16.87184887330738,0.9965872422632179,245.00849087191108,242.71020195254695,865.6181594256224,122.50424543595554,-0.19738270133757677,-0.16034492287710622,32.752722213633405,32.80366354556555,41.63553796804361,1.8656279464146692,86.0,,71.81472572930024,72.08952932811995,,,143,False
nasa,B0007,145,1.4467570607768785,24.0,2847.36,3.4686822529487804,1.9947266977360072,4.200414702164272,1.8581243414426252,1.9935942445664658,32.5817324044051,41.02491521192672,23.75894434400727,5.1170683794272405,1.4709004549454583,9969.577999999994,4.171047565221992,4.214610406565265,0.5573979721422441,2.257868026922765,25.622119348419083,29.4002159239623,1.4712476339997653,6.046343518345375,0.06354297240865986,0.08993700983227765,dataset,False,2.0,72.33785303884392,27.662146961156083,0.0029536220245063305,0.17660230331204474,0.17440571707800076,0.14365318311031616,2.2056880044282647,17.26597086791945,0.9997640240525906,246.47939132685653,244.1814495865467,870.7352278050496,123.23969566342826,-0.1834102281946916,-0.15459103901509127,32.71768128905565,32.77505397668968,41.54038193238441,1.8641323441800153,86.0,,72.09287657939008,71.58154739555555,,,144,False
nasa,B0007,146,1.4413797481446793,24.0,2837.328,3.4661964701943586,2.0033802121225017,4.199552965128597,1.8577436806402121,1.9943703142615519,32.35021153014993,40.815968345794715,23.458006651239486,5.093883026809433,1.4654719834406276,10501.094,4.1731997912013625,4.214597262406814,0.5287297443368185,2.258617736872377,25.24459175658463,29.113406673153683,1.4710418868762634,6.047264566394127,0.06362757826786986,0.09244959245559134,dataset,False,2.0,72.06898740723396,27.931012592766038,0.26886563160995536,0.17867891568267993,0.19551506344126096,0.14397195815413852,2.1961727530060955,17.35796169455523,0.9962136336936922,247.94486331029717,245.65249147342297,875.829110831859,123.97243165514858,-0.17923678053780384,-0.14537635538018331,32.677127641691484,32.73333720328125,41.54038193238441,1.8626473542557342,86.0,,73.36031742390898,71.59042124836843,,,145,False
nasa,B0007,147,1.4362456252208178,24.0,2837.281,3.468183423895935,2.116470909151213,4.199706970400125,1.851279547247487,1.9938361784378094,32.28754240914786,40.65138669632271,23.312450683066256,5.078538544844806,1.4603426985699886,10570.735,4.174045930624699,4.214627427143576,0.5235454598465605,2.2593509787883517,25.02365948571139,28.907801618466582,1.4666904158354352,6.03117061690935,0.06590148740383334,0.09003267092142803,dataset,False,2.0,71.8122812610409,28.187718738959106,0.25670614619306775,0.17915826542415517,0.17475834412611163,0.14372808950341975,2.0832360612489116,17.338936013256454,0.9956720810357031,249.40520600886717,247.1191818892584,880.9076493767038,124.70260300443358,-0.1842016125090732,-0.14252760316544236,32.65291640798843,32.69931061550202,41.299420742573055,1.8605273354805612,86.0,,72.59320183924443,71.31281292553435,,,146,False
nasa,B0007,148,1.4368154153924828,24.0,2838.515,3.4678606629897453,2.051877342511651,4.199300346769649,1.8514568747110707,1.9942060517882434,32.603239183227075,40.965385542419945,23.67192071435474,5.080807500363934,1.4609352642646058,10804.765,4.174892211293496,4.214620092853143,0.5096381315137228,2.256353178406088,25.179508727208052,28.99403425065165,1.4605094007039348,6.006169610106539,0.06434871776064219,0.09283376873093901,dataset,False,2.0,71.84077076962414,28.159229230375857,-0.028489508583248835,0.17716299131985522,0.1535317763328635,0.13840313113532404,2.1474230042579974,17.293464828065204,1.0002915856347558,250.86614127313177,248.57969128996234,885.9884568770677,125.43307063656589,-0.16532720006411705,-0.14107688034691251,32.62843380640703,32.68981227129358,41.299420742573055,1.8590761506358071,86.0,,72.35689876374249,71.30438764462457,,,147,False
nasa,B0007,149,1.4362945145860047,24.0,2828.328,3.4662499547181245,2.003221375307111,4.200086391757318,1.857456774483957,1.993515247147098,32.61208344144242,41.11319128215138,23.703251528067923,5.076716334479656,1.4603803768481924,10037.5,4.172379158512296,4.214647181101116,0.5498833960666109,2.25840755446194,25.490818359886532,29.23623523004328,1.4609132316484392,6.006930661955177,0.06476902315692028,0.09121990458691583,dataset,False,2.0,71.81472572930024,28.185274270699765,0.026045040323907642,0.15358076320730873,0.14298112079757344,0.1335039700628633,2.196865016450207,17.409939754083453,0.999635259104577,252.32652164997995,250.0406045216108,891.0651732115474,126.16326082498998,-0.14385694563408039,-0.13981215341203201,32.582409444355086,32.683999746713496,41.299420742573055,1.8582398367315065,86.0,,72.08952932811995,71.06316755015847,,,148,False
nasa,B0007,150,1.4418575315878015,24.0,2838.265,3.462469269360201,1.9865974995249178,4.189989265375979,1.8578494984920149,1.99378580594933,32.26742656599958,40.78738321989129,23.32719332912165,5.090821984413498,1.4659478953502343,10555.125,4.173774108358943,4.2146361817942335,0.5209985080196695,2.259097266720638,25.427226509947285,29.260162178612,1.4581701594364371,5.995765678049482,0.06353069093235883,0.09116725503746168,dataset,False,2.0,72.09287657939008,27.90712342060992,-0.27815085008984397,0.09954858972868123,0.12267707203186319,0.1283990060072341,2.2033917658510607,17.46018989076964,1.0053339014404212,253.7924695453302,251.49877468104722,896.1559951959609,126.8962347726651,-0.10607703554772245,-0.13552474692074398,32.52405564923551,32.663803174449725,41.299420742573055,1.8574754885232392,86.0,,71.58154739555555,70.81636374397554,,,149,False
nasa,B0007,151,1.4672063484781797,24.0,2864.547,3.480518309485383,2.1908121182442706,4.202670619155847,1.8658667712731958,1.9962132509416517,32.637733704417855,40.73001188190229,23.97791363088396,5.187700169643942,1.4860167165609204,10807.328,4.176667622988601,4.214834925217452,0.5125034381539766,2.2567865372680984,25.255921086783268,28.954663869279074,1.4687572940491154,6.047425203865192,0.06422481176747886,0.087404820535234,dataset,False,2.0,73.36031742390898,26.63968257609102,-1.2674408445189016,-0.052555407146044786,0.061231422442817235,0.09804352543125844,2.0118585009115764,16.75209825101833,1.0117510378207033,255.27848626189112,252.96753197509634,901.3436953656048,127.63924313094556,-0.004004101044806935,-0.11986571596997317,32.530598786681836,32.66049582031665,41.299420742573055,1.8575464385344067,86.0,,71.59042124836843,70.82890914587998,,,150,False
nasa,B0007,152,1.4518640367848885,24.0,2846.39,3.4723137993738336,2.033261415031626,4.199186500777735,1.864786682052692,1.993458887321793,32.665258715232376,40.990354594470126,23.91927093515108,5.140778806030942,1.475938768183551,10790.062999999995,4.1723894854090275,4.2148256201936745,0.5204085129405606,2.2549548700674427,25.59348621208872,29.42943562413917,1.488296893728128,6.113015592300703,0.06643642479689273,0.08671624569408547,dataset,False,2.0,72.59320183924443,27.40679816075557,0.7671155846645519,-0.002545320129662798,0.08196899569725474,0.10776989677625863,2.165925085746109,17.071083659319047,0.9916964648675571,256.7544250300747,254.45582886882445,906.4844741716358,128.37721251503734,0.032054831855624216,-0.11259698713293206,32.55205621402898,32.658705256802996,41.299420742573055,1.8581724019671764,86.0,,71.31281292553435,70.54200864712588,,,151,False
nasa,B0007,153,1.4471379752748499,24.0,2837.969,3.474362108592906,2.19135439601875,4.199638763972608,1.857949982623541,1.9936626344417874,32.502652632323915,40.62521315513875,23.750323116940578,5.10765999483182,1.4659798857980386,10574.641,4.172439615550392,4.2146713937986995,0.5270304340569779,2.25880994914598,25.51897802342435,29.365754863674997,1.4768988547766542,6.067915973582999,0.06329811599005293,0.0883740485896972,dataset,False,2.0,72.35689876374249,27.643101236257507,0.23630307550193663,0.02238975491262494,0.09055282918435183,0.11784407806436065,2.0082843679538582,16.874890038198174,0.9926068268363125,258.22040491587273,255.93272772360112,911.5921341664676,129.11020245793637,0.05578582743496243,-0.10615026299728562,32.52837788285991,32.65398065818247,41.299420742573055,1.8580745527009959,86.0,,71.30438764462457,70.54974814173902,,,152,False
nasa,B0007,154,1.441790586562399,24.0,2838.156,3.4722823212388754,2.1840705012733683,4.200028390360542,1.8512445938350375,1.9935668796843673,32.446842086875606,40.58944296824891,23.628172831563695,5.085841638676288,1.4605685998191131,10074.109,4.171666582599625,4.2146109514153425,0.5498346697021812,2.2584783582795844,25.42437424452934,29.18156159876141,1.4657708935138647,6.024466219226923,0.06145601214896925,0.08889557028653669,dataset,False,2.0,72.08952932811995,27.91047067188005,0.2673694356225411,0.02512773327484723,0.09138437995136371,0.13318891327987104,2.0159578890871734,16.961270136685215,0.9964508138906483,259.68097351569185,257.39849861711497,916.6779758051439,129.84048675784592,0.05164763516973305,-0.10289597052446493,32.49547226732217,32.64879361115541,41.299420742573055,1.8573758746801832,86.0,,71.06316755015847,70.30857145199401,,,153,False
nasa,B0007,155,1.431630947911111,24.0,2829.843,3.4701761898320465,2.1664368343684446,4.199347098159206,1.8509121480960298,1.9934697961407999,32.39361892904713,40.584393586876246,23.53981212995311,5.065575565241512,1.4556981949549759,10423.047,4.173308388953154,4.214633074793416,0.5287024415092452,2.255748051528351,25.283850691977545,29.11061940894592,1.4605277304208895,6.004460992923446,0.06382375412452716,0.09017378045499043,dataset,False,2.0,71.58154739555555,28.418452604444454,0.5079819325644053,0.07563056432883712,0.10180840145860032,0.13365016896693505,2.032910263790761,17.044581456923137,0.9966932942351449,261.1366717106468,258.85902634753586,921.7435513703854,130.5683358553234,0.022650215208424494,-0.10504716407124123,32.476660919786376,32.6411797703548,41.299420742573055,1.8566546553455239,86.0,,70.81636374397554,70.31679239846461,,,154,False
nasa,B0007,156,1.4318084249673686,24.0,2829.625,3.4635011119445216,1.987193667465448,4.199148920577739,1.850858274670624,1.9934414275491175,32.417221778010834,40.884444140401214,23.49802323358846,5.057915257246365,1.4559679028525339,10534.046,4.174003023265578,4.21461935257323,0.5212828790906704,2.2584636147375927,25.219518229828754,29.06555232624057,1.4560067086482285,5.986976930710811,0.06454679946231442,0.09024797990776603,dataset,False,2.0,71.59042124836843,28.40957875163157,-0.008873852812882888,0.0478566158865533,0.10195801451105979,0.12794707250275736,2.211955253112291,17.386420906812756,0.9999733477905945,262.59263961349933,260.31503305618406,926.8014666276317,131.29631980674966,-0.014620210727523057,-0.1050324494650644,32.483361944572465,32.6329189344906,41.299420742573055,1.8559661147485653,86.0,,70.82890914587998,70.02276199533257,,,155,False
nasa,B0007,157,1.4262562585106868,24.0,2819.437,3.467453100453348,2.1314172797434523,4.199648027535327,1.850448167143934,1.9940355259074865,32.40094040453025,40.65159637790841,23.52742809133315,5.042934270979153,1.450331183172271,10266.812000000005,4.173398722303291,4.214701956762942,0.5355501467588956,2.256396613983185,25.266231486558603,29.04585339751556,1.456128924808629,5.988058363983459,0.06249691986052604,0.09115545784670619,dataset,False,2.0,71.31281292553435,28.687187074465655,0.27760832283408376,0.0499468335506549,0.10142984252874442,0.12364142715981188,2.0682307477918744,17.124168286575262,0.9960183871513162,264.0429707966716,261.7711619809927,931.8444008986108,132.0214853983358,-0.07834584997195385,-0.108527668399141,32.494701744110706,32.6255168696731,41.299420742573055,1.8558829767382097,86.0,,70.54200864712588,71.08932523027576,,,156,False
nasa,B0007,158,1.4260877528924913,24.0,2819.579,3.4675864728547845,2.188995882590831,4.1991931757384515,1.8436986954785053,1.9937717858912956,32.36314241861482,40.53138082339522,23.458033825865048,5.02354258517458,1.4448338084328112,10568.109,4.1746908334356565,4.214669612650231,0.5174345913777963,2.25866372505632,25.207190052999604,29.05618290210888,1.4505847512754508,5.966149581988348,0.06334787344507525,0.09172637881195314,dataset,False,2.0,71.30438764462457,28.69561235537543,0.008425280909776234,0.05363831249995741,0.11162760504247217,0.11778940024201062,2.0101972931476206,17.07334699753017,0.9960354313406486,265.48780460510443,263.2217467322682,936.8679434837854,132.74390230255221,-0.13457758777856463,-0.10768489744288304,32.47069206764948,32.60546077746645,41.299420742573055,1.8551071588149532,86.0,,70.54974814173902,71.62276360312717,,,157,False
nasa,B0007,159,1.4212633510031694,24.0,2810.672,3.462182535852444,2.0322464946417114,4.199053572226856,1.8499114068945497,1.9938797141417293,32.382600705235255,40.821433488540606,23.438813900162128,5.018374205329639,1.4453753851880613,10798.344,4.175753535378941,4.214658147798891,0.5043690839504625,2.257828874652089,25.097670267805956,28.98532286604206,1.445573468588619,5.946741744770672,0.06729379539953537,0.08877642239876088,dataset,False,2.0,71.06316755015847,28.936832449841532,0.24122009446610093,0.07515581791417673,0.153746537768626,0.123755397865838,2.166807077585145,17.38261958837848,0.9998629724432124,266.9331799902925,264.6673202008568,941.8863176891151,133.46658999514625,-0.1992015076685633,-0.09880455656323354,32.44774379402876,32.577578761799764,41.299420742573055,1.8543526220560125,86.0,,70.30857145199401,,,,158,False
nasa,B0007,160,1.4163272748795108,24.0,2811.485,3.465962999117946,2.1695130053947387,4.199879744716988,1.8433052525030065,1.9940053249383378,32.4323818014572,40.643362943412974,23.504429518319206,5.00602025669079,1.4404332302510017,10279.047,4.1743362834626305,4.214699356594217,0.5304574455085713,2.2568832291653718,25.242481368878632,29.02814341192068,1.4451689126833736,5.94519828661599,0.06579546046710036,0.08913718734703446,dataset,False,2.0,70.81636374397554,29.183636256024457,0.24680380618292475,0.1276512835414536,0.13150049311955286,0.12826674053077994,2.030366739322249,17.138933425093768,0.996723094172031,268.3736132205435,266.11248911354016,946.8923379458059,134.18680661027176,-0.2496342672335499,-0.09727528969997228,32.464239317574524,32.55758836785074,41.299420742573055,1.8528981974571117,86.0,,70.31679239846461,,,,159,False
nasa,B0007,161,1.4165781829175994,24.0,2802.422,3.4601727514874407,1.9917978280585305,4.1986801794397035,1.8494704084408726,1.9936134940183787,32.48861829940489,40.97063567014205,23.538505739106153,4.999351185861967,1.4407412714460885,10299.39,4.17450274333016,4.214609201644698,0.527348469992008,2.2572880389632104,25.27607020296545,29.06882936597328,1.4391345653725083,5.920876011216986,0.06706903713310808,0.08931746529758988,dataset,False,2.0,70.82890914587998,29.171090854120024,-0.012545401904432651,0.2531408278029005,0.12107469672723141,0.11773048925828818,2.2068823513811733,17.4321299310359,1.0011164390823761,269.8143544919896,267.5516236789127,951.8916891316679,134.9071772459948,-0.1994137929944473,-0.09558235856894659,32.44932777707323,32.546903179675276,41.299420742573055,1.8512585611738792,86.0,,70.02276199533257,,,,160,False
nasa,B0007,162,1.4108401729425177,24.0,2801.625,3.464226115253961,2.1534486462617073,4.199235005181635,1.8426518730090404,1.9932783787552537,32.524062377970175,40.74888323397497,23.59680665310433,4.984342512615656,1.434976426214854,10543.077999999994,4.1753130763360495,4.214693374791232,0.5155712480127072,2.256584666445211,25.27314773582078,29.11731427294074,1.4417868402692842,5.931994497871667,0.06490942889368799,0.09075727480252856,dataset,False,2.0,70.54200864712588,29.457991352874117,0.2869004987540933,0.20511931921185464,0.12247421072626252,0.1179202213533307,2.045786358919928,17.15207658087064,0.9952764071191286,271.24933091820446,268.99341051918196,956.8760316442836,135.62466545910223,-0.18529973914344391,-0.09672850666944843,32.435208143347005,32.54667948494694,41.299420742573055,1.849045080269514,86.0,,71.08932523027576,,,,161,False
nasa,B0007,163,1.4109949628347804,24.0,2802.031,3.458799193390812,2.0101572712330453,4.198950996279868,1.8427340446711198,1.9936687629475545,32.482615965621896,40.93461596721165,23.507102422227057,4.977882562770953,1.4351304036947048,10430.109,4.175376272483667,4.214784840094762,0.519271032127344,2.2565642169956748,25.26421894976394,29.085224991378187,1.436140776351446,5.909690920194294,0.06468467106868281,0.0912602372721357,dataset,False,2.0,70.54974814173902,29.450251858260984,-0.007739494613133502,0.18071506220034764,0.12250610164334716,0.1179310620832041,2.188793725046823,17.427513544984592,0.9992964668412883,272.68446132189916,270.42955129553343,961.8539142070545,136.34223066094958,-0.16165412162437187,-0.09536257232261366,32.433204476676806,32.53206151561018,41.299420742573055,1.8475234864742718,86.0,,71.62276360312717,,,,162,False
nasa,B0007,164,1.4061714290398801,24.0,2793.39,3.4620805499710854,2.132718741006573,4.199393701075195,1.8422546341563226,1.9932378340066106,32.46389583182878,40.74175890345818,23.49103023425758,4.964795253299911,1.4303254115437374,10154.094,4.174846886014505,4.214615943529673,0.5324648175555795,2.2553648076231005,25.247717236760785,29.021049593818244,1.435710507127031,5.908562692038267,0.06476607440681181,0.09331506762885133,dataset,False,2.0,70.30857145199401,29.691428548005987,0.24117668974500361,0.17809578761259387,0.12167847637517241,0.12292022109324278,2.066674960068622,17.250728669200598,0.9962491772843053,274.1147867334429,271.8652618026605,966.8187094603544,137.05739336672144,-0.14708336929041335,-0.09648567098708591,32.43490985117212,32.50772426640486,41.11319128215138,1.8466244905064002,86.0,,,,,,163,False
nasa,B0007,165,1.4063358479692922,24.0,2793.39,3.4578782949034514,2.0114763339798887,4.198994975977764,1.8422801054282008,1.9929534332525367,32.55681404542561,41.00964443691023,23.555518771498985,4.96017483505558,1.4304177760980343,10316.906,4.175435464201437,4.21467109940894,0.5229661152434859,2.2577916800977387,25.27414999815343,29.067548735124177,1.4298702106438401,5.8850061907925735,0.06468646287403104,0.09357177480301318,dataset,False,2.0,70.31679239846461,29.683207601535386,-0.00822094647060112,0.12647549970909325,0.11086280312849112,0.11757008449683241,2.1875186419978756,17.454125665411244,1.0003829476620452,275.5452045095409,273.29513201330434,971.77888429541,137.77260225477045,-0.14434229566992451,-0.09781462213927039,32.451229362809975,32.49595824753406,41.11319128215138,1.8457612862396175,86.0,,,,,,164,False
nasa,B0007,166,1.4004552399066514,24.0,2792.485,3.461590937144894,2.1610456063312298,4.198421699164089,1.8356178787001052,1.9975549047179482,32.576296430484255,40.80558697887537,23.595817643467868,4.944160349782614,1.4245759097122876,10571.39,4.176132306765161,4.214631549235227,0.5099111454108927,2.2600518908021914,25.294181907809836,29.14009489190413,1.4302711426642827,5.88676341518808,0.06492526583837316,0.0913267326241943,dataset,False,2.0,70.02276199533257,29.977238004667427,0.2940304031320409,0.15676592530358563,0.11248005428463842,0.11821230200341006,2.0373760928328593,17.2097693354075,0.9960180746278736,276.9697804192532,274.72540315596865,976.7230446451925,138.4848902096266,-0.14171729024982607,-0.10226171434864083,32.46713682805731,32.496118011555254,41.11319128215138,1.8442372466425656,86.0,,,,,,165,False
nasa,B0007,167,1.4217865046055154,24.0,2802.016,3.462906230864041,2.0143553387267827,4.188887274283021,1.856105838135471,1.9933150584565904,32.81804879809979,40.92586026351328,24.482611948371623,5.022533721006542,1.4458594275701884,9892.375,4.174585399778781,4.214675827038261,0.5432765050650264,2.2572760258661715,25.431335735111634,29.16287926072855,1.4251129626687673,5.866132274539736,0.06242528216023714,0.08981214323944718,dataset,False,2.0,71.08932523027576,28.91067476972424,-1.0665632349431888,0.022348769525858358,0.05913693630688158,0.09186172203718002,2.1745319355562387,16.443248315141656,1.0145577687136953,278.4156398468234,276.1505161186374,981.7455783661991,139.2078199234117,-0.0804213995607268,-0.09737067664422279,32.508847667414265,32.51081258580881,41.11319128215138,1.844803013741719,86.0,,,,,,166,False
nasa,B0007,168,1.4324552720625434,24.0,2820.39,3.4753580425264796,2.1732119934933296,4.2050716026539625,1.8574525637904344,2.0060375207298797,32.92941193334214,40.57390100608222,24.737923198971707,5.076871747570432,1.4565465631206378,10212.234,4.175137102791437,4.214613343848103,0.5366182233101584,2.258102044939049,25.138343976613978,28.656686168389818,1.4509889065428183,5.973103617158125,0.06242528216023714,0.08981214323944718,dataset,False,2.0,71.62276360312717,28.37723639687283,-0.5334383728514069,-0.031837595850259956,0.03832130838966293,0.0811497464603599,2.031859609160633,15.83597780711051,1.0038302543546396,279.87218640994405,277.60150502518024,986.8224501137695,139.93609320497202,0.012118386014265889,-0.0862878668968339,32.565474618886995,32.5184116253819,41.11319128215138,1.8461784005729123,86.0,,,,,,167,False
nasa,B0018,1,1.8550045207910817,24.0,3434.891,3.5275462263272543,2.4721608434600437,4.188195942647034,1.9542109199809996,2.012995081928318,31.773285281389256,38.10180309676608,23.8195202516044,6.605962018502889,1.8683727988907475,8122.844,4.1923731076313056,4.202872264991999,0.36229573343117905,4.034444944556543,24.42229248876264,26.713023146449622,0.7868136847337894,3.2874621287061387,0.06515815158455215,0.09555369570022001,dataset,False,2.0,92.75022603955408,7.249773960445921,,,,,1.71603509918699,14.282282845161685,2.374606384131324,1.8683727988907475,0.7868136847337894,6.605962018502889,0.9341863994453737,,,,,,,45.0,44.0,91.42644423023194,90.60626760127747,86.63848573714978,83.32054637413732,0,True
nasa,B0018,2,1.8431955317089987,24.0,3425.485,3.534835576186522,2.4114381994148304,4.186703558364525,1.9474911909917818,2.012643873951446,31.924891594728642,38.14987995994155,24.314787074430125,6.580582365559429,1.8566425711941408,10804.766,4.1353123326190016,4.2018954565543405,0.6706813354171002,3.326249394558189,25.545536174167466,28.630657651876884,1.8754237752907195,7.622428353734568,0.06269644718508349,0.09161902925465781,dataset,False,2.0,92.15977658544993,7.840223414550067,0.5904494541041458,,,,1.7752653589496945,13.835092885511425,0.9899856211998447,3.725015370084888,2.662237460024509,13.186544384062318,1.862507685042444,,,,,,,45.0,43.0,91.06005947848962,90.23458191058883,86.11156664146188,82.34168087203902,1,True
nasa,B0018,3,1.8396018424355423,24.0,3410.375,3.538246596159443,2.394395968141027,4.188811210133346,1.9520851377838422,2.0118244627327857,31.31691283374216,37.5266914843442,23.74169210144422,6.572161523569824,1.8531673472578591,10806.391000000003,4.13250763071698,4.201918359663014,0.6690929502421815,3.376134513513652,25.446466159720142,28.510311181520592,1.87406262523862,7.602965363221448,0.06137843058604763,0.09188288246238666,dataset,False,2.0,91.98009212177712,8.019907878222881,0.17968446367281388,,,,1.7944152419923185,13.78499938289998,0.9888502776271415,5.578182717342747,4.536300085263129,19.75870590763214,2.7890913586713735,-0.3850669588885013,-0.3850669588885013,31.671696569953355,31.671696569953355,38.14987995994155,1.9512624162522079,45.0,42.0,90.75850053216641,89.54221748931475,85.59231494923645,81.28819964389976,2,True
nasa,B0018,4,1.8306736044962053,24.0,3404.719,3.537697945111872,2.3999481734774424,4.188875360300162,1.946124428336899,2.0135271229076634,30.821190751176527,37.06279237079503,23.227856809949373,6.542093183191507,1.844376925762404,10805.953,4.133445731492554,4.20209280278357,0.6642473873590563,3.4126693627826135,24.873840724794903,27.94743032564124,1.8654100270466563,7.570010252217775,0.06133724861449716,0.09141202809622342,dataset,False,2.0,91.53368022481027,8.466319775189731,0.44641189696685046,0.40551527158127004,0.40551527158127004,0.40551527158127004,1.7889271868227192,13.834935560845658,0.988724676623749,7.422559643105151,6.401710112309785,26.30079909082365,3.7112798215525755,-0.3829321907904321,-0.3829321907904321,31.459070115259145,31.459070115259145,38.14987995994155,1.9499779192733806,45.0,41.0,90.21490260483824,89.1735361420963,84.96339175633435,80.60788705937297,3,True
nasa,B0018,5,1.8327002069419656,24.0,3417.641,3.542667604586918,2.3851461229395867,4.189908817357781,1.941296553298507,2.014479287336525,31.95346971511436,38.2110354381278,24.414641711593454,6.561620264861134,1.8465123553380363,10806.594,4.1374064082813184,4.202264581050834,0.658439108403403,3.494189677345426,25.184745587136256,28.182349581908053,1.8523703487874505,7.531816840751949,0.06143403300566526,0.09201876447685577,dataset,False,2.0,91.63501034709827,8.364989652901727,-0.10133012228800453,0.2788039231139514,0.2788039231139514,0.2788039231139514,1.8047626944181947,13.796393726534347,0.9968375689811442,9.269071998443188,8.254080461097235,32.862419355684786,4.634535999221594,-0.28565277455513355,-0.28565277455513355,31.557950035230185,31.557950035230185,38.2110354381278,1.9482416460784058,45.0,40.0,91.15501151422113,89.04693062655352,84.70183219621553,80.28683411877672,4,True
nasa,B0018,6,1.8285288846046388,24.0,3411.766,3.5451037330477333,2.3716770708389117,4.190509582057232,1.940081322071115,2.01246830059768,32.02311236185272,38.17496505957075,24.695286535085184,6.552347173139051,1.8424204720530513,10804.844,4.126282741083326,4.201938151381219,0.6576326616163736,3.1900654194476274,26.83090280704791,36.186651345077465,1.8602098202567419,7.516656534810764,0.06143403300566526,0.09201876447685577,dataset,False,2.0,91.42644423023194,8.573555769768063,0.20856611686633642,0.2647563618644284,0.2647563618644284,0.2647563618644284,1.8188325112183206,13.479678524485568,0.9904369130783132,11.11149247049624,10.114290281353977,39.41476652882383,5.55574623524812,-0.24684627596092398,-0.24684627596092398,31.635477089667276,31.635477089667276,38.2110354381278,1.946881592077191,45.0,39.0,90.60626760127747,88.5604519836349,84.09513539384044,83.68226574399445,5,False
nasa,B0018,7,1.8212011895697924,24.0,3399.516,3.5475142438631493,2.4964491577040793,4.1903241054041,1.9336087087327076,2.0129654127777004,31.634533158077694,37.64038685475582,24.31366014142129,6.510935282119033,1.8295853175815435,10806.235,4.125914878070091,4.202031413758956,0.6575219104442969,3.1959371431389942,26.612686159872126,36.13935430758997,1.8538404963792696,7.490191051638747,0.06143403300566526,0.09201876447685577,dataset,False,2.0,91.06005947848962,8.93994052151038,0.36638475174231644,0.2816944268440764,0.2816944268440764,0.2816944268440764,1.6938749477000208,13.326726713334526,0.986916253666322,12.941077788077783,11.968130777733247,45.92570181094287,6.470538894038891,-0.24579450601100677,-0.24579450601100677,31.635342242297334,31.635342242297334,38.2110354381278,1.9449854658851218,45.0,38.0,90.23458191058883,88.43151998353538,83.84885309216843,82.02174286174969,6,False
nasa,B0018,8,1.8151700106433282,24.0,3388.75,3.544812433691423,2.4374506721131883,4.190302498850287,1.933297862328721,2.0253396376938984,31.288194921595714,37.37602884738843,23.917267950078497,6.485516195788007,1.8236384283336813,10807.531,4.12773554662663,4.202110790305647,0.6512680866556142,3.2577406267266666,26.181469651247287,35.46420583269735,1.841670604510915,7.445823337225916,0.06143403300566526,0.09201876447685577,dataset,False,2.0,90.75850053216641,9.241499467833592,0.3015589463232118,0.28453221534109574,0.28453221534109574,0.28453221534109574,1.752851826737099,13.458760897309936,0.9902087940519513,14.764716216411465,13.809801382244162,52.41121800673088,7.382358108205732,-0.25000330522455466,-0.25000330522455466,31.591948827209634,31.591948827209634,38.2110354381278,1.9435245154405716,45.0,37.0,89.54221748931475,87.68152400958562,83.27614653239468,80.66326658711039,7,False
nasa,B0018,9,1.8042980520967649,24.0,3380.406,3.5434780274164095,2.4152206992194847,4.188517549229078,1.9326277820604822,2.0164107237206794,31.11122470608501,37.28928029078695,23.654641102277676,6.46432844294817,1.8183564280802216,10807.063,4.128434329208657,4.202314658583246,0.6487373073209779,3.2517094613293422,25.91755929599645,35.219777661310665,1.8348122924414796,7.41952428078658,0.06246407536667202,0.08784495845315991,dataset,False,2.0,90.21490260483824,9.785097395161756,0.5435979273281646,0.31691542933947936,0.31691542933947936,0.31691542933947936,1.7732968500095936,13.634639188509272,0.9910313090722969,16.583072644491686,15.644613674685642,58.87554644967905,8.291536322245843,-0.2715403863311252,-0.2715403863311252,31.538535035973567,31.538535035973567,38.2110354381278,1.9423137672872284,45.0,36.0,89.1735361420963,87.31098708207547,82.85962287916043,79.60482162343139,8,False
nasa,B0018,10,1.8231002302844226,24.0,3404.141,3.543133206790044,2.377432309524995,4.191794143442699,1.9387908075093485,2.0137948590788683,31.13166983979621,37.52377766578506,23.598003231352457,6.529319464894373,1.8372517178195047,10805.891,4.141068906540286,4.20201657959594,0.6468448733660457,3.6103236695156684,24.489490921475447,27.55080800546333,1.828185257139575,7.442793190830711,0.05911226141914418,0.08989822215265768,dataset,False,2.0,91.15501151422113,8.84498848577887,-0.9401089093828858,0.17724605837032767,0.17724605837032767,0.17724605837032767,1.8143618339177041,13.925774434432604,1.0049592680197603,18.42032436231119,17.472798931825217,65.40486591457342,9.210162181155596,-0.21641475694642726,-0.21641475694642726,31.497848516355827,31.497848516355827,38.2110354381278,1.9419614713094404,45.0,35.0,89.04693062655352,86.88323668526868,82.41120777647023,79.33005910349412,9,False
nasa,B0018,11,1.8121253520255494,24.0,3396.141,3.545155146280937,2.3887487262583647,4.190699409462101,1.9319664603010853,2.0130992718348324,31.51305775907457,37.72420412562674,24.126322531318674,6.496434356527787,1.8263312789243658,10806.031,4.127449273791294,4.201840621952644,0.6519394522226023,3.2231431209359425,26.146821020863474,35.44332890427652,1.8482638702145477,7.470677700375099,0.05911226141914418,0.08989822215265768,dataset,False,2.0,90.60626760127747,9.393732398722534,0.5487439129436638,0.21439584382766128,0.21439584382766128,0.21439584382766128,1.8019506832037364,13.597881594308067,0.9881334090636982,20.246655641235556,19.321062802039766,71.9013002711012,10.123327820617778,-0.17786028731419373,-0.20145210255465026,31.47182576412436,31.499231174784803,38.2110354381278,1.9397370253414485,45.0,34.0,88.5604519836349,86.57583367737918,81.93850748993631,79.00383245168126,10,False
nasa,B0018,12,1.8046916382117766,24.0,3384.094,3.545032366549762,2.432289857016922,4.1902633112754275,1.925061300186587,2.012646457499825,31.31102568785445,37.41366095304306,24.009919830527505,6.450869402096179,1.813357299319065,10642.983999999997,4.127805560491026,4.202606356465971,0.6551580022344945,3.253803882663408,26.252986903576208,35.51794239177923,1.8377619271486758,7.429059587684519,0.05911226141914418,0.08989822215265768,dataset,False,2.0,90.23458191058883,9.76541808941117,0.3716856906886363,0.19251946748611032,0.22869492081502266,0.22869492081502266,1.7579734542585057,13.403741122515559,0.9867204628254134,22.06001294055462,21.158824729188442,78.35216967319738,11.03000647027731,-0.1729555045594834,-0.19936724764147143,31.41043917343694,31.483547384207274,38.2110354381278,1.9374940362609294,45.0,33.0,88.43151998353538,85.42974947235301,81.38243453631031,78.20866476644584,11,False
nasa,B0018,13,1.790844349786295,24.0,3370.656,3.5440892170496827,2.497495633221204,4.18970538556629,1.9180531611923362,2.011939908405691,30.893964711700164,36.94724908852665,23.551364638150325,6.400083103443723,1.7994883639256565,10771.188,4.129295381175681,4.202230505968771,0.6453445668660481,3.2977483371204106,25.853699304554265,35.081542638352914,1.825442294764493,7.383408947299474,0.05911226141914418,0.08989822215265768,dataset,False,2.0,89.54221748931475,10.457782510685249,0.6923644212740783,0.24378746324623676,0.2673340458532773,0.2673340458532773,1.6922097523450859,13.395884450376322,0.9857821137850951,23.85950130448028,22.984267023952935,84.7522527766411,11.92975065224014,-0.19445932509049518,-0.21435982457194136,31.368144361232744,31.438194870937497,38.2110354381278,1.9340908386017788,45.0,32.0,87.68152400958562,85.57349785341056,81.107685113626,77.7809136096961,12,False
nasa,B0018,14,1.783470722841926,24.0,3357.797,3.541317108618481,2.478768686108376,4.188354430914051,1.9174273940216064,2.013704827395307,30.540598970902945,36.707091312059944,23.09050168217513,6.368777476901511,1.792170110844733,10794.406,4.131571550845158,4.202035375774965,0.6377505115763566,3.34147442757836,25.419542407670075,34.460585087793035,1.8133533645099194,7.3397672847959035,0.06105488892245489,0.08795484250803035,dataset,False,2.0,89.1735361420963,10.826463857903704,0.36868134721845536,0.23601440827139725,0.2751299921121371,0.2751299921121371,1.7095857448056746,13.616589629884814,0.9883181876848854,25.651671415325012,24.797620388462853,91.12103025354261,12.825835707662506,-0.2362838348740997,-0.228192916432425,31.34008518320538,31.374080878077887,38.2110354381278,1.9312211351702497,45.0,31.0,87.31098708207547,85.37510686636314,80.70033255233793,77.01022639318698,13,False
nasa,B0018,15,1.7809386125310702,24.0,3363.015,3.541197979542517,2.3858494078680206,4.193543208571066,1.918118110064441,2.0130040542547274,30.82566018736547,37.13061214416645,23.303464882146475,6.381690886205913,1.7954094465899864,10808.672,4.141471254743751,4.202278101475768,0.6348269305570264,3.6114842114091554,24.304660185191814,27.33771267675062,1.8060718870032577,7.347857412012334,0.06100929812130678,0.08710663504547878,dataset,False,2.0,89.04693062655352,10.953069373446482,0.12660551554277788,0.2588079720544755,0.2645211009286115,0.2645211009286115,1.8076938007030456,13.827147262019974,0.9940963366463983,27.447080861914998,26.60369227546611,97.50272113974853,13.723540430957499,-0.24965095150187513,-0.2346447411194947,31.22730423043049,31.33751949869706,38.2110354381278,1.928903290846843,45.0,30.0,86.88323668526868,87.46191032180114,83.80258077212311,76.60806507979932,14,False
nasa,B0018,16,1.771209039672698,24.0,3357.734,3.541255460524434,2.372854084449551,4.190238041929225,1.910662175289524,2.0147841532663255,31.451400678644536,37.686600065941576,24.000119916961825,6.350066328397916,1.7857822608417238,10788.828,4.131913945158341,4.202071863838541,0.6349966880172653,3.3254470127618836,25.891404452355065,34.69043264785862,1.8041308229182411,7.302981310720351,0.06100929812130678,0.08710663504547878,dataset,False,2.0,88.5604519836349,11.439548016365094,0.48647864291861254,0.2865992246597031,0.27931827039461155,0.27931827039461155,1.8173839574796742,13.68648014897975,0.989829694253082,29.232863122756722,28.407823098384352,103.85278746814645,14.616431561378361,-0.2720870113460584,-0.24451693047185397,31.17013306210968,31.344637072443778,38.2110354381278,1.925961376168684,45.0,29.0,86.57583367737918,86.63848573714978,82.46503212760994,76.58116201846707,15,False
nasa,B0018,17,1.7686303996707076,24.0,3344.187,3.5427478949705886,2.4086912736769084,4.19075698083662,1.909473949995673,2.0129355983090056,31.518847747922937,37.633580732302406,24.22294874000798,6.322285557135763,1.7775124519859842,10689.594,4.131707612044202,4.20206920947581,0.6385755574098104,3.3326871676553105,26.338798726333607,35.105681007040275,1.799619531102153,7.284251258292997,0.06100929812130678,0.08710663504547878,dataset,False,2.0,88.43151998353538,11.568480016464619,0.12893200009952466,0.26285394949542396,0.2699191285011686,0.2699191285011686,1.782065707159712,13.410631992294427,0.9877156928261221,31.010375574742707,30.207442629486504,110.1750730252822,15.505187787371353,-0.29124207589853734,-0.24902559119656653,31.1585645210942,31.354884759236672,38.2110354381278,1.9235479002949805,45.0,28.0,85.42974947235301,86.11156664146188,81.6191495929045,76.11297975385989,16,False
nasa,B0018,18,1.7536304801917124,24.0,3339.969,3.541251093602656,2.496331992137246,4.189715378549557,1.8961919320059226,2.0117266911103093,31.11237289077096,37.15252578645951,23.79566158754756,6.2667112073785995,1.7625266947676845,10670.672000000006,4.133021975382763,4.202872821213387,0.631484309106956,3.3609357256565073,26.07003491744081,35.05533549707359,1.7888610426302642,7.243128965078831,0.06100929812130678,0.08710663504547878,dataset,False,2.0,87.68152400958562,12.318475990414385,0.7499959739497655,0.3076976522580793,0.2981589429393214,0.2981589429393214,1.6933833864123105,13.356864198911953,0.9852787068223819,32.77290226951039,31.996303672116767,116.44178423266081,16.386451134755195,-0.3395488567249137,-0.26097851771834696,31.140982318011726,31.341411877655236,38.2110354381278,1.9198373072627006,45.0,27.0,85.57349785341056,85.59231494923645,80.82079859512888,75.32633563425641,17,False
nasa,B0018,19,1.7462197416415093,24.0,3327.641,3.5350260562177453,2.4199896352919668,4.187635645163932,1.8949909147363193,2.012077515518729,30.586452588663985,36.78829001793698,23.127324953354822,6.22985512656435,1.7551646798864668,10656.266,4.1343818763972555,4.201899958978779,0.6307178601101081,3.417324167012539,25.562018261524052,34.25023256471148,1.776023497792563,7.1967187213058175,0.06064904573360479,0.08754929973933033,dataset,False,2.0,87.31098708207547,12.68901291792453,0.37053692751014466,0.29039155227627733,0.3021799420821449,0.3021799420821449,1.7676460098719655,13.660965064582157,0.9882553254886426,34.52806694939686,33.77232716990933,122.67163935922515,17.26403347469843,-0.4070099193878991,-0.27126416633065314,31.088505106269622,31.301677178234645,38.2110354381278,1.9160736205302844,45.0,26.0,85.37510686636314,84.96339175633435,80.54514189124689,75.07109778266464,18,False
nasa,B0018,20,1.7376647337053737,24.0,3312.844,3.5326627624319777,2.3587321881999297,4.191004692440202,1.900306537433319,2.011349710066744,30.242913021104116,36.541146197392216,22.780967262070938,6.215980766885244,1.7525432533200365,10808.235,4.142878003359763,4.202011186724678,0.6201110950198941,3.664647871289196,24.239098701090988,27.30484922551561,1.7712512669666471,7.207450167919501,0.06219481868267621,0.08570971190558405,dataset,False,2.0,86.88323668526868,13.116763314731315,0.42775039680678617,0.4271774828952445,0.3087889133834418,0.3087889133834418,1.8322725042402719,13.760178935321278,0.989437967387513,36.28061020271689,35.543578436875976,128.8876201261104,18.140305101358447,-0.3999299185510257,-0.28099351361213715,30.999629424400418,31.24873897037812,38.2110354381278,1.9122251935226813,45.0,25.0,87.46191032180114,84.70183219621553,79.77319346847828,74.81767058743229,19,False
nasa,B0018,21,1.7315166735475835,24.0,3302.031,3.5333109441755526,2.4458096660548825,4.1906972904216495,1.8937532529571761,2.0122749284189503,30.10270376338569,36.372087786130464,22.578707611599036,6.1737717556676035,1.7405416069184154,10806.719,4.137110549992526,4.202046016992615,0.6166280006666143,3.3989753526176085,24.743544206187746,33.74508513415117,1.7670579949708074,7.164991128063967,0.06219481868267621,0.08570971190558405,dataset,False,2.0,86.57583367737918,13.42416632262082,0.3074030078895049,0.4030433923898286,0.30871961810874493,0.30871961810874493,1.744887624366767,13.793380174531428,0.98499404766122,38.021151809635306,37.31063643184678,135.061391881778,19.010575904817653,-0.3944211932019156,-0.2885387381487875,30.858594024831525,31.194165865283242,38.2110354381278,1.9084038727882906,45.0,24.0,86.63848573714978,84.09513539384044,86.3353720042882,76.6713100015621,20,False
nasa,B0018,22,1.7085949894470602,24.0,3305.547,3.52738705832889,2.3808537751929744,4.185877977731026,1.874059169656162,2.012448687975656,30.251184852221932,36.52608510498833,22.714077867822585,6.107633814569133,1.7235903149802392,9702.0,4.131459570839378,4.202601924739715,0.6758160757552744,3.4341819517579415,24.96960156651026,33.43044436107721,1.7423255983950625,7.0667880918122155,0.06219481868267621,0.08570971190558405,dataset,False,2.0,85.42974947235301,14.57025052764699,1.1460842050261704,0.48048324382358204,0.34859412224766995,0.34859412224766995,1.805024202538052,13.812007237165748,0.9892469677125324,39.74474212461555,39.052962030241844,141.16902569634715,19.872371062307774,-0.42735145327713514,-0.3043736356293917,30.752609941268275,31.151303091962276,38.2110354381278,1.9033036597352482,45.0,23.0,86.11156664146188,83.84885309216843,85.82836958714877,76.1922633757213,21,False
nasa,B0018,23,1.711469957068211,24.0,3289.562,3.5296025965720452,2.436955746154759,4.188109147549676,1.8792679725699228,2.012334644346066,30.212407704391104,36.476252762052624,22.65890518865621,6.097844923269956,1.7205153450111674,10806.313,4.1385090792143435,4.201832985640351,0.6082713701210324,3.456076236102611,24.775220976126924,33.17568639783767,1.744840148496897,7.079893289815194,0.06219481868267621,0.08570971190558405,dataset,False,2.0,85.57349785341056,14.426502146589442,-0.1437483810575486,0.3968719635904193,0.32621491755197823,0.32621491755197823,1.7511534013949173,13.817347573396415,0.986059007464561,41.465257469626714,40.79780217873874,147.2668706196171,20.732628734813357,-0.4403581274616002,-0.311551035705004,30.684454240537367,31.110481553372225,38.2110354381278,1.8994251408730065,45.0,22.0,85.59231494923645,83.27614653239468,84.79117785467423,75.05960497130619,22,False
nasa,B0018,24,1.7075021373272627,24.0,3283.797,3.5289707694229833,2.4671365731790713,4.188302415854336,1.8781179185820256,2.0122688936966697,30.125011009636175,36.377208902376694,22.508167425430855,6.0821130116730355,1.716630045199375,10767.172000000006,4.139720048721875,4.2021779631347185,0.6084448002348715,3.466023434782026,24.743273709867076,33.257530217998394,1.7378054059134023,7.054138583933761,0.06106479153135479,0.08848482071807108,dataset,False,2.0,85.37510686636314,14.62489313363686,0.19839098704741787,0.3798429275733156,0.32065735535612777,0.32065735535612777,1.7211658426752647,13.869041476945839,0.9878148838517985,43.18188751482609,42.53560758465214,153.34898363129014,21.590943757413044,-0.44065919213710564,-0.3159460332766452,30.642895444410687,31.069420280716557,38.2110354381278,1.8954941933290486,45.0,21.0,84.96339175633435,82.85962287916043,83.88891595396278,74.62088357251456,23,False
nasa,B0018,25,1.7492382064360228,24.0,3325.235,3.5322741848919814,2.4129371999368505,4.18962510592865,1.8994255210827664,2.0125131739991478,30.22428629982563,36.64000948247426,22.614491386507936,6.235171287589187,1.7583644514883705,10806.14,4.15094447494119,4.202782981789953,0.5990027853325007,3.8027164219694853,23.451833761379476,26.463639728406417,1.7275574824710305,7.055082429301133,0.0595969662678692,0.08684055890192541,dataset,False,2.0,87.46191032180114,12.538089678198858,-2.0868034554380017,0.15850203047523764,0.2203464882397057,0.2203464882397057,1.7766879059917997,14.025518095966326,1.0178326737778212,44.940251966314456,44.26316506712317,159.58415491887934,22.470125983157228,-0.28953341451298203,-0.2971881437981296,30.582758055656704,31.03561492148092,38.2110354381278,1.8936249344308809,45.0,20.0,84.70183219621553,82.41120777647023,83.03293448887096,74.16619259700616,24,False
nasa,B0018,26,1.7327697147429955,24.0,3317.547,3.532438322521663,2.3497771039810256,4.190150750158746,1.8927442392596563,2.0129844574191207,30.976376254737342,37.38165499248184,23.427272668893146,6.20145895173365,1.747983482535042,10645.781,4.135460690208974,4.202686300075377,0.6272415927444686,3.3922249588412887,25.23866382689419,33.774954623752556,1.7718700683338104,7.182157165615197,0.0595969662678692,0.08684055890192541,dataset,False,2.0,86.63848573714978,13.361514262850221,0.823424584651363,0.19219662464851267,0.244469612096172,0.244469612096172,1.8403736461777203,13.954382323588696,0.9865189969481056,46.6882354488495,46.03503513545698,165.785613870613,23.34411772442475,-0.19654124734014386,-0.28730067304726337,30.535255613265985,31.003738560414842,38.2110354381278,1.891833140827894,45.0,19.0,84.09513539384044,81.93850748993631,83.32054637413732,74.03688396147098,25,False
nasa,B0018,27,1.7222313328292376,24.0,3311.766,3.5363211310943603,2.4904700018477026,4.189151018945234,1.8784657143180254,2.013596799411644,31.41570291330098,37.59824760372582,23.95851287847354,6.1492329208437795,1.7314425779203193,10554.906,4.135270884841989,4.202559878916513,0.6269209649861759,3.4068630357438208,25.942576564414136,34.42643355981792,1.7593470983653061,7.131297981997619,0.0595969662678692,0.08684055890192541,dataset,False,2.0,86.11156664146188,13.888433358538123,0.5269190956879015,0.23199533420735036,0.24192839775952224,0.255333053772777,1.698681017097531,13.639734725252275,0.9841392750350887,48.419678026769816,47.79438223382228,171.93484679145678,24.209839013384908,-0.1175890278601319,-0.2834802267188633,30.52494112980379,30.983371013157736,38.2110354381278,1.8887323172601296,45.0,18.0,83.84885309216843,81.38243453631031,82.34168087203902,73.67538904951239,26,False
nasa,B0018,28,1.711846298984729,24.0,3305.218,3.533535274219931,2.4650908929255406,4.189631312089484,1.8709273444688055,2.0157162812456435,31.383299841535273,37.560555155163414,23.961434154126863,6.108755155903539,1.7211159709221293,10479.375,4.1367202778051375,4.202406016545651,0.6251450760237723,3.4585205777910204,26.097017175204584,34.35860472854562,1.7451030864765065,7.077256746268025,0.0595969662678692,0.08684055890192541,dataset,False,2.0,85.59231494923645,14.407685050763547,0.5192516922254242,0.20892090603491625,0.25551108690162666,0.2651078181599121,1.7245404191639437,13.59912100103655,0.9862546139879858,50.140793997691944,49.53948532029879,178.04360194736032,25.070396998845972,-0.08883871298211446,-0.2815972483831239,30.55203382488022,30.986026493469463,38.2110354381278,1.8862058585064179,45.0,17.0,83.27614653239468,81.107685113626,81.28819964389976,73.40096426333051,27,False
nasa,B0018,29,1.699267835126687,24.0,3295.453,3.527012841842043,2.363133281953362,4.187690359657657,1.869833775048847,2.0125462740568847,31.167937826253635,37.52114200586718,23.619671716582488,6.075430039165749,1.7147150777698812,10522.063,4.138109112061955,4.202669833243475,0.6196413424201113,3.476664400513548,25.923942041376847,34.2024080930246,1.734868362707801,7.039234903727853,0.06287106178477314,0.08500615970912836,dataset,False,2.0,84.96339175633435,15.036608243665654,0.6289231929021071,0.23475953257411247,0.2628115387390369,0.2781012244007047,1.8245570777042954,13.901470289284696,0.9883833924399519,51.855509075461825,51.27435368300659,184.11903198652607,25.927754537730912,-0.09377201518307846,-0.2850701591265053,30.61018234863919,30.99989637647254,38.2110354381278,1.8836901445376708,45.0,16.0,82.85962287916043,80.70033255233793,80.60788705937297,72.9046177855951,28,False
nasa,B0018,30,1.6940366439243106,24.0,3287.0,3.52925730014011,2.4790616361836206,4.190215357888677,1.8624408195732676,2.012800439982786,30.994690437264207,37.21887096740918,23.47871848419422,6.037509837885094,1.7033775125258277,10764.344,4.146301095640153,4.20232082917396,0.6040305424041356,3.7107399641053087,24.89634801754428,27.962964696959556,1.7290621144234255,7.043580608663032,0.06095075041521759,0.08544326049182116,dataset,False,2.0,84.70183219621553,15.298167803784466,0.2615595601188119,0.21814044890531506,0.27732712603530957,0.27753082218408776,1.7111537217050565,13.74015248321496,0.9851453561538692,53.55888658798765,53.003415797430016,190.15654182441116,26.779443293993825,-0.11303319468381326,-0.2848900965338943,30.685360090255195,30.96154520535854,38.17496505957075,1.8799035727516653,45.0,15.0,82.41120777647023,83.80258077212311,80.28683411877672,72.39330494445699,29,False
nasa,B0018,31,1.6819027078768087,24.0,3276.922,3.527821497534469,2.491905723274248,4.189776104976122,1.854867790404577,2.0132684044986244,31.055317978554886,37.33441415744885,23.470322857025764,5.992479210089513,1.6913383238843307,10556.078,4.1402542614329185,4.2022760738659315,0.6113173210018646,3.504758304498899,25.529668879010824,33.690112246938114,1.7167506547410676,6.971692274521628,0.06095075041521759,0.08544326049182116,dataset,False,2.0,84.09513539384044,15.904864606159563,0.6066968023750974,0.2480698283538743,0.29325235345566,0.2885030215237881,1.697870381701874,13.864091300423084,0.9851974246891609,55.25022491187198,54.720166452171085,196.14902103450066,27.62511245593599,-0.15943919436668907,-0.28706275932349357,30.780621511772118,30.922833430026625,37.72420412562674,1.8760150264964057,45.0,14.0,81.93850748993631,82.46503212760994,83.68226574399445,72.6390438877099,30,False
nasa,B0018,32,1.6769770618433686,24.0,3268.687,3.525692957415014,2.4337177596826547,4.189846430994002,1.8539547618996213,2.013231862286827,31.373945543706103,37.7331798444306,23.769516048374253,5.972643333649454,1.6864202936599857,10546.687,4.1416722429572115,4.202265282124915,0.6052684732019442,3.5111521906195162,25.707749149739985,33.65112802729902,1.704737399014681,6.925372707021763,0.06095075041521759,0.08544326049182116,dataset,False,2.0,83.84885309216843,16.151146907831574,0.24628230167201082,0.15808963801845835,0.2884482554528478,0.287141062818892,1.7561286713113469,13.963663796056348,0.9892551748056432,56.93664520553197,56.42490385118577,202.1216643681501,28.468322602765983,-0.26561531770568403,-0.2895331763871914,30.892897580920533,30.91240992545176,37.7331798444306,1.8740045857207512,45.0,13.0,81.38243453631031,81.6191495929045,82.02174286174969,72.12678182246216,31,False
nasa,B0018,33,1.6655229306478936,24.0,3260.594,3.5243962482347273,2.4424506461535755,4.188109551881256,1.8458129961867051,2.0132145295965795,31.56128410753226,37.84649344841882,24.001463155521233,5.93026050641018,1.6749815333000746,10477.203,4.140980605428134,4.20202711310134,0.6066293608961182,3.5085205704036566,26.05899080017432,34.065730915484814,1.6965173317931896,6.891417313950585,0.06095075041521759,0.08544326049182116,dataset,False,2.0,83.27614653239468,16.723853467605323,0.5727065597737493,0.22973513210158814,0.2992941599908693,0.2960649845987313,1.7456589057276806,13.845030292897587,0.9873058777004347,58.611626738832044,58.121421182978956,208.05192487456029,29.305813369416022,-0.37428437489898736,-0.2947586231687083,31.027785221234648,30.923333492889224,37.84649344841882,1.8706590880824296,45.0,12.0,81.107685113626,80.82079859512888,80.66326658711039,71.96356438601657,32,False
nasa,B0018,34,1.6571924575832084,24.0,3258.812,3.520797576383474,2.4383419399858552,4.186368648390758,1.8383647798398939,2.0141222933728917,31.318474723902874,37.670164941661795,23.697189900442215,5.894184369491583,1.6667274825937854,10498.592999999993,4.141769513617304,4.202272193519664,0.603458060812856,3.529018731618291,26.018613481994876,34.043826750742646,1.6896057591646974,6.865406581816849,0.06279037977354894,0.08611082715769634,dataset,False,2.0,82.85962287916043,17.140377120839574,0.41652365323425045,0.2515483987202714,0.2942111890271127,0.29971524728465615,1.7480267084049026,13.97297504121958,0.9864593995097279,60.27835422142583,59.811026942143656,213.94610924405185,30.139177110712914,-0.4910522872110662,-0.303509226022766,31.14713159266132,30.931623493601936,37.84649344841882,1.8666837742082165,45.0,11.0,80.70033255233793,80.54514189124689,79.60482162343139,71.43237840944109,33,False
nasa,B0018,35,1.6482241555294048,24.0,3243.422,3.519457281260753,2.4157245398944123,4.1901657245031085,1.8436169601332795,2.0127023314619743,31.104012325043946,37.53185198546868,23.490432582557037,5.882001220236545,1.6641067984902282,10717.0,4.1507218579886604,4.202977554282689,0.5883330682406325,3.768692327538457,24.92442022306288,28.007672950138677,1.6847655130538806,6.874783967981016,0.062054327669918884,0.0841039159798283,dataset,False,2.0,82.41120777647023,17.588792223529765,0.44841510269019125,0.5050702545330907,0.3497521495100358,0.30408877244364246,1.7744411846086963,14.04141940291164,0.9877379288669048,61.94246101991606,61.49579245519754,219.8281104642884,30.97123050995803,-0.4626682597654975,-0.30134004863422864,31.23510419518315,30.93051719301185,37.84649344841882,1.861102918113268,45.0,10.0,83.80258077212311,79.77319346847828,79.33005910349412,71.24513375002448,34,False
nasa,B0018,36,1.6387701497987262,24.0,3236.515,3.513165600287965,2.323395712524894,4.189966178473989,1.8371621051457112,2.0131406541163614,30.989730398009076,37.593333753421376,23.31675245518661,5.841060655204536,1.655143329076084,10584.766,4.144684414441371,4.2026405731594165,0.5930742027983676,3.546790523849352,25.472278015626834,33.6468535523426,1.6784557464373884,6.825961873375408,0.062054327669918884,0.0841039159798283,dataset,False,2.0,81.93850748993631,18.061492510063687,0.4727002865339216,0.46999782472134655,0.3467104044536461,0.3089062442747933,1.8665704659490947,14.276581298234767,0.9861107941566012,63.59760434899214,63.174248201634924,225.66917111949292,31.79880217449607,-0.45374221970968714,-0.30229569476024926,31.236439609510324,30.909584098569226,37.84649344841882,1.8555447047018734,45.0,9.0,82.46503212760994,86.3353720042882,79.00383245168126,73.49057662262062,35,False
nasa,B0018,37,1.6276486907262062,24.0,3230.734,3.517217159454334,2.4985039496028567,4.188259618341401,1.8212842869006978,2.0140330003394356,30.967851972472324,37.361410110678264,23.252438684811104,5.781689327753662,1.6373320351480478,10525.641,4.144836557616457,4.202742856853121,0.5913611518696849,3.5445606912027214,25.361434715128922,33.54043034547115,1.6660739837793654,6.777454675269028,0.062054327669918884,0.0841039159798283,dataset,False,2.0,81.38243453631031,18.617565463689687,0.5560729536259998,0.4729132105151564,0.3540858949711406,0.3157719862012157,1.689755668738544,14.10897142586716,0.9827486960896427,65.23493638414018,64.8403221854143,231.45086044724658,32.61746819207009,-0.45330593808279823,-0.3054336711255998,31.191654515427462,30.89585714995394,37.84649344841882,1.8498265619601404,45.0,8.0,81.6191495929045,85.82836958714877,78.20866476644584,72.62909825525101,36,False
nasa,B0018,38,1.62215370227252,24.0,3222.093,3.5120091114107965,2.350237238739749,4.1897400575765795,1.8271648718054267,2.012673084048405,31.285342046153826,37.899803246715464,23.493229087742925,5.778619557206315,1.6381990290905935,10644.125,4.1469277343393625,4.2021695480544015,0.5827036769814937,3.579600367893411,25.44207618553034,33.06778657550314,1.653597426286946,6.731200236283665,0.062054327669918884,0.0841039159798283,dataset,False,2.0,81.107685113626,18.892314886373995,0.2747494226843088,0.44846298356104486,0.3373812950275499,0.3146632682683263,1.8395028188368303,14.40657415897254,0.9906879407577885,66.87313541323078,66.49391961170124,237.2294800044529,33.43656770661539,-0.4451499546882524,-0.31122209608671153,31.181858735889314,30.911512243332087,37.899803246715464,1.8454503146938026,45.0,7.0,80.82079859512888,84.79117785467423,77.7809136096961,72.1417099454397,37,False
nasa,B0018,39,1.6140066510467586,24.0,3220.344,3.50911052654104,2.3337740352348813,4.1862359225351335,1.8191728083237904,2.012635202899368,31.41096207271253,38.03149707759718,23.64731684697707,5.74533972233902,1.6300505728617423,10452.516,4.145795316611404,4.203074123957366,0.5888853751681691,3.558369550896654,25.831018575864743,33.705774688469276,1.6488591964680832,6.710372095293641,0.06126874046942329,0.08711286500552247,dataset,False,2.0,80.70033255233793,19.299667447662074,0.4073525612880786,0.426305920399642,0.3389281435903348,0.31710246018989874,1.8524618873002523,14.38418023062011,0.9885929473865145,68.50318598609253,68.14277880816933,242.97481972679194,34.251592993046266,-0.44678226524700176,-0.3179694101813689,31.206161160535203,30.94632676740447,38.03149707759718,1.8403842180212968,45.0,6.0,80.54514189124689,83.88891595396278,77.01022639318698,71.41880294039746,38,False
nasa,B0018,40,1.6760516154424623,24.0,3250.75,3.516106699716392,2.317647291087635,4.189625262426538,1.8694837461066787,2.01318368468478,30.755137125871208,37.42220155418978,23.01653902765608,5.977868330426037,1.69212165192729,10810.453,4.156904682985364,4.202093467622683,0.5658173293761547,3.8503963651032453,23.918488508769663,26.955933357562675,1.6464633599095402,6.737648852871256,0.0627057717757101,0.08381129726407618,dataset,False,2.0,83.80258077212311,16.197419227876892,-3.1022482197851815,0.08992514240924265,0.20977399417721643,0.22942680172899926,1.8719779713389029,14.405662526533703,1.027731131545046,70.19530763801983,69.78924216807887,248.95268805721798,35.09765381900991,-0.24496489565573992,-0.29082879310285487,31.182205829395905,30.943505844944703,38.03149707759718,1.8410885106746384,45.0,5.0,79.77319346847828,83.03293448887096,76.60806507979932,70.77273922185357,39,False
nasa,B0018,41,1.649300642552199,24.0,3239.344,3.519010068254593,2.492394514304757,4.186586244011676,1.8398837087631794,2.0121931540017886,30.977446633931525,37.32511174435206,23.382703180887166,5.864258554154769,1.659031584826147,10481.562,4.140226819419846,4.202657839852154,0.6063311590818347,3.4494205303039718,25.50617247150571,34.02194588179759,1.702511373281641,6.913524141980838,0.0627057717757101,0.08381129726407618,dataset,False,2.0,82.46503212760994,17.534967872390055,1.3375486445131628,0.1630103266230492,0.24381679424099845,0.2571298477986034,1.694191729706919,13.942408563464891,0.9744613814992111,71.85433922284598,71.49175354136051,254.81694661137274,35.92716961142299,-0.1456511610860501,-0.27686545005331537,31.174418694933564,30.924547683156185,38.03149707759718,1.8395901025104984,45.0,4.0,86.3353720042882,83.32054637413732,76.58116201846707,72.7288335038854,40,False
nasa,B0018,42,1.63238299185809,24.0,3222.25,3.5124212742229295,2.372828310153791,4.189366482043888,1.8381164059202344,2.012774153678253,30.800512192698992,37.31088262198154,23.141477779700992,5.816938623399513,1.6485721565398777,10423.218999999997,4.143482681464776,4.202129035892022,0.6027055332829592,3.5432384844038793,25.35253952946816,33.35597362804456,1.6794474002933257,6.828922635232355,0.0627057717757101,0.08381129726407618,dataset,False,2.0,81.6191495929045,18.380850407095494,0.8458825347054386,0.22297034992639198,0.272494815625235,0.27148966943047736,1.8165381718900973,14.16940484228055,0.981615831643161,73.50291137938586,73.17120094165384,260.63388523477226,36.75145568969293,-0.08913646650593907,-0.2673107889743415,31.117075359832853,30.895814260947223,38.03149707759718,1.83800626691256,45.0,3.0,85.82836958714877,82.34168087203902,76.11297975385989,71.41589774137029,41,False
nasa,B0018,43,1.6164159719025777,24.0,3206.157,3.50815215295169,2.3560703177076867,4.188553804618968,1.8297880104809248,2.012946778665685,30.616192795676138,37.232346556887364,22.876954081867613,5.753148435846384,1.6326759577764172,10475.094,4.145264748790388,4.202616376614602,0.5917411623864999,3.5522376465849317,25.10028019162854,33.32080982918044,1.6623452796523743,6.763199533643504,0.0627057717757101,0.08381129726407618,dataset,False,2.0,80.82079859512888,19.179201404871122,0.7983509977756285,0.24553479372657988,0.2744290165782695,0.2840339867720286,1.832483486911281,14.355392475019752,0.9821521303431249,75.13558733716228,74.83354622130621,266.3870336706186,37.56779366858114,-0.0873219182225811,-0.26738519654461634,31.022566228647246,30.87596705714343,38.03149707759718,1.8364037683419816,45.0,2.0,84.79117785467423,81.28819964389976,75.32633563425641,70.98513441602029,42,False
nasa,B0018,44,1.6109028378249377,24.0,3197.969,3.508648568515266,2.4644431530094417,4.188764708195774,1.8212266980386598,2.0135827897679706,30.399839302766903,36.94850857727268,22.56634750757244,5.7088449721131855,1.6207496850446301,10589.359,4.147656115968421,4.202894234508199,0.5815892807051805,3.5649861119634103,24.870900772580274,33.04861913599422,1.6518602536937905,6.725097064469241,0.060230110173563736,0.0877848925885978,dataset,False,2.0,80.54514189124689,19.454858108753115,0.27565670388199237,0.23144809879135408,0.27063380763314343,0.2838391662397022,1.7243215551863322,14.382161069700242,0.9811663434727043,76.7563370222069,76.48540647499999,272.0958786427318,38.37816851110345,-0.09854964052093246,-0.268432015722399,30.930702686533646,30.868502525707548,38.03149707759718,1.834689960161858,45.0,1.0,83.88891595396278,80.60788705937297,75.07109778266464,70.77803315153258,43,False
nasa,B0018,45,1.5954638693695657,24.0,3181.625,3.5051993439595477,2.4195167274486726,4.188636968174337,1.820051163815339,2.013020303951627,30.38386825126278,37.002663545357386,22.549823121887282,5.672315619450728,1.6117285236045238,10781.75,4.156208672803882,4.202748231427938,0.564417184774355,3.7994548262761327,23.95456335101015,27.096149354299882,1.6335739288181963,6.680475751087026,0.061801794410442104,0.08516278937578788,dataset,False,2.0,79.77319346847828,20.226806531521717,0.7719484227686024,0.2638014307991952,0.28440172867161606,0.2949325584335408,1.7691202407256643,14.452840423470104,0.9866272319677161,78.36806554581143,78.11898040381818,277.76819426218253,39.18403277290572,-0.1537236655991863,-0.2756775203162441,30.85868827915553,30.874140734913894,38.03149707759718,1.8323333805300641,45.0,0.0,83.03293448887096,80.28683411877672,74.81767058743229,70.2840017709614,44,False
nasa,B0018,46,1.726707440085764,24.0,3302.36,3.523165280193865,2.3422406504312434,4.188466199744378,1.8952650812503178,2.023314533825632,30.576239500422748,36.71025442949399,23.125008977470344,6.173320133237786,1.7423156549420078,4582.969,4.196601830204791,4.239428421397782,0.13627081559899948,4.4309543625722085,23.04165740184246,23.191779614571548,0.1733982520180346,0.7267068695678851,0.061801794410442104,0.08516278937578788,dataset,False,2.0,86.3353720042882,13.664627995711797,-6.56217853580992,-0.439686451435189,0.009618466923639062,0.14255231189479722,1.846225549313135,13.58524545202365,10.048057778349433,80.11038120075344,78.29237865583622,283.9415143954203,40.05519060037672,0.14950189893711352,-0.21995383526090037,30.817339189396897,30.893082164395377,38.03149707759718,1.838143678140525,45.0,,83.32054637413732,83.68226574399445,76.6713100015621,70.42230535583069,45,False
nasa,B0018,47,1.7165673917429753,24.0,3285.812,3.527269876472835,2.3755467142668496,4.189570916346704,1.8868537565375962,2.012680983917414,30.705906284556665,36.72807623650589,23.408964388688208,6.121258388039251,1.726054461250521,10184.938,4.127903510848874,4.2029195082692,0.6472858892938459,3.202262860695824,25.5157207896412,33.757969974021854,1.7592395513864245,7.108142955262045,0.061801794410442104,0.08516278937578788,dataset,False,2.0,85.82836958714877,14.17163041285123,0.5070024171394323,-0.44459350508384576,-0.015944804591830463,0.15047514026968062,1.8140242020798545,13.319111847817684,0.9811366848194433,81.83643566200396,80.05161820722265,290.06277278345954,40.91821783100198,0.3347059284864707,-0.18018604405011251,30.79114462060533,30.911271021688762,38.03149707759718,1.8447006251042146,45.0,,82.34168087203902,82.02174286174969,76.1922633757213,69.84273891436207,46,False
nasa,B0018,48,1.6958235570934848,24.0,3260.016,3.526762654741574,2.4146291375325917,4.189584987657955,1.8788753959478912,2.0115911942512583,30.62583594950684,36.72959308355185,23.270929426489833,6.044040750026432,1.7053449248348402,10230.265,4.131161782328852,4.203139846413382,0.6384941655681154,3.3006506392494632,25.40320261606661,33.625519091278925,1.7410829200642297,7.044099608507155,0.061801794410442104,0.08516278937578788,dataset,False,2.0,84.79117785467423,15.208822145325769,1.0371917324745397,-0.36834927410482265,0.03129279994945307,0.16934145074212442,1.7749558501253637,13.458663657062015,0.9794736971929682,83.54178058683881,81.79270112728688,296.106813533486,41.770890293419406,0.39112911352992286,-0.14886147741681907,30.725194010940633,30.92780815149339,38.03149707759718,1.8498716775184612,45.0,,81.28819964389976,80.66326658711039,75.05960497130619,69.67835185720338,47,False
nasa,B0018,49,1.6777783190792557,24.0,3240.031,3.523020179476104,2.3844645496129964,4.189371286385834,1.8706037936587119,2.01260531537844,30.597357068657974,36.787462351640364,23.203934391629982,5.973690029167934,1.68731573392794,10213.875,4.134628310174825,4.203749475441674,0.629444998390105,3.38063453683454,25.318880573273052,33.505246143795205,1.719207799813372,6.964865746398984,0.061801794410442104,0.08516278937578788,dataset,False,2.0,83.88891595396278,16.11108404603722,0.9022619007114514,-0.3188583401624854,0.05944763649601441,0.18461062678315207,1.8049067367728373,13.583527960010382,0.9814495572385759,85.22909632076676,83.51190892710025,302.0805035626539,42.61454816038338,0.3265327787996227,-0.1272476074307714,30.643833510535178,30.946701993854266,38.03149707759718,1.8550147760519533,45.0,,80.60788705937297,79.60482162343139,74.62088357251456,69.46822146404737,48,False
nasa,B0018,50,1.6606586897774192,24.0,3232.265,3.519792345798265,2.398646371281655,4.187606340824144,1.8563433115641514,2.0134407767806635,30.528493896066262,36.75689163314213,23.12071549691479,5.908261501768427,1.670160754757289,10311.718,4.137341499467205,4.202830115761399,0.6151904561793502,3.4215870166257587,25.191562555105925,33.452138115876444,1.6998226191495147,6.892432944541308,0.061801794410442104,0.08516278937578788,dataset,False,2.0,83.03293448887096,16.967065511129036,0.8559814650918156,0.07696462832521433,0.17715903331720712,0.1983120724629207,1.7889599695424887,13.636176136227341,0.9825500237153765,86.89925707552405,85.21173154624977,307.98876506442235,43.449628537762024,0.38341359818181564,-0.09152384648164939,30.62116918755468,30.95887029770389,38.03149707759718,1.8537007325977004,45.0,,80.28683411877672,79.33005910349412,74.16619259700616,68.92825707833356,49,False
nasa,B0018,51,1.6664109274827466,24.0,3232.031,3.5251014582287223,2.4557130111721626,4.188829347125095,1.862585561392643,2.0130995106645164,31.203754246103966,37.350157630970955,23.773481587876258,5.9365158337472534,1.6759541960236346,10348.609,4.14775250632472,4.202965990964641,0.6078611726782388,3.7322743713518856,24.747111933662097,28.185142005058786,1.685255886082981,6.871028072715586,0.06335998574164574,0.08600824718099127,dataset,False,2.0,83.32054637413732,16.679453625862678,-0.28761188526635806,-0.08555142465273775,0.13271757452049826,0.18859359330833514,1.7331163359529325,13.576676043094697,0.994480547354167,88.57521127154769,86.89698743233275,313.9252808981696,44.28760563577384,0.376141474801927,-0.05797254795125216,30.64379994877193,30.96796541735856,38.03149707759718,1.8559709178606467,45.0,,83.68226574399445,79.00383245168126,74.03688396147098,69.24505550428735,50,False
nasa,B0018,52,1.6468336174407805,24.0,3209.5149999999994,3.518519199837846,2.323665882820083,4.189202115880737,1.8608275999435941,2.0125662318740924,31.172639449335037,37.48126030855565,23.734039908264887,5.880005908742284,1.6627751284599415,10321.062,4.138484496797234,4.202854561659717,0.6128451041999987,3.458234902434346,25.88385482750118,33.918176877050485,1.6919027628036722,6.863837823491137,0.06335998574164574,0.08600824718099127,dataset,False,2.0,82.34168087203902,17.65831912796098,0.9788655020983015,-0.07225312791345147,0.15079543077691426,0.19636191426821825,1.865536233060654,13.747220400290761,0.9827840967080974,90.23798640000763,88.58889019513643,319.8052868069119,45.118993200003814,0.24871464903598106,-0.03617386088709397,30.681012674435532,30.95824287879992,38.03149707759718,1.8582420372629826,45.0,,82.02174286174969,78.20866476644584,73.67538904951239,68.51625907121222,51,False
nasa,B0018,53,1.6257639928779952,24.0,3196.125,3.5190801794284594,2.488054079510012,4.186778882107656,1.8386717524299487,2.026718552407948,30.96825922704022,37.125443897626305,23.549534792728995,5.783159680294192,1.6356541649302467,9193.328,4.133097611804833,4.20257603975531,0.6767787519704034,3.470591673949992,25.930672938405944,34.02461783742734,1.6698813700858874,6.776858945846371,0.06335998574164574,0.08600824718099127,dataset,False,2.0,81.28819964389976,18.71180035610024,1.0534812281392618,-0.04674010487708813,0.17216461221346777,0.2138378495575472,1.6987248025976438,13.57590910489731,0.9795032115641362,91.87364056493787,90.25877156522232,325.5884464872061,45.936820282468936,0.0018438560757650883,-0.026392220720764567,30.716219317571937,30.941641254220116,38.03149707759718,1.859130411457885,45.0,,80.66326658711039,77.7809136096961,73.40096426333051,68.6673219261454,52,False
nasa,B0018,54,1.6121577411874595,24.0,3172.562,3.5114167272902406,2.3306937114568003,4.187888599491238,1.8439502592032078,2.013261835361458,30.821704306343133,37.19112571388883,23.30725669183149,5.7457653853866315,1.628216485878158,9182.5,4.136354941018954,4.20220407911023,0.6699655956354268,3.519920481261985,25.664791638383633,33.243843128574326,1.653178788923012,6.71656343873333,0.06335998574164574,0.08600824718099127,dataset,False,2.0,80.60788705937297,19.39211294062703,0.6803125845267886,-0.006274516812608511,0.17422018787845503,0.21851586330874595,1.8571948880344378,13.88386902205734,0.9849004214110949,93.50185705081603,91.91195035414533,331.33421187259273,46.750928525408014,-0.3061774768904153,-0.025868763028831267,30.75840581792956,30.927791913423697,38.03149707759718,1.86140276757434,45.0,,79.60482162343139,77.01022639318698,72.9046177855951,68.39743642752407,53,False
nasa,B0018,55,1.6057366823755344,24.0,3172.735,3.5108038681605738,2.389399831578687,4.18915752014188,1.8363611899628556,2.0186878439171223,30.765219721637393,37.17642722353301,23.143976887539054,5.720893468745205,1.6218532177008256,10354.437,4.144066243443556,4.202711819371193,0.5937722603996399,3.505595601485566,25.283565840567434,33.44305057974552,1.6513233517581165,6.712260089809103,0.06335998574164574,0.08600824718099127,dataset,False,2.0,80.28683411877672,19.713165881223276,0.3210529405962461,-0.05136406502984414,0.1765999230975524,0.22696352456643099,1.7997576885631927,14.032450335993957,0.9821536260442784,95.12371026851686,93.56327370590346,337.05510534133793,47.56185513425843,-0.6839345641115846,-0.027574078315156663,30.79654096496703,30.918613084798622,38.03149707759718,1.863033770189092,45.0,,79.33005910349412,76.60806507979932,72.39330494445699,67.83570543544823,54,False
nasa,B0018,56,1.673645314879889,24.0,3238.109,3.51432611790755,2.4864200723178747,4.191289655270872,1.8647983585269596,2.012371641203182,30.809988428281613,37.11936678632194,23.07707229087829,5.949175248640903,1.6834563147618473,1855.656,4.196366754233368,4.2995855570950186,0.06417813989599311,4.50882765791034,23.048627666451832,23.11320544763696,0.03207177871042728,0.13374085025323093,0.06088396756004627,0.08522512012699898,dataset,False,2.0,83.68226574399445,16.31773425600555,-3.395431625217725,0.2653106260293754,0.016514785993839497,0.15488356972474976,1.704869582952997,14.042294495443649,52.49026971536557,96.8071665832787,93.59534548461389,343.00428058997886,48.40358329163935,-0.44523366817959026,-0.0006077634867320975,30.81991585775291,30.908799902787692,38.03149707759718,1.8599870979167559,45.0,,79.00383245168126,76.58116201846707,72.6390438877099,73.02155104597287,55,False
nasa,B0018,57,1.6404348572349936,24.0,3191.063,3.5196664048265607,2.4673631110639858,4.190628233635541,1.8573844598978848,2.013097827670719,31.039033590700278,37.2702464066457,23.56722203053731,5.835627280250447,1.6502758668976973,10140.906,4.138413596843693,4.20266470401767,0.6197339853193672,3.4204960917439764,25.6746395923991,33.74743127597816,1.689698116331693,6.8539540575351685,0.06088396756004627,0.08522512012699898,dataset,False,2.0,82.02174286174969,17.978257138250314,1.6605228822447629,0.38066267253990843,0.07308440921674958,0.18076633233479866,1.7232651225715556,13.703024376108388,0.9766690575949858,98.4574424501764,95.28504360094558,348.8399078702293,49.2287212250882,-0.2987480450242559,0.008885416834903665,30.853228588367273,30.89540342466746,38.03149707759718,1.857040168252785,45.0,,78.20866476644584,76.11297975385989,72.12678182246216,72.50499468552049,56,False
nasa,B0018,58,1.6132653317422077,24.0,3165.828,3.512403849382274,2.375173080957567,4.189158279329032,1.8484570483918756,2.0125787987088013,31.04176453157222,37.39550861947664,23.533363397677242,5.751919252855697,1.6295643773236799,10145.0,4.1407877792139,4.203043725427581,0.6092380252751773,3.4802354646382616,25.705201487299274,33.764652265151554,1.6614331347128928,6.746776848109424,0.06088396756004627,0.08522512012699898,dataset,False,2.0,80.66326658711039,19.336733412889615,1.358476274639301,0.4127911267563846,0.10451519781137165,0.20190467890112046,1.8139851983714648,13.862145221799395,0.9808185134126869,100.08700682750008,96.94647673565848,354.591827123085,50.04350341375004,-0.24936631325180927,0.0015172199701421179,30.894821446573808,30.874622641629056,38.03149707759718,1.8539983334971832,45.0,,77.7809136096961,75.32633563425641,71.96356438601657,71.90703450912248,57,False
nasa,B0018,59,1.5920964324686278,24.0,3140.407,3.5077862234460104,2.371626022111289,4.185868202467219,1.8393054301836187,2.015019692764474,30.959784195511766,37.378956702246384,23.381334724831305,5.669096434525153,1.6084064283058288,10279.453,4.1428149765501745,4.202958302431799,0.5922834097192224,3.497315833213884,25.584315806002166,33.75519710318919,1.6393021306182753,6.661324827763296,0.06088396756004627,0.08522512012699898,dataset,False,2.0,79.60482162343139,20.39517837656861,1.058444963678994,0.42840943305313883,0.1301920502291614,0.21220161962813705,1.8142421803559303,13.99762197741508,0.9811531372189494,101.6954132558059,98.58577886627675,360.26092355761017,50.84770662790295,-0.26783344842365886,-0.0177765669799316,30.931064159259186,30.860275020493418,38.03149707759718,1.850868497149674,45.0,,77.01022639318698,75.07109778266464,71.43237840944109,71.41840990482157,58,False
nasa,B0018,60,1.5866011820698824,24.0,3131.922,3.5076596102713244,2.463955873060647,4.186906972044146,1.8305065982985735,2.020734675534358,30.843513277103145,37.245718322158105,23.16774870033671,5.624144533946231,1.5965167991481333,10325.594,4.145244704941419,4.202875007553949,0.586185935434614,3.518287317913336,25.501256299429965,33.5686793913933,1.6285869046544612,6.622983850940099,0.062318942746054214,0.0859882467642574,dataset,False,2.0,79.33005910349412,20.669940896505878,0.2747625199372692,0.3702875385376842,0.12324594691904452,0.23649904821454015,1.7229510989834993,14.077969621821396,0.9803080170823723,103.29193005495404,100.21436577093121,365.8850680915564,51.64596502747702,-0.3064246450160045,-0.041587081098073186,30.962566097362878,30.84985505857578,38.03149707759718,1.8482848258231162,45.0,,76.60806507979932,74.81767058743229,71.24513375002448,70.73937258776216,59,False
nasa,B0018,61,1.5800766490336253,24.0,3121.109,3.5074833565874615,2.475545296633258,4.189576283423886,1.8293412804363796,2.012930230685489,30.797157400797865,37.21755583353321,23.120310509686572,5.600307583796687,1.5899803578780916,10650.234,4.155206957498753,4.202518392664299,0.5633529262720449,3.794915161339253,24.494524405493824,28.044440770982522,1.613634551757483,6.594450198993237,0.0619094323498869,0.08488075014924702,dataset,False,2.0,79.00383245168126,20.996167548318738,0.3262266518128598,0.431671392245606,0.11738700153020204,0.23204870299192407,1.714030986790628,14.09724532384664,0.9853410464881106,104.88191041283213,101.8280003226887,371.48537567535305,52.440955206416064,-0.29875255892733793,-0.07076580665754155,30.921906412832264,30.842152138687332,38.03149707759718,1.84496039772749,45.0,,76.58116201846707,76.6713100015621,73.49057662262062,70.6944581696591,60,False
nasa,B0018,62,1.5641732953289167,24.0,3105.265,3.5023865933440717,2.3791563087604626,4.189808713646982,1.8279512192885508,2.0135210876274656,30.984434580754094,37.56150979821064,23.27342231930282,5.560732362380677,1.5807091304933907,10332.937,4.148409925319618,4.202568175672952,0.5758061542052267,3.5534488567829263,25.3635549759085,33.212369507074,1.6059003085773274,6.538001191807127,0.0619094323498869,0.08488075014924702,dataset,False,2.0,78.20866476644584,21.791335233554165,0.7951676852354268,0.4133016105593185,0.12695079079457913,0.2405183428828599,1.8106524048865191,14.288087478907823,0.98431336120344,106.46261954332552,103.43390063126603,377.04610803773375,53.23130977166276,-0.3473871506888992,-0.11058782881832031,30.903085925974175,30.842815443018605,38.03149707759718,1.8416727596619857,45.0,,76.11297975385989,76.1922633757213,72.62909825525101,69.94665831088612,61,False
nasa,B0018,63,1.555618272193922,24.0,3091.25,3.503693493885047,2.4776158338943337,4.188889298039903,1.8189271458622258,2.013049747683001,30.967899275139946,37.4174791317661,23.278670276560845,5.507197042856149,1.5656426929545386,10377.406,4.148873404037818,4.202624450973894,0.5696549227246023,3.5461625998872806,25.4527637681023,33.50356450770822,1.5944294306984284,6.492248170884127,0.0619094323498869,0.08488075014924702,dataset,False,2.0,77.7809136096961,22.2190863903039,0.42775115674973563,0.35072860342036594,0.13307086015719619,0.23522607759237302,1.711273464145569,14.138808855205255,0.9819454300142466,108.02826223628006,105.02833006196445,382.5533050805899,54.01413111814003,-0.43948854068739035,-0.1546644560606607,30.903049930784146,30.83011773217805,38.03149707759718,1.8396982990052133,45.0,,75.32633563425641,75.05960497130619,72.1417099454397,69.76661292016988,62,False
nasa,B0018,64,1.5402045278637397,24.0,3076.703,3.4989948462048113,2.4205549690097223,4.188220838257245,1.8173207359406967,2.01215000710487,30.976616345195186,37.55101533655474,23.22385871065304,5.469315485213863,1.5568230351065504,10348.781000000003,4.149853428623329,4.203141234641119,0.5668551974976271,3.577567186154941,25.391621024053098,33.228885984233415,1.579841926266043,6.436431697124233,0.0619094323498869,0.08488075014924702,dataset,False,2.0,77.01022639318698,22.989773606813017,0.770687216509117,0.3597660666185988,0.14760424636603772,0.24326619497818627,1.767665869247523,14.3271566259017,0.985429623827051,109.5850852713866,106.6081719882305,388.0226205658038,54.7925426356933,-0.5764690295341843,-0.20736958975755668,30.91854113466935,30.812743903077358,37.56150979821064,1.837035346678962,45.0,,75.07109778266464,74.62088357251456,71.41880294039746,69.50230647701225,63,False
nasa,B0018,65,1.5321613015959863,24.0,3062.328,3.495405576723954,2.415388497112405,4.186454063976498,1.815903873114457,2.0124985987201267,30.89768961926806,37.59895044072871,23.027207477057086,5.434324950251752,1.548821221442416,10396.875,4.151070567445724,4.2028605868375335,0.5605504591425561,3.5776697673721505,25.343311446661343,33.315055401144605,1.57359316956628,6.412837619284611,0.06328841535782422,0.08847320583286679,dataset,False,2.0,76.60806507979932,23.391934920200683,0.4021613133876656,0.3678769038977407,0.2877806276929516,0.248777310935084,1.771065566864093,14.571742963671621,0.9842577175581592,111.13390649282901,108.18176515779678,393.45694551605555,55.566953246414506,-0.7131811113183973,-0.2299259563346818,30.931788124432416,30.81844600281323,37.59895044072871,1.834989614994122,45.0,,74.81767058743229,74.16619259700616,70.77273922185357,69.30135727104823,64,False
nasa,B0018,66,1.5316232403693415,24.0,3050.563,3.494528300232307,2.3974205597873093,4.1895672733133145,1.8221864963215513,2.013303363874512,30.81568822237933,37.489239782169804,23.026059458250696,5.4309238764549566,1.5483026759034488,10796.922,4.160273572381521,4.2029202734968285,0.5374639582547157,3.8153493905848683,24.46304825674001,28.065079096779943,1.5678256893331648,6.419571715296714,0.06244245641291251,0.08553075414412509,dataset,False,2.0,76.58116201846707,23.41883798153293,0.026903061332248512,0.710110372552738,0.23535480436571504,0.23958579930335674,1.7921467135260052,14.463180323919108,0.9875477142883023,112.68220916873246,109.74959084712994,398.88786939251054,56.34110458436623,-0.5804073845974084,-0.26057190246744577,30.932358103842187,30.81197566635114,37.59895044072871,1.8307284287735814,45.0,,76.6713100015621,74.03688396147098,72.7288335038854,69.41076300968754,65,False
nasa,B0018,67,1.5222595950771978,24.0,3034.672,3.4962554827793926,2.497752653580319,4.1892977641056035,1.8131228210611743,2.0127782408337165,30.726188079151118,37.37911114363861,22.903021044448273,5.37471767512795,1.5323662866419672,10328.156,4.15206612121653,4.202717145969419,0.5612485726526918,3.5757248902225864,25.113825678212983,33.345546963646505,1.5644212484507696,6.378725283703091,0.06244245641291251,0.08553075414412509,dataset,False,2.0,76.11297975385989,23.88702024614011,0.4681822646071794,0.5908763107889797,0.22024679356178467,0.24637080459350982,1.6915451105252846,14.476090099190337,0.9795100189028076,114.21457545537443,111.31401209558071,404.2625870676385,57.107287727687215,-0.4977984132406752,-0.2994723024596838,30.901073552687272,30.809002701809227,37.59895044072871,1.8263022648899103,45.0,,76.1922633757213,73.67538904951239,71.41589774137029,68.80913281197249,66,False
nasa,B0018,68,1.5065267126851283,24.0,3031.25,3.48769646191346,2.3726090777895896,4.186793087812023,1.8045932244909424,2.011894643612056,30.76818712651005,37.559604168615785,22.833484092130533,5.331895052975833,1.5233210513743058,10485.125,4.153426516739129,4.202230202462968,0.5440785701670202,3.6014884506300264,25.01841375065976,33.029814104311995,1.5438997094609772,6.29819772832734,0.06244245641291251,0.08553075414412509,dataset,False,2.0,75.32633563425641,24.67366436574359,0.7866441196034799,0.5336930952853975,0.21977851843489873,0.2471037675065841,1.8141840100224336,14.726120076485252,0.986670987784656,115.73789650674874,112.85791180504168,409.5944821206143,57.86894825337437,-0.47704101692444856,-0.34938202750367603,30.873715812181057,30.815082475042587,37.59895044072871,1.8219158824998167,45.0,,75.05960497130619,73.40096426333051,70.98513441602029,68.23584449320083,67,False
nasa,B0018,69,1.5014219556532926,24.0,3011.343,3.486547580844067,2.36844257542991,4.188594535127793,1.8101191845563853,2.0125266173463885,30.775415173787835,37.61805450748922,22.85810521586403,5.312014823640776,1.5182983603766742,10265.563,4.153321611662977,4.203173880925448,0.5563406304572028,3.596319247083891,25.083400556730766,33.03376732958465,1.5420603872486274,6.291928774103525,0.06244245641291251,0.08553075414412509,dataset,False,2.0,75.07109778266464,24.928902217335363,0.25523785159177237,0.4533723840766754,0.21896176434328993,0.24479778598821667,1.820151959697883,14.75994929162519,0.9845907286974994,117.25619486712542,114.3999721922903,414.9064969442551,58.62809743356271,-0.4760786106632984,-0.40017785132358635,30.85527891000866,30.83010550988342,37.61805450748922,1.8189972579370939,45.0,,74.62088357251456,72.9046177855951,70.77803315153258,67.94927369686792,68,False
nasa,B0018,70,1.4963534117486457,24.0,3003.0,3.482298183882304,2.331968556073514,4.186295492358637,1.8091687217485317,2.0121939690963395,30.761821976538275,37.71101994346608,22.739418289546798,5.287374234922091,1.513233233388674,10387.077999999994,4.1543131912199,4.203378551338715,0.5490520054138729,3.5932804494349058,25.063963924614146,33.20818485101739,1.5357254321902498,6.267472960880548,0.06272459952717446,0.09004616962738907,dataset,False,2.0,74.81767058743229,25.18232941256771,0.2534271952323479,0.45123885160618327,0.19822091524183974,0.24131132195672791,1.8543269362851227,14.97160165391928,0.985354023362433,118.76942810051409,115.93569762448055,420.19387117917717,59.384714050257045,-0.4523027789164899,-0.45682168416672453,30.847109779952177,30.845223658894437,37.71101994346608,1.8168634702820896,45.0,,74.16619259700616,72.39330494445699,70.2840017709614,67.31154382004401,69,False
nasa,B0018,71,1.5334262000312422,24.0,3045.187,3.491819481711868,2.4057755306304176,4.187384370589753,1.8277268538779212,2.0205100517708847,30.913721930762733,37.767989299214086,23.009880638439665,5.436208714403808,1.5505452618898514,10678.531,4.164986318025767,4.204052050450068,0.5285974924234544,3.8578735683871583,24.012888073721715,27.392765467825583,1.5256558819522466,6.264603145811398,0.06319723456202592,0.0872013762847039,dataset,False,2.0,76.6713100015621,23.328689998437895,-1.853639414129816,0.23325224501191572,0.3865624801090439,0.1980904735163415,1.7816088399593357,14.758108660774422,1.0163138884934892,120.31997336240394,117.4613535064328,425.63007989358096,60.15998668120197,-0.29447216784029107,-0.42692127330514645,30.858766232948664,30.85872295610804,37.767989299214086,1.8167020276262433,45.0,,74.03688396147098,72.6390438877099,70.42230535583069,71.34213909227321,70,False
nasa,B0018,72,1.523845267514426,24.0,3028.469,3.493995853241935,2.4720838848798987,4.188929264481706,1.8181357480526956,2.0131819742858483,31.228215653165606,37.91919394450186,23.372100245576046,5.379713882520426,1.5341185197626317,10383.266,4.151906174644009,4.203103651800376,0.5601301753505701,3.5314683561386455,25.547225374528853,33.77922775093614,1.5728459661829002,6.411293289505189,0.06319723456202592,0.0872013762847039,dataset,False,2.0,76.1922633757213,23.807736624278704,0.4790466258408088,0.2016401390724539,0.38544424845709896,0.18474972193263425,1.716845379601807,14.547093698925817,0.9753774703607785,121.85409188216657,119.0341994726157,431.0097937761014,60.927045941083286,-0.18750955233935393,-0.3990789616206278,30.883144340189812,30.8796153308524,37.91919394450186,1.815720480502658,45.0,,73.67538904951239,72.12678182246216,69.84273891436207,70.32240741639832,71,False
nasa,B0018,73,1.5011920994261239,24.0,3012.937,3.484377015629623,2.342731326096539,4.1852697593324315,1.8087318986371326,2.013496073486494,31.261679783387308,37.99328509003338,23.432194318140894,5.310773441809406,1.5182648319863505,10374.842999999993,4.152033699480291,4.203208116707701,0.5506108406303722,3.5763495338026696,25.573544371551275,33.74157842610773,1.5429515341236872,6.292093353936665,0.06319723456202592,0.0872013762847039,dataset,False,2.0,75.05960497130619,24.940395028693814,1.1326584044151105,0.2721308638389914,0.3892629153347218,0.21027785764208745,1.8425384332358927,14.561090771892488,0.98400033857748,123.37235671415293,120.57715100673938,436.3205672179108,61.686178357076464,-0.14640381915680334,-0.384651486215896,30.91252239101455,30.90504908420762,37.99328509003338,1.8147009557801486,45.0,,73.40096426333051,71.96356438601657,69.67835185720338,69.67453746037576,72,False
nasa,B0018,74,1.492417671450291,24.0,2998.875,3.4859116793558376,2.4198650452188226,4.18799771486628,1.8068838629047144,2.0122733205325782,31.18408593575448,37.984838024989045,23.292599343405758,5.279709579156692,1.5094570857286351,10405.703,4.1537393739155535,4.20228120560863,0.5468591988966502,3.572443577923696,25.48016572856392,33.60485853099364,1.5395193868077632,6.28089881686611,0.06319723456202592,0.0872013762847039,dataset,False,2.0,74.62088357251456,25.379116427485442,0.4387213987916283,0.23893428206724251,0.3707212952579289,0.21508446587697164,1.7681326696474575,14.692238681583287,0.9804729311389425,124.88181379988157,122.11667039354715,441.6002767970675,62.440906899940785,-0.14762193260422646,-0.3758105405122251,30.933269350070482,30.928518238891478,37.99328509003338,1.8136572684765508,45.0,,72.9046177855951,71.43237840944109,69.46822146404737,69.41246756124659,73,False
nasa,B0018,75,1.483323851940123,24.0,2983.547,3.4842787539766786,2.438879997223475,4.187899339921793,1.8051301104523692,2.013027320256293,31.001432353085377,37.8288851383529,23.099397757771566,5.243858090928581,1.5004254386006994,10340.515,4.155095880424382,4.2029191401455,0.5459729645793945,3.6002842522833878,25.42239082688843,33.54245670906144,1.527638351575443,6.235695652628937,0.06319723456202592,0.0872013762847039,dataset,False,2.0,74.16619259700616,25.83380740299384,0.45469097550839876,0.24418724827931584,0.35466967567459223,0.2659143544958997,1.7490193426983178,14.729487380581336,0.9821862858138648,126.38223923848227,123.6443087451226,446.8441348879961,63.191119619241135,-0.17149039505464425,-0.3725973012476666,30.94364362345221,30.947435777172245,37.99328509003338,1.8125798922103418,45.0,,72.39330494445699,71.24513375002448,68.92825707833356,68.50939169210464,74,False
nasa,B0018,76,1.4807376792294196,24.0,2966.86,3.482988652120672,2.430465824271706,4.1882916128809375,1.8119470315792268,2.012954260463709,30.981374033120872,37.844837975501,23.03846743756316,5.233204327309775,1.4979242316045518,10715.234,4.1639946906482415,4.202818753024203,0.5228939217289913,3.824584704284191,24.406211878601937,27.907538462518954,1.5165270688698478,6.220992818755919,0.06332864514547537,0.08797976668527188,dataset,False,2.0,74.03688396147098,25.963116038529023,0.1293086355351818,0.25442780569960916,0.3713464965066538,0.25203203551357606,1.7578257886092317,14.806370537937841,0.9877332639507983,127.88016347008683,125.16083581399245,452.07733921530587,63.940081735043414,-0.17460713889224858,-0.36088099061856427,30.960212204526364,30.938540568652915,37.99328509003338,1.8115559457361095,45.0,,72.6390438877099,73.49057662262062,69.24505550428735,68.9847583280431,75,False
nasa,B0018,77,1.4735077809902477,24.0,2954.797,3.483799876979844,2.4907267597860656,4.187409532380725,1.8022960362005227,2.012741175686338,31.088687926688607,37.8984610468502,23.110947703655086,5.183890927326332,1.4839786746133619,10396.641,4.15586544434178,4.203694836682205,0.5372383498823035,3.5871660355638757,25.261305257060375,33.496253713087526,1.5131807690715142,6.179118525951566,0.06332864514547537,0.08797976668527188,dataset,False,2.0,73.67538904951239,26.32461095048761,0.3614949119585873,0.24375907043474995,0.34665167290106524,0.24872355183898975,1.6966827725946594,14.787513343195116,0.9807015162662484,129.3641421447002,126.67401658306396,457.2612301426322,64.6820710723501,-0.19781420396811486,-0.3551489323418606,30.996462189280113,30.935182507747058,37.99328509003338,1.8104732672500439,45.0,,72.12678182246216,72.62909825525101,68.51625907121222,68.43293161967841,76,False
nasa,B0018,78,1.46801928526661,24.0,2945.735,3.4787540756450497,2.3678328028644775,4.188656943531829,1.8094290000039503,2.013377348559974,31.336420133762665,38.27784043980244,23.4240998983518,5.183278072880585,1.4853375143148984,10412.625,4.157340471847523,4.202703303959949,0.5332626233538317,3.608196410697763,25.442110123070492,33.40840537983315,1.5048102940732475,6.14737377825787,0.06332864514547537,0.08797976668527188,dataset,False,2.0,73.40096426333051,26.599035736669492,0.27442478618188204,0.19253713709259018,0.3154894152227701,0.2438270137181189,1.820824140667351,14.853740541450641,0.9870596447704781,130.8494796590151,128.1788268771372,462.44450821551277,65.42473982950754,-0.25888628105963213,-0.3558184598939762,31.053285490005372,30.949908944015956,38.27784043980244,1.8109568448013451,45.0,,71.96356438601657,72.1417099454397,68.6673219261454,68.13685889548219,77,False
nasa,B0018,79,1.4580923557119019,24.0,2941.375,3.4752194351784507,2.3532703553328904,4.188198669984733,1.8001710585950088,2.013211476410487,31.22599987103565,38.24434303919528,23.211014993257855,5.142423018080772,1.47537035883291,10393.5,4.156639963470775,4.202371235103818,0.5325624309668737,3.590006273756836,25.475101660981416,33.89025119073222,1.498849716833529,6.121933157820731,0.06332864514547537,0.08797976668527188,dataset,False,2.0,72.9046177855951,27.095382214404907,0.49634647773541474,0.21664799970695442,0.3081307709511151,0.24117547941478507,1.834928314651843,15.033328045937424,0.9843350819385537,132.324850017848,129.67767659397072,467.58693123359353,66.162425008924,-0.3407098243649375,-0.36180566894694044,31.09834395973016,30.96608076660366,38.27784043980244,1.8099620322052072,45.0,,71.43237840944109,71.41880294039746,68.39743642752407,68.17025566964037,78,False
nasa,B0018,80,1.4478660988891399,24.0,2923.953,3.470739535801023,2.362897904778893,4.184528192003684,1.7982783434087146,2.0142936610392694,31.037323488688802,38.06956259266949,22.93446707088835,5.0993276087973936,1.465230346646512,10401.437,4.1575014571052815,4.203206788665526,0.5277542912039049,3.6092514625801555,25.307439939152406,33.67181151242727,1.490566130393263,6.090513854550902,0.06438276069827963,0.09108149736581252,dataset,False,2.0,72.39330494445699,27.606695055543014,0.5113128411381069,0.2424365642975303,0.31574116697278953,0.24617054503517097,1.8216302872247914,15.135095521781142,0.983002576517644,133.79008036449451,131.16824272436398,472.68625884239094,66.89504018224726,-0.4410579417530326,-0.3697976264980831,31.125894110945204,30.976964917285716,38.27784043980244,1.8088729943712256,45.0,,71.24513375002448,70.77273922185357,67.83570543544823,67.59323017652616,79,False
nasa,B0018,81,1.4527808777541982,24.0,2921.031,3.474600910003521,2.420200016704328,4.1927676322495895,1.8059082478297526,2.013245286480298,30.811349225731828,37.81744565252647,22.715597927537367,5.120899324365471,1.470153969668106,10810.0,4.167061565258114,4.203846224766009,0.5063517290839918,3.8267582961531246,24.228766655243138,27.841937781961864,1.4867130788099046,6.106100404041731,0.06322621852227772,0.08762970040962542,dataset,False,2.0,72.6390438877099,27.360956112290097,-0.2457389432529169,0.4032266113852202,0.44172887425138185,0.22912183012261067,1.7725676155452614,15.101847724989106,0.9888619334975826,135.26023433416262,132.6549558031739,477.80715816675644,67.63011716708131,-0.37503990562199707,-0.3354949628021591,31.115656840442124,30.977019349183724,38.27784043980244,1.8066911337664089,45.0,,73.49057662262062,72.7288335038854,73.02155104597287,67.7398486482631,80,False
nasa,B0018,82,1.4425356364492432,24.0,2902.75,3.4740521567700093,2.472605886588914,4.187873640279204,1.7960421274876461,2.0138967840468363,30.932223179746046,37.902567770354786,22.816866662883296,5.058976002881874,1.4530314345800834,10428.437,4.158766825845978,4.203134188181427,0.5243093424611026,3.6115199004130396,24.963204935100002,33.364263464126466,1.4812125179995328,6.055480626227698,0.06322621852227772,0.08762970040962542,dataset,False,2.0,72.12678182246216,27.873218177537836,0.5122620652477394,0.40654815532591326,0.3957984415715009,0.23444142539412524,1.7152677536902896,15.08570110747149,0.9809743145720172,136.7132657687427,134.13616832117341,482.8661341696383,68.35663288437135,-0.32002392551384223,-0.3140313147953667,31.08605759310016,30.972746932745554,38.27784043980244,1.8044817717099035,45.0,,72.62909825525101,71.41589774137029,72.50499468552049,67.05257203202424,81,False
nasa,B0018,83,1.4392712877203313,24.0,2897.875,3.475075728648004,2.483165462226557,4.1880559282136725,1.7951360727402537,2.0132739002306224,31.215527070380897,38.16628336469349,23.144424017860068,5.049124108611203,1.4498058640319766,10419.094,4.159694445762706,4.202603243160275,0.5213161860345378,3.635405518453947,25.16228062347318,33.28018802891137,1.4725402809547632,6.02177922668283,0.06322621852227772,0.08762970040962542,dataset,False,2.0,71.96356438601657,28.03643561398343,0.16321743644559206,0.30960405852896145,0.34798808804375253,0.2262516429275621,1.7048904659871154,15.021859346833423,0.9845610899634976,138.1630716327747,135.6087086021282,487.9152582782495,69.08153581638734,-0.3001427106787671,-0.30004754353347485,31.08144232179952,30.9796974342979,38.27784043980244,1.803122189120216,45.0,,72.1417099454397,70.98513441602029,71.90703450912248,,82,False
nasa,B0018,84,1.4286475681888218,24.0,2892.094,3.472424307596416,2.4341986830086237,4.188063095530185,1.7941739344584164,2.0131642650090824,31.400797084337558,38.36789486715962,23.36546101646915,5.033496738816558,1.4461706765957354,10352.953,4.159541006244862,4.203115915060355,0.5223345088469911,3.633138654442405,25.473037712821245,33.54622835649592,1.4664920212205264,5.997015272231424,0.06322621852227772,0.08762970040962542,dataset,False,2.0,71.43237840944109,28.567621590558915,0.531185976575486,0.31885051630734723,0.32689772855961224,0.2285448893943868,1.7538644125215614,15.002433850690469,0.9861428877002154,139.60924230937042,137.0752006233487,492.94875501706605,69.80462115468521,-0.3009556049667712,-0.2948593984605361,31.103113436657832,30.99733794985093,38.36789486715962,1.8018511962755859,45.0,,71.41880294039746,70.77803315153258,71.41840990482157,,83,False
nasa,B0018,85,1.4249026750004896,24.0,2886.921,3.471751102262539,2.497859027600416,4.185913481526783,1.7843016718137399,2.012453716602352,31.259213269721236,38.19823604401131,23.10859423301546,4.992633949457752,1.4354893038388128,10296.766,4.159606167273364,4.2026495322294055,0.5239587163499169,3.628238174046095,25.473217443634713,33.71876019570778,1.4625415446633654,5.981088170375333,0.06275964602343843,0.09224881675419787,dataset,False,2.0,71.24513375002448,28.75486624997552,0.1872446594166064,0.292105884698168,0.32339701413878574,0.22332148052891512,1.6880544539263673,15.08964181099585,0.9815032667459855,141.04473161320922,138.53774216801207,497.9413889665238,70.52236580660461,-0.30364602858322803,-0.2878607960477439,31.128891528321418,31.013965949555658,38.36789486715962,1.7997683524117236,45.0,,70.77273922185357,70.2840017709614,70.73937258776216,,84,False
nasa,B0018,86,1.4698115324524124,24.0,2942.531,3.4745407296058963,2.3747408457948316,4.187259539606346,1.813788499367627,2.013506755621097,31.134701292957466,38.099982807571635,23.10528361267006,5.1868300247498516,1.4874337696713922,10289.437,4.1708279128535635,4.202812507013382,0.5166791512782289,3.8650101474619176,24.10483300906097,27.32803519924954,1.4437291044672544,5.946323249441153,0.06306423201152148,0.08878755046571668,dataset,False,2.0,73.49057662262062,26.509423377379377,-2.2454428725961435,0.054630733885035455,0.2205302331624256,0.16895861734631382,1.8125186938115148,14.994699194901575,1.030272067709174,142.5321653828806,139.98147127247933,503.1282189912736,71.2660826914403,-0.15707155185761779,-0.2571781218264507,31.14422425430508,31.027467705242042,38.36789486715962,1.799952499190563,45.0,,72.7288335038854,70.42230535583069,70.6944581696591,,85,False
nasa,B0018,87,1.4525819651050202,24.0,2912.469,3.471720060423485,2.3589340839760866,4.187670932765983,1.8110727721248212,2.014872086495032,31.246879695988095,38.214523782841354,23.26167836334653,5.121465701979156,1.470234223570346,10371.906,4.156182084734813,4.203121346196286,0.5374710075552503,3.560431495545415,25.452975839922793,33.83835108253136,1.5117652719858652,6.173495104011908,0.06306423201152148,0.08878755046571668,dataset,False,2.0,72.62909825525101,27.37090174474899,0.8614783673696138,0.10462907942613811,0.22318266044779306,0.17506672562118608,1.8287368487898967,14.952845419494825,0.972528110557161,144.00239960645095,141.4932365444652,508.2496846932528,72.00119980322548,-0.07496455792091851,-0.23815826644164223,31.16004343123502,31.0379655098514,38.36789486715962,1.8008301727829932,45.0,,71.41589774137029,69.84273891436207,69.94665831088612,,86,False
nasa,B0018,88,1.442834198908794,24.0,2895.594,3.471398409828823,2.4413266342198545,4.187836103953847,1.800843536656487,2.0126300040805116,31.027558674438325,37.939696536164234,23.027044613835702,5.059347416368817,1.453522257768359,10237.156000000003,4.156874560190854,4.20322353008349,0.5367100247839943,3.5760385691476957,25.338235649853683,33.89542839693603,1.489239222628898,6.084232683497682,0.06306423201152148,0.08878755046571668,dataset,False,2.0,72.1417099454397,27.8582900545603,0.4873883098113083,0.12592543178908072,0.22556814657025598,0.1793195033637261,1.7465094697339927,14.912651922328532,0.9760166370064515,145.4559218642193,142.9824757670941,513.3090321096216,72.72796093210965,-0.025055053970759144,-0.22362291739859597,31.12915728530259,31.040351885823338,38.36789486715962,1.7999716264482466,45.0,,70.98513441602029,69.67835185720338,69.76661292016988,,87,False
nasa,B0018,89,1.428376058807949,24.0,2884.406,3.4626491088970703,2.311419659807122,4.18719517574786,1.7987451761291422,2.012054810012164,30.931917385258963,38.06666733482501,22.789023525262486,5.021651981795046,1.446146162411028,10366.422,4.15872128163076,4.2029308737102555,0.5235964096589769,3.61234134501153,25.051202036186005,33.45795823700358,1.4713143863617215,6.015125263605097,0.06306423201152148,0.08878755046571668,dataset,False,2.0,71.41880294039746,28.581197059602545,0.722907005042245,0.14858148451976377,0.2236569381115811,0.1856305922388094,1.8757755159407377,15.277643809562527,0.9828940543340096,146.90206802663033,144.4537901534558,518.3306840914166,73.45103401331517,-0.032402917685378105,-0.2191295792869871,31.099749036724923,31.038563927425884,38.36789486715962,1.79982903820166,45.0,,70.77803315153258,69.46822146404737,69.50230647701225,,88,False
nasa,B0018,90,1.4154547844370715,24.0,2873.766,3.466072725920186,2.4953159238201255,4.183339938829854,1.7805436810978414,2.011816454093025,30.667082236656018,37.63260475617888,22.47935333131366,4.951975257661115,1.4262429879848186,10387.703,4.158825287656152,4.203192770006549,0.5173988590101501,3.6063568756853694,24.857491491420344,33.483938310649464,1.4603866244163892,5.971693949424571,0.06306423201152148,0.08878755046571668,dataset,False,2.0,70.77273922185357,29.22726077814643,0.6460637185438856,0.16205657226034162,0.2334130343178299,0.26059683100539077,1.6880240150097285,15.153251424865218,0.9766201388997141,148.32831101461514,145.9141767778722,523.2826593490778,74.16415550730757,-0.09106826642435173,-0.22032042443982136,31.062724911521645,31.029339632121406,38.36789486715962,1.7980555719705726,45.0,,70.2840017709614,68.92825707833356,69.30135727104823,,89,False
nasa,B0018,91,1.454576670077708,24.0,2893.375,3.4730670533412877,2.4398479869382084,4.192209704853633,1.8167789860440038,2.0147251295387147,31.226789107710772,38.18223603956323,23.14563143539215,5.104231977944415,1.4653461068664648,10808.578,4.172421381214697,4.203657566485503,0.4918000776053893,3.8380439403065476,24.14870072035666,27.37853814906628,1.445021597031396,5.95385148999721,0.0654312939216661,0.08842632755307295,dataset,False,2.0,72.7288335038854,27.271166496114603,-1.9560942820318274,-0.00897896161754943,0.15409314058326687,0.19472397247449094,1.752361717915425,15.036604604171078,1.0140651945111567,149.7936571214816,147.3591983749036,528.3868913270222,74.8968285607408,-0.007011746319235166,-0.1992353330964974,31.104268899719536,31.045783667534664,38.36789486715962,1.799142645791998,45.0,,70.42230535583069,69.24505550428735,69.41076300968754,,90,False
nasa,B0018,92,1.4283179548274056,24.0,2884.9839999999967,3.4668548162926327,2.376538319699514,4.1866224559264715,1.7982196580886103,2.01362953818943,31.387733116648285,38.3907466519188,23.299987417730907,5.028683895643796,1.446160092849652,10353.906,4.157817974541077,4.202851879740705,0.5258692132050904,3.583972565372209,25.453269592318446,34.022517442059645,1.4813883756378485,6.054008633358274,0.0654312939216661,0.08842632755307295,dataset,False,2.0,71.41589774137029,28.584102258629713,1.3129357625151101,0.07108840810918764,0.18788328049958408,0.20406503703068438,1.8100841362269575,15.090759234187896,0.9762194145927275,151.23981721433125,148.84058675054143,533.415575222666,75.61990860716563,-0.029809067503285158,-0.19198814181124116,31.149819893409763,31.072245469034552,38.3907466519188,1.7993603988520945,45.0,,69.84273891436207,68.51625907121222,68.80913281197249,,91,False
nasa,B0018,93,1.4197026883204058,24.0,2870.234,3.46527367520258,2.3722299202290382,4.186945959000922,1.7965749976228835,2.0143431411678145,31.505666838292886,38.51622654624205,23.43938495660897,4.996033442247438,1.437672085234983,10326.266,4.158597231211127,4.203036522259961,0.523653714454174,3.595672667640784,25.57251082982669,33.85819366593843,1.46552305296703,5.991174899914466,0.0654312939216661,0.08842632755307295,dataset,False,2.0,70.98513441602029,29.014865583979713,0.43076332535000006,0.09784299699962844,0.1736480487294449,0.1967132835821718,1.8147160387718837,15.076841589633084,0.980995885615268,152.67748929956625,150.30610980350846,538.4116086649135,76.33874464978312,-0.07836695575925649,-0.19297052856179917,31.178833870200958,31.101744657505865,38.51622654624205,1.7995042913403574,45.0,,69.67835185720338,68.6673219261454,68.23584449320083,,92,False
nasa,B0018,94,1.4155606630306516,24.0,2864.11,3.4638878223448684,2.361475505115684,4.1874400308161395,1.7954761404060116,2.013805013275104,31.5462258449116,38.56612180540248,23.52414825084503,4.979366123500388,1.4335912766929997,10329.797,4.159896562008179,4.202699143699648,0.5204877628597245,3.6057009484624816,25.65567263165318,33.96042454054935,1.4594707473045423,5.96826673364881,0.0654312939216661,0.08842632755307295,dataset,False,2.0,70.77803315153258,29.221966848467417,0.20710126448770438,0.06543452579085027,0.17172258524528217,0.19534217479428606,1.8259645257004555,15.041973554557451,0.9822679072812259,154.11108057625924,151.765580550813,543.3909747884139,77.05554028812962,-0.16177391784994136,-0.19507761225567197,31.19337674625836,31.132577084350814,38.56612180540248,1.799634511935117,45.0,,69.46822146404737,68.39743642752407,67.94927369686792,,93,False
nasa,B0018,95,1.405680035419228,24.0,2846.64,3.457807923440064,2.317937855025735,4.1845980039811215,1.793869219146701,2.0140103653857673,31.389977882297476,38.5606541602861,23.166973356692417,4.935547920870072,1.4237164086603935,10225.578,4.1608536964621665,4.202132510889835,0.5082170963191034,3.6099213769677596,25.542185816511246,33.969053050544986,1.448502497228279,5.924067924370093,0.0640350502034096,0.09164169330042057,dataset,False,2.0,70.2840017709614,29.715998229038604,0.4940313805711867,0.0961131979063083,0.18134675265883574,0.18978383395033774,1.8666601489553867,15.393680803593682,0.9828884737062492,155.53479698491964,153.2140830480413,548.326522709284,77.76739849245982,-0.27667956577641495,-0.2009769001601166,31.206453207515988,31.15770332058118,38.56612180540248,1.800591266668413,45.0,,68.92825707833356,67.83570543544823,67.31154382004401,,94,False
nasa,B0018,96,1.4084461071166137,24.0,2839.532,3.459813554486507,2.3372859753156225,4.186742025132256,1.8014995411383479,2.01313706710909,31.385433749863733,38.53842073636507,23.275962802186438,4.948010182921011,1.4264800412761134,10555.171,4.168853506012904,4.203800521423536,0.5030390158489982,3.819453299600238,24.65390943265731,28.14892462736424,1.4426607118036585,5.9316728654849555,0.06431683619311312,0.08680690256687046,dataset,False,2.0,70.42230535583069,29.577694644169313,-0.13830358486929129,0.30682712667899353,0.24996018582925672,0.3182613329691503,1.8494560498166335,15.26245793417863,0.9887841469618206,156.96127702619575,154.65674375984494,553.274532892205,78.48063851309787,-0.22269510569982345,-0.1835757078964137,31.23152645320662,31.176571793345218,38.56612180540248,1.799362370845485,45.0,,69.24505550428735,73.02155104597287,71.34213909227321,,95,False
nasa,B0018,97,1.3968547782872414,24.0,2832.703,3.458027727779737,2.3528810264952194,4.1871520936423146,1.7916225516906055,2.0146560328783325,31.423707199142058,38.548873480234754,23.24250038456045,4.904426586080182,1.4148975484761006,10318.984,4.161749886105167,4.202486057204443,0.5021577783556427,3.591113925276393,25.392539559644987,34.023234828513274,1.4439358101497581,5.906930674875268,0.06431683619311312,0.08680690256687046,dataset,False,2.0,69.84273891436207,30.157261085637927,0.5795664414686144,0.2786359340888936,0.25398097845436896,0.319712613455734,1.8342710671470952,15.306373095674303,0.9798895065351653,158.37617457467184,156.1006795699947,558.1789594782852,79.18808728733592,-0.22056408490021318,-0.17150789931565266,31.249209203522007,31.184391455184283,38.56612180540248,1.7974173488020635,45.0,,68.51625907121222,72.50499468552049,70.32240741639832,,96,False
nasa,B0018,98,1.3935670371440676,24.0,2827.077999999994,3.4613996718507845,2.4646122144537173,4.187096292904282,1.7818723066157318,2.013905602750019,31.435368910968148,38.45838357496903,23.25643130784119,4.870612836303778,1.4045805842347105,10242.609,4.161033104783028,4.203445628839536,0.513936255645595,3.6060623804885976,25.446963800887378,33.87472098316312,1.4319074746810307,5.859762736969391,0.06431683619311312,0.08680690256687046,dataset,False,2.0,69.67835185720338,30.32164814279662,0.16438705715869162,0.2463358088236319,0.2152501245641122,0.302256519949417,1.7224840784505644,15.201952267127837,0.9809157428608245,159.78075515890654,157.53258704467572,563.0495723145889,79.89037757945327,-0.226118132225302,-0.16739984418253742,31.289990227174997,31.191339020287515,38.56612180540248,1.795520225797988,45.0,,68.6673219261454,71.90703450912248,69.67453746037576,,97,False
nasa,B0018,99,1.3893644292809475,24.0,2821.531,3.4611285476693214,2.4684655225527004,4.187367312766795,1.7798215335831953,2.0129862192992305,31.542375291159843,38.54382874673793,23.40948042071164,4.855412859991152,1.4003968061814789,10148.125,4.161515653822334,4.202891384704809,0.516030689939569,3.6291452874022956,25.550044778754145,33.628019118131256,1.4232100492842077,5.826304005097032,0.06431683619311312,0.08680690256687046,dataset,False,2.0,69.46822146404737,30.531778535952625,0.2101303931560068,0.1950581476350081,0.20610648433868733,0.2884138897983081,1.7189017902140944,15.134348326026291,0.9839705719375699,161.18115196508802,158.95579709395992,567.90498517458,80.59057598254401,-0.2614687517770341,-0.16547924273254694,31.351036017765086,31.205670594503726,38.56612180540248,1.7936278615433934,45.0,,68.39743642752407,71.41840990482157,69.41246756124659,,98,False
nasa,B0018,100,1.3785651415666713,24.0,2805.156,3.455556822823358,2.4092923539400735,4.18534593452204,1.7857845674580486,2.0130373888261315,31.52669677306915,38.650883957434026,23.25216185853628,4.836060447040051,1.3969493734241456,10333.687,4.162609777349233,4.203095752943368,0.5059805839562793,3.637912819290177,25.560938902561947,33.69818797179976,1.4195723891698693,5.812355917434318,0.06546443423939434,0.0925002319045349,dataset,False,2.0,68.92825707833356,31.07174292166644,0.5399643857138159,0.18444821435200112,0.20951742074690402,0.2820935482107481,1.7760535805819666,15.398722098897746,0.9840634997423745,162.57810133851217,160.3753694831298,572.7410456216201,81.28905066925608,-0.34569947692093034,-0.16912625143771445,31.436997471406396,31.226681171303074,38.650883957434026,1.794151950179414,45.0,,67.83570543544823,70.73937258776216,68.50939169210464,,99,False
nasa,B0018,101,1.384901110085747,24.0,2814.906,3.459598362944341,2.477625480372779,4.186646524222555,1.7784697702070318,2.012440412153309,31.435921914290372,38.45654834997334,23.267794615238977,4.836883056629451,1.3959511508685365,10501.25,4.170174003547436,4.20206279696643,0.49426172377002403,3.8208384484922937,24.66855691720926,28.153870845632895,1.412168065813931,5.810607357108886,0.06545297065463919,0.0888408418585299,dataset,False,2.0,69.24505550428735,30.75494449571265,-0.3167984259537917,0.34837779995980467,0.19167313828734506,0.28150981739699943,1.7090210438497757,15.188753734734362,0.9885162996261018,163.9740524893807,161.78753754894373,577.5779286782495,81.98702624469036,-0.25988664313771165,-0.1671128721673749,31.457910752064357,31.24486308654986,38.650883957434026,1.790321028595717,45.0,,73.02155104597287,70.6944581696591,68.9847583280431,,100,False
nasa,B0018,102,1.3703251814242443,24.0,2801.156,3.4506569891269216,2.335608852853518,4.184730834033599,1.7779631110390546,2.014185743260078,31.475238112886494,38.6564130442344,23.181832500776718,4.801300092956453,1.3887139523557233,10317.235,4.162381635047658,4.20267699398556,0.5025053779531566,3.6309691484460576,25.378329503723524,33.56071799477596,1.4108183090024888,5.7771138990812245,0.06545297065463919,0.0888408418585299,dataset,False,2.0,68.51625907121222,31.483740928787782,0.7287964330751322,0.2899638670158069,0.20636519913200688,0.2765084360165361,1.8491219811800805,15.47458054345768,0.9843322442686512,165.36276644173643,163.1983558579462,582.3792287712059,82.68138322086821,-0.2591277807856775,-0.1717557718164052,31.466661251688173,31.260325093997775,38.6564130442344,1.788295373890761,45.0,,72.50499468552049,69.94665831088612,68.43293161967841,,101,False
nasa,B0018,103,1.3733464385229082,24.0,2794.187,3.455515243082573,2.441999086782534,4.187175976285891,1.776571638758199,2.014463667770562,31.5817445550721,38.655587491253975,23.347201662807525,4.791357303593649,1.3844153585501675,10206.859,4.162750747178852,4.203826360237285,0.5086312363138156,3.6147315013489987,25.490176768563206,33.73187121626518,1.4108388631122213,5.777503846521311,0.06545297065463919,0.0888408418585299,dataset,False,2.0,68.6673219261454,31.332678073854595,-0.15106285493318694,0.2317812489874882,0.1893456934874041,0.25241755435508706,1.745176889503357,15.30838582844645,0.9812710684026912,166.7471818002866,164.60919472105843,587.1705860747995,83.3735909001433,-0.2436995459738627,-0.17377993145225365,31.474269023366098,31.27013807085015,38.6564130442344,1.7862950380042926,45.0,,71.90703450912248,69.76661292016988,68.13685889548219,,102,False
nasa,B0018,104,1.3679487285504814,24.0,2785.391,3.455840338587253,2.4651687831472158,4.186108406696249,1.7754506013455535,2.0133489214151132,31.647958536134297,38.6997087046862,23.433341482891272,4.77237238688276,1.3790358254456443,10173.703,4.164253939009342,4.203161411020839,0.4913133436589995,3.631913403809718,25.519272260346444,33.750738523169446,1.4036747495994495,5.748642158976088,0.06545297065463919,0.0888408418585299,dataset,False,2.0,68.39743642752407,31.60256357247593,0.2698854986213348,0.23805967240085124,0.1802872543228409,0.244209012636978,1.7209396235490333,15.26636722179493,0.982446842360856,168.12621762573224,166.01286947065788,591.9429584616823,84.06310881286612,-0.22870439247845004,-0.17961754328566623,31.48444229248837,31.287016417454097,38.6997087046862,1.784292484098247,45.0,,71.41840990482157,69.50230647701225,68.17025566964037,,103,False
nasa,B0018,105,1.3567141087089647,24.0,2779.5,3.448678293668265,2.370892032033162,4.183460397462309,1.774390955906574,2.013428528654807,31.662032275252905,38.87481687744787,23.298067848672567,4.750287091291276,1.3751421317926003,10078.407000000007,4.162950595982994,4.2027125732168695,0.5091742336148688,3.6455373738952264,25.65782286764763,33.78172962289607,1.3958012498657295,5.7176453360412305,0.06605675981972527,0.09024364278181114,dataset,False,2.0,67.83570543544823,32.16429456455177,0.5617309920758373,0.24482963355131632,0.18230398036035012,0.24902257366656982,1.8125683654291467,15.576749028775303,0.9851990975970851,169.50135975752482,167.40867072052362,596.6932455529736,84.75067987876241,-0.24842881878272602,-0.19228643010495103,31.51164773178391,31.31200476891666,38.87481687744787,1.7823446577742341,45.0,,70.73937258776216,69.30135727104823,67.59323017652616,,104,False
nasa,B0018,106,1.4604310209194575,24.0,2899.234,3.474503178644755,2.461879783248223,4.187091541628412,1.819794772496375,2.01277944734302,30.434500875864142,37.363974526077364,22.45542569835154,5.130569952949195,1.4715777147850138,10653.719,4.173684466340272,4.202970107730749,0.4802396291493718,3.874364185211413,23.343285627002313,26.510166321530292,1.39181249828466,5.7389656365975945,0.06550914978909368,0.08957234616173203,dataset,False,2.0,73.02155104597287,26.97844895402713,-5.1858456105246376,-0.25992456901421834,-0.015300286330518702,0.21321429396043157,1.7252117583801891,14.908548827725824,1.0573103177322092,170.97293747230984,168.80048321880827,601.8238155059228,85.48646873615492,0.05360761915124238,-0.1511227376183953,31.41655444438395,31.296930834921955,38.87481687744787,1.7841741809100369,45.0,,70.6944581696591,69.41076300968754,67.7398486482631,,105,False
nasa,B0018,107,1.4500998937104097,24.0,2894.922,3.474031881945217,2.4247066368907255,4.18736921126964,1.8099274121091273,2.0200047420918392,31.017997058077018,37.88258787662229,23.061560846748243,5.09571277437216,1.4612838576161555,10418.265,4.156451549681618,4.203744225498938,0.5281195037393535,3.5275473531125288,24.967082308519945,33.26311506460614,1.4963999449778014,6.108872951002876,0.06550914978909368,0.08957234616173203,dataset,False,2.0,72.50499468552049,27.495005314479513,0.516556360452384,-0.2662255771158414,-0.01512851452233292,0.190334963524584,1.7626625743789148,14.821027029874045,0.9765329533193969,172.434221329926,170.29688316378608,606.9195282802949,86.217110664963,0.25732448447605516,-0.12014411461792654,31.37598343027745,31.300361790055195,38.87481687744787,1.786004666951889,45.0,,69.94665831088612,68.80913281197249,67.05257203202424,,106,False
nasa,B0018,108,1.4381406901824496,24.0,2888.25,3.474404210386772,2.4447222974031386,4.187597633155394,1.7994716802739485,2.0133646895300226,31.39483761465523,38.158980736604235,23.475330204930167,5.053907214982187,1.4493262652033978,10094.985,4.155486169449989,4.202335936360702,0.539976570567083,3.5446829679100693,25.573348127075526,33.62887168983149,1.4800362519972756,6.042060904809449,0.06550914978909368,0.08957234616173203,dataset,False,2.0,71.90703450912248,28.092965490877518,0.5979601763980043,-0.2228682651919101,0.002261195075763567,0.17512464155975807,1.7428753357522555,14.683650531674068,0.9792505171731872,173.88354759512941,171.77691941578334,611.973435495277,86.94177379756471,0.38519643611210885,-0.09660823135101551,31.37193030064616,31.30753421182617,38.87481687744787,1.787764604317711,45.0,,69.76661292016988,68.23584449320083,,,107,False
nasa,B0018,109,1.4283681980964316,24.0,2873.906,3.471767043833224,2.443569395327192,4.187608979498198,1.7960312665730238,2.0145941601021073,31.24511885640641,38.05243159675446,23.342810660410986,5.01661670459532,1.4402645289899394,10110.108999999997,4.1568851217769796,4.20330985503628,0.5354684029560242,3.5582225653772324,25.545704002011487,33.71904176342745,1.4712337046160169,6.008798921361463,0.06550914978909368,0.08957234616173203,dataset,False,2.0,71.41840990482157,28.581590095178427,0.4886246043009095,-0.19501884407741982,0.000558740184780504,0.16372823437219636,1.7440395841710061,14.709620936343473,0.9789501997344737,175.32381212411934,173.24815312039937,616.9900521998724,87.66190606205967,0.44539310855264025,-0.08285110429195157,31.34220465717081,31.301307082708924,38.87481687744787,1.7893855776166934,45.0,,69.50230647701225,67.94927369686792,,,108,False
nasa,B0018,110,1.4147874517552432,24.0,2847.406,3.4685305272975935,2.4666000274194886,4.186194120124063,1.7958067536887055,2.0124706482591095,31.05306925187263,37.89096376444466,23.05129068270268,4.960182645241674,1.426028472969103,10105.172,4.15753550770743,4.203179984201726,0.5306965612972482,3.575442597430164,25.35196919383656,33.54065773317013,1.4578667070232512,5.956952580734887,0.06550914978909368,0.08957234616173203,dataset,False,2.0,70.73937258776216,29.260627412237838,0.6790373170594108,-0.18111155094286033,0.02023044649049268,0.1718137303146392,1.7195940927045745,14.839673081741985,0.9781610802271786,176.74984059708845,174.7060198274226,621.9502348451141,88.37492029854423,0.4089151083996235,-0.07722371559635469,31.294841905051157,31.29306132199498,38.87481687744787,1.7903877962397594,45.0,,69.30135727104823,67.31154382004401,,,109,False
nasa,B0018,111,1.413889163393182,24.0,2849.281,3.4651213646662598,2.4272514813701016,4.186991375693876,1.793095983967619,2.0131822133527364,30.88589263299331,37.81203585126145,22.881894923564886,4.95450839609751,1.4257777409789862,10466.765,4.167562376512157,4.202562976491467,0.5079868972987502,3.816270726939115,24.306296956106422,27.797561801513456,1.446370963190596,5.942773785131794,0.06602461415916355,0.0893968694708912,dataset,False,2.0,70.6944581696591,29.3055418303409,0.04491441810306185,-0.14494026653717498,0.11184473811846089,0.16618748564044325,1.7597398943237743,14.930140927696563,0.9857621435055758,178.17561833806744,176.1523907906132,626.9047432412116,89.08780916903372,0.3691542106933167,-0.04916744575554551,31.239838976921455,31.28310897559641,38.87481687744787,1.791850417615818,45.0,,69.41076300968754,71.34213909227321,,,110,False
nasa,B0018,112,1.3989331662177225,24.0,2833.688,3.4652879859475885,2.4762628371779,4.185443351643291,1.784522220258497,2.0130225462243683,31.053992379018933,37.9591954678784,22.925649519285958,4.898966860386709,1.4101827774680211,10183.125,4.159079563061728,4.204210716962248,0.5195698990426458,3.5802733736761847,25.04791563153191,33.24550252433356,1.441536209955388,5.894411922181684,0.06602461415916355,0.0893968694708912,dataset,False,2.0,69.94665831088612,30.05334168911388,0.7477998587729786,-0.14303992396739035,0.1072975977745955,0.1652401291111943,1.7091805144653907,15.033545948592444,0.9782499861808278,179.58580111553545,177.59392700056858,631.8037101015983,89.79290055776772,0.22244928375351053,-0.034477867167136494,31.1977144035347,31.275393482917643,38.87481687744787,1.7925063285377623,45.0,,68.80913281197249,70.32240741639832,,,111,False
nasa,B0018,113,1.3953322584033976,24.0,2826.453,3.461799526154992,2.3607989727330003,4.186308413669027,1.793634938624377,2.0189079388265974,31.492840068071885,38.521043498835155,23.438805891313166,4.910648420338565,1.4140778570334955,10023.328,4.159784786829386,4.202376618036477,0.5256350285039962,3.602019350986794,25.39894282334293,33.25183568543322,1.434008910716034,5.865271252159023,0.06602461415916355,0.0893968694708912,dataset,False,2.0,69.76661292016988,30.233387079830123,0.18004539071624492,-0.10992909940244715,0.09500388101079295,0.16028601379052446,1.825509440936027,15.08223760752199,0.9861011646904018,180.99987897256895,179.02793591128463,636.7143585219369,90.49993948628448,0.0586563835317123,-0.02426071378778695,31.188823954834675,31.294004738662988,38.87481687744787,1.7942126585243803,45.0,,68.23584449320083,69.67453746037576,,,112,False
nasa,B0018,114,1.390046129540245,24.0,2818.312,3.463260140320492,2.377011586588198,4.187179397572641,1.7921712656095332,2.012765928007659,31.93832684630049,38.878687997701746,23.89396136161553,4.89429324777055,1.4088090765908405,9974.5,4.159248824758058,4.202638726430576,0.527407741677896,3.573674737571567,25.887841606934128,33.985445246183865,1.4316273540977345,5.853770880175877,0.06602461415916355,0.0893968694708912,dataset,False,2.0,69.50230647701225,30.497693522987745,0.2643064431576221,-0.11048700494881843,0.07665985853540803,0.15015839832349456,1.810167810984443,14.984726636086215,0.9840613009792099,182.4086880491598,180.45956326538237,641.6086517697074,91.2043440245799,-0.15087033766767,-0.021885384530106557,31.217860785851293,31.334261117104646,38.878687997701746,1.795884724950778,45.0,,67.94927369686792,69.41246756124659,,,113,False
nasa,B0018,115,1.3860271454209647,24.0,2812.7189999999973,3.462839429201602,2.4567563196678455,4.1854460754417,1.7810627455284795,2.0130424938927276,31.74562722135923,38.65118899876309,23.638036923350842,4.850460044147389,1.3974079439991218,10062.969,4.159959586593152,4.202951503258163,0.522017254100725,3.569944785978592,26.10841222140624,34.35620577687582,1.4296202855710727,5.845766319010695,0.06528925688517716,0.0913916544478255,dataset,False,2.0,69.30135727104823,30.698642728951768,0.20094920596402233,-0.14656518355999992,0.05885527803221351,0.1461341561750217,1.7286897557738543,15.013152075412247,0.9774679039622864,183.80609599315892,181.88918355095345,646.4591118138549,91.90304799657946,-0.4221990216881945,-0.02635138015646826,31.226220280461927,31.377402916492773,38.878687997701746,1.7965519039129685,45.0,,67.31154382004401,68.50939169210464,,,114,False
nasa,B0018,116,1.388215260193751,24.0,2803.5,3.4569152237960306,2.3277314025979847,4.193052368415502,1.7990905233497705,2.012206599766764,31.31018499405759,38.434235278537344,23.131840707705734,4.8774531447306355,1.4070684906674908,10809.453,4.170312939267002,4.203237378174695,0.4820566548801477,3.8039741409021475,24.72407785161255,28.353524179601084,1.4184681523523641,5.832810777057833,0.06297327821062598,0.08791100017078796,dataset,False,2.0,69.41076300968754,30.589236990312457,-0.10940573863931036,0.3610788036285328,0.1327228197679142,0.14340798017559053,1.8653209658175176,15.30239457083161,0.9919633996251743,185.2131644838264,183.30765170330582,651.3365649585855,92.6065822419132,-0.35960255605825986,-0.009114701566758216,31.31378869228127,31.380738751946648,38.878687997701746,1.7944814789983083,45.0,,71.34213909227321,68.9847583280431,,,115,False
nasa,B0018,117,1.3761826562394497,24.0,2783.25,3.4574690175816127,2.4537913827403948,4.186241953638429,1.7874289422857004,2.012141821898546,31.127360345471814,38.103875724329995,23.032251614508017,4.807100559079243,1.387577630358133,10501.516,4.162441369380301,4.203131632988233,0.49656978376735506,3.5726125929378547,25.23968918098469,33.9430389450899,1.4223484876496764,5.81973956941357,0.06297327821062598,0.08791100017078796,dataset,False,2.0,68.80913281197249,31.19086718802751,0.6016301977150533,0.36958618735479976,0.10427059717591192,0.146076938837748,1.7324505708980347,15.071624109821979,0.9755539112998957,186.60074211418453,184.7300001909555,656.1436655176648,93.30037105709226,-0.3204922460152408,-0.008008528200957661,31.324725021020747,31.37032384109959,38.878687997701746,1.7922316320159652,45.0,,70.32240741639832,68.43293161967841,,,116,False
nasa,B0018,118,1.3647168898640165,24.0,2776.391,3.4502191781217797,2.3475608877759067,4.186011006323472,1.7863907389611124,2.01231372073967,30.985550813719595,38.12742842632319,22.829010081336715,4.78429569679298,1.383620603376466,10463.781,4.163440302309122,4.2034430204969295,0.4935240292304281,3.6148848366792565,24.983659236998836,33.446010491152634,1.4075522516555214,5.762644546630113,0.06297327821062598,0.08791100017078796,dataset,False,2.0,68.23584449320083,31.76415550679917,0.5732883187716595,0.36711900159216526,0.1099715969127783,0.1418098228211116,1.8384501185475655,15.298418344986477,0.9829976839219234,187.984362717561,186.13755244261102,660.9279612144577,93.9921813587805,-0.30771789392511256,-0.014496676470088139,31.28379634092719,31.349519200116656,38.878687997701746,1.790923537884682,45.0,,69.67453746037576,68.13685889548219,,,117,False
nasa,B0018,119,1.3589854739373584,24.0,2766.516,3.4486728051793962,2.3558347560196564,4.18675624032869,1.7850675674566443,2.0131811880616888,30.899653280757406,38.03962943213698,22.67782621456358,4.7615180493756135,1.3779510276789997,10340.328,4.163487115140979,4.202657460212684,0.49820210999086356,3.6054524433063038,24.85258610041868,33.41426580080105,1.4043983472382482,5.750591097816814,0.06297327821062598,0.08791100017078796,dataset,False,2.0,67.94927369686792,32.05072630313208,0.28657079633291005,0.3469136207953653,0.11315037818658652,0.14243648171593434,1.8309214843090338,15.361803217573396,0.9811682208176497,189.36231374524,187.54195078984927,665.6894792638333,94.68115687262,-0.29865037688021945,-0.02358626787115481,31.24924978336229,31.323656297550492,38.878687997701746,1.7898271679730442,45.0,,69.41246756124659,68.17025566964037,,,118,False
nasa,B0018,120,1.3462308764008801,24.0,2751.516,3.444632719716698,2.3791102362944754,4.1831553230638425,1.7785410209464845,2.0132734649228214,30.706123644966482,37.85657903247749,22.35025648802666,4.711662676316345,1.3656139421993623,10076.125,4.162685147745989,4.203092140987594,0.5066488848634513,3.6100298777208812,24.773634709858584,33.3135615953415,1.3933036371270948,5.706096040343257,0.06516852362411818,0.09570731197373636,dataset,False,2.0,67.31154382004401,32.68845617995599,0.6377298768239115,0.3427828767718154,0.11889831803669551,0.15012253534776562,1.8040450867693671,15.506322544450832,0.9801265896464414,190.72792768743935,188.93525442697637,670.4011419401496,95.36396384371967,-0.32758714446053483,-0.04132694159118051,31.214555222671674,31.29630212805725,38.878687997701746,1.7881005946988218,45.0,,68.50939169210464,67.59323017652616,,,119,False
nasa,B0018,121,1.4268427818454643,24.0,2848.859,3.467272639213176,2.444740635238248,4.191989955143364,1.8098578920322332,2.013950042532596,30.47122187456595,37.43017193410286,22.367517988223096,5.002790595605179,1.4383670589250792,10815.375,4.175489159278192,4.203011750737204,0.46851626708495564,3.874766240393479,23.375868750307735,26.55517783008312,1.3817099858159043,5.701019837686928,0.0637387678424481,0.09115176519190589,dataset,False,2.0,71.34213909227321,28.657860907726786,-4.030595272229206,-0.06476809226141142,-0.03679334945770108,0.10658341818577782,1.7472493199051158,15.062653945879763,1.0410050399076465,192.16629474636443,190.3169644127923,675.4039325357548,96.08314737318221,-0.09811811575985824,-0.018192578525844768,31.17308814682894,31.25973365304534,38.878687997701746,1.789776785505283,45.0,,68.9847583280431,67.7398486482631,,,120,False
nasa,B0018,122,1.4064481483279663,24.0,2840.016,3.464490491162134,2.431867772331712,4.185628679672912,1.7897567152433196,2.012375320433943,30.939221783021114,37.8264149292754,22.904023394656047,4.928535261584906,1.417948385137307,10255.922,4.158124864947942,4.203185027597145,0.5215855052895145,3.544059628401568,24.891081474259465,33.17368480164245,1.455694997276737,5.948662293707405,0.0637387678424481,0.09115176519190589,dataset,False,2.0,70.32240741639832,29.67759258360168,1.019731675874894,-0.037574910551219885,-0.019186740081449896,0.11739711918645952,1.7537609073412002,14.922391534619354,0.9740696971480667,193.58424313150172,191.77265941006902,680.3324677973397,96.79212156575086,0.01802518339776468,-0.01097435206515146,31.161611087229154,31.240354236400503,38.878687997701746,1.7903002350037656,45.0,,68.43293161967841,67.05257203202424,,,121,False
nasa,B0018,123,1.3934907492075153,24.0,2817.375,3.459667012281024,2.344037291947413,4.186834478731371,1.79712433226739,2.0124205467796688,31.111640631561894,38.08307173716899,23.11186259982214,4.903962727262842,1.4126021706259548,10173.578,4.158929190481194,4.203194635783857,0.5208905897062779,3.5612051488524465,25.20368568012635,33.247864854486515,1.4425328794383965,5.896564285808104,0.0637387678424481,0.09115176519190589,dataset,False,2.0,69.67453746037576,30.32546253962424,0.6478699560225607,0.009207545979411692,0.00015257587310486543,0.10770135021860852,1.842797186783958,14.971209137346854,0.9792512813821657,194.99684530212767,193.21519228950743,685.2364305246026,97.49842265106383,0.08227256065777289,-0.011749310002434002,31.123491143578157,31.227405105224253,38.878687997701746,1.7906491743680668,45.0,,68.13685889548219,,,,122,False
nasa,B0018,124,1.3882493512249316,24.0,2809.234,3.462241956955771,2.456436863057259,4.186613091061155,1.78629328383804,2.0131578787415245,31.037910219908994,37.88279649093536,23.04417103672731,4.859475533084229,1.399782697225631,10016.75,4.159012345148583,4.203408305101649,0.5249780919225877,3.5569909323134596,25.23904482462839,33.59328233807114,1.4341665956259666,5.86275065617683,0.0637387678424481,0.09115176519190589,dataset,False,2.0,69.41246756124659,30.587532438753414,0.2620698991291732,0.008983891576566806,0.0022301561120315226,0.10416832022535942,1.7301762280038964,14.838625454208053,0.9760251713397856,196.39662799935329,194.64935888513338,690.0959060576869,98.19831399967664,0.11572085278257502,-0.017041744481064144,31.03344948093901,31.20722650237422,38.878687997701746,1.7900613761909174,45.0,,68.17025566964037,,,,123,False
nasa,B0018,125,1.3701878338420928,24.0,2791.187,3.4555661695067355,2.395547668334432,4.183907160253637,1.784332103220891,2.0123169807019234,30.967950840538833,37.96027066990377,22.83426471365,4.813942073223901,1.3894342320681143,10050.266,4.159963735414856,4.203070618530517,0.5174854072936206,3.5887209551282897,25.133053833512577,33.26455936648607,1.4180012279053804,5.799989555101038,0.0637387678424481,0.09115176519190589,dataset,False,2.0,68.50939169210464,31.490608307895357,0.9030758691419436,0.07919655789435893,0.016754615449156633,0.11313601809803032,1.7883594919192047,15.12600595625377,0.9798540401269862,197.7860622314214,196.06736011303877,694.9098481309107,98.8930311157107,0.08760280395980401,-0.03602702014521914,30.95568184285697,31.184876665073006,38.878687997701746,1.7903883119601585,45.0,,67.59323017652616,,,,124,False
nasa,B0018,126,1.3796951665608619,24.0,2794.016,3.458696199585801,2.4536749172979215,4.18533882899107,1.7846736208611762,2.0152254170182307,30.93996203578424,37.880513353762176,22.83589303178486,4.8231145923580465,1.391297952141082,10633.282,4.170360938234565,4.203447994730693,0.48821715970685287,3.8193395314988616,24.147820442416382,27.68427144564605,1.4149902769074358,5.819440829781029,0.06521856379431411,0.09034871149507483,dataset,False,2.0,68.9847583280431,31.0152416719569,-0.47536663593845674,0.042600468164444294,0.01041188704977003,0.10104251266855754,1.7316639116931487,15.044620321977316,0.9832561925314885,199.17736018356248,197.48235038994622,699.7329627232688,99.58868009178124,0.10230714305439782,-0.04713410769022634,30.91865954702963,31.165038269932758,38.878687997701746,1.788946621711299,45.0,,67.7398486482631,,,,125,False
nasa,B0018,127,1.3686586323935683,24.0,2774.719,3.4525282614097663,2.3062728144586413,4.185280284017658,1.792648285745223,2.01421415925087,31.295019295352862,38.43416278222213,23.179921311075763,4.806830471914015,1.3881539238845826,10097.844,4.161601476435183,4.202597283988021,0.5131629663793876,3.596278814055823,25.12735529609495,33.198514086152535,1.4107101089537488,5.773373981142509,0.06521856379431411,0.09034871149507483,dataset,False,2.0,68.43293161967841,31.567068380321587,0.5518267083646862,0.03762011922940758,0.0033330980613521886,0.10484914859667953,1.8790074695590167,15.254241471146369,0.9840107581805769,200.56551410744706,198.89306049889996,704.5397931951828,100.28275705372353,0.05196685677409111,-0.07042271596916569,30.93542544201774,31.157829517231413,38.878687997701746,1.7894685560572512,45.0,,67.05257203202424,,,,126,False
nasa,B0018,128,1.3627371779096438,24.0,2777.844,3.4552290080443044,2.3471092023857154,4.186281579801858,1.78281998030131,2.0128415184323125,31.81846533166901,38.847489737859576,23.715085051859607,4.789447199084275,1.382001788375537,10083.016,4.160779048658415,4.20355409015183,0.5112148482221485,3.572776342565241,25.6594793246311,33.8725684510221,1.406025605893126,5.752039641547336,0.06521856379431411,0.09034871149507483,dataset,False,2.0,68.13685889548219,31.86314110451781,0.29607272419622177,0.009898559771863802,0.021218521226528536,0.10528210735696632,1.8391723774161428,15.132404685999969,0.9829136699809043,201.9475158958226,200.29908610479308,709.3292403942671,100.9737579479113,-0.04818205762540035,-0.09486957665171049,31.018716893812677,31.16729834829529,38.878687997701746,1.7891114801912713,45.0,,,,,,127,False
nasa,B0018,129,1.3634051133928073,24.0,2781.125,3.4619744219744675,2.4884289104730986,4.185356132672309,1.7727156085735203,2.014392678620289,32.00067162597675,38.80283421497622,24.038521624132176,4.7712333355858965,1.3751032644085721,10090.813,4.161271941807537,4.204756237994802,0.5104004704473958,3.5833326921636672,26.045548508382414,34.158880896905515,1.4044806687812141,5.745827467857754,0.06521856379431411,0.09034871149507483,dataset,False,2.0,68.17025566964037,31.82974433035963,-0.03339677415817732,-0.022098197277244935,0.009087230315348051,0.09468724231909448,1.6969272221992107,14.764312590844046,0.9790830838575121,203.32261916023117,201.7035667735743,714.100473729853,101.66130958011559,-0.16441422412672535,-0.12129896592003808,31.128818728334615,31.18140687188899,38.878687997701746,1.7878762843029592,45.0,,,,,,128,False
nasa,B0018,130,1.3518646035305233,24.0,2760.906,3.452221905520614,2.3992178234155577,4.181406543107895,1.7700452313038857,2.012835608795986,31.73992229230571,38.72699121838442,23.56288829160871,4.717904476659986,1.3635262843350822,9930.265,4.160757772430995,4.203717503977368,0.5133171542316003,3.612512571743115,26.00215346022804,33.94236999274477,1.389932354497451,5.68806516914897,0.06590455963486774,0.0920096535708447,dataset,False,2.0,67.59323017652616,32.40676982347384,0.5770254931142063,-0.028168635648215458,0.009699010356882809,0.09600149535861646,1.782188719692337,15.164102926775708,0.9810019026631579,204.68614544456625,203.09349912807176,718.818378206513,102.34307272228313,-0.3573144029228059,-0.15849729984719008,31.232198593068535,31.184522472571103,38.878687997701746,1.787026705338699,45.0,,,,,,129,False
nasa,B0018,131,1.3547969729652622,24.0,2753.25,3.447650049442191,2.2786338886500292,4.185252405343103,1.788630046665221,2.011864019911752,31.52613649688221,38.67191958148309,23.401477050368772,4.7507232271212585,1.3742344162448743,10440.172,4.171070568365157,4.203240633615815,0.4879319237676216,3.821018440638059,24.827762393081734,28.313325054253593,1.3894152856144089,5.716728919361327,0.06606850271516486,0.08895885074391789,dataset,False,2.0,67.7398486482631,32.260151351736894,-0.14661847173694298,0.3602290444010109,0.2112680959083906,0.09798390478893594,1.906618516693074,15.270442531114316,0.9890739151017606,206.0603798608111,204.48291441368616,723.5691014336343,103.03018993040556,-0.2769252391298586,-0.14229725696158368,31.337690055300158,31.228187897411825,38.878687997701746,1.7849039208019977,45.0,,,,,,130,False
nasa,B0018,132,1.341051440640485,24.0,2742.843,3.447928507599004,2.3655846763383734,4.185763363191996,1.7778658975348722,2.0128686821286053,31.27624493654335,38.371813640118894,23.123582937943876,4.700870879926169,1.3605410437881327,9985.172,4.161912167742629,4.202842541373347,0.5114276084839441,3.584746455118629,25.37597644051525,34.01308891174985,1.3931003529899344,5.702451944600991,0.06606850271516486,0.08895885074391789,dataset,False,2.0,67.05257203202424,32.947427967975756,0.6872766162388615,0.32698353843740763,0.2180969061398497,0.10148419580875839,1.8201786868536227,15.248230702175018,0.9766281667132439,207.42092090459926,205.8760147666761,728.2699723135604,103.71046045229963,-0.2583418758990608,-0.13354402152446837,31.371392370652387,31.238517812550477,38.878687997701746,1.783714839031153,45.0,,,,,,131,False
