dataset,battery_id,cycle,soh,y_true,linear_regression,random_forest,xgboost,trajectory extrapolation (no ML)
demo,D01,6,98.18424999999999,86.0,80.63361769869758,77.0627341746402,75.07599639892578,169.4395266492709
demo,D01,7,97.86645,85.0,80.03051943541396,76.92338885209347,75.25401306152344,125.46664325842721
demo,D01,8,97.7702,84.0,73.50444629529677,76.04839197830253,74.13245391845703,130.84878767159367
demo,D01,9,97.33185,83.0,76.16836406033835,75.0620762574307,73.11331939697266,99.82347012239053
demo,D01,10,97.66285,82.0,71.2503122944067,75.17819098777261,78.22250366210938,150.2510869565228
demo,D01,11,97.44245000000001,81.0,72.3433650369484,76.20127270528918,79.08343505859375,136.43969023779832
demo,D01,12,97.0379,80.0,71.72237617362993,76.96695796290511,78.44496154785156,111.36213197064639
demo,D01,13,97.1642,79.0,69.47929370088188,75.8632629600341,78.06487274169922,132.31644878424777
demo,D01,14,96.77325,78.0,63.21031782367671,74.02431188340216,73.51187896728516,111.95946292873315
demo,D01,15,96.18130000000001,77.0,66.84408161949293,68.53223506620674,69.21382904052734,89.20407158748631
demo,D01,16,96.3549,76.0,70.36690070701644,68.43149371133708,72.12818145751953,103.68921574843095
demo,D01,17,95.76095,75.0,66.45819773214792,65.3097469213888,65.26634979248047,85.19720260819605
demo,D01,18,96.11575,74.0,70.07124152676562,67.40042293809593,69.45579528808594,105.16592453264782
demo,D01,19,95.64,73.0,68.46623636330402,65.09517497303513,66.26898956298828,91.37737961926098
demo,D01,20,95.40155,72.0,65.94292345459516,64.47499158289013,66.41535186767578,88.15998855180314
demo,D01,21,95.05405,71.0,66.63285071889288,63.03936863833194,65.58927154541016,82.11001418130263
demo,D01,22,95.4257,70.0,66.5404522724334,62.68863136111635,67.04179382324219,98.30802846607921
demo,D01,23,94.8125,69.0,65.2848203777097,61.72414030407397,63.784053802490234,83.37917535532901
demo,D01,24,94.52965,68.0,62.55783296224783,61.54502497717267,62.09158706665039,79.73419307119691
demo,D01,25,94.3511,67.0,61.74066870809666,61.25511559293877,60.896018981933594,78.82061902854863
demo,D01,26,94.41445,66.0,66.33078370890671,60.62934896814112,61.710174560546875,83.68039429686057
demo,D01,27,94.16175,65.0,59.839896758577254,58.79347082616603,60.30678939819336,71.87319197312192
demo,D01,28,93.97275,64.0,61.733231217667736,57.554566549670284,60.52199935913086,69.90569341604966
demo,D01,29,93.77435,63.0,61.31188495365495,58.07816065399762,61.073211669921875,82.98401089235374
demo,D01,30,94.0832,62.0,59.62406522934127,56.14869554552392,62.19377517700195,91.33547784580274
demo,D01,31,93.77145,61.0,57.01490334920392,54.604878630382636,59.53729248046875,78.01990799492404
demo,D01,32,92.87655000000001,60.0,56.9176543638355,50.350538672790336,56.53377151489258,64.51306639411627
demo,D01,33,92.58005,59.0,54.2957720012514,50.64313397675684,55.46095657348633,60.59579202913208
demo,D01,34,92.80235,58.0,57.09278064970822,50.159748984865764,56.5810432434082,70.66094491665751
demo,D01,35,92.74915,57.0,55.365149504300604,50.001024504997915,55.81462097167969,64.86532551844834
demo,D01,36,92.1686,56.0,55.740057870992786,49.29871138993054,53.26247024536133,57.683665633265896
demo,D01,37,91.7426,55.0,53.03105197426066,46.63854825394895,47.50790786743164,55.438785337941205
demo,D01,38,91.5386,54.0,52.989325092015804,46.476913421610206,46.897579193115234,51.277197098976195
demo,D01,39,91.77195,53.0,53.36654276609593,46.993985525917644,48.95588302612305,58.84445044288487
demo,D01,40,91.59005,52.0,50.115468949411095,46.76459971683234,47.664424896240234,63.109447318268444
demo,D01,41,91.3199,51.0,49.459591262250896,46.51452654616057,45.340171813964844,56.206057596822305
demo,D01,42,90.74664999999999,50.0,50.199174579934585,44.536201274208835,46.02141571044922,53.58001116805923
demo,D01,43,90.8048,49.0,50.074147000116156,44.05908188615795,45.13090133666992,50.86095707924189
demo,D01,44,90.5586,48.0,46.53132942456626,42.742885878490036,43.90818786621094,51.94729798874323
demo,D01,45,90.3771,47.0,45.77631739634104,42.06556725195657,43.480648040771484,51.6330145588074
demo,D01,46,90.3604,46.0,45.16481286031098,43.435242367833574,44.60832977294922,55.18306648344032
demo,D01,47,89.95309999999999,45.0,45.100637072000374,43.784772746256614,41.61819076538086,45.4678763293497
demo,D01,48,89.87625,44.0,43.335357374452954,44.068026775049496,42.44770431518555,50.018992149911355
demo,D01,49,89.479,43.0,42.777735537961334,43.30908716500527,42.82571029663086,46.91970340451225
demo,D01,50,89.33109999999999,42.0,44.34594999240109,41.17397324634574,40.18783187866211,46.469621513944084
demo,D01,51,89.21900000000001,41.0,43.65600089087072,39.141399951601,39.85786437988281,44.36093119941496
demo,D01,52,88.37724999999999,40.0,41.42046084401889,36.361074717946344,38.322147369384766,36.20559253176583
demo,D01,53,89.82825,39.0,38.791081758122665,43.65974902433568,44.005191802978516,59.284895644830364
demo,D01,54,88.24159999999999,38.0,36.297238979873285,35.43767022727018,35.86818313598633,37.24007048935873
demo,D01,55,87.97455,37.0,37.83310058989393,34.17670053660364,36.53275680541992,32.63630262005508
demo,D01,56,87.86675000000001,36.0,39.440584409708116,33.83142820658131,35.3892822265625,33.307153623384856
demo,D01,57,88.18045,35.0,36.701276695675496,34.70565319309444,35.28782272338867,43.54916845893383
demo,D01,58,87.25444999999999,34.0,34.19898412948681,31.748302700605674,31.530254364013672,34.05461356466867
demo,D01,59,87.5865,33.0,33.21079780803413,33.12811573774869,34.73036193847656,36.362721320590104
demo,D01,60,86.5726,32.0,31.022230418160596,29.07502136442443,28.75245475769043,26.603038913309163
demo,D01,61,86.758,31.0,30.303959077658472,28.98637518585823,27.47833824157715,31.225742061878503
demo,D01,62,86.6879,30.0,30.48608537418862,29.035518536506483,27.6859130859375,33.077630719924045
demo,D01,63,86.59515,29.0,28.636639304944133,28.885044072792233,27.27193832397461,33.35297211461634
demo,D01,64,86.41244999999999,28.0,28.745873849920137,28.27459095320542,26.762765884399414,29.91160556022007
demo,D01,65,86.8229,27.0,27.866288109542303,28.981587722781537,26.936870574951172,35.78081243510275
demo,D01,66,85.6529,26.0,23.569867260555675,25.659913907705477,24.50577163696289,24.93779777660138
demo,D01,67,85.3974,25.0,27.398319672544424,24.575548811973878,25.17183494567871,25.225031546478576
demo,D01,68,85.57175000000001,24.0,22.64999673827735,24.817592676118963,24.472076416015625,26.61808123369745
demo,D01,69,85.0348,23.0,21.78952341321862,23.518528683540683,23.54389762878418,22.78684963249941
demo,D01,70,84.48689999999999,22.0,22.352120220432923,22.372108066344552,22.507810592651367,19.04392041017277
demo,D01,71,84.3067,21.0,19.323912421812235,21.572704975431435,21.03803253173828,17.78540396782138
demo,D01,72,84.14755000000001,20.0,22.038611878354708,19.631378565326195,20.029306411743164,17.860280249072105
demo,D01,73,84.3488,19.0,17.025480412708145,20.501956997545573,20.67784309387207,19.669106007290864
demo,D01,74,84.0183,18.0,18.680753455156946,19.905808646249465,20.680883407592773,18.396451004449954
demo,D01,75,83.95825,17.0,18.480813927429153,19.42805782611904,20.59174919128418,18.417832249178822
demo,D01,76,83.3981,16.0,14.09351322614749,14.307083902033323,16.48733139038086,14.594392619697961
demo,D01,77,83.34865,15.0,13.998472913542315,14.0253124076883,15.902807235717773,16.648023306685847
demo,D01,78,83.26315,14.0,14.284977965947615,13.7647814247262,16.12363052368164,12.426124506862026
demo,D01,79,82.75675,13.0,9.97215190170472,11.258321200308849,13.56235408782959,12.565293490250415
demo,D01,80,82.76025,12.0,6.529648037859829,11.028836219088792,13.555354118347168,13.234039084824435
demo,D01,81,82.19794999999999,11.0,8.380250057955934,9.11188533690992,9.412080764770508,9.693189034716273
demo,D01,82,82.06054999999999,10.0,5.994621113255263,8.860061932704607,9.80614948272705,8.41741695125734
demo,D01,83,81.82755,9.0,5.5691779510141615,8.911244222454174,9.419081687927246,8.418940831782445
demo,D01,84,81.3555,8.0,4.373321400252166,7.538800561596033,7.945034980773926,5.438533140747904
demo,D01,85,81.6322,7.0,4.011943339354367,7.913395924552041,7.213766574859619,8.25945267589668
demo,D01,86,81.1168,6.0,2.8500580729982374,5.406011298416388,4.487058639526367,4.949301567042466
demo,D01,87,81.0325,5.0,5.9388816268418765,4.913116495062385,3.6552369594573975,4.564221805707814
demo,D01,88,80.94375000000001,4.0,3.3507285287238275,5.510432404593525,3.5447027683258057,4.174850479527238
demo,D01,89,80.70389999999999,3.0,0.9282242846348439,5.146296879216261,4.2027997970581055,3.0826567166793226
demo,D01,90,80.53960000000001,2.0,0.0,3.136119231693093,3.9024436473846436,2.14696099183553
demo,D01,91,80.08015,1.0,0.0,0.8995789596041057,2.9645798206329346,0.35956215512988776
demo,D01,92,79.7521,0.0,0.0,0.33616060049955493,3.071054697036743,0.0
demo,D02,6,96.0511,69.0,75.20188864015194,73.48712253322608,78.66656494140625,147.70497837489935
demo,D02,7,95.4213,68.0,78.12141748466416,74.1490653533973,74.08413696289062,78.87124408643447
demo,D02,8,94.90079999999999,67.0,85.79232100879585,73.48887101936452,70.2896499633789,61.5862781566437
demo,D02,9,94.74719999999999,66.0,89.1939982486003,72.46504233734822,70.2587661743164,63.866612532142256
demo,D02,10,94.79005000000001,65.0,83.97487126612924,72.07411934963811,70.47581481933594,73.76992352028432
demo,D02,11,94.36135,64.0,83.57026061622523,71.17505451166075,68.83256530761719,64.31127132685525
demo,D02,12,95.53625,63.0,79.1977856575279,72.08849909106044,70.18791961669922,161.4994802494803
demo,D02,13,94.1657,62.0,74.6863994594344,69.936936460803,67.48109436035156,69.99007720020606
demo,D02,14,94.80085,61.0,72.9239728574026,73.19124629862529,73.34191131591797,107.27645517395194
demo,D02,15,93.34915000000001,60.0,69.43223153329777,63.842361907154135,62.814579010009766,57.58731088035033
demo,D02,16,93.71255,59.0,70.2178346770888,60.721654466186635,64.0655746459961,71.37244526180638
demo,D02,17,93.09315000000001,58.0,69.19331951551982,60.11394029531708,60.43069076538086,59.832176620112804
demo,D02,18,93.06265,57.0,69.3140963384558,59.74359552115519,61.70499801635742,62.87588481794006
demo,D02,19,93.03139999999999,56.0,65.56791543093192,59.060173330234576,55.768035888671875,65.83269951305752
demo,D02,20,92.0688,55.0,68.87812789507899,54.118375560627285,53.5496940612793,50.66834598344988
demo,D02,21,92.6141,54.0,67.17062170179321,56.13397111738456,55.918731689453125,63.381863403971956
demo,D02,22,92.8898,53.0,68.71252992621527,55.89242181143422,56.03083801269531,73.06649750988618
demo,D02,23,91.95795,52.0,63.07411325500548,50.01243002364566,51.869041442871094,56.7399762752076
demo,D02,24,91.94630000000001,51.0,63.13914768939095,49.673734833873844,48.395320892333984,59.112743779783564
demo,D02,25,91.94945,50.0,62.15812316237387,49.257284611094676,48.03886413574219,61.740968783638365
demo,D02,26,91.3657,49.0,58.95292827533012,48.51132294974441,47.11610794067383,54.34233803490329
demo,D02,27,91.0128,48.0,58.63523183962761,46.35573375426614,46.19081497192383,47.6814769273399
demo,D02,28,90.2759,47.0,60.43668569596843,43.765427908253976,43.388641357421875,37.18302214502817
demo,D02,29,90.92179999999999,46.0,56.28309794922525,45.90982647995738,45.35005569458008,51.03263307416256
demo,D02,30,91.0897,45.0,52.92864769355552,46.34204928240611,44.759944915771484,57.01586616075925
demo,D02,31,89.96549999999999,44.0,52.934070318361734,43.8182846516952,43.27391815185547,40.93885565926108
demo,D02,32,90.07625,43.0,52.78736117152266,43.66231744828955,43.388702392578125,47.128885604437755
demo,D02,33,89.63155,42.0,51.883429976848745,43.07849853554658,41.788753509521484,45.69696825924008
demo,D02,34,89.41584999999999,41.0,50.608908084157285,42.98695294731127,42.02849197387695,44.15321635233098
demo,D02,35,89.5234,40.0,49.95394547720653,43.11163905842239,42.050697326660156,45.20615571568251
demo,D02,36,88.70655,39.0,49.24504002207725,40.85364275850805,39.494483947753906,38.491856475914176
demo,D02,37,89.18825,38.0,51.0631741728237,41.63710334210755,40.01654052734375,36.18560964083175
demo,D02,38,88.22015,37.0,47.677154830940395,39.89433541837041,38.809486389160156,34.56429598607365
demo,D02,39,88.2055,36.0,46.88531633658072,38.230636367273945,39.23601150512695,31.103353120001238
demo,D02,40,88.74549999999999,35.0,46.67766323018787,35.536358516583704,35.42939376831055,47.49220727031791
demo,D02,41,88.27055,34.0,42.24100409768573,33.580036190008336,32.83360290527344,37.99407386990082
demo,D02,42,87.72485,33.0,38.766583832197085,32.12502820019221,30.976058959960938,35.97437736341112
demo,D02,43,87.17605,32.0,41.021563396334855,30.454829574254685,28.999685287475586,30.47620867733497
demo,D02,44,87.06155,31.0,39.36855947557038,29.92035202331835,28.867326736450195,29.571722907610763
demo,D02,45,87.00395,30.0,39.86029841688792,29.14360493685142,26.733007431030273,34.57135946770394
demo,D02,46,86.7543,29.0,39.69802358912992,28.85308136450734,26.172285079956055,28.816256527526576
demo,D02,47,86.47635,28.0,39.05246415319571,28.055422015467133,26.912168502807617,25.245187847414417
demo,D02,48,86.2544,27.0,38.73638721786002,27.10805039515743,25.52869987487793,27.41450500127119
demo,D02,49,85.9589,26.0,38.941484473577745,26.437718703928045,25.69704818725586,24.881000100210407
demo,D02,50,85.95795000000001,25.0,34.18104995192538,29.960086449841832,29.157026290893555,24.860010014186862
demo,D02,51,85.3859,24.0,32.675184611287825,25.821179962502345,25.72487449645996,22.517057426669826
demo,D02,52,85.5733,23.0,32.83031723112755,25.850125732350904,24.288585662841797,25.614946226675283
demo,D02,53,85.1788,22.0,29.585510276445017,24.780705268409395,21.541597366333008,25.400718055364806
demo,D02,54,84.75675,21.0,30.714245441958845,23.83673854062697,21.771909713745117,19.289178514367286
demo,D02,55,84.3243,20.0,28.889246491861076,20.99529437428742,18.791152954101562,15.979469063174367
demo,D02,56,84.35979999999999,19.0,26.799179591649775,20.14377341615585,18.235239028930664,19.443602047915487
demo,D02,57,83.96545,18.0,27.065139437485364,19.509043342723984,17.789203643798828,16.22312135890557
demo,D02,58,84.2805,17.0,26.660026853500746,20.215201987584418,17.904300689697266,19.998411526709724
demo,D02,59,83.744,16.0,23.54368878251355,16.153469965914432,14.661652565002441,16.50255207736455
demo,D02,60,82.95275,15.0,23.065340552476133,14.93188480837526,13.526629447937012,11.234619101610932
demo,D02,61,83.30145,14.0,21.742653526143602,15.132800669001135,14.178709983825684,15.270069008899043
demo,D02,62,82.62105,13.0,21.60668547799473,12.22660736545698,12.822070121765137,9.977806371056147
demo,D02,63,82.43325,12.0,19.350636373861835,12.005215859190422,11.586952209472656,10.51188892152966
demo,D02,64,82.45295,11.0,19.774877172622663,12.04808755684393,11.180618286132812,10.660272400935245
demo,D02,65,81.96329999999999,10.0,19.61545898063281,10.88141198454857,10.281818389892578,7.236958509038323
demo,D02,66,82.13025,9.0,19.592491681880293,10.96194780977874,10.138847351074219,8.673232578212811
demo,D02,67,81.38119999999999,8.0,16.845448318897656,8.961303923484236,9.173111915588379,5.443238514104618
demo,D02,68,81.17855,7.0,14.288846853766174,5.810666457974919,7.309939384460449,4.912671946644439
demo,D02,69,80.91755,6.0,14.270624961689307,5.326238760559531,6.987603664398193,3.7335205078125284
demo,D02,70,80.69454999999999,5.0,16.17416997929368,4.891539382261233,4.515290260314941,2.7520445684216854
demo,D02,71,80.9434,4.0,10.490446991008806,4.96169554385972,5.689442157745361,4.0587516563699095
demo,D02,72,80.55125,3.0,10.292908160383803,3.3772678265772136,3.6408679485321045,2.3259101112217344
demo,D02,73,80.6241,2.0,7.378045095746657,4.040424997079893,4.009281635284424,2.7711667229099604
demo,D02,74,80.5395,1.0,6.362562375843268,3.3303079711305164,3.0456089973449707,2.488744141417889
demo,D02,75,79.29765,0.0,3.7509414331749156,0.2618866092064735,1.5088506937026978,0.0
demo,D03,6,98.8142,63.0,91.63942128190948,52.62071740846819,53.73356628417969,75.90656015492615
demo,D03,7,98.409,62.0,91.90797626914119,52.6590578180586,53.39045333862305,67.1657038613563
demo,D03,8,97.9932,61.0,91.68367310409474,50.829470978764355,53.23191833496094,61.133038877833386
demo,D03,9,97.40395,60.0,94.75407927492864,49.922227688342964,52.27416229248047,52.54914985563575
demo,D03,10,97.43895,59.0,93.86581357329987,50.88444316265258,52.97266387939453,60.02966093591647
demo,D03,11,96.99185,58.0,93.54931211089276,50.83035586106527,50.613792419433594,55.498995639606086
demo,D03,12,96.51615,57.0,95.19728315951917,50.20321175537421,48.64223861694336,51.35981737741523
demo,D03,13,96.51405,56.0,92.64289525611383,50.29174714724357,48.83617401123047,55.98852929127403
demo,D03,14,96.1559,55.0,87.28719227795443,50.83035586106527,48.67822265625,53.886160714285765
demo,D03,15,96.36105,54.0,87.82267393181232,52.5253114255622,48.99066925048828,62.03325705155127
demo,D03,16,96.08085,53.0,84.9168917113273,52.62071740846819,49.27248001098633,60.7183492127421
demo,D03,17,95.34270000000001,52.0,80.94880760314237,50.92576184397126,48.0605354309082,52.11072429311381
demo,D03,18,95.248,51.0,82.01636633281126,51.774329753866276,48.77865219116211,53.94152533555309
demo,D03,19,94.4797,50.0,74.78143705201666,47.93120972342962,46.51256561279297,46.760665972944786
demo,D03,20,94.59885,49.0,80.05139953664602,48.08160678225315,46.601078033447266,50.85168617601495
demo,D03,21,94.57575,48.0,77.47344353627564,49.31674048067285,47.256019592285156,53.218018346949016
demo,D03,22,94.41145,47.0,74.96357074063062,49.394288422136825,47.060543060302734,53.64015738960132
demo,D03,23,93.65695000000001,46.0,76.75747965660858,46.79105298748625,42.661251068115234,46.97108597603406
demo,D03,24,93.89235000000001,45.0,75.299563244328,48.91200293521851,46.56010055541992,51.86110547543894
demo,D03,25,92.82705,44.0,70.22451305397688,46.07918271583065,41.47553634643555,42.600336264694285
demo,D03,26,92.61155,43.0,72.68950334671393,45.94455144103335,41.438140869140625,42.366416060306726
demo,D03,27,92.9019,42.0,73.14659898430156,47.713679862258985,42.15625762939453,46.530893405848325
demo,D03,28,93.71735,41.0,68.83741411548361,48.596424767701386,41.966148376464844,54.209346991037144
demo,D03,29,92.2407,40.0,62.930991053668734,46.23044210607996,41.221702575683594,45.15197344153449
demo,D03,30,91.78115,39.0,63.248105257291584,42.438761161018995,37.8265380859375,41.187647708679975
demo,D03,31,90.83445,38.0,65.25346937598424,37.27902961616991,37.02824020385742,33.94357592656415
demo,D03,32,90.58515,37.0,64.90284760417953,36.70923714714862,34.2474250793457,33.82334144954207
demo,D03,33,90.92885000000001,36.0,65.73050115801547,38.43758713181921,37.5904541015625,38.6760636151947
demo,D03,34,90.47995,35.0,62.62115025574778,37.17427299467699,34.80759048461914,37.83921865973431
demo,D03,35,89.95215,34.0,59.96158278159625,35.7234140987213,34.284820556640625,33.23232222044131
demo,D03,36,89.99935,33.0,60.429559137482244,36.74821181731216,34.721126556396484,35.75026814444053
demo,D03,37,89.70925,32.0,62.407657638570925,36.082645973809555,33.38017272949219,35.659588065051636
demo,D03,38,89.65235,31.0,64.24019225448723,36.15416612469042,33.538124084472656,35.16748764883338
demo,D03,39,89.10355,30.0,61.041898960688165,30.39026722916683,29.858585357666016,32.271335086885905
demo,D03,40,89.1239,29.0,58.509297971817475,29.991098681398267,29.199953079223633,31.517586342690173
demo,D03,41,88.4499,28.0,56.05408941815747,29.42293173621176,28.835363388061523,27.682988356626634
demo,D03,42,88.1043,27.0,55.74646182448129,28.658649655549414,27.450176239013672,27.990647104332382
demo,D03,43,88.1489,26.0,54.17519688097872,28.728989576498034,27.800016403198242,28.69694750038734
demo,D03,44,87.2261,25.0,54.630109146919466,25.496869615708025,23.613248825073242,24.90521947722514
demo,D03,45,88.05330000000001,24.0,53.20093082693214,29.182421126387553,27.72509765625,30.758683380311883
demo,D03,46,87.0102,23.0,52.04021819264935,25.496869615708025,23.794496536254883,23.164872349003033
demo,D03,47,86.69985,22.0,46.65656449079303,24.89490604989887,23.462732315063477,21.72003864308313
demo,D03,48,86.43045000000001,21.0,46.58991487402988,24.042586398346362,22.759281158447266,22.24607347955444
demo,D03,49,86.5227,20.0,44.1936456293048,24.46221877668271,23.708030700683594,22.12689883508713
demo,D03,50,85.88335000000001,19.0,46.12267875833966,20.68944350152135,22.245250701904297,21.182330745856003
demo,D03,51,84.84945,18.0,45.93233895429383,18.466249252112863,18.225210189819336,15.619001301194299
demo,D03,52,85.4367,17.0,44.92767455510659,19.377861961685074,19.66390609741211,18.206812945400006
demo,D03,53,84.5975,16.0,41.20128192573641,18.02733623157779,17.790319442749023,12.603003338870696
demo,D03,54,84.41535,15.0,38.41559740964305,17.755202825691587,16.534616470336914,14.10591858511122
demo,D03,55,83.6823,14.0,37.6942990802602,10.780358905678382,13.774331092834473,11.36673725281984
demo,D03,56,83.90615,13.0,41.076453471626856,13.879422192315799,16.163612365722656,14.094907841750477
demo,D03,57,83.23445000000001,12.0,39.59436322555865,10.199050405849597,13.860797882080078,11.000482947202356
demo,D03,58,83.1409,11.0,35.643610411754494,10.077934159350997,13.40035629272461,10.082563447377034
demo,D03,59,82.706,10.0,36.21185368368809,9.336827723638162,11.160365104675293,8.702139838820688
demo,D03,60,83.04855,9.0,36.32692600159972,9.692141208769852,13.082175254821777,11.039711165189201
demo,D03,61,82.7449,8.0,28.788053285010673,9.45951415315068,10.642057418823242,9.459366319982903
demo,D03,62,81.84275,7.0,30.46530458467095,8.405350323572295,6.70892333984375,5.856321108498045
demo,D03,63,81.526,6.0,27.540231747095646,7.395212298228975,6.242800235748291,4.694604588776007
demo,D03,64,81.07215,5.0,28.633788521653415,4.703366388868616,3.6882989406585693,3.3373695744203777
demo,D03,65,81.19285,4.0,24.717214949224736,4.904035102261183,4.759988307952881,3.7600632955283575
demo,D03,66,80.43860000000001,3.0,25.06147969811547,1.8692755555055927,2.790813446044922,1.368691722941372
demo,D03,67,80.08655,2.0,20.551049926580703,1.1804335075949448,3.036113739013672,0.2698699759907787
demo,D03,68,80.1816,1.0,22.47387491611096,1.277677663742677,2.9532525539398193,0.5698291767600167
demo,D03,69,79.4011,0.0,19.777220373714847,1.072574476326935,2.6290409564971924,0.0
demo,D04,6,95.78515,51.0,46.75082419931512,42.23466494054028,42.167152404785156,55.73655591257378
demo,D04,7,95.66145,50.0,48.12112763760386,42.11591524753176,42.996219635009766,61.028543594739496
demo,D04,8,95.612,49.0,45.60724376008228,44.47751376335726,41.41719055175781,68.76667505663201
demo,D04,9,95.04625,48.0,44.54418748579552,42.325461389277244,42.04439163208008,55.857444488271206
demo,D04,10,94.8536,47.0,40.2060837721715,42.63964257259679,41.799861907958984,56.94428352359857
demo,D04,11,94.77,46.0,39.14246075794526,51.084727719360096,41.05438995361328,60.75189206975968
demo,D04,12,94.23169999999999,45.0,37.74164498319333,49.723718728810105,39.60735321044922,52.71887523152022
demo,D04,13,94.1013,44.0,33.335621237364535,49.508683053801136,39.43637466430664,54.58743830446133
demo,D04,14,94.20695,43.0,33.3762673075665,50.14406863768502,40.86279296875,61.6816732069802
demo,D04,15,93.37174999999999,42.0,30.12868098351471,48.77479045277209,36.44230651855469,48.88547963806799
demo,D04,16,93.4699,41.0,26.405288005310904,47.723284192633244,36.1249885559082,54.14962613566309
demo,D04,17,92.97535,40.0,26.07643140428456,48.08070010846267,35.118106842041016,49.12753647195248
demo,D04,18,92.0576,39.0,24.159681011526057,43.58179068280376,35.738834381103516,39.85131036628036
demo,D04,19,91.8561,38.0,25.025065980826497,43.484525431996026,31.9453125,39.92625021047312
demo,D04,20,92.708,37.0,25.811275869681012,48.208678770954094,34.96268844604492,53.73720288435856
demo,D04,21,91.3048,36.0,21.72459362443141,40.08694266581568,31.802635192871094,38.34475273047962
demo,D04,22,91.21975,35.0,21.475267694082657,39.72184802608022,32.52924346923828,39.390908558961506
demo,D04,23,91.1157,34.0,19.412241022614126,39.19427286751341,31.66637420654297,40.18493139429796
demo,D04,24,90.9913,33.0,18.734682296405225,39.107505932017744,32.30228805541992,40.709174060773876
demo,D04,25,90.38965,32.0,16.745005948294324,37.56149207622998,28.840927124023438,36.607174578473355
demo,D04,26,89.84495,31.0,17.500018658437604,35.61314168559534,28.30472183227539,33.457774001699214
demo,D04,27,89.03444999999999,30.0,14.768813656870108,25.74719578723909,24.68807601928711,24.29399268581258
demo,D04,28,89.35985,29.0,14.811108688367497,34.35977317353178,28.244651794433594,29.656191779780176
demo,D04,29,89.025,28.0,14.021843432007493,26.201709329261625,24.68807601928711,28.791368650745607
demo,D04,30,88.74980000000001,27.0,13.757991377068784,26.064222149774444,24.68807601928711,28.007784741650337
demo,D04,31,89.0036,26.0,9.248290037616087,27.74172324215087,24.859939575195312,33.19152701078666
demo,D04,32,88.41980000000001,25.0,7.5790380080903645,26.74664147129679,24.452163696289062,29.067270580599786
demo,D04,33,87.95819999999999,24.0,7.155455696707726,22.72838771775184,21.434946060180664,25.994277352426202
demo,D04,34,87.10825,23.0,6.840712736393058,20.57731800551244,19.800973892211914,22.386778785588298
demo,D04,35,86.91635,22.0,7.168043976147011,20.194522364225623,19.88531494140625,21.784465652461463
demo,D04,36,86.7143,21.0,7.581822648202028,19.634705257173845,19.9947452545166,20.837109127698376
demo,D04,37,86.18185,20.0,4.6027761482176786,17.16591670140606,16.24551773071289,19.19864966427947
demo,D04,38,86.23555,19.0,4.87769603444805,17.4339407785714,15.948911666870117,19.81867590503134
demo,D04,39,85.8626,18.0,2.1626275511388187,16.50536005445722,16.89729118347168,17.56457962573477
demo,D04,40,85.0984,17.0,0.5398859950541777,14.081440116140639,12.47066593170166,15.406093057830269
demo,D04,41,85.45255,16.0,0.0,14.863158893866732,16.001638412475586,17.00234491446677
demo,D04,42,86.20995,15.0,0.0,21.153239703058865,17.430419921875,22.947460608389775
demo,D04,43,83.90965,14.0,0.0,11.390565601514854,11.306357383728027,11.995808761713075
demo,D04,44,84.0793,13.0,0.0,13.32175425079598,12.369393348693848,13.113684291739553
demo,D04,45,83.84465,12.0,0.0,10.208424564576312,11.232405662536621,10.844234967591268
demo,D04,46,83.717,11.0,0.0,10.095788983635664,9.562018394470215,12.246632752576497
demo,D04,47,84.35185,10.0,0.0,14.969167995108492,13.061698913574219,15.841268801234712
demo,D04,48,83.00110000000001,9.0,0.0,9.744018101846407,9.562018394470215,9.24598871170486
demo,D04,49,82.47155000000001,8.0,0.0,7.934958069666066,9.562018394470215,7.252413509786119
demo,D04,50,81.6829,7.0,0.0,5.521392217903711,4.670339107513428,4.832170442472805
demo,D04,51,82.4165,6.0,0.0,7.962869717951718,9.416146278381348,8.132584859560204
demo,D04,52,81.73615,5.0,0.0,5.876046384083812,4.569065570831299,5.947104120137551
demo,D04,53,81.41815,4.0,0.0,5.288676385450773,4.670339107513428,4.464251986350522
demo,D04,54,80.8155,3.0,0.0,3.6775960474697467,1.6362844705581665,2.483403374139715
demo,D04,55,80.82589999999999,2.0,0.0,3.6839490690611583,1.368167757987976,2.605724453867377
demo,D04,56,80.35210000000001,1.0,0.0,2.1173692511730104,1.3113447427749634,1.017453620759427
demo,D04,57,79.8975,0.0,0.0,0.3438724329746586,1.2358957529067993,0.0
demo,D05,6,94.6697,37.0,22.324476303449117,33.8174108526795,40.17115020751953,78.20503251945848
demo,D05,7,94.57204999999999,36.0,19.75365801009815,33.697410852679496,43.415245056152344,84.43078557288271
demo,D05,8,93.99969999999999,35.0,21.334002093790488,33.33179526076368,37.15937042236328,60.94775794514523
demo,D05,9,92.68650000000001,34.0,27.421801443109338,28.676731565281187,29.358888626098633,34.744445585567156
demo,D05,10,93.12565000000001,33.0,29.33558968595809,31.43843379078075,31.5939884185791,47.59598299724014
demo,D05,11,93.34925,32.0,24.56075681251936,33.085820901789326,32.018795013427734,59.110633869860536
demo,D05,12,92.38335,31.0,23.673424130455913,32.436225627619045,30.68547248840332,42.24760797084575
demo,D05,13,91.46705,30.0,24.50994423194213,26.303140327980977,27.624221801757812,33.23341102027505
demo,D05,14,91.51295,29.0,26.567273959785123,27.932411812891868,28.37105369567871,36.552171736290035
demo,D05,15,90.65725,28.0,24.482246124283993,24.792370111671218,24.345293045043945,30.139586089872445
demo,D05,16,91.02265,27.0,21.321273610277952,26.906685688069214,27.8571720123291,36.061407430833434
demo,D05,17,89.97575,26.0,22.88236147474396,24.4382715419403,23.446426391601562,28.34095368307041
demo,D05,18,89.89285,25.0,21.079751202833595,24.38873308040184,24.46346092224121,29.428837656940313
demo,D05,19,89.2198,24.0,18.55495061474324,22.549405376622808,21.66730308532715,25.980212279658122
demo,D05,20,88.91825,23.0,19.292728379354404,19.855469550210405,19.19406509399414,25.330824370080784
demo,D05,21,89.13165,22.0,18.59781107889443,20.400218439505934,20.490819931030273,28.201731020159134
demo,D05,22,88.31905,21.0,14.42703853550099,19.00539644489113,19.483646392822266,23.969109082053368
demo,D05,23,87.72109999999999,20.0,11.412340562109812,17.174089077693516,17.432477951049805,21.538603943447608
demo,D05,24,87.1448,19.0,13.853267855317778,16.954699857092994,15.729436874389648,19.41797041168408
demo,D05,25,86.5251,18.0,11.780363455084956,16.50844282100383,14.718538284301758,17.242213047068507
demo,D05,26,86.30825,17.0,13.832213080430726,15.263339015757872,14.7483491897583,16.95884658605171
demo,D05,27,86.31295,16.0,9.3173704275994,15.244975920519776,14.656429290771484,16.229414214539503
demo,D05,28,86.168,15.0,8.196944014679254,15.05834613322474,14.642448425292969,14.985568372870516
demo,D05,29,85.2992,14.0,8.378493290960478,13.797692625326954,11.92429256439209,13.469232137864434
demo,D05,30,85.53070000000001,13.0,3.9090292230087442,13.29871515943763,12.004355430603027,14.956245673243368
demo,D05,31,85.1022,12.0,4.0599849222733155,12.706467888562655,12.112170219421387,13.332113927358222
demo,D05,32,84.16924999999999,11.0,2.2840228679825785,12.293739753185262,9.532581329345703,10.019538008997557
demo,D05,33,83.50565,10.0,0.003908709698265511,8.775142170427008,7.061716079711914,8.35151824128913
demo,D05,34,83.71459999999999,9.0,0.0,8.775142170427008,6.969795227050781,10.35065036391395
demo,D05,35,83.63335,8.0,0.0,8.750654990939829,6.934439182281494,9.569203459646207
demo,D05,36,82.0613,7.0,0.0,6.071934884429619,2.5724306106567383,4.565266501003291
demo,D05,37,82.0707,6.0,0.0,6.054990439985175,2.5370748043060303,5.019805772522107
demo,D05,38,82.13765,5.0,0.0,6.054990439985175,2.7314205169677734,5.728262267669925
demo,D05,39,80.9068,4.0,0.0,4.1558616345418535,0.0,2.137439127298794
demo,D05,40,81.0926,3.0,0.0,4.027720671473424,0.0,2.8558284934629192
demo,D05,41,80.86975,2.0,0.0,4.119523587269209,0.0,2.141629485171715
demo,D05,42,80.10655,1.0,0.0,1.0143951737007586,0.0,0.26990536213674493
demo,D05,43,79.82695,0.0,0.0,0.329442746510117,0.0,0.0
demo,D06,6,94.459,85.0,118.40633293607652,81.8824538239538,106.39732360839844,362.0
demo,D06,7,94.14155,84.0,117.74816939311391,80.9336284271284,102.33539581298828,171.11888676010736
demo,D06,8,93.82275,83.0,117.3944162866338,79.76010714285711,102.17733764648438,118.77401337997908
demo,D06,9,93.182,82.0,120.56898963679848,77.40831890331887,91.06991577148438,72.45843067198035
demo,D06,10,93.39895,81.0,119.39081598913332,77.3968033355533,102.25483703613281,97.37215874682059
demo,D06,11,93.11495,80.0,119.71436275024617,76.55710950160949,102.0967788696289,86.14371572136976
demo,D06,12,92.88149999999999,79.0,121.48519020260984,75.80862903762903,100.11135864257812,80.6973631755789
demo,D06,13,93.1953,78.0,116.3204182892822,75.46494733044732,97.27173614501953,109.80070730185177
demo,D06,14,92.72200000000001,77.0,114.77756539013781,74.15623953823953,97.64727020263672,86.34541088023434
demo,D06,15,93.5711,76.0,113.66684384419807,75.0527792207792,97.14546966552734,178.18193754103004
demo,D06,16,91.55765,75.0,114.9537115642523,72.87135156510156,77.01123809814453,56.29182563519756
demo,D06,17,92.19545,74.0,114.91512601514019,72.22083549783548,94.13752746582031,79.90630438788651
demo,D06,18,92.26455,73.0,110.27920689884232,71.82666089466088,93.37313842773438,87.86790146869798
demo,D06,19,92.152,72.0,113.04550140789684,71.40158946608945,92.85408020019531,88.00836887422554
demo,D06,20,92.1499,71.0,109.70463501073459,70.7964227994228,91.8735122680664,92.80325628140716
demo,D06,21,91.64635,70.0,108.39709391859498,70.66506565656564,87.92562866210938,77.87465940054491
demo,D06,22,91.5074,69.0,106.92529543822587,69.85823629148628,86.95187377929688,77.20619808306724
demo,D06,23,91.00465,68.0,105.94231958909003,69.4644347041847,82.18895721435547,66.64436033308095
demo,D06,24,91.1896,67.0,105.925989843035,69.05820310245309,85.90510559082031,74.64493300075408
demo,D06,25,90.71865,66.0,104.96920241598743,67.99656168831167,82.18895721435547,65.64532057416261
demo,D06,26,91.5037,65.0,103.8385980272549,67.50453643578642,85.27456665039062,91.77410090308564
demo,D06,27,90.4625,64.0,103.23874105337435,65.49803571428569,77.40364074707031,61.73586197129931
demo,D06,28,91.0854,63.0,102.88983034856442,65.62349206349204,85.00239562988281,83.9345205645406
demo,D06,29,90.39595,62.0,102.36291245671978,64.0021984126984,77.74153900146484,66.47366872985823
demo,D06,30,90.38695,61.0,100.78257705118514,63.406063492063474,78.8173599243164,74.6585828673289
demo,D06,31,90.01034999999999,60.0,98.0531483911282,62.54171428571428,77.2090072631836,56.25498746810805
demo,D06,32,89.47025,59.0,96.55946028928153,59.929209956709975,74.56613159179688,50.68316100443125
demo,D06,33,90.13085,58.0,94.79902668707658,60.248814574314586,77.24553680419922,68.60187166499624
demo,D06,34,89.04055,57.0,95.92444929875055,56.270395770895796,69.49099731445312,54.573579301935204
demo,D06,35,89.36755,56.0,96.04510606402866,57.19927705627709,72.30554962158203,58.091171801359216
demo,D06,36,89.35895000000001,55.0,95.74287719339577,56.91745562770565,69.8585433959961,62.2933306709268
demo,D06,37,89.2855,54.0,92.53913519727183,56.31419372294375,70.08849334716797,64.55436596218038
demo,D06,38,88.839,53.0,90.92656408634338,55.662673548673574,68.29522705078125,50.725386222252766
demo,D06,39,88.34575,52.0,88.7527734922437,55.67350688200691,60.7678337097168,47.67637817766336
demo,D06,40,88.49665,51.0,89.44817195600352,55.76584021534024,66.15802764892578,41.85995526608797
demo,D06,41,88.3518,50.0,91.1043234452589,55.87171142746146,64.46217346191406,65.12937286523076
demo,D06,42,88.1836,49.0,86.78316809770419,55.057744977244994,59.031211853027344,50.99642309657644
demo,D06,43,88.54525,48.0,86.96511832595382,55.691923548673564,65.43351745605469,57.43856370822458
demo,D06,44,87.72855,47.0,85.91105365756123,55.18292354867357,55.51578140258789,43.67942443115665
demo,D06,45,88.0209,46.0,86.40585292266597,55.34260212010215,58.487125396728516,48.56442237829976
demo,D06,46,87.81575000000001,45.0,83.37198900664022,55.42034021534024,56.928306579589844,51.0086539967631
demo,D06,47,87.89375,44.0,81.9827767840998,55.139435453435475,51.01113510131836,54.61064297870561
demo,D06,48,87.40259999999999,43.0,80.87453885401274,55.25856640581642,55.114524841308594,51.377687705611955
demo,D06,49,87.5165,42.0,78.6560179149319,55.23734021534024,50.93056869506836,51.15910266532346
demo,D06,50,87.0638,41.0,77.2599673613129,55.21764973914975,47.17908477783203,48.31798842633766
demo,D06,51,87.0817,40.0,77.73864894671989,55.44409021534024,47.91033935546875,40.03674807779287
demo,D06,52,86.3361,39.0,75.05273696720508,54.9820941835942,42.93982696533203,38.387577549437744
demo,D06,53,85.8308,38.0,74.5523566753848,54.624272755022766,43.085723876953125,27.7414075286415
demo,D06,54,86.5705,37.0,74.75507208960497,55.11150688200691,44.96150588989258,42.939392751179525
demo,D06,55,86.4212,36.0,72.8020865914221,55.1073957708958,44.533790588378906,40.47910231355985
demo,D06,56,86.2688,35.0,73.38080870023755,55.01456640581641,42.53020477294922,41.886383985246866
demo,D06,57,85.80265,34.0,74.27780916872416,55.54624100899104,43.78187942504883,39.55345457519911
demo,D06,58,86.2407,33.0,68.99923736610882,55.43034021534024,44.41876220703125,40.10577998277713
demo,D06,59,85.4892,32.0,68.63251612995234,55.17398307248309,43.77849197387695,38.64164331873793
demo,D06,60,85.58645,31.0,67.25038814114644,55.13548307248308,43.97185134887695,36.93667186797497
demo,D06,61,85.4713,30.0,68.27656420658022,55.13718545343548,45.63053894042969,35.18385142695451
demo,D06,62,85.6409,29.0,65.05877044998613,55.02960212010215,46.56040954589844,38.693546616912734
demo,D06,63,84.8623,28.0,62.94513584244301,52.63751481851484,46.41719436645508,30.567430281389168
demo,D06,64,84.59325,27.0,64.59374461748543,53.92619338994341,46.52152633666992,30.601265822784814
demo,D06,65,84.17125,26.0,61.074595279079546,44.89314826839828,38.22175598144531,24.109041938317834
demo,D06,66,84.91760000000001,25.0,63.864047571552206,54.12490767565769,47.082706451416016,35.798730417564656
demo,D06,67,84.4092,24.0,61.430145926002254,52.19846719946722,46.322452545166016,29.204641797371757
demo,D06,68,84.24925,23.0,59.07826390341023,49.489251082251116,42.84160614013672,24.727944599627627
demo,D06,69,84.87865,22.0,59.74773710149688,53.24909021534023,43.40251922607422,42.796677076388505
demo,D06,70,83.87115,21.0,58.01056516472209,36.53786435786438,35.56181335449219,23.321585637689033
demo,D06,71,83.21265,20.0,56.18921473381759,28.301483044733054,33.15966796875,17.448295713758053
demo,D06,72,83.37395,19.0,55.86490113288744,31.826178210678222,34.495235443115234,18.662053630691574
demo,D06,73,84.07820000000001,18.0,54.922924343316616,52.92888783438784,42.539772033691406,30.668692094814332
demo,D06,74,82.97195,17.0,52.99907655795757,28.773876984126993,29.85408592224121,16.34897844671098
demo,D06,75,82.79845,16.0,53.55307408416326,25.312130952380958,29.099910736083984,16.402229594288883
demo,D06,76,82.57135,15.0,53.75389225695897,21.540472222222224,25.800289154052734,14.252497034598168
demo,D06,77,82.15745,14.0,50.31591262663492,19.13482142857143,22.760318756103516,12.907577806229254
demo,D06,78,82.88085,13.0,49.67910130817475,25.14132936507937,27.30924415588379,24.41439685418392
demo,D06,79,82.32015,12.0,49.681560952401156,20.48096320346321,24.903165817260742,13.64681732092651
demo,D06,80,81.99,11.0,48.211793279951706,21.488062409812414,25.839523315429688,11.22720707708969
demo,D06,81,82.11175,10.0,45.44360625325308,22.239034632034635,26.442264556884766,12.699811164166906
demo,D06,82,81.85235,9.0,47.68961206465006,15.074936507936513,23.4447078704834,11.722843834645483
demo,D06,83,81.62,8.0,47.673051449357146,14.235168803418809,24.317136764526367,8.764905750211033
demo,D06,84,81.5688,7.0,44.925036762153205,13.700450549450549,24.59054183959961,10.0040812162024
demo,D06,85,81.2292,6.0,41.06461960555428,7.698781746031747,18.806446075439453,7.052613460324791
demo,D06,86,81.21555000000001,5.0,45.14543887585525,8.610281746031744,18.806446075439453,7.140633260882392
demo,D06,87,81.06555,4.0,39.23542085720783,6.827003968253969,17.818872451782227,5.822232178958996
demo,D06,88,80.71334999999999,3.0,38.156358535986726,6.855190476190477,16.72911834716797,4.298376697718633
demo,D06,89,80.42304999999999,2.0,38.62641388334499,3.4300732323232346,14.78055191040039,2.5361493453550694
demo,D06,90,80.77265,1.0,38.25637666295129,6.7973870851370854,17.348302841186523,5.683590301889001
demo,D06,91,79.99425,0.0,38.5980482505814,0.672095238095238,14.46428394317627,0.0
demo,D07,6,92.952,30.0,18.218859524213233,31.821162012092067,34.71509552001953,30.913170079717467
demo,D07,7,92.1782,29.0,19.605666890398723,31.639540043130218,34.52294921875,25.471189040331957
demo,D07,8,91.96305,28.0,19.525395049859785,31.29178230452753,32.39539337158203,27.15480649188515
demo,D07,9,91.2791,27.0,16.946235182416597,30.10352776098707,30.6524600982666,23.94840490471897
demo,D07,10,91.55330000000001,26.0,14.527597360349564,30.38040941912941,32.02377700805664,29.76290931989938
demo,D07,11,90.6259,25.0,11.519164760274698,28.236847714733262,29.133710861206055,24.03505994118982
demo,D07,12,90.5658,24.0,10.200079409301857,28.190630609470105,28.79603385925293,25.93644417665306
demo,D07,13,90.431,23.0,5.965011052780753,27.876063484927975,28.59513282775879,27.11757187114107
demo,D07,14,89.46255,22.0,0.3213347542845,25.87809374697398,24.932912826538086,22.028194866009454
demo,D07,15,89.1551,21.0,1.1105832403708291,22.596323571510993,22.08803367614746,21.754200753589785
demo,D07,16,88.41395,20.0,0.0,21.93010740015235,22.08803367614746,19.02761968656482
demo,D07,17,88.25605,19.0,0.0,21.175325676360472,20.659883499145508,19.452174617315976
demo,D07,18,88.71055,18.0,0.0,22.077032299476947,21.82566261291504,23.369818586410165
demo,D07,19,87.73585,17.0,0.0,20.362292022824832,18.879343032836914,19.04586892443631
demo,D07,20,86.9855,16.0,0.0,19.284272660189114,16.628583908081055,16.464199766789907
demo,D07,21,86.44225,15.0,0.0,18.733669210468264,16.72907829284668,14.973880401875746
demo,D07,22,87.3368,14.0,0.0,19.9134331246673,17.438207626342773,19.983242759497283
demo,D07,23,86.31545,13.0,0.0,16.318956159809915,15.807435035705566,15.912580384701284
demo,D07,24,85.1735,12.0,0.0,13.15961065575687,14.138218879699707,12.051623554196144
demo,D07,25,85.01315000000001,11.0,0.0,13.163312578833791,12.734556198120117,11.991090071010385
demo,D07,26,84.12165,10.0,0.0,11.698361023895291,11.047767639160156,9.431477540559726
demo,D07,27,83.67235,9.0,0.0,11.001384604286889,8.0574369430542,7.647478988096714
demo,D07,28,83.62174999999999,8.0,0.0,11.001384604286889,8.0574369430542,8.153091500119288
demo,D07,29,82.70960000000001,7.0,0.0,8.11179228897604,6.781699180603027,6.347748676381047
demo,D07,30,82.8272,6.0,0.0,9.723087523229157,7.589107036590576,6.346925763956873
demo,D07,31,82.1512,5.0,0.0,6.496490650641192,3.449489116668701,4.979260795496639
demo,D07,32,81.15285,4.0,0.0,3.857329561140888,0.5071997046470642,2.6140893486374592
demo,D07,33,81.27865,3.0,0.0,3.8306868925966175,1.1234464645385742,2.9918619669798945
demo,D07,34,80.28365,2.0,0.0,1.9648400720609902,0.0,0.6449258556948426
demo,D07,35,80.5394,1.0,0.0,2.6132509839170877,0.0,1.2243619426361239
demo,D07,36,79.7978,0.0,0.0,0.26630391050969243,0.0,0.0
demo,D08,6,93.85025,56.0,72.20221777207776,47.48909466553574,48.75633239746094,69.13717366345546
demo,D08,7,94.09345,55.0,65.36134564932807,47.754123585481885,53.39536666870117,111.49146285186953
demo,D08,8,93.3433,54.0,65.76191135545525,47.32953698551504,45.11207962036133,61.91376110300936
demo,D08,9,93.56830000000001,53.0,64.70652337325555,47.32953698551504,49.89108657836914,84.56403864132182
demo,D08,10,92.3888,52.0,66.96668013424903,45.95007837467727,43.7966423034668,45.2678332183022
demo,D08,11,92.683,51.0,66.08042695064597,46.844277626606484,42.536197662353516,58.47664714832424
demo,D08,12,92.56075,50.0,63.50145630785538,46.44867658478379,43.37923812866211,60.30519608057084
demo,D08,13,92.89500000000001,49.0,62.50039186900392,47.06697050437714,45.892635345458984,79.07404568450146
demo,D08,14,91.78035,48.0,58.78240210266375,44.08325056930575,40.33468246459961,49.859045107518966
demo,D08,15,92.09009999999999,47.0,59.81719388730537,46.06166791967351,39.231719970703125,61.28662466507328
demo,D08,16,91.9625,46.0,57.29526949277647,45.670160687598006,39.22041702270508,62.101993493458984
demo,D08,17,91.18455,45.0,57.0977567381655,42.39037203444966,38.085018157958984,48.79621525079419
demo,D08,18,91.0435,44.0,55.25407732663652,42.29453870111634,36.14659881591797,49.296161117529564
demo,D08,19,90.95165,43.0,56.39748595659903,42.20229134063367,36.59524154663086,50.54283699762836
demo,D08,20,90.2174,42.0,54.770475612895176,40.58640825531402,35.46995544433594,41.88814327327648
demo,D08,21,90.27705,41.0,55.251497252751975,40.93684273769979,36.460941314697266,44.92846760003063
demo,D08,22,90.54729999999999,40.0,54.92289589148213,41.365982365550025,34.599483489990234,51.45502485712945
demo,D08,23,90.07135,39.0,54.248077555165096,40.739538248275814,35.282230377197266,46.348160776479624
demo,D08,24,89.61670000000001,38.0,48.33019721410375,39.15564855749846,31.735408782958984,42.249407854523334
demo,D08,25,89.4461,37.0,49.207189118713806,38.5902658155256,32.87423324584961,41.9376225535536
demo,D08,26,89.33405,36.0,51.09353898883188,35.55955125147067,32.87423324584961,42.29024891941613
demo,D08,27,89.13835,35.0,47.96291322470124,30.461237686819395,28.46240234375,37.73745023868913
demo,D08,28,88.4858,34.0,43.93708595879667,29.618591241360363,29.683578491210938,35.08761774021485
demo,D08,29,88.85849999999999,33.0,45.922281704527045,29.848736292134294,28.239168167114258,39.03970737296717
demo,D08,30,88.53765,32.0,40.310416738740635,29.562014443974746,27.72134780883789,40.67949646457911
demo,D08,31,88.08985,31.0,43.225101925428326,27.34307465296567,25.476926803588867,35.10975800291643
demo,D08,32,87.37705,30.0,41.76962591157827,26.01899161935606,26.602550506591797,27.45909266869152
demo,D08,33,87.0664,29.0,38.73494359787059,25.641265655223823,23.571002960205078,28.144466217400325
demo,D08,34,87.0164,28.0,39.861471814835156,25.465609534623407,23.46479034423828,26.772386635937668
demo,D08,35,86.8738,27.0,42.24919514144609,24.875765270027564,23.46479034423828,31.15956482320944
demo,D08,36,86.0656,26.0,40.48676626728327,21.324239145222112,21.232702255249023,22.91534439507964
demo,D08,37,86.48445,25.0,37.60207964964594,23.652962138646895,22.879220962524414,26.679270279610915
demo,D08,38,86.4616,24.0,38.47239819264594,23.652962138646895,21.449949264526367,25.109584356638784
demo,D08,39,85.98695,23.0,35.08352045323427,21.341086363486223,21.569425582885742,25.835217661476797
demo,D08,40,85.34925,22.0,35.22725616849946,19.58158537425118,20.311975479125977,19.83892980855531
demo,D08,41,85.05114999999999,21.0,33.13990722480728,19.13046060171915,18.12901496887207,18.27121329407418
demo,D08,42,85.1163,20.0,33.36575190465035,19.205692402485433,17.730838775634766,21.078152679932394
demo,D08,43,84.71655,19.0,32.63974763086074,18.983096870062965,18.300579071044922,18.636744402911358
demo,D08,44,84.6311,18.0,31.66763008727049,18.983096870062965,18.25340461730957,18.317630585945867
demo,D08,45,84.41380000000001,17.0,29.212586286769174,18.640440108806498,16.31761360168457,19.01319870425261
demo,D08,46,84.2953,16.0,27.609277520021966,18.69701690619212,14.888344764709473,17.951686379403995
demo,D08,47,83.36200000000001,15.0,26.80842709525471,10.80236298601382,13.7459135055542,11.697493493660726
demo,D08,48,83.5015,14.0,28.401412097369132,10.80236298601382,13.870304107666016,13.324124599496152
demo,D08,49,83.05875,13.0,25.639168439364507,10.333620900696914,13.378545761108398,11.660465541823287
demo,D08,50,82.87044999999999,12.0,23.813103144626982,9.845954956906063,11.965629577636719,10.9131796856584
demo,D08,51,82.891,11.0,23.73148007423651,9.905069973865668,10.715618133544922,11.217513444719524
demo,D08,52,82.65474999999999,10.0,18.895512855659238,9.905069973865668,11.841238975524902,10.236404158183682
demo,D08,53,82.51294999999999,9.0,19.270117953933745,9.813879276643853,10.840008735656738,10.518219945252207
demo,D08,54,81.95115,8.0,17.796693910545137,9.13484925148288,8.475493431091309,7.061861640136955
demo,D08,55,81.52000000000001,7.0,15.917714453638276,7.393014241107535,6.766266345977783,5.414918099363792
demo,D08,56,82.64620000000001,6.0,12.912583468232267,9.963757153352848,9.704978942871094,12.152691668274098
demo,D08,57,80.49005,5.0,12.991368422456404,2.064468410458515,3.4108760356903076,1.7788950196021365
demo,D08,58,81.14035000000001,4.0,13.057694792245417,4.69265664281613,5.891124248504639,4.8107508374044015
demo,D08,59,80.36925000000001,3.0,8.074969186094052,1.5137783866121808,3.396375894546509,1.3887530746259986
demo,D08,60,80.34455,2.0,11.31891466244878,1.5137783866121808,3.3983988761901855,1.3192556572347434
demo,D08,61,80.12285,1.0,11.908757393513426,1.318620870051307,3.3737151622772217,0.5168061924193328
demo,D08,62,79.27145,0.0,8.704681507795193,1.143679735199771,3.2059712409973145,0.0
demo,D09,6,95.32365,84.0,78.67246812685664,81.61144444444442,77.99779510498047,122.18842197591957
demo,D09,7,95.01610000000001,83.0,81.76027744148985,81.43391089466087,77.28450012207031,96.40124117269539
demo,D09,8,94.73455,82.0,82.86910005982719,80.02136002886003,78.13838958740234,84.8101385519879
demo,D09,9,95.14045,81.0,83.66245566660858,80.35314754689756,76.57316589355469,149.4891700092571
demo,D09,10,94.35475,80.0,80.56146312039735,78.7630743145743,76.93067932128906,80.95037438516232
demo,D09,11,94.61855,79.0,78.01943271783695,78.6066865079365,75.76190185546875,109.73651615809041
demo,D09,12,94.2363,78.0,77.70312891118954,77.35079581529581,75.23115539550781,91.34350209986013
demo,D09,13,94.08595,77.0,77.60408725179839,76.64557359307359,74.24986267089844,90.64560933100945
demo,D09,14,93.74385,76.0,78.42621664425177,75.22777380952381,74.18201446533203,80.96157418945542
demo,D09,15,93.71935,75.0,79.63379136660527,74.46323015873016,74.18318176269531,86.07833822573814
demo,D09,16,93.73785,74.0,75.87634769353448,73.26784523809526,72.08728790283203,93.12323474252645
demo,D09,17,93.63485,73.0,75.48386044181817,72.47371031746032,71.85133361816406,94.20195608523878
demo,D09,18,93.1569,72.0,70.18125077969727,71.42559126984128,70.92334747314453,80.05845085546551
demo,D09,19,93.19295,71.0,73.59750045207619,70.98524278499278,71.51480102539062,86.1111775904269
demo,D09,20,93.3138,70.0,71.11112012207646,69.98999278499278,69.47711944580078,95.93166217907401
demo,D09,21,92.37485,69.0,71.0232969106729,68.92646103896104,69.96849060058594,69.21347371953513
demo,D09,22,92.6975,68.0,70.39532759434209,67.8492023809524,68.45671081542969,81.9646809295465
demo,D09,23,92.2393,67.0,69.12984554273248,66.8590277777778,69.01302337646484,72.55068168346182
demo,D09,24,92.03335,66.0,68.33579012085585,65.94007936507938,66.2844009399414,70.65160121000167
demo,D09,25,92.25145,65.0,69.07795642452038,65.2299404761905,67.62731170654297,79.48497668446328
demo,D09,26,91.83305,64.0,66.92610054089582,64.41674531024533,65.00664520263672,71.84346654038109
demo,D09,27,91.45455,63.0,64.66411564244628,63.632574675324676,63.38767623901367,63.20797925173816
demo,D09,28,92.0393,62.0,66.07467266519984,62.70188816738816,64.65415954589844,81.66777462725031
demo,D09,29,91.73989999999999,61.0,63.54223568461087,62.13598737373737,62.93356704711914,85.87699150000704
demo,D09,30,90.7056,60.0,61.86366758452369,60.85720526695526,60.61263656616211,51.14759110975221
demo,D09,31,91.81899999999999,59.0,59.412451766030046,60.61847510822511,62.121463775634766,84.30941748819389
demo,D09,32,91.10464999999999,58.0,61.037247305514754,59.483407647907654,61.50833511352539,70.97527771031169
demo,D09,33,90.66105,57.0,58.77506406624252,58.813816378066385,56.387237548828125,65.42929912851365
demo,D09,34,91.01615,56.0,58.74438804015546,58.41187734487735,61.25041961669922,66.77587711854122
demo,D09,35,90.5699,55.0,55.80987010149526,58.11939898989899,56.33150100708008,69.81716580577849
demo,D09,36,90.29335,54.0,55.20242928097627,57.60597041847041,57.37664031982422,59.496381670211875
demo,D09,37,89.71504999999999,53.0,55.17713089646965,53.47395562770563,53.4214973449707,53.71882775781018
demo,D09,38,89.9867,52.0,54.78499311318379,55.23316991341991,55.234619140625,60.90565347319634
demo,D09,39,89.27374999999999,51.0,55.708779194642474,47.78858263958264,50.43868637084961,51.86545043735033
demo,D09,40,89.8648,50.0,52.9456913859248,54.229967532467526,53.29471969604492,63.981528323669394
demo,D09,41,89.4162,49.0,51.316456689210156,52.228868326118324,52.542720794677734,54.471093216711346
demo,D09,42,88.85805,48.0,50.432965266616705,42.29441813741814,47.775691986083984,46.359749204488445
demo,D09,43,89.16239999999999,47.0,50.39728631611322,43.618663808413814,47.192848205566406,57.34384779071214
demo,D09,44,89.40854999999999,46.0,49.74033774488991,52.580384199134215,52.341590881347656,62.15351178522341
demo,D09,45,88.4855,45.0,49.036797682403474,41.97743617493617,46.588008880615234,43.9362715655614
demo,D09,46,88.53020000000001,44.0,46.94844168789887,41.77156496281496,46.33358383178711,55.46798798330171
demo,D09,47,88.04945,43.0,46.12813353359131,40.305886030636046,41.65944290161133,43.29476877400185
demo,D09,48,88.01805,42.0,48.63170549771107,40.2433146020646,42.0836181640625,47.48623038199589
demo,D09,49,87.35340000000001,41.0,44.787477353732804,37.98531784881786,37.98513412475586,39.2814025790875
demo,D09,50,87.6181,40.0,48.29450359930597,38.02390118215119,39.10660934448242,41.10470825644505
demo,D09,51,87.44364999999999,39.0,46.44701062971601,37.93925832500833,37.565574645996094,42.39560076548033
demo,D09,52,87.78224999999999,38.0,45.07820255974286,38.229024198024206,38.099510192871094,52.979399831168315
demo,D09,53,86.5156,37.0,45.138451825556636,34.65985486735488,32.52674102783203,29.48929159802314
demo,D09,54,86.78099999999999,36.0,43.48281375958509,36.02833610833611,33.53013229370117,34.18600899393006
demo,D09,55,87.06255,35.0,40.07496999184355,36.93169541569543,36.274383544921875,48.46591454962186
demo,D09,56,86.414,34.0,42.63435467683419,33.049750249750254,31.946266174316406,29.666975023126813
demo,D09,57,86.24525,33.0,38.09936092727945,32.230022255522265,30.37424087524414,32.129738239288834
demo,D09,58,85.85635,32.0,38.89840645409291,31.076766122766127,30.637603759765625,30.471985763939525
demo,D09,59,85.63589999999999,31.0,33.15436403495915,30.234623626373626,28.407682418823242,26.187909483759995
demo,D09,60,85.17694999999999,30.0,36.94630904315331,28.911155372405364,28.85250473022461,23.99869273774084
demo,D09,61,85.34455,29.0,37.71767517112967,29.0559547952048,29.881332397460938,26.99922203362427
demo,D09,62,85.0448,28.0,37.36297029006293,28.51165104340105,28.597362518310547,27.004978320218402
demo,D09,63,85.18495,27.0,32.332684979803474,28.310055555555554,28.110265731811523,26.99510595095539
demo,D09,64,84.7208,26.0,35.07844797865377,27.360549422799426,27.64524269104004,25.921655190590723
demo,D09,65,84.62045,25.0,36.38333091276405,27.307481962481965,27.96152114868164,22.02584686376771
demo,D09,66,84.43555,24.0,31.38708236371795,27.288553391053398,26.41693687438965,22.263911336873747
demo,D09,67,84.3633,23.0,30.68321840013766,26.476583333333334,25.38614273071289,24.26886923633119
demo,D09,68,84.02539999999999,22.0,28.369434991270015,26.666172438672444,25.625328063964844,19.590227759392594
demo,D09,69,83.6713,21.0,25.69032849696989,18.372268759018755,15.641339302062988,15.997646956294433
demo,D09,70,83.8211,20.0,24.076924831241282,18.310123737373736,14.651481628417969,20.480126061229743
demo,D09,71,83.92075,19.0,21.793359755407092,22.171319264069272,16.839313507080078,21.264738743233956
demo,D09,72,83.4439,18.0,24.950790006564958,18.132717532467527,14.516735076904297,18.69429275547982
demo,D09,73,83.02695,17.0,22.781876453544804,15.626698412698417,14.509610176086426,15.16173789345033
demo,D09,74,82.97715,16.0,20.790600688493424,15.562428571428576,12.935365676879883,17.007426449585754
demo,D09,75,82.20275000000001,15.0,14.988667214733209,11.704327380952384,8.93597412109375,10.16901031327621
demo,D09,76,82.57965,14.0,15.700780386006773,13.645019841269841,12.739028930664062,13.258891858552664
demo,D09,77,83.60155,13.0,15.592676460482508,18.191098124098122,13.616910934448242,21.536764178247747
demo,D09,78,81.94749999999999,12.0,14.286767339263381,11.259503066378066,8.230237007141113,10.65815109126324
demo,D09,79,81.80444999999999,11.0,14.504817907862982,10.628324855699855,7.449111461639404,9.064763741949681
demo,D09,80,81.70925,10.0,14.952955976078478,9.894486790986791,8.000499725341797,7.982225916724244
demo,D09,81,81.93195,9.0,10.250569610428428,10.933205808080809,7.810347080230713,10.7760399817048
demo,D09,82,81.76339999999999,8.0,7.238612475718163,10.310846139971137,6.56580114364624,9.836339904280523
demo,D09,83,80.9586,7.0,7.517163064325679,4.919995809745809,4.914417266845703,4.8930631412383425
demo,D09,84,80.88255,6.0,5.718975164124444,4.721184454434454,5.158613204956055,4.641726361408245
demo,D09,85,80.69085,5.0,5.058661385894155,4.591932067932067,2.365532159805298,3.8499476159693193
demo,D09,86,80.8818,4.0,7.923037877362361,4.8709878732378735,3.93435001373291,4.939779284073712
demo,D09,87,80.4826,3.0,4.797429553680566,3.526079476079475,3.282620668411255,2.6445574503529334
demo,D09,88,80.26645,2.0,4.01109305273318,2.085584165834166,0.8426831364631653,1.3543255057436534
demo,D09,89,80.1989,1.0,2.0947385402369036,1.7484824342324345,0.7631469368934631,1.0996483778942183
demo,D09,90,79.65815,0.0,1.5560175667646874,0.033666666666666664,0.8476408123970032,0.0
demo,D10,6,96.5877,60.0,46.19875855319237,57.91977370351232,53.73275375366211,85.21370594883432
demo,D10,7,96.84725,59.0,42.68046639722215,57.91977370351232,59.16824722290039,141.62311733800544
demo,D10,8,96.7261,58.0,40.66321100515317,57.91977370351232,60.147552490234375,140.23559707749592
demo,D10,9,95.01925,57.0,43.66727766336918,52.777501232127605,48.53378677368164,47.27215501131123
demo,D10,10,94.6366,56.0,52.2703591575927,48.04430638793542,47.22541427612305,45.04493229380399
demo,D10,11,95.041,55.0,55.8296778813673,51.25924351017826,47.72888946533203,59.686507936508015
demo,D10,12,94.94055,54.0,55.25645010940228,51.5988887839996,47.501068115234375,62.71672804289362
demo,D10,13,94.5112,53.0,56.35604406579141,47.67000950906747,46.95991134643555,57.09698996655537
demo,D10,14,94.48845,52.0,50.44516967621191,47.71037424596424,46.62314987182617,61.30082504759905
demo,D10,15,93.9385,51.0,50.13039105524692,47.69230775760256,45.16422653198242,53.86859903381662
demo,D10,16,93.5524,50.0,50.6397710568758,46.99602006775892,41.50833511352539,50.71246819338441
demo,D10,17,93.33765000000001,49.0,52.008671631573804,46.96950966119296,41.63285827636719,50.52917707507099
demo,D10,18,93.1793,48.0,49.15712523183811,46.60092027734318,41.12367248535156,51.13268822603104
demo,D10,19,93.2302,47.0,46.90301831201472,47.518246805439155,40.86021423339844,54.9883624272652
demo,D10,20,93.732,46.0,46.40494453086244,50.4271320760153,42.73358917236328,68.13998433011241
demo,D10,21,92.36315,45.0,40.91711542129114,47.356994971009236,40.48994445800781,47.570245389920956
demo,D10,22,92.35584999999999,44.0,41.36023603223447,47.27529403104482,40.30596923828125,49.84925506469547
demo,D10,23,91.85915,43.0,39.33824659445922,44.135793356170495,35.54185104370117,45.75730683900844
demo,D10,24,91.98695000000001,42.0,39.072131849401316,45.82532099351053,35.80512619018555,49.46131627811033
demo,D10,25,91.1084,41.0,39.752580672097025,41.39153978275704,33.56079864501953,41.31692651024401
demo,D10,26,90.7748,40.0,38.99689029446325,41.21197557522968,32.777496337890625,39.693790339217855
demo,D10,27,90.93769999999999,39.0,38.820957109496575,41.1158614447949,32.840797424316406,42.307275751363434
demo,D10,28,90.69745,38.0,37.63100081073346,41.134222931281386,32.71633529663086,40.95282029293991
demo,D10,29,90.04575,37.0,34.48847996505288,38.7073927442995,32.65496063232422,36.443066720840434
demo,D10,30,90.4366,36.0,34.19005506271013,39.879755767671625,32.643985748291016,39.732441980873475
demo,D10,31,90.3385,35.0,30.891225516061496,39.536656698146764,32.19742965698242,41.35929398963064
demo,D10,32,89.29945000000001,34.0,30.876127850156557,35.358349172109534,29.9165096282959,30.80185617000985
demo,D10,33,89.66005,33.0,30.353688822985365,37.86114615760883,29.782329559326172,34.177687675575434
demo,D10,34,88.2246,32.0,25.809903723070292,30.83385271751183,24.084453582763672,30.26130852950479
demo,D10,35,88.9867,31.0,27.972361794804858,31.152928976857858,26.79351234436035,39.76486309492201
demo,D10,36,88.13045000000001,30.0,25.392248952221387,28.00215481144132,23.750030517578125,29.413179848203207
demo,D10,37,88.40390000000001,29.0,27.90999925574803,29.409378339514795,24.214385986328125,32.141463899704036
demo,D10,38,87.54525,28.0,24.697825618226307,26.706693237591043,23.6420841217041,27.079041623899066
demo,D10,39,87.535,27.0,26.42576868147325,26.976714650334184,23.912269592285156,27.090868561649224
demo,D10,40,87.0338,26.0,24.37834310095203,26.164280296307517,23.569738388061523,25.46743522528131
demo,D10,41,86.93325,25.0,22.3724607807909,25.650142424971705,21.316286087036133,26.18633057114583
demo,D10,42,87.26635,24.0,20.835043810376273,27.217630623012205,23.292062759399414,29.920898324905675
demo,D10,43,87.2158,23.0,20.507245199170274,27.33588624470533,23.64401626586914,30.249853274084035
demo,D10,44,86.7885,22.0,15.265595108682515,26.104212773340773,19.445680618286133,26.345918003011633
demo,D10,45,85.75775,21.0,16.06927224502683,21.196216617449323,17.803190231323242,18.051070633601917
demo,D10,46,86.0385,20.0,12.702863072997317,22.610582238564998,18.513614654541016,23.868909742041037
demo,D10,47,84.82015000000001,19.0,11.663863492503868,18.879058159668517,17.001480102539062,15.991049272131411
demo,D10,48,84.93815000000001,18.0,10.395767149085625,18.924167616932387,16.87129783630371,17.837559601213744
demo,D10,49,84.57894999999999,17.0,12.864756320703886,17.724573748856816,16.87129783630371,15.452720032397348
demo,D10,50,84.91615,16.0,12.103747704291031,18.92550009511072,16.536277770996094,19.847995478218746
demo,D10,51,84.2249,15.0,7.995271105157528,17.604613692439926,14.944284439086914,16.125818714789574
demo,D10,52,83.2568,14.0,11.429958286408194,11.693796776922428,11.923954010009766,10.60032027496778
demo,D10,53,83.20355,13.0,11.679061334070099,11.09557871394153,10.837839126586914,10.687192249696448
demo,D10,54,83.00555,12.0,8.912492224242044,10.055160764429804,10.954401969909668,10.67281469276441
demo,D10,55,83.30175,11.0,7.630254087151798,11.871881796816087,11.910334587097168,11.56909395432279
demo,D10,56,84.4029,10.0,4.268411232251921,17.931858199345157,12.734124183654785,18.544460543163318
demo,D10,57,82.3541,9.0,0.0,7.867504637206119,10.615264892578125,8.47365503538339
demo,D10,58,81.9902,8.0,0.0,7.366519330703036,7.124669075012207,6.487089056500461
demo,D10,59,82.07965,7.0,0.0,7.337340959054221,7.124669075012207,8.460809282418909
demo,D10,60,82.4067,6.0,0.0,8.059995321474945,10.615264892578125,9.143996960486326
demo,D10,61,81.4203,5.0,0.0,5.94426434976948,5.750889778137207,5.291610470704808
demo,D10,62,81.1031,4.0,0.0,4.1918172317939035,4.522543430328369,3.777325772518067
demo,D10,63,80.61675000000001,3.0,0.0,2.6962896017538793,2.5058748722076416,2.225409540304581
demo,D10,64,80.5257,2.0,0.0,2.6456264739717894,2.718834638595581,1.8750089167249255
demo,D10,65,80.1438,1.0,0.0,1.1634918284636193,2.363685369491577,0.5217706821480363
demo,D10,66,79.9686,0.0,0.0,0.295582169342758,1.9174389839172363,0.0
demo,D11,6,91.59140000000001,35.0,28.61261150127541,44.84031595296954,40.185150146484375,31.622970945300967
demo,D11,7,91.71325,34.0,29.780709504054464,45.24000574563301,40.88894271850586,41.07750306856053
demo,D11,8,91.11955,33.0,31.326372940269884,38.90397569010368,40.19921875,33.774559576499286
demo,D11,9,91.32915,32.0,28.61505271720814,44.58881400520194,40.485660552978516,43.26167064439142
demo,D11,10,91.8993,31.0,26.340731257082126,47.48923981171697,44.356895446777344,70.23228514280089
demo,D11,11,90.50645,30.0,21.75957010850552,38.876920455097654,38.58827590942383,36.0093566850602
demo,D11,12,89.75595,29.0,27.413775908032076,35.32770871858239,34.086124420166016,29.255615833378776
demo,D11,13,90.55290000000001,28.0,25.628412809429474,37.507417923449445,38.960853576660156,44.10441445363538
demo,D11,14,89.5957,27.0,25.641625159695835,35.469847384502124,33.679012298583984,32.58344760934577
demo,D11,15,89.0709,26.0,23.509626753122234,29.32105457615626,29.852624893188477,29.171906047206072
demo,D11,16,88.69505,25.0,26.427793375497412,27.486100888965282,29.531814575195312,27.57940200038059
demo,D11,17,88.28385,24.0,26.531582224718964,25.970405127646437,27.97499656677246,25.784798552613683
demo,D11,18,87.88725,23.0,24.71423658610831,24.82313468401187,27.97499656677246,24.216303346637982
demo,D11,19,87.54335,22.0,27.906354615201415,23.69779848106186,27.97499656677246,23.08874642905731
demo,D11,20,87.9464,21.0,25.762807810848344,25.552408030404372,28.04898452758789,27.562703664825875
demo,D11,21,86.93889999999999,20.0,23.251412178781216,22.019924564368388,23.206684112548828,21.399020855017095
demo,D11,22,86.12645,19.0,20.5955868976055,19.463911488600726,20.928264617919922,17.62958877454544
demo,D11,23,86.07495,18.0,22.975949529724776,19.28757174225286,21.11915397644043,18.185503184020043
demo,D11,24,86.3614,17.0,23.28616705116051,20.23765989168444,21.507505416870117,20.7160383703232
demo,D11,25,85.66460000000001,16.0,19.885317534771893,18.440420970821595,20.236948013305664,17.520397445728214
demo,D11,26,85.35625,15.0,17.26049850871358,18.085766749380845,20.175010681152344,16.5974107264592
demo,D11,27,85.4025,14.0,17.519914211741963,18.376986841744788,20.175010681152344,19.014986730865377
demo,D11,28,84.4725,13.0,17.441114196736397,15.83019007033197,17.021005630493164,13.729854182655405
demo,D11,29,84.54845,12.0,13.915465897043905,15.83019007033197,17.021005630493164,12.837776811872361
demo,D11,30,83.81045,11.0,13.687210758987213,10.56552954509245,13.2835693359375,11.331991102017533
demo,D11,31,83.8347,10.0,14.433454194038578,10.75253628607223,13.345504760742188,12.359315172689396
demo,D11,32,83.1948,9.0,13.034064262023314,10.025126995261296,13.016294479370117,9.376118894869373
demo,D11,33,82.88895,8.0,12.41618400275199,9.046764467087053,10.987567901611328,8.77502855198889
demo,D11,34,82.85575,7.0,11.072316411381603,8.928880900113352,10.92563247680664,8.425631977718512
demo,D11,35,83.9421,6.0,11.661520455467873,15.34857790830177,15.82297420501709,12.3853239833107
demo,D11,36,81.85405,5.0,4.091974262104344,6.621336039611567,7.629305839538574,5.35703966529518
demo,D11,37,81.40785000000001,4.0,3.8348276936753294,5.520978632649156,6.456982135772705,4.216079107820979
demo,D11,38,81.6739,3.0,2.5775257576633948,6.211393382390558,6.906005859375,4.713087059353537
demo,D11,39,81.0149,2.0,0.19669620058242998,3.9587221977479725,4.74521541595459,2.9568921312698047
demo,D11,40,80.36385,1.0,0.5710153154982152,2.2820796229255205,3.8046178817749023,1.044699410248016
demo,D11,41,79.92755,0.0,0.595989853566607,0.3426452295225289,3.7426822185516357,0.0
demo,D12,6,97.3784,67.0,106.80880954805454,44.28399642258336,59.24433898925781,85.32626307261762
demo,D12,7,96.7451,66.0,103.28816737886333,44.28399642258336,57.8349723815918,60.83044228498758
demo,D12,8,97.0603,65.0,100.71917187110552,44.28399642258336,58.221458435058594,89.35770137304056
demo,D12,9,95.80785,64.0,96.96095571447262,42.894116498175,55.13105010986328,48.84808219707221
demo,D12,10,95.5419,63.0,96.04106375382227,43.173621161571376,52.84926223754883,48.996304534388855
demo,D12,11,96.08529999999999,62.0,102.89537027775468,44.13337142258336,56.066200256347656,69.58965151744549
demo,D12,12,95.30675,61.0,96.07859378594017,43.60385076856568,52.4804573059082,54.49004854368924
demo,D12,13,95.9276,60.0,97.84777231703751,43.828172592174006,56.29814147949219,77.40769090577732
demo,D12,14,95.47685,59.0,94.57311488729627,43.00662985462864,53.50175094604492,68.90614404602901
demo,D12,15,95.3118,58.0,88.88142991763658,42.86283058634299,53.726402282714844,69.48741470688361
demo,D12,16,94.8597,57.0,86.8678417641676,42.74827409708061,53.2998161315918,63.01734496261022
demo,D12,17,94.07565,56.0,89.25232175863408,41.99969404233915,52.87464904785156,52.118766054939684
demo,D12,18,94.9988,55.0,91.60356642150924,43.39007761116347,53.161865234375,75.03924425020982
demo,D12,19,94.31335,54.0,85.21353203943991,42.848604672341715,50.837100982666016,63.094553558309286
demo,D12,20,93.16980000000001,53.0,80.91051736821865,39.54012362308857,51.77920150756836,47.87231559513689
demo,D12,21,93.84915000000001,52.0,83.54462206106919,40.730987279682736,53.77304458618164,60.907511654499274
demo,D12,22,93.32775,51.0,82.32009518277738,40.1491549719364,49.12789535522461,55.21458867626746
demo,D12,23,92.85624999999999,50.0,83.20648392389236,39.32629327859142,49.5792121887207,51.04909304214408
demo,D12,24,92.76325,49.0,80.63710888600114,38.76146716782766,51.93759536743164,52.108768971332225
demo,D12,25,92.5209,48.0,80.5626687283189,38.6682397430785,48.81875228881836,51.14180927014814
demo,D12,26,92.0705,47.0,79.85457408560032,38.58687661035105,46.657413482666016,47.700059276822735
demo,D12,27,92.30810000000001,46.0,81.28601831024264,38.70676280803532,48.517913818359375,47.44870816274611
demo,D12,28,92.0462,45.0,76.60867554362831,38.3931958144656,48.527137756347656,52.35520631416078
demo,D12,29,92.05685,44.0,78.37756094131531,38.72688416087426,48.582435607910156,57.463920768673454
demo,D12,30,90.9434,43.0,74.15735904718159,36.98448870234966,45.813072204589844,42.89208193213083
demo,D12,31,91.26145,42.0,75.40343966873314,37.78018710935911,47.764854431152344,46.02559281995108
demo,D12,32,90.00845,41.0,69.79204116862775,36.469811169998586,42.749542236328125,37.14179154327448
demo,D12,33,91.5816,40.0,74.22144558925672,37.917516280388746,43.58177185058594,52.84830342964566
demo,D12,34,90.3262,39.0,71.13144557602932,36.839633598374355,44.138816833496094,47.09439676009959
demo,D12,35,89.5994,38.0,67.06924876909663,35.39242262824354,41.950279235839844,40.38451830037867
demo,D12,36,89.88295,37.0,70.26728638641437,36.05017594675949,40.45604705810547,39.835505896958416
demo,D12,37,89.32515,36.0,65.72937533833019,33.89292367527125,40.226768493652344,38.974312892871446
demo,D12,38,88.911,35.0,68.57168916946969,32.22798444398819,36.91992950439453,31.749707835703923
demo,D12,39,89.10470000000001,34.0,66.99638172649449,32.951042740401924,37.070220947265625,35.72067512535024
demo,D12,40,88.23045,33.0,63.40117810057991,30.709468939683642,34.732879638671875,29.0567829580518
demo,D12,41,88.55675,32.0,64.20652328397773,32.32905231308409,37.257999420166016,33.93946485375888
demo,D12,42,87.4405,31.0,60.21459330473111,29.172416340965793,30.944839477539062,28.03440766222318
demo,D12,43,87.8595,30.0,63.52392599647574,30.746618998067767,32.94197463989258,27.52195593405513
demo,D12,44,87.52499999999999,29.0,59.15834643385847,30.673023457376576,32.96725845336914,27.712919928995934
demo,D12,45,87.0874,28.0,55.63707819706639,29.547031732986067,28.518775939941406,29.13077074838877
demo,D12,46,87.1031,27.0,59.04790429643408,30.153325747952792,29.09771156311035,26.323181713743548
demo,D12,47,86.69865,26.0,55.16613094288539,28.68586603943329,23.634275436401367,25.262290507007013
demo,D12,48,86.77470000000001,25.0,54.4015264858879,29.044965613852433,28.073162078857422,27.849396946502264
demo,D12,49,86.36155,24.0,51.884967229690204,26.991381073172594,20.770273208618164,24.84320571098298
demo,D12,50,86.06395,23.0,50.59333648609464,25.093247133336476,18.188331604003906,23.478383757037044
demo,D12,51,85.7498,22.0,52.93238215467754,24.49446540677648,18.525970458984375,22.74194313920923
demo,D12,52,85.25415,21.0,45.88874170815998,22.628309297844442,16.32378578186035,18.621304375562573
demo,D12,53,85.0383,20.0,46.08662968906888,22.859658236964382,17.176738739013672,17.973644030308694
demo,D12,54,84.9358,19.0,46.85607108590201,21.769561589091516,16.591968536376953,17.328203003770522
demo,D12,55,84.54129999999999,18.0,41.4896471565839,20.767291073780342,16.105865478515625,17.73363427625306
demo,D12,56,84.6582,17.0,41.31032051542076,20.73812017760136,16.474153518676758,17.636012569567985
demo,D12,57,84.63454999999999,16.0,40.33498027338483,20.54803219858691,15.812509536743164,21.56045888460887
demo,D12,58,83.8989,15.0,36.94171737341682,23.9392924215681,14.777152061462402,12.687271401981072
demo,D12,59,83.0952,14.0,35.7114606273407,22.941348181379873,11.864945411682129,10.701147835707399
demo,D12,60,83.52834999999999,13.0,34.54917675472883,25.66550654267702,12.166444778442383,14.529405951194525
demo,D12,61,82.79990000000001,12.0,30.119808571134996,19.71239932268,8.391167640686035,9.882395295811882
demo,D12,62,82.38985,11.0,31.48178106435619,20.315802944036204,7.972000598907471,8.614803973872782
demo,D12,63,82.92439999999999,10.0,30.321201726295538,19.233625303334914,8.845019340515137,12.212274078775877
demo,D12,64,82.3672,9.0,28.037556632513365,16.519009282503408,8.02502727508545,8.783673469387729
demo,D12,65,82.17795,8.0,27.45295249364855,15.586094584974585,6.835687160491943,8.996076001652177
demo,D12,66,81.74755,7.0,24.7711016392106,8.95428694947793,5.822963237762451,6.416135522528368
demo,D12,67,81.3092,6.0,22.743270892942533,7.33447592421403,5.240799427032471,5.338182767113031
demo,D12,68,80.9787,5.0,18.908133109463122,4.667904280284514,2.990779399871826,3.5559091966050618
demo,D12,69,81.02125,4.0,19.5832160702847,4.887789438697093,1.894485592842102,3.925619834710726
demo,D12,70,80.85175,3.0,19.032684932243086,4.521858713799131,2.3900229930877686,3.4148404737276574
demo,D12,71,80.21549999999999,2.0,18.815568046144698,1.3746721024559179,0.0,0.7822027992333738
demo,D12,72,80.58125000000001,1.0,15.408693533716107,2.8094864267950554,0.0,2.375396410239695
demo,D12,73,79.62335,0.0,15.360160400091274,0.33817601223833976,0.0,0.0
demo,D13,6,96.8185,34.0,8.289090742498864,33.84513047370964,44.17059326171875,27.7267631639685
demo,D13,7,96.54825,33.0,6.189940627611925,33.84513047370964,44.231353759765625,30.059034557921954
demo,D13,8,96.12365,32.0,4.6427859183669895,33.74753523561439,44.9691047668457,30.27712427067265
demo,D13,9,95.24415,31.0,0.0,33.74753523561439,42.589298248291016,26.46984643767979
demo,D13,10,95.02884999999999,30.0,0.7286562822212375,33.63077333085249,42.362586975097656,28.047329732195568
demo,D13,11,94.9593,29.0,0.642946516044951,33.30570493258409,41.767189025878906,30.578483677766197
demo,D13,12,93.6482,28.0,0.0,31.925478575122757,36.89665603637695,24.202057002837268
demo,D13,13,93.28365,27.0,0.0,32.18862466762674,36.89665603637695,24.270686308096355
demo,D13,14,93.2936,26.0,0.0,31.519801357603434,36.998538970947266,26.352862240385488
demo,D13,15,92.5517,25.0,0.0,31.51629402425051,33.70798873901367,24.072742715454048
demo,D13,16,93.547,24.0,0.0,32.32725686164753,36.89665603637695,32.23225049172006
demo,D13,17,91.8145,23.0,0.0,29.376232041010034,29.18834686279297,23.520511640060203
demo,D13,18,90.75609999999999,22.0,0.0,27.046881209238038,29.451290130615234,20.1041966730069
demo,D13,19,90.323,21.0,0.0,26.756379278346056,28.810882568359375,19.501070484026677
demo,D13,20,89.76855,20.0,0.0,26.57857246287051,25.467409133911133,18.4077368997853
demo,D13,21,89.3375,19.0,0.0,26.145504480270564,25.467409133911133,17.762200515508066
demo,D13,22,89.32265000000001,18.0,0.0,26.020041022160047,25.467409133911133,18.59438679805299
demo,D13,23,87.8875,17.0,0.0,19.15283178661939,19.518798828125,14.504049682795756
demo,D13,24,87.51485,16.0,0.0,19.47666361624515,19.518798828125,14.010525633179443
demo,D13,25,86.93705,15.0,0.0,18.422138793267216,16.856964111328125,12.891798658081902
demo,D13,26,87.23925,14.0,0.0,18.89300285620579,17.189163208007812,14.349754007048755
demo,D13,27,86.10475,13.0,0.0,15.423929010665905,15.376631736755371,12.31948839236704
demo,D13,28,85.6599,12.0,0.0,14.335447066212442,15.376631736755371,11.021127446207753
demo,D13,29,84.74074999999999,11.0,0.0,12.599466815940518,11.57571029663086,9.26057961275802
demo,D13,30,84.61215,10.0,0.0,12.485101377457433,11.57571029663086,8.989809801146889
demo,D13,31,84.41505000000001,9.0,0.0,12.668140222831465,10.92461109161377,8.89883459843836
demo,D13,32,83.6938,8.0,0.0,9.06518280306201,7.639996528625488,7.1838935154751775
demo,D13,33,83.04690000000001,7.0,0.0,8.466953605824408,6.7712721824646,5.825032978377675
demo,D13,34,82.06975,6.0,0.0,6.155332807801821,2.767047882080078,3.927598220791835
demo,D13,35,81.8994,5.0,0.0,6.18583280780182,2.789606809616089,3.616678535658388
demo,D13,36,81.4991,4.0,0.0,5.199987237175551,1.7495769262313843,2.784319698072834
demo,D13,37,80.61335,3.0,0.0,2.519055430904414,0.0,1.1763656658879784
demo,D13,38,80.56185,2.0,0.0,2.5007499752489593,0.0,1.1041086953104264
demo,D13,39,80.08415,1.0,0.0,1.0336924201387163,0.0,0.15926098361399213
demo,D13,40,79.11195,0.0,0.0,0.3177944753430311,0.0,0.0
demo,D14,6,93.5632,175.0,85.85550521963893,83.61288383838382,80.05359649658203,362.0
demo,D14,7,93.52515,174.0,85.31047704484266,83.60061796536796,80.5438232421875,362.0
demo,D14,8,93.3561,173.0,84.62709958457964,82.14985606060604,80.05359649658203,362.0
demo,D14,9,93.11540000000001,172.0,83.8281996174085,81.69325577200577,80.05359649658203,255.00838497995662
demo,D14,10,93.1151,171.0,84.73503494972486,81.00699603174603,79.1130142211914,286.66885245901784
demo,D14,11,92.9691,170.0,85.05211598258211,80.09424134199135,78.3060302734375,232.5253249663833
demo,D14,12,92.7543,169.0,82.79167613560357,79.3128813131313,77.05573272705078,181.60287360041528
demo,D14,13,93.44405,168.0,82.44836746234725,78.43877020202021,77.62332916259766,362.0
demo,D14,14,93.23505,167.0,80.90186405067524,76.95026479076482,77.17205810546875,362.0
demo,D14,15,92.82065,166.0,81.49575644315843,75.79454653679655,75.18185424804688,254.16185216652667
demo,D14,16,92.9473,165.0,80.95808126074424,75.13542321567319,76.19070434570312,335.1039599689428
demo,D14,17,93.59809999999999,164.0,80.66141890113838,73.61788714063711,75.36834716796875,362.0
demo,D14,18,93.4147,163.0,80.07368808861678,72.69322155622153,74.73845672607422,362.0
demo,D14,19,92.90835,162.0,79.62451017517238,72.13296398046394,74.36107635498047,362.0
demo,D14,20,92.83145,161.0,79.99900958940722,70.70163980463978,72.71674346923828,350.58606557377453
demo,D14,21,92.52665,160.0,79.17164665846279,69.91118850593851,71.55728912353516,250.4829034193181
demo,D14,22,92.31895,159.0,78.620868563292,68.91813494838495,71.55728912353516,214.17166156138842
demo,D14,23,92.79785000000001,158.0,78.20970768810244,67.57720781995782,72.60014343261719,362.0
demo,D14,24,92.51225,157.0,77.92458535041337,66.06408730158732,71.96986389160156,283.6405972797156
demo,D14,25,92.00104999999999,156.0,76.55475581351345,65.30608080808084,68.69242095947266,188.76995674400254
demo,D14,26,92.3192,155.0,76.38715338369067,64.8402077922078,71.96986389160156,255.02422059371474
demo,D14,27,92.36720000000001,154.0,77.36327134986448,63.62390079365081,71.86012268066406,166.73227815676825
demo,D14,28,91.41995,153.0,76.92895505611584,62.62250216450217,67.74777221679688,106.12350153331451
demo,D14,29,91.7045,152.0,77.69328570889417,61.64161616161615,68.19688415527344,141.64952196538724
demo,D14,30,92.0224,151.0,76.66930939280587,61.15970923520924,68.20220947265625,288.8611244593962
demo,D14,31,91.2684,150.0,75.5838802842051,60.35048520923521,66.08028411865234,122.76015339027393
demo,D14,32,91.24785,149.0,75.39903432662867,58.855284632034625,65.24163055419922,123.47791244017056
demo,D14,33,91.62835,148.0,75.4068447820455,57.159670634920666,67.7066650390625,168.25857328895955
demo,D14,34,91.78855,147.0,74.74543164807113,56.75631926406929,67.20257568359375,222.11534838150385
demo,D14,35,92.9481,146.0,74.0804265459595,55.96293398268401,73.26402282714844,362.0
demo,D14,36,91.9785,145.0,72.86925504768027,54.81049891774894,68.20220947265625,302.3041590954974
demo,D14,37,91.45955000000001,144.0,73.44223300318208,53.79044191919194,65.89045715332031,221.26955010619938
demo,D14,38,91.254,143.0,72.4271614299328,52.92611652236653,65.32257080078125,128.46738658934737
demo,D14,39,90.9043,142.0,71.60769236878491,51.41056746031745,64.43356323242188,116.96127855840429
demo,D14,40,91.11175,141.0,71.8264414509303,50.47278174603174,64.5833511352539,162.55705424542103
demo,D14,41,91.3698,140.0,70.74357859602333,49.7038373015873,66.24150848388672,180.18700475435807
demo,D14,42,91.31365,139.0,69.7949870940991,49.160068181818176,66.15257263183594,123.8115301276022
demo,D14,43,91.0973,138.0,70.37843663524654,48.606468975468985,64.43356323242188,119.71713989816219
demo,D14,44,91.11200000000001,137.0,69.82701232347056,48.37863564213565,64.43356323242188,154.64692292704754
demo,D14,45,91.2606,136.0,69.06386739696457,48.190667388167405,66.33270263671875,179.2118916510161
demo,D14,46,90.8299,135.0,67.59825443736653,48.00208802308803,65.31487274169922,159.56829232355886
demo,D14,47,91.14705,134.0,65.09046562397131,47.73173845598846,64.84545135498047,237.79866029524527
demo,D14,48,90.4482,133.0,64.62726596836052,47.83521464646466,62.24506759643555,111.16762070946685
demo,D14,49,90.5734,132.0,64.77637097783204,47.75765512265513,62.735286712646484,136.33597235474733
demo,D14,50,90.38015,131.0,62.780977939968764,47.645432900432915,61.74423599243164,160.09855635757995
demo,D14,51,90.69115,130.0,62.151008360938874,47.645432900432915,62.58683395385742,164.1710942538617
demo,D14,52,90.07775,129.0,61.20406472528501,47.645432900432915,62.12472915649414,110.04553495380901
demo,D14,53,90.2142,128.0,60.88986269968953,47.50309956709958,62.3059196472168,211.78104913954073
demo,D14,54,89.6813,127.0,60.92119522263371,47.26648051948053,56.726531982421875,119.62855871886096
demo,D14,55,90.34585,126.0,59.60608061508716,47.69598845598847,62.29410934448242,154.27291163400977
demo,D14,56,90.46975,125.0,58.15861555076687,47.72598845598847,62.63453674316406,327.73273649283385
demo,D14,57,90.29695,124.0,57.00078706752858,47.69598845598847,61.64348602294922,270.71590072562697
demo,D14,58,90.19545,123.0,54.40611229534489,47.645432900432915,61.64348602294922,177.88139437504307
demo,D14,59,90.13125,122.0,53.189079770482394,47.66165512265514,62.144317626953125,152.82764134435462
demo,D14,60,90.017,121.0,52.41290519973598,47.645432900432915,59.603973388671875,85.43720787417688
demo,D14,61,89.91890000000001,120.0,51.72380554408756,47.63048845598847,60.10480499267578,120.39837832588927
demo,D14,62,89.86565,119.0,52.296871979513924,47.63048845598847,60.10480499267578,154.7407302842081
demo,D14,63,89.3925,118.0,51.45188524194711,47.04331385281386,55.88323974609375,126.14155251141506
demo,D14,64,89.45625,117.0,50.700112448398414,47.07331385281386,55.88323974609375,163.2583474327533
demo,D14,65,89.46435000000001,116.0,51.198294922162894,47.04331385281386,55.53219985961914,143.62556149083503
demo,D14,66,89.26944999999999,115.0,50.38360724677163,44.67485414585415,53.967281341552734,110.33220653700532
demo,D14,67,88.82695000000001,114.0,49.84918059588736,39.954168248418235,49.184814453125,88.74160534041164
demo,D14,68,88.85294999999999,113.0,48.58764567071369,39.9978111055611,49.685646057128906,98.61374117227648
demo,D14,69,89.2189,112.0,47.788188635233794,43.49713986013986,52.182777404785156,121.74343669114131
demo,D14,70,89.34795,111.0,48.520447256996746,45.44059956709958,53.566184997558594,122.18584163333595
demo,D14,71,89.0052,110.0,47.77942022989595,39.858985708735695,47.6760368347168,123.3791856195544
demo,D14,72,89.75795,109.0,48.28984781139983,47.22283766233768,54.234737396240234,175.61640630624143
demo,D14,73,90.04965,108.0,49.22447095495832,47.69598845598847,58.95713424682617,362.0
demo,D14,74,88.91375000000001,107.0,47.70966546950605,39.95047777222776,47.3670654296875,134.27153315458096
demo,D14,75,89.0933,106.0,46.8113413803003,40.0378111055611,49.3773078918457,176.65811866184853
demo,D14,76,88.95125,105.0,45.266778006523765,39.88451348651348,46.95254898071289,128.61730559227607
demo,D14,77,88.7535,104.0,45.55559955445631,39.80941824841824,46.7428092956543,165.2539173116869
demo,D14,78,88.80335000000001,103.0,45.481120053484304,39.91165634365633,47.04148864746094,155.99372718573966
demo,D14,79,88.42410000000001,102.0,45.18536704145718,39.18008816183815,46.81304931640625,167.51710149538903
demo,D14,80,88.83145,101.0,45.800798234888475,39.9233349150849,47.01153564453125,145.79123745377763
demo,D14,81,88.6425,100.0,45.363461153213514,39.820061105561095,46.135868072509766,118.24462990833175
demo,D14,82,87.9267,99.0,43.63117668266602,36.05185286935287,43.05452346801758,83.60615968779666
demo,D14,83,88.20354999999999,98.0,42.077719799547985,37.46828260628261,45.403236389160156,102.96136854259738
demo,D14,84,87.5675,97.0,41.607227586831,35.1814123931624,42.18812942504883,73.79327157484153
demo,D14,85,88.4127,96.0,40.30333299016064,39.26813578088578,45.665061950683594,131.0961166864057
demo,D14,86,87.9478,95.0,40.00108462632073,35.94337667887668,41.02716827392578,100.80411952716723
demo,D14,87,88.2094,94.0,38.5065450754136,37.47006832056833,43.07484817504883,123.91547169811324
demo,D14,88,87.69605,93.0,36.65219876288047,35.57438858363858,40.5855712890625,113.4140410857969
demo,D14,89,87.09599999999999,92.0,34.75013444177705,32.75513461538461,37.84345626831055,75.16152949899339
demo,D14,90,88.36795,91.0,36.41632013250302,39.29896911421911,45.01092529296875,190.80513498722783
demo,D14,91,87.53985,90.0,34.940736017038994,35.13684096459097,40.67451095581055,108.98256822386739
demo,D14,92,87.1241,89.0,33.62466071299858,32.10483302808303,36.644622802734375,104.59083301523837
demo,D14,93,87.69145,88.0,34.250607007035605,35.57438858363858,40.205078125,165.549935428327
demo,D14,94,87.88185,87.0,33.399066611339634,35.57098382173382,40.205078125,147.37388280168975
demo,D14,95,87.1337,86.0,32.410946494181644,32.484967948717944,37.74369430541992,80.54307327537573
demo,D14,96,87.08785,85.0,31.122761197824666,32.06042826617826,36.73356246948242,92.41726862596822
demo,D14,97,87.1121,84.0,31.467492861104347,32.72513461538461,37.21381759643555,67.20052157151775
demo,D14,98,86.63035,83.0,31.761204806058135,30.59469413919414,32.950401306152344,48.47739303366202
demo,D14,99,86.67925,82.0,31.549412722612235,30.252836996337,32.569908142089844,74.72868650704814
demo,D14,100,87.34375,81.0,31.260927528211433,33.71044413919414,37.07205581665039,104.93769826526825
demo,D14,101,86.69215,80.0,30.050243134869998,30.63202747252748,32.569908142089844,74.05769996901407
demo,D14,102,86.40305000000001,79.0,29.27548289897433,29.871836996336995,31.866291046142578,68.10451190197645
demo,D14,103,86.4411,78.0,29.528589708245885,30.088075091575092,32.52726364135742,68.16700179913215
demo,D14,104,86.82079999999999,77.0,28.990642368078834,30.326392551892553,32.8614616394043,106.35564148942669
demo,D14,105,85.82835,76.0,27.34330150117928,27.645132173382173,29.42601776123047,48.519446571875676
demo,D14,106,86.4196,75.0,27.347935686500712,30.421336996336994,31.955232620239258,72.19847946376372
demo,D14,107,87.0038,74.0,26.200358704092913,31.358015567765566,32.569908142089844,189.72261350092126
demo,D14,108,86.7963,73.0,24.20555353823871,31.067852869352873,33.07074737548828,120.73725350861694
demo,D14,109,86.28065000000001,72.0,23.06250789844904,29.68475158175158,31.22932243347168,122.01596922718406
demo,D14,110,86.4252,71.0,21.653667885975835,29.910323010323008,32.29656219482422,80.82012578616369
demo,D14,111,86.34385,70.0,21.83975401077766,29.434989676989677,31.645700454711914,98.87854983010713
demo,D14,112,85.83539999999999,69.0,20.227407868628198,27.471477411477405,27.68709373474121,61.45113732097693
demo,D14,113,86.0719,68.0,19.52175210082332,28.651870268620268,29.00883674621582,93.46273435335404
demo,D14,114,86.2522,67.0,19.255087481099242,29.47323778998779,30.97575569152832,185.23939322114526
demo,D14,115,85.25755000000001,66.0,19.017496615078667,25.490902014652,25.961139678955078,42.25782857510317
demo,D14,116,85.7306,65.0,17.71005657833541,27.57023931623931,28.070335388183594,79.18474506010747
demo,D14,117,85.5869,64.0,16.788112902051477,26.996628205128196,27.971054077148438,90.86163153786113
demo,D14,118,85.43015,63.0,15.264226714141323,25.955965506715497,26.971324920654297,60.0334984301064
demo,D14,119,85.32419999999999,62.0,15.738378128395702,25.76384645909645,26.11092758178711,52.0419134752602
demo,D14,120,85.3098,61.0,15.601852067892853,25.728402014652,26.341623306274414,72.78085421349813
demo,D14,121,85.25540000000001,60.0,13.66037577559458,25.61661630036629,26.903669357299805,71.6990913803927
demo,D14,122,85.4166,59.0,12.297761592392611,25.92951312576312,25.961139678955078,79.86729578295513
demo,D14,123,85.74065,58.0,13.11937742889647,27.460437728937723,28.070335388183594,161.30858716421184
demo,D14,124,84.86795000000001,57.0,10.900048243261644,24.65142207792207,24.900108337402344,67.18862143212111
demo,D14,125,84.5893,56.0,11.35349988020911,23.796052308802295,21.62836456298828,41.65350614460224
demo,D14,126,84.6194,55.0,8.794080668226353,24.02069588744588,23.4063663482666,55.71583644916175
demo,D14,127,84.75925,54.0,7.532967018624742,24.346410173160166,23.025882720947266,72.38182868962096
demo,D14,128,84.38875,53.0,7.449879449916626,22.31994696969696,22.008848190307617,53.46005798231287
demo,D14,129,84.80385,52.0,6.724858691438204,24.60780303030302,23.114826202392578,59.54349388928842
demo,D14,130,84.56855,51.0,4.889611080903304,23.0286562049062,21.53942108154297,90.66022384505492
demo,D14,131,84.70195000000001,50.0,4.038394212369589,24.139754689754678,23.025882720947266,68.43579891130372
demo,D14,132,84.08645,49.0,3.153209486312786,20.865111111111105,22.006946563720703,35.01850994909764
demo,D14,133,83.9479,48.0,2.2078193698818716,19.72895562770562,22.552040100097656,34.65015447268648
demo,D14,134,84.4571,47.0,0.13313522178513892,22.884731601731595,21.53942108154297,61.104713333881286
demo,D14,135,84.07415,46.0,0.0,20.65934054834055,20.81887435913086,43.322664341464474
demo,D14,136,83.89325,45.0,0.0,18.618456349206344,20.81887435913086,39.71731412715234
demo,D14,137,84.0823,44.0,0.0,20.54112121212121,20.81887435913086,58.215446922594666
demo,D14,138,83.98975,43.0,0.0,20.447023809523806,20.81887435913086,47.90420959104776
demo,D14,139,83.33305,42.0,0.0,16.355777056277056,19.245525360107422,28.544696230066954
demo,D14,140,84.0436,41.0,0.0,20.619642857142853,20.907817840576172,83.27361093949422
demo,D14,141,83.42335,40.0,0.0,16.557404040404037,19.245525360107422,37.09340123523681
demo,D14,142,83.97465,39.0,0.0,20.305481240981237,20.81887435913086,61.63203597456954
demo,D14,143,82.98265,38.0,0.0,15.43392784992785,16.735706329345703,30.46629213483164
demo,D14,144,83.39595,37.0,0.0,16.54778499278499,18.526880264282227,44.02891222611194
demo,D14,145,83.1629,36.0,0.0,15.938995310245309,17.816946029663086,36.831012157063554
demo,D14,146,82.5438,35.0,0.0,12.758494227994227,15.181355476379395,23.452942911933917
demo,D14,147,83.25150000000001,34.0,0.0,15.987090548340548,18.172386169433594,37.54445522146799
demo,D14,148,82.3944,33.0,0.0,11.62185533910534,14.682719230651855,17.888681359731088
demo,D14,149,82.80155,32.0,0.0,13.963056277056273,14.709402084350586,33.89409117305463
demo,D14,150,84.31985,31.0,0.0,22.2913308080808,21.53942108154297,362.0
demo,D14,151,82.56465,30.0,0.0,13.209668831168827,13.993281364440918,31.20391775155131
demo,D14,152,82.3697,29.0,0.0,11.564256132756132,14.682719230651855,24.79232491473284
demo,D14,153,82.798,28.0,0.0,14.032151515151513,14.709402084350586,43.972968725444005
demo,D14,154,82.39999999999999,27.0,0.0,11.622613275613274,13.733376502990723,24.95996006406375
demo,D14,155,82.27015,26.0,0.0,11.299029942279942,13.063405990600586,24.692721023320573
demo,D14,156,82.69095,25.0,0.0,13.084113275613275,14.268050193786621,33.45288413724499
demo,D14,157,81.8749,24.0,0.0,9.529793650793653,13.170772552490234,21.19441115959389
demo,D14,158,82.00375,23.0,0.0,9.964476190476192,12.071640014648438,25.766401769410653
demo,D14,159,82.9728,22.0,0.0,15.541773088023087,16.585918426513672,50.07074041635831
demo,D14,160,81.6048,21.0,0.0,6.911032828282829,12.262563705444336,16.247190556219184
demo,D14,161,82.42325000000001,20.0,0.0,11.568696608946606,13.583586692810059,41.21173469387815
demo,D14,162,81.74175,19.0,0.0,7.554151875901876,9.908784866333008,18.60406742005074
demo,D14,163,81.9852,18.0,0.0,10.172769841269844,11.982698440551758,24.758674016612346
demo,D14,164,81.9005,17.0,0.0,9.716980158730161,11.982698440551758,33.166381627168086
demo,D14,165,82.55355,16.0,0.0,12.991839466089464,13.993281364440918,42.8433609610417
demo,D14,166,81.32665,15.0,0.0,5.316238095238093,11.007917404174805,15.818309724805667
demo,D14,167,81.3731,14.0,0.0,5.668992063492063,9.908784866333008,13.195018354442468
demo,D14,168,81.5153,13.0,0.0,6.150830447330448,9.908784866333008,25.816948921524954
demo,D14,169,80.92099999999999,12.0,0.0,4.302658730158728,10.394624710083008,9.303218246833165
demo,D14,170,80.7713,11.0,0.0,3.4060555555555543,7.432882785797119,8.062594079277446
demo,D14,171,81.4928,10.0,0.0,5.7074365079365075,10.058574676513672,35.50903901046622
demo,D14,172,80.7422,9.0,0.0,3.5194213564213555,7.427958011627197,7.394492487944784
demo,D14,173,82.12115,8.0,0.0,10.253773809523812,11.982698440551758,194.06678865507462
demo,D14,174,80.732,7.0,0.0,3.1912063492063494,7.658657550811768,8.842501993186888
demo,D14,175,80.6601,6.0,0.0,3.3211753246753246,8.432165145874023,4.509187786050956
demo,D14,176,81.05135,5.0,0.0,4.643162698412697,8.59385871887207,17.368499306152096
demo,D14,177,80.51129999999999,4.0,0.0,2.1354523809523807,6.429520130157471,6.878228583727811
demo,D14,178,80.34434999999999,3.0,0.0,2.117038239538239,6.702201843261719,3.5085484889856953
demo,D14,179,80.28495,2.0,0.0,1.7335501443001433,6.321713924407959,3.368123685019212
demo,D14,180,80.12915000000001,1.0,0.0,1.6838001443001442,6.261067867279053,1.5080569827184773
demo,D14,181,79.99340000000001,0.0,0.0,0.45530952380952366,7.119783878326416,0.0
demo,D15,6,98.68205,81.0,76.76731392573414,80.82239991027733,83.64518737792969,251.33929772635383
demo,D15,7,98.2959,80.0,74.05163286971785,80.74415375643117,82.59485626220703,144.86064924782207
demo,D15,8,97.55055,79.0,79.41539844393779,79.47466503519827,83.67250061035156,81.73093171007524
demo,D15,9,97.64895,78.0,80.76340132459202,80.16409736388582,83.53223419189453,100.51012635700252
demo,D15,10,97.3126,77.0,78.66303461459876,79.7152770665361,80.67706298828125,89.49135603928538
demo,D15,11,97.54365,76.0,77.69070409899555,79.09806524227534,80.59536743164062,116.1792655872317
demo,D15,12,97.01825,75.0,77.3230790585061,76.97436052512865,79.50401306152344,91.97020314918022
demo,D15,13,96.89595,74.0,78.17315623551372,76.35652903448222,79.33356475830078,93.96426833507094
demo,D15,14,96.648,73.0,72.87379412776714,72.36938376790717,77.49919891357422,89.96300453090537
demo,D15,15,96.04665,72.0,74.83681862334974,72.31288064989148,70.75550079345703,74.70880098435327
demo,D15,16,96.6973,71.0,76.2345399995532,71.47085278772724,75.63362884521484,106.28904260736681
demo,D15,17,96.25845,70.0,75.03313591244793,70.0542390478179,75.82575225830078,93.06330381897827
demo,D15,18,95.6187,69.0,71.62098133747678,69.63141938383261,73.47415161132812,77.29778748180492
demo,D15,19,95.6828,68.0,69.85452033216535,68.43072550648918,72.69078063964844,83.74333264113426
demo,D15,20,95.699,67.0,71.83077845301857,68.33846878738454,71.56230163574219,88.91435895907212
demo,D15,21,95.20415,66.0,69.46166993346048,67.14637950119051,72.04243469238281,78.99183021392095
demo,D15,22,95.4344,65.0,70.57927498554947,67.35086150743422,70.6319808959961,89.55389163650405
demo,D15,23,95.62190000000001,64.0,70.2312241961774,67.31548442355125,69.47384643554688,100.14622064222877
demo,D15,24,94.48715,63.0,66.23140086618767,65.79543983017835,68.85664367675781,72.96634220582267
demo,D15,25,94.12795,62.0,67.43427106663812,65.69825742035844,67.55592346191406,68.83638024666283
demo,D15,26,93.78295,61.0,67.51061279861642,65.20741444881386,66.11673736572266,65.37470948157275
demo,D15,27,93.19205000000001,60.0,65.57811740409588,63.72747353281813,58.96675109863281,57.24324816884794
demo,D15,28,94.00625000000001,59.0,66.98649403250283,62.496723295490575,59.7032356262207,67.86894539956991
demo,D15,29,93.30085,58.0,65.61957008126923,61.22692151784557,56.600948333740234,61.511940878315876
demo,D15,30,93.4439,57.0,66.19464654422347,60.46866062447132,55.74723815917969,72.96395193591445
demo,D15,31,93.278,56.0,64.42061683836786,59.93164196898471,55.31313705444336,61.42615260776645
demo,D15,32,92.40395,55.0,63.47239593309048,57.59829471170372,53.721458435058594,52.630920153769026
demo,D15,33,92.22155,54.0,64.20419480980725,57.138713934082176,53.820587158203125,57.33510039407007
demo,D15,34,92.79615,53.0,59.64017568371192,56.27005597363183,53.07905960083008,65.92147832179356
demo,D15,35,92.0231,52.0,58.87566054164524,53.9297506501511,51.8109016418457,56.82531430191885
demo,D15,36,91.61685,51.0,58.9081655543183,52.66512570020171,51.22634506225586,49.00135823716001
demo,D15,37,91.27159999999999,50.0,58.524188876518394,51.79723033341763,49.05630111694336,49.035525045026176
demo,D15,38,91.31240000000001,49.0,57.388363895939364,49.465602219988504,49.76776123046875,50.650571768856885
demo,D15,39,91.57634999999999,48.0,57.86156387932901,52.41213554365204,49.4778938293457,57.0640225567615
demo,D15,40,91.09819999999999,47.0,57.60873787261801,51.267254229311746,48.81366729736328,56.06907213369829
demo,D15,41,90.7151,46.0,57.12512129448582,49.16705776284328,48.90400314331055,44.7790946474542
demo,D15,42,90.90465,45.0,53.76057218879852,44.94074309066968,45.61452102661133,50.92014083454751
demo,D15,43,90.6138,44.0,50.931780160048504,43.89874476777005,44.05116271972656,53.0170432975683
demo,D15,44,90.06174999999999,43.0,51.27077928949252,43.614135818500145,43.8741340637207,44.75031355351745
demo,D15,45,90.5603,42.0,49.47014611868242,43.90963407436989,44.08207702636719,51.37632085936131
demo,D15,46,89.41865,41.0,45.92344715012024,43.17514168565087,42.216365814208984,40.699377754731664
demo,D15,47,89.58725,40.0,45.90316703121396,43.30469745639468,41.816673278808594,40.99112388086503
demo,D15,48,88.90435,39.0,45.320721849263464,37.73448089315407,40.66766357421875,33.13838378575512
demo,D15,49,89.05705,38.0,43.484453288454304,38.262552857147895,41.01008987426758,41.69835730465374
demo,D15,50,88.4751,37.0,44.279795134514636,36.159823624855306,41.02601623535156,37.481535862441056
demo,D15,51,88.45100000000001,36.0,42.63314133976684,36.362154312685995,40.4948616027832,39.62434006320399
demo,D15,52,88.79209999999999,35.0,45.324494886773806,36.110465418750046,40.60781478881836,49.95568131456013
demo,D15,53,88.12259999999999,34.0,40.4501934412433,32.462184914674864,38.48678207397461,34.51343978652693
demo,D15,54,87.74159999999999,33.0,39.908166697767435,31.272825616803537,31.915098190307617,34.814048657642594
demo,D15,55,87.1272,32.0,40.8841434169726,30.142325523451248,30.445167541503906,28.20776671363214
demo,D15,56,87.17665,31.0,33.117538409901066,30.160244003917786,29.98956871032715,29.405992116498734
demo,D15,57,87.83735,30.0,34.66435219007411,30.493994148622143,31.13841438293457,42.90582709236637
demo,D15,58,86.90605000000001,29.0,32.978568962101214,29.066611319727716,27.45130729675293,32.48071677170551
demo,D15,59,86.65775,28.0,32.33734414815584,28.982638310281022,28.124309539794922,27.115168447803942
demo,D15,60,86.104,27.0,31.051293521289665,24.690147791053548,26.09267807006836,25.780946427666365
demo,D15,61,86.41525,26.0,33.20660507713271,27.197635664178165,27.06801986694336,30.83306098123655
demo,D15,62,86.13095,25.0,29.9765446766317,24.88333091150905,25.924020767211914,29.81602521081967
demo,D15,63,85.47635,24.0,30.47864210211498,22.628605915802336,24.283660888671875,23.45914616906976
demo,D15,64,85.35810000000001,23.0,30.315942448769903,21.89412305022312,24.246305465698242,21.541832509146552
demo,D15,65,84.7684,22.0,29.043690871002568,20.439587908665793,21.593017578125,18.83313848778795
demo,D15,66,85.34175,21.0,28.54981714486472,21.151798101865385,22.19890022277832,24.852978123517
demo,D15,67,84.13325,20.0,28.093569673701623,19.05533444407063,18.283592224121094,15.259953628496337
demo,D15,68,84.0684,19.0,26.45487993390997,18.977576975517174,17.78557014465332,15.53915727075502
demo,D15,69,83.93535,18.0,25.685114910578037,17.08344459239921,17.29094123840332,16.058982436667563
demo,D15,70,83.22295,17.0,22.018426835741735,12.944042474299176,13.749451637268066,10.981314779859202
demo,D15,71,83.648,16.0,26.259112415493668,13.621516684145977,15.477593421936035,15.804112188401627
demo,D15,72,83.5351,15.0,22.005070923739463,13.541638264693088,14.374229431152344,14.602661863965704
demo,D15,73,82.97919999999999,14.0,20.33847432782708,12.726886908300862,13.00986099243164,12.570145903479197
demo,D15,74,81.92505,13.0,19.350602036852255,11.123036806264178,9.794905662536621,6.7479318564217525
demo,D15,75,82.4106,12.0,21.037700996802478,11.043872897987196,10.988919258117676,9.937340258883683
demo,D15,76,81.82034999999999,11.0,20.39310312023503,10.643624380086056,9.455785751342773,6.863391975145672
demo,D15,77,81.8069,10.0,18.968251785778016,10.828874498594999,9.054718971252441,6.466887132795057
demo,D15,78,82.17635,9.0,17.915399866293896,11.128908827791197,9.403858184814453,9.150094597435368
demo,D15,79,80.76105,8.0,12.89246130127238,4.548646031856869,4.9054694175720215,2.7256090136163986
demo,D15,80,80.9967,7.0,14.086195761392343,4.767295284476482,5.407639503479004,4.064513498083372
demo,D15,81,81.24025,6.0,13.36431324502679,4.752997458677734,5.650539398193359,5.223072906138421
demo,D15,82,80.5302,5.0,12.689587609924367,2.063424846099118,2.9642679691314697,1.8139767214303562
demo,D15,83,80.7928,4.0,10.496060927586402,4.59202663818164,4.12770414352417,3.2421379789800793
demo,D15,84,82.223,3.0,2.76460555299888,11.070916100282876,9.293355941772461,12.531709791983776
demo,D15,85,80.10005,2.0,1.7933673329339186,1.3636253964214982,3.3556532859802246,0.4166007378475667
demo,D15,86,80.0146,1.0,1.9849570106891292,1.1802064426330863,0.21034535765647888,0.057025458351892
demo,D15,87,79.6301,0.0,0.0,1.1802064426330863,0.5388466119766235,0.0
demo,D16,6,97.13765,45.0,36.22322964473245,34.59581492424743,50.88886642456055,53.27546008455596
demo,D16,7,96.9579,44.0,39.48397610394631,35.611846584411495,51.379608154296875,56.9009311299387
demo,D16,8,96.89320000000001,43.0,37.209435772228076,35.611846584411495,49.07415771484375,63.82189599805744
demo,D16,9,96.17599999999999,42.0,35.621113744321335,34.552157545506454,46.29034423828125,50.35232777572399
demo,D16,10,96.0211,41.0,33.76558166072526,35.431222365493156,46.49651336669922,52.91469568248974
demo,D16,11,95.46114999999999,40.0,32.34081075074046,34.25005981588829,45.54368209838867,47.06733842734925
demo,D16,12,94.9129,39.0,34.769863040924484,32.31013248487924,43.54054641723633,42.79558587584618
demo,D16,13,94.66735,38.0,33.95390070688347,32.41726013539235,43.30866241455078,43.15301444087579
demo,D16,14,94.26805,37.0,34.65626770600971,32.24478633322272,43.30866241455078,41.42131531933905
demo,D16,15,94.1652,36.0,34.125096887324986,32.68781047948409,44.12514114379883,43.29170350480807
demo,D16,16,93.66675,35.0,33.570292977707425,31.894715322362234,37.97249984741211,40.36013820802074
demo,D16,17,93.03495000000001,34.0,27.992040409257093,30.744790095409844,37.657958984375,36.51821890704078
demo,D16,18,92.84360000000001,33.0,31.682920073667532,31.125107444730755,37.25526428222656,36.99162212301682
demo,D16,19,92.08800000000001,32.0,30.960005671959436,30.880665254061384,36.95302200317383,32.67983869150885
demo,D16,20,92.12455,31.0,24.80692025821638,30.617145801485375,36.5994758605957,34.790674318507904
demo,D16,21,91.81315,30.0,26.756382414906565,31.731860863806233,34.085304260253906,34.07852413852785
demo,D16,22,91.98685,29.0,24.40706778414556,32.50325818717715,34.84150314331055,37.24166321458166
demo,D16,23,91.47915,28.0,20.983587049440853,31.895986628326273,35.445011138916016,34.7522740095502
demo,D16,24,90.39345,27.0,19.902718549400685,30.448178518928835,30.09623908996582,28.6197531307617
demo,D16,25,91.0114,26.0,19.911232559053524,31.640450460082754,30.498891830444336,34.16749303459107
demo,D16,26,90.02405,25.0,19.497728116203888,31.17249782102723,29.46123504638672,28.73208553084158
demo,D16,27,89.51464999999999,24.0,17.116200115174557,29.93644464241587,27.090808868408203,27.35509746420556
demo,D16,28,89.15825,23.0,17.050164058642487,24.111521510964348,24.02284049987793,23.08108148977028
demo,D16,29,88.72545,22.0,16.383061843202018,21.82983627372745,23.954456329345703,24.38993369634488
demo,D16,30,89.01575000000001,21.0,15.852456044294087,22.319620016171804,23.600908279418945,26.420864152668603
demo,D16,31,87.9503,20.0,14.264125295088071,19.749557388878458,21.180471420288086,21.633822593021932
demo,D16,32,87.7977,19.0,12.984600719847418,19.84292034487957,21.180471420288086,21.281467653544723
demo,D16,33,86.5559,18.0,10.910339946466095,18.100090377599923,16.704702377319336,15.854962127441366
demo,D16,34,88.1991,17.0,9.236007277552702,20.779088379255032,21.325777053833008,25.69638581403808
demo,D16,35,86.90535,16.0,6.206247806882054,18.43824571995279,16.37084197998047,18.937964511971025
demo,D16,36,86.79535,15.0,2.1443164195214948,19.218253178365963,16.302457809448242,19.603931547000872
demo,D16,37,85.62805,14.0,1.682006252547012,14.529092774591854,16.165874481201172,15.153852781682005
demo,D16,38,85.53144999999999,13.0,2.070877240471269,13.97149906048302,14.492966651916504,15.136576582493209
demo,D16,39,85.01530000000001,12.0,0.0,13.122648631626914,14.225897789001465,13.550836237875266
demo,D16,40,84.7619,11.0,0.0,12.958089458467322,14.403058052062988,12.660183127200016
demo,D16,41,84.14745,10.0,0.0,12.526807437890593,11.5504732131958,10.892213713193227
demo,D16,42,84.40335,9.0,0.0,12.55730698518426,11.059045791625977,12.753574076648594
demo,D16,43,83.2533,8.0,0.0,9.581929957063126,8.025404930114746,8.480704461799922
demo,D16,44,83.8707,7.0,0.0,11.060119190393426,9.8764066696167,11.776069998661345
demo,D16,45,83.04395,6.0,0.0,9.147766159054095,6.649235248565674,8.380365834856711
demo,D16,46,82.52825,5.0,0.0,7.352412827782125,6.527072906494141,6.807423881786561
demo,D16,47,81.5729,4.0,0.0,5.687654101434458,2.4136829376220703,3.775944766395086
demo,D16,48,81.76355,3.0,0.0,6.114061624220328,2.800668954849243,4.5379338383630285
demo,D16,49,81.2766,2.0,0.0,3.811102394066258,0.4045383334159851,3.5006608642239425
demo,D16,50,80.06345,1.0,0.0,0.8020584615954875,0.0,0.14489013924982114
demo,D16,51,79.8811,0.0,0.0,0.2973565798364692,0.0,0.0
