dataset,battery_id,cycle,horizon,soh,y_true,linear_regression,random_forest,xgboost,persistence (no model),linear extrapolation (no model)
demo,D01,6,5,98.18424999999999,97.44245000000001,96.67447351703142,96.81255400177265,96.90150571155547,98.18424999999999,97.15884999999999
demo,D01,7,5,97.86645,97.0379,96.60876513846176,96.51133302436389,96.60204737205505,97.86645,96.90183392857142
demo,D01,8,5,97.7702,97.1642,96.56490112388879,96.27797519478825,96.53405819911957,97.7702,96.8711910714286
demo,D01,9,5,97.33185,96.77325,96.30653544515353,95.95051896856641,96.15010411319733,97.33185,96.37727499999998
demo,D01,10,5,97.66285,96.18130000000001,96.34955338651007,96.1881358608153,96.37557778511048,97.66285,96.82232727272728
demo,D01,11,5,97.44245000000001,96.3549,96.2089760506005,96.01516928971179,96.17373330707551,97.44245000000001,96.60191212121215
demo,D01,12,5,97.0379,95.76095,96.05895773228177,96.19595424372363,96.09736618318557,97.0379,96.28677727272725
demo,D01,13,5,97.1642,96.11575,96.04202400321509,96.00741672484702,96.02611356182098,97.1642,96.62185151515149
demo,D01,14,5,96.77325,95.64,95.56339479586558,95.23289247834727,95.38401247692109,96.77325,96.09391363636364
demo,D01,15,5,96.18130000000001,95.40155,95.2393864355474,94.87548097008492,94.9805354631424,96.18130000000001,95.27793030303032
demo,D01,16,5,96.3549,95.05405,95.3313769333329,95.14419562076603,95.22360265007019,96.3549,95.46339242424246
demo,D01,17,5,95.76095,95.4257,94.93838503509838,94.82337553525737,94.77932921142578,95.76095,94.72425454545454
demo,D01,18,5,96.11575,94.8125,95.00990582450981,94.72081989709699,94.84274213027955,96.11575,95.12615303030306
demo,D01,19,5,95.64,94.52965,94.65541977067664,94.21550923392276,94.4137627029419,95.64,94.52190454545456
demo,D01,20,5,95.40155,94.3511,94.62202726358385,94.48304088557407,94.4471021941185,95.40155,94.30279393939392
demo,D01,21,5,95.05405,94.41445,94.29110485990886,94.14179548316187,94.08166995792389,95.05405,93.94344242424245
demo,D01,22,5,95.4257,94.16175,94.25997518992907,93.91248842031966,94.08778696365357,95.4257,94.41450151515153
demo,D01,23,5,94.8125,93.97275,93.90996113140177,93.82762925703513,93.82584303617477,94.8125,93.87328333333333
demo,D01,24,5,94.52965,93.77435,93.59389868744083,93.56082476671207,93.53142204608918,94.52965,93.59748484848484
demo,D01,25,5,94.3511,94.0832,93.29052370429201,93.11433706797523,93.17579069957733,94.3511,93.31595000000002
demo,D01,26,5,94.41445,93.77145,93.30913403886716,93.37319633196904,93.40890414543152,94.41445,93.46238030303032
demo,D01,27,5,94.16175,92.87655000000001,93.11947061838035,92.7408154772721,92.81151155757904,94.16175,93.14346212121212
demo,D01,28,5,93.97275,92.58005,93.05391156445671,92.93409421431477,92.94968347930909,93.97275,93.05188636363637
demo,D01,29,5,93.77435,92.80235,92.54340177698485,92.54267519070099,92.72292168197632,93.77435,92.86809696969696
demo,D01,30,5,94.0832,92.74915,92.60902466503758,92.39799920144806,92.65249743289948,94.0832,93.30937575757576
demo,D01,31,5,93.77145,92.1686,92.38098717483963,92.20527856443289,92.37062259216309,93.77145,93.00909848484851
demo,D01,32,5,92.87655000000001,91.7426,91.98739896342676,91.75456992684862,91.84798507003785,92.87655000000001,92.08322424242425
demo,D01,33,5,92.58005,91.5386,91.62812686147377,91.45886583307858,91.518965848732,92.58005,91.62498030303031
demo,D01,34,5,92.80235,91.77195,91.60925204454236,91.27839650388722,91.46036179409028,92.80235,91.78718030303031
demo,D01,35,5,92.74915,91.59005,91.5860178247251,91.23765412102081,91.33843000926971,92.74915,91.70453939393941
demo,D01,36,5,92.1686,91.3199,91.30761515849942,91.04752879185081,91.10751584873199,92.1686,91.0544212121212
demo,D01,37,5,91.7426,90.74664999999999,91.00262722354643,90.56399844122323,90.69112864742279,91.7426,90.49455
demo,D01,38,5,91.5386,90.8048,90.84949665492142,90.39139263743198,90.50415483341217,91.5386,90.18465757575758
demo,D01,39,5,91.77195,90.5586,90.83896966486432,90.54971823579454,90.73518835849762,91.77195,90.45714696969695
demo,D01,40,5,91.59005,90.3771,90.6624682445782,90.44030755940145,90.55247511272431,91.59005,90.48908484848485
demo,D01,41,5,91.3199,90.3604,90.36924520365037,90.13619054815447,90.26973625411988,91.3199,90.4062787878788
demo,D01,42,5,90.74664999999999,89.95309999999999,89.6352156522343,89.63338217164652,89.67808939971923,90.74664999999999,89.71431060606058
demo,D01,43,5,90.8048,89.87625,89.69721947807218,89.35906898953692,89.5111090801239,90.8048,89.69985303030302
demo,D01,44,5,90.5586,89.479,89.546167475348,89.42392962032231,89.40785317764282,90.5586,89.49559090909091
demo,D01,45,5,90.3771,89.33109999999999,89.37352666674887,89.2097919945485,89.24836314640045,90.3771,89.42478030303027
demo,D01,46,5,90.3604,89.21900000000001,88.99517678631555,88.94947087033124,89.06859103717804,90.3604,89.4644590909091
demo,D01,47,5,89.95309999999999,88.37724999999999,88.80006698834146,88.61442178571424,88.74753717002868,89.95309999999999,88.9700439393939
demo,D01,48,5,89.87625,89.82825,88.59161673781811,88.50487240860673,88.56571504592895,89.87625,88.82557424242427
demo,D01,49,5,89.479,88.24159999999999,88.41599396099569,88.46234884659928,88.42984655284882,89.479,88.43089545454545
demo,D01,50,5,89.33109999999999,87.97455,88.23019891621698,88.31318090492434,88.30454410419463,89.33109999999999,88.32356363636362
demo,D01,51,5,89.21900000000001,87.86675000000001,88.08111708513958,88.1724149718849,88.18479563617707,89.21900000000001,88.26831515151517
demo,D01,52,5,88.37724999999999,88.18045,87.42336457309679,87.37787974724797,87.37242035484313,88.37724999999999,87.19009242424241
demo,D01,53,5,89.82825,87.25444999999999,88.09818081558169,88.15841113858563,88.42475349617004,89.82825,88.96333030303029
demo,D01,54,5,88.24159999999999,87.5865,87.24175127969171,87.17983242159738,87.1927535167694,88.24159999999999,87.24331363636364
demo,D01,55,5,87.97455,86.5726,87.1505023964278,87.00905190030893,86.9605244310379,87.97455,86.84998939393937
demo,D01,56,5,87.86675000000001,86.758,87.03635712839399,86.77991247410503,86.77586889076234,87.86675000000001,86.7265575757576
demo,D01,57,5,88.18045,86.6879,86.86552331998747,86.70722590855134,86.88715735836028,88.18045,87.12554393939394
demo,D01,58,5,87.25444999999999,86.59515,86.29188861809482,86.05479479881217,86.0991628534317,87.25444999999999,86.1141015151515
demo,D01,59,5,87.5865,86.41244999999999,86.38813223374846,86.19466243647838,86.40284640693665,87.5865,86.47774848484848
demo,D01,60,5,86.5726,86.8229,85.83602644587965,85.3875182566043,85.43382345924377,86.5726,85.28432424242425
demo,D01,61,5,86.758,85.6529,85.80735098083164,85.47955411769294,85.4818233089447,86.758,85.47057878787878
demo,D01,62,5,86.6879,85.3974,85.39318631912566,85.19587311510824,85.22894971885681,86.6879,85.25078333333335
demo,D01,63,5,86.59515,85.57175000000001,85.63476670237368,85.73077852320738,85.66409284486771,86.59515,85.56909393939397
demo,D01,64,5,86.41244999999999,85.0348,85.00016853971157,84.93240793424798,85.013497873497,86.41244999999999,85.41468939393938
demo,D01,65,5,86.8229,84.48689999999999,85.07872831550429,85.16259243344045,85.24258882083893,86.8229,85.98721666666668
demo,D01,66,5,85.6529,84.3067,84.45339744958444,84.43264786920983,84.40937509098053,85.6529,84.69406666666669
demo,D01,67,5,85.3974,84.14755000000001,84.28722411716022,84.1976996364743,84.2491291545868,85.3974,84.48447424242426
demo,D01,68,5,85.57175000000001,84.3488,84.09173092203454,84.04766549517475,83.98110635566712,85.57175000000001,84.61228484848485
demo,D01,69,5,85.0348,84.0183,83.88888724226823,83.80954613771321,83.81111103992463,85.0348,84.09501969696969
demo,D01,70,5,84.48689999999999,83.95825,83.32819922058604,83.2469633124112,83.18769791545867,84.48689999999999,83.23405909090908
demo,D01,71,5,84.3067,83.3981,83.38718302132028,83.09529064512218,83.09247256202698,84.3067,82.87985909090912
demo,D01,72,5,84.14755000000001,83.34865,83.226420046785,82.91087148120563,82.97592879657746,84.14755000000001,82.62850151515154
demo,D01,73,5,84.3488,83.26315,83.3087855982168,83.10950576044361,83.12008040790558,84.3488,82.91547424242424
demo,D01,74,5,84.0183,82.75675,82.94962286148403,82.79175011201319,82.79281467514038,84.0183,82.65580303030303
demo,D01,75,5,83.95825,82.76025,82.90325891818296,82.79720492501558,82.89710099887849,83.95825,82.93212121212125
demo,D01,76,5,83.3981,82.19794999999999,82.16228469098073,82.16870792993925,82.15457509098053,83.3981,82.33918636363637
demo,D01,77,5,83.34865,82.06054999999999,81.8776668461436,82.00623508096238,82.06745269050599,83.34865,82.29495303030305
demo,D01,78,5,83.26315,81.82755,82.12358265635102,82.04922748937538,82.040733360672,83.26315,82.37363484848485
demo,D01,79,5,82.75675,81.3555,81.40476008279292,81.52744609235603,81.51322509098053,82.75675,81.8542393939394
demo,D01,80,5,82.76025,81.6322,81.18864965153416,81.10536416640021,81.15711024188995,82.76025,81.80112878787877
demo,D01,81,5,82.19794999999999,81.1168,80.84456280867352,80.91983307683586,80.8785706703186,82.19794999999999,81.07344242424242
demo,D01,82,5,82.06054999999999,81.0325,80.9199797469378,80.74434299597773,80.72803738288879,82.06054999999999,80.80793636363636
demo,D01,83,5,81.82755,80.94375000000001,80.6720203797052,80.60801969754748,80.59197909240723,81.82755,80.57685303030303
demo,D01,84,5,81.3555,80.70389999999999,80.41831956507167,80.09035951207204,80.09330727386475,81.3555,80.02061515151514
demo,D01,85,5,81.6322,80.53960000000001,80.26010836602607,80.31118409004128,80.31402933330536,81.6322,80.42995606060609
demo,D01,86,5,81.1168,80.08015,79.84846606747186,79.8776764103067,79.84306805305481,81.1168,79.8608893939394
demo,D01,87,5,81.0325,79.7521,79.76452655105827,79.78088468160337,79.77987632274628,81.0325,79.82170909090907
demo,D01,88,5,80.94375000000001,79.62415,79.58922020657886,79.73521668021478,79.68063638210297,80.94375000000001,79.86574696969699
demo,D01,89,5,80.70389999999999,78.91055,79.27584172198462,79.37101645721762,79.37138738288878,80.70389999999999,79.6650409090909
demo,D01,90,5,80.53960000000001,78.7509,79.30798340841754,79.29451687703734,79.2274366470337,80.53960000000001,79.62065757575759
demo,D01,91,5,80.08015,79.6862,78.6741689795053,78.80478759534674,78.80457829608918,80.08015,79.10297121212122
demo,D01,92,5,79.7521,78.42145000000001,78.46746932333117,78.48195944999078,78.40384067020416,79.7521,78.70976818181819
demo,D01,93,5,79.62415,78.60780000000001,78.41243557744237,78.28651030553937,78.25775679149628,79.62415,78.54400909090909
demo,D01,94,5,78.91055,77.98315,77.83443205000754,77.67583330836413,77.61981344394684,78.91055,77.5741712121212
demo,D01,95,5,78.7509,77.9079,77.75642266499915,77.59284215129664,77.63300606575012,78.7509,77.35515454545455
demo,D01,96,5,79.6862,78.17735,77.96610056694131,77.96838663320052,77.93474338169098,79.6862,78.48899393939394
demo,D01,97,5,78.42145000000001,77.4466,77.29718356730984,77.14919079644024,77.09698102970124,78.42145000000001,77.13645454545454
demo,D01,98,5,78.60780000000001,77.5403,77.31170461397971,77.36626882252271,77.299023859787,78.60780000000001,77.41450000000003
demo,D01,99,5,77.98315,76.80415,76.86765262431452,76.72058014903917,76.70081400337219,77.98315,76.77280909090908
demo,D01,100,5,77.9079,76.7875,76.77265275304529,76.61723353343694,76.59040858783722,77.9079,76.77012272727274
demo,D01,101,5,78.17735,76.32865,76.52528357973516,76.62327372320561,76.74011738643647,78.17735,77.1919696969697
demo,D01,102,5,77.4466,76.27615,76.0733387195083,76.17480322327877,76.13782385978699,77.4466,76.42029242424242
demo,D01,103,5,77.5403,76.3938,76.03877423543035,76.18729694379886,76.13118122844696,77.5403,76.59569696969696
demo,D01,104,5,76.80415,75.38705,75.42056732026079,75.48573633430166,75.42253865280152,76.80415,75.62891060606063
demo,D01,105,5,76.7875,75.79875,75.46122380903437,75.3500588336833,75.34536061286926,76.7875,75.45152727272726
demo,D01,106,5,76.32865,75.5026,75.40170138707471,75.38837019390807,75.26413488616943,76.32865,75.13756363636362
demo,D01,107,5,76.27615,75.01554999999999,74.89361098329181,75.006147127898,74.95154012432099,76.27615,74.99753636363637
demo,D01,108,5,76.3938,74.52215,74.98940552786075,75.03956231954696,75.03719792728424,76.3938,75.25188030303032
demo,D01,109,5,75.38705,74.7395,74.1827548735326,74.15460766267762,74.08097561912537,75.38705,74.03322121212123
demo,D01,110,5,75.79875,74.3205,74.4842503012074,74.42135928018399,74.3800019788742,75.79875,74.47755000000001
demo,D01,111,5,75.5026,74.31035,74.21144750213602,74.26143951290733,74.18559436569214,75.5026,74.35090454545455
demo,D01,112,5,75.01554999999999,74.008,73.68821289714506,73.7629544060783,73.69911764316558,75.01554999999999,73.81904999999999
demo,D01,113,5,74.52215,74.2425,73.46442105298324,73.48036055764702,73.3339494070053,74.52215,73.32485151515151
demo,D01,114,5,74.7395,73.4504,73.30521591160057,73.30713910704809,73.27505202484132,74.7395,73.53821515151517
demo,D01,115,5,74.3205,72.975,73.0156462431637,72.99036831214259,73.0062488155365,74.3205,73.12053636363635
demo,D01,116,5,74.31035,73.0954,72.8037508225628,72.92702468165147,72.89034074459076,74.31035,73.10550454545455
demo,D01,117,5,74.008,72.86685,72.56937338815422,72.6487841439,72.6650029258728,74.008,72.82063484848483
demo,D01,118,5,74.2425,72.96755,72.61465700734375,72.90843107962597,72.9228333759308,74.2425,73.31325000000001
demo,D01,119,5,73.4504,72.5689,71.81520957886477,71.99195893809429,71.97616088905335,73.4504,72.35803636363634
demo,D01,120,5,72.975,72.1837,71.671571092696,71.77377807263635,71.70284984111785,72.975,71.84447424242424
demo,D01,121,5,73.0954,72.27355,71.84558009012503,71.76738299272773,71.73452892341614,73.0954,72.03196818181817
demo,D01,122,5,72.86685,71.23555,71.29235095462346,71.52638544038906,71.54718337593079,72.86685,71.79172121212122
demo,D01,123,5,72.96755,71.15755,71.24706217477248,71.21033742675246,71.20434292201996,72.96755,71.87394545454545
demo,D01,124,5,72.5689,70.82845,71.06085679114102,71.19753271948366,71.17879034175873,72.5689,71.51476515151515
demo,D01,125,5,72.1837,70.74615,70.7188384344119,70.807918230842,70.78379920597077,72.1837,71.05586515151516
demo,D01,126,5,72.27355,70.2064,70.81491539206665,70.86394379758691,70.82345983009338,72.27355,71.22263939393939
demo,D01,127,5,71.23555,70.566,70.12271512326987,69.95621012871801,69.89679629974366,71.23555,70.00113181818182
demo,D01,128,5,71.15755,70.06445,70.145669086746,70.1356697192462,70.01324286346436,71.15755,69.96454545454547
demo,D01,129,5,70.82845,69.44525,69.61850349897851,69.5260340806828,69.4680254814148,70.82845,69.5100378787879
demo,D01,130,5,70.74615,69.3369,69.43379032777902,69.3898896033773,69.37320647945404,70.74615,69.28032424242426
demo,D01,131,5,70.2064,69.49035,69.17547563539613,68.9978398815991,69.04436727657318,70.2064,68.62117121212124
demo,D01,132,5,70.566,69.40214999999999,69.24856030690025,69.20774530878239,69.19105412101746,70.566,69.05834848484848
demo,D01,133,5,70.06445,69.50385,69.00888124444057,68.84479291230792,68.86821529693603,70.06445,68.67060151515152
demo,D01,134,5,69.44525,69.5328,68.32756191651298,68.43419515407909,68.3157481803894,69.44525,68.03939393939395
demo,D01,135,5,69.3369,68.53645,68.19964780685163,68.0974475408219,68.09220076026917,69.3369,67.95039848484848
demo,D01,136,5,69.49035,67.8684,68.15275609927549,68.24273668102309,68.17276369724274,69.49035,68.36753636363636
demo,D01,137,5,69.40214999999999,67.2785,67.60328415812916,67.77223968407364,67.89986833419799,69.40214999999999,68.34164848484849
demo,D01,138,5,69.50385,67.75099999999999,67.54726817836172,67.54784299845188,67.69725598583221,69.50385,68.61851212121212
demo,D01,139,5,69.5328,67.179,67.42035921378773,67.49785096156283,67.70549301414489,69.5328,68.82104545454543
demo,D01,140,5,68.53645,67.0502,66.78798159243983,67.16142777563424,67.106114478302,68.53645,67.77763787878789
demo,D01,141,5,67.8684,66.7428,66.36520107469379,66.58530144434775,66.48250319805145,67.8684,66.83433939393937
demo,D01,142,5,67.2785,66.63544999999999,66.2160116558043,66.31149788433002,66.17203346824645,67.2785,66.06987272727272
demo,D01,143,5,67.75099999999999,66.74849999999999,66.36646372537666,66.38245183816134,66.33045561408996,67.75099999999999,66.52872878787875
demo,D01,144,5,67.179,66.22645,65.83935485999493,65.8205974745872,65.73324118041992,67.179,65.72089393939395
demo,D01,145,5,67.0502,65.8821,65.6969538785803,65.68487109729845,65.65772332210541,67.0502,65.42236363636364
demo,D01,146,5,66.7428,65.36905,65.6334644500005,65.41401851813703,65.42742955951691,66.7428,65.05113484848486
demo,D01,147,5,66.63544999999999,64.92710000000001,65.51843064603591,65.30933218477577,65.31028842372893,66.63544999999999,64.98779696969694
demo,D01,148,5,66.74849999999999,65.03305,65.52864814341352,65.4784366271413,65.4199230775833,66.74849999999999,65.37726969696969
demo,D01,149,5,66.22645,64.9119,65.14092591665197,65.25327269802463,65.10919025917053,66.22645,65.16590606060608
demo,D01,150,5,65.8821,65.20725,64.51753497937065,64.56970215937437,64.46912182769775,65.8821,64.90659696969696
demo,D01,151,5,65.36905,64.46445,64.0468078879088,63.9894290404525,63.95558497695923,65.36905,64.27685151515149
demo,D01,152,5,64.92710000000001,64.4684,63.5239697517979,63.533488760788636,63.48152690849305,64.92710000000001,63.55251666666669
demo,D01,153,5,65.03305,63.771699999999996,63.696919285191385,63.68079178762072,63.6703860157013,65.03305,63.70498636363637
demo,D01,154,5,64.9119,63.3136,63.38985995248903,63.464191730077474,63.45968039455414,64.9119,63.57137272727273
demo,D01,155,5,65.20725,63.1268,63.42732719752103,63.532000697256315,63.64871859645844,65.20725,64.02927575757575
demo,D01,156,5,64.46445,62.945750000000004,62.83856899572896,62.992058340565116,62.987633941841125,64.46445,63.25567424242423
demo,D01,157,5,64.4684,63.548550000000006,62.869031892741305,63.04866949697534,63.00478732433319,64.4684,63.33219848484849
demo,D01,158,5,63.771699999999996,62.40995,62.46359386249816,62.515135150878,62.52846012039184,63.771699999999996,62.687083333333334
demo,D01,159,5,63.3136,62.653999999999996,61.93158420695735,62.02479182276173,62.06626921520233,63.3136,62.162027272727265
demo,D01,160,5,63.1268,61.87735,61.69370298997761,61.74887312793065,61.74933069877625,63.1268,61.9190787878788
demo,D01,161,5,62.945750000000004,62.17315,61.45256215181719,61.49194392005573,61.4734007139206,62.945750000000004,61.62847424242424
demo,D01,162,5,63.548550000000006,61.75429999999999,61.65957826589071,61.457264225962014,61.6722198627472,63.548550000000006,62.28566969696972
demo,D01,163,5,62.40995,61.3367,61.2223642471887,61.01974491155605,60.985000950050356,62.40995,61.00980303030304
demo,D01,164,5,62.653999999999996,61.11600000000001,61.37531615580482,61.218941186032495,61.19472332382202,62.653999999999996,61.30173787878789
demo,D01,165,5,61.87735,60.676050000000004,60.878723610467965,60.90664468894353,60.72534885749817,61.87735,60.59645151515152
demo,D02,6,5,96.0511,94.36135,94.67811057266562,94.6946105020409,94.77418707237244,96.0511,95.17487857142858
demo,D02,7,5,95.4213,95.53625,94.37630741330132,94.49224589985317,94.5494607747078,95.4213,94.30990714285717
demo,D02,8,5,94.90079999999999,94.1657,93.98923155196377,94.0777025316714,94.07638330297469,94.90079999999999,93.56716011904763
demo,D02,9,5,94.74719999999999,94.80085,93.69619469642826,93.8972262959669,93.84316401453017,94.74719999999999,93.34755416666664
demo,D02,10,5,94.79005000000001,93.34915000000001,93.62490011314631,93.8073505071747,93.88354292516709,94.79005000000001,93.44483181818181
demo,D02,11,5,94.36135,93.71255,93.38021264326805,93.51188778555334,93.47146201143265,94.36135,92.84609242424246
demo,D02,12,5,95.53625,93.09315000000001,94.07588938098627,94.20231582561702,94.28944707393646,95.53625,94.37088636363634
demo,D02,13,5,94.1657,93.06265,93.47261511970967,93.29308532115688,93.47880135126114,94.1657,93.18489393939394
demo,D02,14,5,94.80085,93.03139999999999,93.39391089604734,93.40531978862519,93.52472886047363,94.80085,94.05657272727271
demo,D02,15,5,93.34915000000001,92.0688,92.54635346496562,92.48528632444976,92.41371023454667,93.34915000000001,92.42800606060608
demo,D02,16,5,93.71255,92.6141,92.6877386611344,92.72579682939713,92.75298096303939,93.71255,92.90436212121213
demo,D02,17,5,93.09315000000001,92.8898,92.09126167195159,92.16427748643265,92.14208451929093,93.09315000000001,92.16078787878789
demo,D02,18,5,93.06265,91.95795,91.91481091783045,91.93825847524245,91.98851624622345,93.06265,91.96539545454547
demo,D02,19,5,93.03139999999999,91.94630000000001,91.92026698093193,91.7905045962314,91.83736959590911,93.03139999999999,91.82093333333331
demo,D02,20,5,92.0688,91.94945,91.44287780166457,91.17548837802399,91.21141454343795,92.0688,90.60086515151515
demo,D02,21,5,92.6141,91.3657,91.58951069493126,91.38146511837137,91.46613552246093,92.6141,91.05943939393939
demo,D02,22,5,92.8898,91.0128,91.97074812573783,91.87397681769427,91.98884044866561,92.8898,91.82113181818181
demo,D02,23,5,91.95795,90.2759,90.9777753534968,90.96378637150607,90.98743933839798,91.95795,90.82467424242424
demo,D02,24,5,91.94630000000001,90.92179999999999,91.03765071188243,90.94765419545863,91.12603440885545,91.94630000000001,91.09075909090907
demo,D02,25,5,91.94945,91.0897,90.51783117907826,90.4295726084481,90.64897344894409,91.94945,91.06160606060607
demo,D02,26,5,91.3657,89.96549999999999,90.25111958462317,90.33478571149736,90.41477196760178,91.3657,90.49231212121214
demo,D02,27,5,91.0128,90.07625,89.94957452735807,90.05048404701286,89.98561980514526,91.0128,89.9933893939394
demo,D02,28,5,90.2759,89.63155,89.70603367320462,89.402417246924,89.36461454000472,90.2759,89.0254090909091
demo,D02,29,5,90.92179999999999,89.41584999999999,89.90001112978017,89.8829714172846,89.90809772663115,90.92179999999999,89.7748606060606
demo,D02,30,5,91.0897,89.5234,89.6501710830556,89.61198848211846,89.62323536128997,91.0897,89.8990909090909
demo,D02,31,5,89.96549999999999,88.70655,89.29090100689282,89.07435826312559,88.99842435407638,89.96549999999999,88.66572727272728
demo,D02,32,5,90.07625,89.18825,89.29735178386859,89.09535829082371,89.13422451734543,90.07625,88.9499393939394
demo,D02,33,5,89.63155,88.22015,88.62565529747296,88.64926545670542,88.6199430683136,89.63155,88.41732121212122
demo,D02,34,5,89.41584999999999,88.2055,88.51614263030129,88.44225768492807,88.38679428539275,89.41584999999999,88.19198636363636
demo,D02,35,5,89.5234,88.74549999999999,88.4957071852491,88.50859960468496,88.5192757162094,89.5234,88.47364393939394
demo,D02,36,5,88.70655,88.27055,87.76911541082742,87.74393237964642,87.70456695346832,88.70655,87.56057424242422
demo,D02,37,5,89.18825,87.72485,88.15997293650312,87.92407179820334,87.94283657741546,89.18825,88.12095454545455
demo,D02,38,5,88.22015,87.17605,87.26356026254116,87.1866115271192,87.09368765964508,88.22015,86.83245303030304
demo,D02,39,5,88.2055,87.06155,87.66330808386415,87.17897177283788,87.21587627458572,88.2055,86.83329696969696
demo,D02,40,5,88.74549999999999,87.00395,87.60074005361491,87.60350562285596,87.68115571308135,88.74549999999999,87.75665454545455
demo,D02,41,5,88.27055,86.7543,86.97789945594876,86.76879970501236,86.87564014129639,88.27055,87.3028696969697
demo,D02,42,5,87.72485,86.47635,86.62342606301064,86.58777889276826,86.62734955654145,87.72485,86.7691484848485
demo,D02,43,5,87.17605,86.2544,86.17367881011374,86.03850070131813,86.03227596740723,87.17605,86.07693030303032
demo,D02,44,5,87.06155,85.9589,86.07971037053036,85.9467684334101,85.94467172889709,87.06155,85.86470303030305
demo,D02,45,5,87.00395,85.95795000000001,85.89429245511137,85.84340926793669,85.88881528396607,87.00395,85.87220151515152
demo,D02,46,5,86.7543,85.3859,85.58193573512177,85.50844483351752,85.5142641084671,86.7543,85.49997424242426
demo,D02,47,5,86.47635,85.5733,85.66479415184538,85.34201195839206,85.36503987560272,86.47635,85.30252727272725
demo,D02,48,5,86.2544,85.1788,85.10053876488014,85.01692800396346,85.01706276836396,86.2544,84.9422060606061
demo,D02,49,5,85.9589,84.75675,84.9880779971276,84.80935702838612,84.82420935764313,85.9589,84.54199696969698
demo,D02,50,5,85.95795000000001,84.3243,85.1482854617318,84.8754609977219,84.84663987560273,85.95795000000001,84.75223636363637
demo,D02,51,5,85.3859,84.35979999999999,84.55597387341375,84.40369825519454,84.37749610271455,85.3859,84.24598787878789
demo,D02,52,5,85.5733,83.96545,84.33910092899926,84.38584099301755,84.38975286083222,85.5733,84.54322575757575
demo,D02,53,5,85.1788,84.2805,83.73978213476104,83.95620488724133,83.89981247310638,85.1788,84.09843636363635
demo,D02,54,5,84.75675,83.744,83.65018341545336,83.6065805897934,83.58136369037628,84.75675,83.5938712121212
demo,D02,55,5,84.3243,82.95275,83.57574490123848,83.18759651676172,83.16721267395019,84.3243,83.08144999999999
demo,D02,56,5,84.35979999999999,83.30145,83.26027613796946,83.19564299861953,83.17244460086822,84.35979999999999,83.12584696969697
demo,D02,57,5,83.96545,82.62105,82.98425479666133,82.81388713015713,82.82674593849183,83.96545,82.68531515151516
demo,D02,58,5,84.2805,82.43325,82.9471972695259,83.03961757234704,83.00151247310639,84.2805,83.1182984848485
demo,D02,59,5,83.744,82.45295,82.563765799589,82.56228953144038,82.54171792888641,83.744,82.57454393939392
demo,D02,60,5,82.95275,81.96329999999999,82.2027443466868,82.08527342427196,81.92669454479217,82.95275,81.69416363636364
demo,D02,61,5,83.30145,82.13025,82.05444216260858,82.0642010127096,82.02293394584656,83.30145,82.04028333333333
demo,D02,62,5,82.62105,81.38119999999999,81.75740409678058,81.71892828966227,81.61121213417053,82.62105,81.36053636363637
demo,D02,63,5,82.43325,81.17855,81.39781888049146,81.289736327073,81.31167583656311,82.43325,81.16959545454547
demo,D02,64,5,82.45295,80.91755,81.18781836429721,81.20469705040651,81.22426819725037,82.45295,81.21724090909092
demo,D02,65,5,81.96329999999999,80.69454999999999,80.96458518313213,80.8103804684589,80.78266240196227,81.96329999999999,80.61746969696969
demo,D02,66,5,82.13025,80.9434,80.99818018050549,80.95011062316362,80.9376013507843,82.13025,80.87475454545455
demo,D02,67,5,81.38119999999999,80.55125,80.40056622960586,80.23150932778164,80.21066646213531,81.38119999999999,80.01542727272727
demo,D02,68,5,81.17855,80.6241,80.27717354942008,80.33953822090945,80.23073249559403,81.17855,79.90886969696969
demo,D02,69,5,80.91755,80.5395,79.88900468679859,79.73840363703371,79.75256625061036,80.91755,79.68194393939395
demo,D02,70,5,80.69454999999999,79.29765,79.55317014554214,79.41996636414554,79.4639340265274,80.69454999999999,79.33975
demo,D02,71,5,80.9434,79.37525,79.68869060426293,79.67458067313135,79.71692273464203,80.9434,79.79036818181818
demo,D02,72,5,80.55125,78.74805,79.09986630417549,79.28731057618884,79.22875835418701,80.55125,79.4091484848485
demo,D02,73,5,80.6241,78.61405,79.09799656994616,79.07352652698172,79.18114963207245,80.6241,79.5756393939394
demo,D02,74,5,80.5395,78.4043,78.95708826697918,79.18064331852281,79.12648320388794,80.5395,79.67781969696969
demo,D02,75,5,79.29765,78.02175,78.20656850469048,78.18057310369129,78.07233144893647,79.29765,78.23681363636366
demo,D02,76,5,79.37525,77.76849999999999,78.22586076234342,78.24599377915588,78.17630710029601,79.37525,78.35362575757577
demo,D02,77,5,78.74805,77.7855,77.75793678584012,77.5989936897125,77.5144235151291,78.74805,77.51186969696974
demo,D02,78,5,78.61405,77.2081,77.62650675267035,77.45873995872245,77.3804235151291,78.61405,77.21880303030305
demo,D02,79,5,78.4043,77.5697,77.36614024493832,77.14800773416275,77.1643965499878,78.4043,76.86120606060608
demo,D02,80,5,78.02175,76.78525,77.04435259139062,76.78969075246518,76.80505993652343,78.02175,76.3044621212121
demo,D02,81,5,77.76849999999999,77.64655,77.04915751329986,76.93027035315654,76.77012810087203,77.76849999999999,76.05288787878789
demo,D02,82,5,77.7855,76.411,76.8156105712356,76.53240985186459,76.57631690311432,77.7855,76.13790151515153
demo,D02,83,5,77.2081,76.31035,76.56027373853222,76.3425010174784,76.19999877510071,77.2081,75.66294696969697
demo,D02,84,5,77.5697,75.64205000000001,76.50640984822884,76.52772522824323,76.48013961048126,77.5697,76.4044409090909
demo,D02,85,5,76.78525,76.28395,75.50922706180191,75.48588879276532,75.5264529504776,76.78525,75.55198181818183
demo,D02,86,5,77.64655,75.8491,75.93905924650646,75.9619379007754,76.12276083259583,77.64655,76.75830606060607
demo,D02,87,5,76.411,75.34305,74.91394434967067,75.14952359967079,75.1452734336853,76.411,75.42651515151515
demo,D02,88,5,76.31035,74.59025,74.87520006053148,75.01380012851106,75.03108543071747,76.31035,75.29914696969698
demo,D02,89,5,75.64205000000001,74.7974,74.575494148324,74.39093288401709,74.41397330360414,75.64205000000001,74.49156666666669
demo,D02,90,5,76.28395,74.1373,74.56338656288482,74.63930686759174,74.74978449840546,76.28395,75.20914242424244
demo,D02,91,5,75.8491,74.6516,74.32986541632178,74.46708306617269,74.44486511383057,75.8491,74.75227727272727
demo,D02,92,5,75.34305,74.1944,74.03823155490281,74.04534768402772,74.07414889030457,75.34305,74.20819242424243
demo,D02,93,5,74.59025,73.71865,73.48507813963225,73.31427108855428,73.32920668983459,74.59025,73.1676090909091
demo,D02,94,5,74.7974,72.69704999999999,73.68843404786828,73.54141121301942,73.56932330360412,74.7974,73.4226621212121
demo,D02,95,5,74.1373,72.87055,73.07744357570832,72.85419667789961,72.89193569164276,74.1373,72.53697272727271
demo,D02,96,5,74.6516,73.1091,73.58498325863759,73.68482727477101,73.56203961048126,74.6516,73.41352878787878
demo,D02,97,5,74.1944,73.00345,72.84524057768941,72.88308284814472,72.92076818885803,74.1944,72.96355606060607
demo,D02,98,5,73.71865,72.7088,72.62609068229769,72.48369132777513,72.4500473903656,73.71865,72.46607272727272
demo,D02,99,5,72.69704999999999,71.6345,72.06506504792449,71.67494059589855,71.61405506210326,72.69704999999999,71.07842727272725
demo,D02,100,5,72.87055,71.9382,72.04721373819692,71.97357321810019,71.85012062721252,72.87055,71.32565151515152
demo,D02,101,5,73.1091,71.8877,71.91362452779406,71.83981438146184,71.85539843235016,73.1091,71.76490757575756
demo,D02,102,5,73.00345,70.82045000000001,71.52584137971161,71.68275605462213,71.7239546415329,73.00345,71.82852727272727
demo,D02,103,5,72.7088,71.0501,71.1070132123349,71.16114260909825,71.2075016916275,72.7088,71.51364848484849
demo,D02,104,5,71.6345,70.8688,70.65477062034321,70.7353807106927,70.58603784751892,71.6345,70.30920606060607
demo,D02,105,5,71.9382,70.4302,70.50400168861736,70.61871248791246,70.63309622116088,71.9382,70.53724848484848
demo,D02,106,5,71.8877,69.6982,70.55982170493141,70.59946416078873,70.63774732608795,71.8877,70.7020303030303
demo,D02,107,5,70.82045000000001,69.88915,69.85639911509061,69.91390316478693,69.78112702770234,70.82045000000001,69.57410303030304
demo,D02,108,5,71.0501,69.62135,69.66334833554441,69.72520495986652,69.71964159736633,71.0501,69.85160606060607
demo,D02,109,5,70.8688,69.4074,69.30825612681836,69.18495476183355,69.31494577293395,70.8688,69.48991060606062
demo,D02,110,5,70.4302,69.01469999999999,69.1094313761925,69.13159881513866,69.12701763648987,70.4302,68.91993333333336
demo,D02,111,5,69.6982,68.78235000000001,68.99833728368053,68.8168396384755,68.67777062721252,69.6982,68.08433636363637
demo,D02,112,5,69.88915,68.6345,68.82668874231311,69.00068986397615,68.83946750202179,69.88915,68.39527121212122
demo,D02,113,5,69.62135,68.50995,68.50390875168686,68.72258024778363,68.56825346717835,69.62135,68.26494848484849
demo,D02,114,5,69.4074,69.1005,67.86546085428495,68.0753101834399,68.10571025600433,69.4074,67.95914393939394
demo,D02,115,5,69.01469999999999,67.71485,67.96671777767943,68.01465583045696,67.91281146259307,69.01469999999999,67.60369848484847
demo,D02,116,5,68.78235000000001,67.59515,67.75707141909717,67.88197063240614,67.72925346717835,68.78235000000001,67.50558333333333
demo,D02,117,5,68.6345,66.7205,67.24092054464157,67.32174487787258,67.32939622116089,68.6345,67.28409848484849
demo,D02,118,5,68.50995,67.16885,67.14414745776864,67.19468119287278,67.21345766181946,68.50995,67.26097727272729
demo,D02,119,5,69.1005,67.9752,67.26561214902316,67.3845405442619,67.51698066043853,69.1005,68.20753030303028
demo,D02,120,5,67.71485,66.4945,66.3225112886931,66.41103323740717,66.46489732608795,67.71485,66.7609484848485
demo,D02,121,5,67.59515,66.4987,66.17513279287124,66.18707859434866,66.22422350063324,67.59515,66.46823787878787
demo,D02,122,5,66.7205,65.35215,65.78098779692199,65.7422395546647,65.64993060398102,66.7205,65.37314393939396
demo,D02,123,5,67.16885,65.07300000000001,65.81630608784556,65.87206907271191,65.85511260757447,67.16885,65.82610000000001
demo,D02,124,5,67.9752,65.47404999999999,65.89006052604529,66.01028631102028,66.21802991886139,67.9752,66.93428939393941
demo,D02,125,5,66.4945,65.1162,65.05156947333754,65.16006291175817,65.13673659038544,66.4945,65.30750151515151
demo,D02,126,5,66.4987,64.8955,65.10007204774966,65.1361719769483,65.10282359237671,66.4987,65.24204848484848
demo,D02,127,5,65.35215,65.0502,64.57460722754814,64.42058293551128,64.24565461959838,65.35215,63.802269696969695
demo,D02,128,5,65.07300000000001,64.4948,64.44628492377433,64.1533540709899,63.99737112331391,65.07300000000001,63.31117272727274
demo,D02,129,5,65.47404999999999,64.3003,64.5121043830867,64.51549979329975,64.40846402912139,65.47404999999999,64.01480303030301
demo,D02,130,5,65.1162,63.89035,63.942429683734936,63.740871459035624,63.765174180221564,65.1162,63.619839393939394
demo,D02,131,5,64.8955,63.391149999999996,63.780959206461475,63.570911300381795,63.59143608379364,64.8955,63.41942878787881
demo,D02,132,5,65.0502,62.561049999999994,63.34984177591182,63.251594488924944,63.375588908386234,65.0502,63.508674242424235
demo,D02,133,5,64.4948,63.14769999999999,63.315972075315955,63.16485788044864,63.14129701118469,64.4948,62.98702727272727
demo,D02,134,5,64.3003,63.9493,63.29079538361541,63.31375138231706,63.21768128662109,64.3003,63.20408181818183
demo,D02,135,5,63.89035,62.556400000000004,62.44286912805632,62.51271700040739,62.52908827457428,63.89035,62.82303636363635
demo,D02,136,5,63.391149999999996,61.82164999999999,61.929208727239256,62.324220452643644,62.261126639747616,63.391149999999996,62.37582272727272
demo,D02,137,5,62.561049999999994,62.009800000000006,61.3655415174932,61.206420283622364,61.235127510833735,62.561049999999994,61.17747121212122
demo,D02,138,5,63.14769999999999,61.787650000000006,61.535432703072544,61.56740391147406,61.62549440879821,63.14769999999999,61.63197272727272
demo,D02,139,5,63.9493,61.7186,62.06151591774659,62.01437083811583,62.14270181350708,63.9493,62.77041060606058
demo,D02,140,5,62.556400000000004,60.709199999999996,61.13562118145002,61.18461719461106,61.189273415946964,62.556400000000004,61.30759242424243
demo,D02,141,5,61.82164999999999,60.624849999999995,60.704382717304476,60.75591478722549,60.68576178112029,61.82164999999999,60.38411060606059
demo,D02,142,5,62.009800000000006,60.6374,60.78217601386026,61.020737781107826,60.83690206508637,62.009800000000006,60.67270303030305
demo,D02,143,5,61.787650000000006,60.150499999999994,60.48240525881229,60.42757680415878,60.454905640029914,61.787650000000006,60.48954242424242
demo,D02,144,5,61.7186,59.5178,60.507668981630424,60.366946674984995,60.42500504360199,61.7186,60.53988636363637
demo,D02,145,5,60.709199999999996,59.6967,59.648682142768514,59.72991683104808,59.584768032264705,60.709199999999996,59.39440606060607
demo,D02,146,5,60.624849999999995,59.46495,59.388380785391746,59.27418735063496,59.30234154567718,60.624849999999995,59.17736818181819
demo,D02,147,5,60.6374,59.0364,59.05608943582669,59.03220282565588,59.15240129699707,60.6374,58.951607575757556
demo,D02,148,5,60.150499999999994,59.74665,59.19628723731138,59.05406248634482,59.01323753643035,60.150499999999994,58.40574090909091
demo,D02,149,5,59.5178,58.3687,59.24251598292555,58.54976601500066,58.550726321029664,59.5178,57.990368181818205
demo,D02,150,5,59.6967,58.6074,58.50258673026482,58.472607912310565,58.513364934158325,59.6967,58.23966212121213
demo,D02,151,5,59.46495,57.611000000000004,58.18355848586574,58.035879705921154,58.11341408367157,59.46495,57.943499999999986
demo,D02,152,5,59.0364,57.42195,57.78434047232328,57.76771228089223,57.75979355945587,59.0364,57.53920757575758
demo,D02,153,5,59.74665,57.318000000000005,57.82953056300533,58.00597421923499,58.084094424629214,59.74665,58.57357575757577
demo,D02,154,5,58.3687,57.294650000000004,57.16145046938761,57.32060896681425,57.217051955413815,58.3687,57.24461969696969
demo,D02,155,5,58.6074,56.29765,56.86956261930617,56.94532142161677,57.0824303030014,58.6074,57.463971212121194
demo,D02,156,5,57.611000000000004,56.06934999999999,56.353657975708785,56.35462600782288,56.32247525310517,57.611000000000004,56.27574242424242
demo,D02,157,5,57.42195,55.56635,56.35693020101163,56.3096376728833,56.177657740783694,57.42195,56.03014545454546
demo,D02,158,5,57.318000000000005,55.90235,56.043091027780314,55.97639999371757,55.99566582965851,57.318000000000005,55.87387424242424
demo,D02,159,5,57.294650000000004,55.271550000000005,55.84903297728477,55.848301901532906,55.92557875480652,57.294650000000004,55.75260151515151
demo,D02,160,5,56.29765,55.2059,55.46167581483409,55.213933302242125,55.20383371963501,56.29765,54.580139393939405
demo,D02,161,5,56.06934999999999,55.2335,55.17559720731422,55.000755562866814,54.920357103919976,56.06934999999999,54.24286666666664
demo,D02,162,5,55.56635,54.55615,54.61881165859979,54.397475079461174,54.36383857021332,55.56635,53.55665606060608
demo,D02,163,5,55.90235,54.53115,55.017878995888765,54.804280227451464,54.70960347995758,55.90235,54.24813787878788
demo,D02,164,5,55.271550000000005,54.0848,54.39243426638122,53.97816189547399,53.91633921890259,55.271550000000005,53.57445454545457
demo,D02,165,5,55.2059,54.0887,54.13631557523691,53.91313753281326,53.80988030281067,55.2059,53.7152893939394
demo,D03,6,5,98.8142,96.99185,97.36287792562375,97.29126419799871,97.43752463264465,98.8142,97.39605714285717
demo,D03,7,5,98.409,96.51615,97.07221837513377,96.94296589792879,97.06603654289246,98.409,96.96541071428572
demo,D03,8,5,97.9932,96.51405,96.73442667563702,96.46157993684551,96.71743577308655,97.9932,96.48605714285718
demo,D03,9,5,97.40395,96.1559,96.3162036553513,95.74543485622338,96.06443884391784,97.40395,95.77120833333328
demo,D03,10,5,97.43895,96.36105,96.07708681681065,95.69332490082732,95.91830461997986,97.43895,95.84087121212121
demo,D03,11,5,96.99185,96.08085,95.72428275296451,95.28880503383058,95.55476723251343,96.99185,95.32209090909089
demo,D03,12,5,96.51615,95.34270000000001,95.38711941021381,94.86765776000577,95.10311472644806,96.51615,94.75729545454546
demo,D03,13,5,96.51405,95.248,95.33306671730239,94.89490849036417,95.10325693397522,96.51405,94.93648030303032
demo,D03,14,5,96.1559,94.4797,94.79538036630807,94.41184558327163,94.54441523399353,96.1559,94.53409090909089
demo,D03,15,5,96.36105,94.59885,94.79460933914719,94.76717688019018,94.84754191856385,96.36105,94.8957075757576
demo,D03,16,5,96.08085,94.57575,94.53972884638864,94.58329174800367,94.61565660915375,96.08085,94.81209090909094
demo,D03,17,5,95.34270000000001,94.41145,93.96644507435381,93.93865293564643,94.0352586462021,95.34270000000001,94.09980151515153
demo,D03,18,5,95.248,93.65695000000001,93.68122965166317,93.73311083145065,93.75985190677643,95.248,94.05237121212122
demo,D03,19,5,94.4797,93.89235000000001,93.15345562277142,92.93825825884247,93.00921407432556,94.4797,93.09176363636364
demo,D03,20,5,94.59885,92.82705,93.15561467772679,93.04428597959472,93.09140037307739,94.59885,93.23999545454546
demo,D03,21,5,94.57575,92.61155,92.96889774041311,92.9429901527212,93.03387451839447,94.57575,93.26277121212121
demo,D03,22,5,94.41145,92.9019,92.68687411590605,92.6343297944629,92.64421138305664,94.41145,93.08740151515151
demo,D03,23,5,93.65695000000001,93.71735,92.23530318590205,92.22431992763948,92.2471189529419,93.65695000000001,92.24291666666667
demo,D03,24,5,93.89235000000001,92.2407,92.25687736377664,92.24059229350303,92.23702947483063,93.89235000000001,92.50630606060605
demo,D03,25,5,92.82705,91.78115,91.77362855762715,91.62336321740058,91.60275676803589,92.82705,91.38402727272727
demo,D03,26,5,92.61155,90.83445,91.44304446210349,91.36818875877458,91.34293725757598,92.61155,91.17355757575757
demo,D03,27,5,92.9019,90.58515,91.28056488379585,91.32664931014743,91.38203699054718,92.9019,91.51233484848485
demo,D03,28,5,93.71735,90.92885000000001,91.70093018809919,91.63770615821726,91.58659076080322,93.71735,92.7149681818182
demo,D03,29,5,92.2407,90.47995,90.51638200107934,90.55653093778879,90.57302462406159,92.2407,91.05944545454547
demo,D03,30,5,91.78115,89.95215,90.36108796433665,90.38679756122298,90.3428262638092,91.78115,90.47110454545455
demo,D03,31,5,90.83445,89.99935,89.92363294581116,89.64280477024289,89.63366543598175,90.83445,89.30049242424244
demo,D03,32,5,90.58515,89.70925,89.70946107252557,89.37608539369693,89.38436543598175,90.58515,88.93126818181818
demo,D03,33,5,90.92885000000001,89.65235,89.53505226682168,89.51360375825215,89.49440235385896,90.92885000000001,89.22917727272728
demo,D03,34,5,90.47995,89.10355,89.26416424221402,89.21950262694264,89.25879614467621,90.47995,88.85586515151516
demo,D03,35,5,89.95215,89.1239,88.73611683522454,88.5048223351939,88.5494446882248,89.95215,88.11141969696972
demo,D03,36,5,89.99935,88.4499,88.64970951308784,88.4484858128726,88.52952973899842,89.99935,88.05725000000001
demo,D03,37,5,89.70925,88.1043,88.47170178622163,88.43158191645884,88.45138922023773,89.70925,87.8417606060606
demo,D03,38,5,89.65235,88.1489,88.48485188544207,88.37458542285678,88.45257776126861,89.65235,88.30926363636364
demo,D03,39,5,89.10355,87.2261,87.56137493904082,87.74272514963614,87.77843896846771,89.10355,87.8893409090909
demo,D03,40,5,89.1239,88.05330000000001,87.36404174803445,87.53451675033006,87.60703367366791,89.1239,88.08106515151515
demo,D03,41,5,88.4499,87.0102,86.7536182169766,86.79997478303373,86.87555524578094,88.4499,87.2401
demo,D03,42,5,88.1043,86.69985,86.38195381227924,86.49860696012682,86.58238241844177,88.1043,86.69469848484847
demo,D03,43,5,88.1489,86.43045000000001,86.51486656880722,86.5996494960239,86.67430135383606,88.1489,86.81658181818182
demo,D03,44,5,87.2261,86.5227,85.77175053080148,85.88746777899337,85.88952413425446,87.2261,85.73824090909092
demo,D03,45,5,88.05330000000001,85.88335000000001,86.05383343115824,86.17193145967565,86.1954686410904,88.05330000000001,86.6567696969697
demo,D03,46,5,87.0102,84.84945,85.52772050817113,85.47904802479219,85.57747313995361,87.0102,85.55133181818182
demo,D03,47,5,86.69985,85.4367,85.304030706359,85.17694047251783,85.29605630741119,86.69985,85.1784636363636
demo,D03,48,5,86.43045000000001,84.5975,84.97512275272989,85.10293929896332,85.12317577762605,86.43045000000001,84.93649393939397
demo,D03,49,5,86.5227,84.41535,84.87834939039787,84.94869552184134,84.98116915245056,86.5227,85.09366666666666
demo,D03,50,5,85.88335000000001,83.6823,84.31378358931264,84.57613615339186,84.58535109481812,85.88335000000001,84.5080696969697
demo,D03,51,5,84.84945,83.90615,83.56117016070095,83.54022361982936,83.56358969993592,84.84945,83.2176803030303
demo,D03,52,5,85.4367,83.23445000000001,83.81367180725273,83.81898385648775,83.90792478485108,85.4367,83.81160909090909
demo,D03,53,5,84.5975,83.1409,83.62392783034872,83.33281669460985,83.35426023960113,84.5975,82.92675454545453
demo,D03,54,5,84.41535,82.706,83.04652371865542,82.89004189692147,82.95741013679505,84.41535,82.5569090909091
demo,D03,55,5,83.6823,83.04855,82.87556052914815,82.39522702520912,82.48271813850403,83.6823,81.88232272727272
demo,D03,56,5,83.90615,82.7449,82.35599557408018,82.45131104433614,82.5512504743576,83.90615,82.14289545454547
demo,D03,57,5,83.23445000000001,81.84275,81.8767794299288,81.95394247845267,81.98590876407624,83.23445000000001,81.40940151515152
demo,D03,58,5,83.1409,81.526,81.78512430844874,81.82731902157062,81.84147165622711,83.1409,81.34876818181819
demo,D03,59,5,82.706,81.07215,81.46551324259148,81.16655424720268,81.36180081939698,82.706,81.05829242424242
demo,D03,60,5,83.04855,81.19285,81.16795494637276,81.30357847495912,81.45160101871491,83.04855,81.6568878787879
demo,D03,61,5,82.7449,80.43860000000001,80.70246162715122,80.83676394281527,80.8868427394867,82.7449,81.35364242424244
demo,D03,62,5,81.84275,80.08655,80.31433660560775,80.26413921115589,80.4723326435089,81.84275,80.52915454545456
demo,D03,63,5,81.526,80.1816,79.88795308511145,79.83215203541835,80.05834493732452,81.526,80.14176212121214
demo,D03,64,5,81.07215,79.4011,79.47939213064726,79.37837300015714,79.57684779968261,81.07215,79.61892727272726
demo,D03,65,5,81.19285,79.2252,79.36045433278873,79.34810538239853,79.54767096672059,81.19285,79.6618287878788
demo,D03,66,5,80.43860000000001,78.43554999999999,78.93583400297452,78.78714998612782,78.90594094619752,80.43860000000001,78.84956818181819
demo,D03,67,5,80.08655,78.794,78.54474784378986,78.36246628325189,78.5427986410141,80.08655,78.32974848484848
demo,D03,68,5,80.1816,78.8373,78.55976802349925,78.38581549883854,78.55126264247895,80.1816,78.44255
demo,D03,69,5,79.4011,78.1431,77.91912844255242,77.70554528077304,77.88187428340912,79.4011,77.50132272727274
demo,D03,70,5,79.2252,78.03645,78.06649832549158,77.60900357078957,77.75625819225311,79.2252,77.43120303030304
demo,D03,71,5,78.43554999999999,77.0147,77.35297044880932,76.91650994078707,77.01753642730712,78.43554999999999,76.66247575757575
demo,D03,72,5,78.794,78.19205,77.16364710724481,77.01057744390685,77.18905422115326,78.794,77.10006363636366
demo,D03,73,5,78.8373,76.32515,76.96658529133413,76.89629822918735,77.0708934638977,78.8373,77.31350000000002
demo,D03,74,5,78.1431,76.20875000000001,76.49258309180769,76.46677022885738,76.54149565753937,78.1431,76.61177727272727
demo,D03,75,5,78.03645,76.1772,76.39862107691673,76.6726754282417,76.61677500743866,78.03645,76.68626969696972
demo,D03,76,5,77.0147,75.64395,75.39070232932086,75.3184768736808,75.47799927444458,77.0147,75.50688333333335
demo,D03,77,5,78.19205,74.857,75.9576031348298,76.20843126768948,76.2258178194046,78.19205,76.93785151515152
demo,D03,78,5,76.32515,74.5531,74.85983716426045,75.02654541449341,74.98001896038055,76.32515,74.96191666666667
demo,D03,79,5,76.20875000000001,74.19955,74.56885152704979,74.74884989460165,74.72005878925324,76.20875000000001,74.67829393939395
demo,D03,80,5,76.1772,75.16335,74.35111727213048,74.40251494553424,74.54780391902923,76.1772,74.60575909090906
demo,D03,81,5,75.64395,74.56405000000001,73.99189810471704,73.75967622554813,73.91186536808014,75.64395,73.80760303030306
demo,D03,82,5,74.857,74.01835,73.63426009234725,73.30801687926993,73.38241184425354,74.857,72.82979545454546
demo,D03,83,5,74.5531,72.705,73.4727238474298,73.02051690438378,73.0921522480011,74.5531,72.50519545454547
demo,D03,84,5,74.19955,73.36375000000001,72.90537417013294,72.62846751814993,72.73095020370484,74.19955,72.0627712121212
demo,D03,85,5,75.16335,72.8815,73.38006608926871,73.30674213814024,73.45897389850616,75.16335,73.40400454545457
demo,D03,86,5,74.56405000000001,71.7996,72.67815655775964,72.60920016318089,72.77260641365052,74.56405000000001,72.8522363636364
demo,D03,87,5,74.01835,71.83435,72.47672429066155,72.45584640926026,72.50605558834076,74.01835,72.74621515151512
demo,D03,88,5,72.705,71.91555,71.20682505808504,70.98832780480706,71.17513926506042,72.705,71.14500909090908
demo,D03,89,5,73.36375000000001,71.4131,71.43652819052994,71.43010656136673,71.6133564901352,73.36375000000001,71.87616515151517
demo,D03,90,5,72.8815,70.5158,71.10474632221793,71.09429716680899,71.2894773426056,72.8815,71.49670606060606
demo,D03,91,5,71.7996,70.75185,70.27124466666046,70.1336371576316,70.27555226764679,71.7996,70.24452272727274
demo,D03,92,5,71.83435,69.5869,69.99884069917137,69.9899923366364,70.20421577510834,71.83435,70.0891409090909
demo,D03,93,5,71.91555,69.82034999999999,70.06526766562142,69.91376663551367,70.15574765853881,71.91555,70.08424545454545
demo,D03,94,5,71.4131,69.8871,69.6365117794546,69.44775879180172,69.67996561107636,71.4131,69.40066969696969
demo,D03,95,5,70.5158,69.2093,69.39077178971253,69.03140317595395,69.10225701408386,70.5158,68.56766818181818
demo,D03,96,5,70.75185,68.71159999999999,69.08681490533345,69.01161090190764,69.24506138858796,70.75185,69.01429696969697
demo,D03,97,5,69.5869,68.7851,68.33080076929782,67.99455911640356,68.0700393957138,69.5869,67.79135454545454
demo,D03,98,5,69.82034999999999,68.46725,68.0953494406442,67.83680875331243,68.06971628341674,69.82034999999999,67.86126969696969
demo,D03,99,5,69.8871,68.2239,68.1545604926222,68.1069373155817,68.34677435836792,69.8871,68.17710000000001
demo,D03,100,5,69.2093,67.7487,67.60188555875703,67.47330926762888,67.6685901468277,69.2093,67.61348181818182
demo,D03,101,5,68.71159999999999,67.46585,66.85224919439665,66.74721346906735,67.05025809440612,68.71159999999999,66.95615151515149
demo,D03,102,5,68.7851,67.01585,67.11351818081289,66.93621675567255,67.14829577693939,68.7851,67.08880151515152
demo,D03,103,5,68.46725,66.5297,66.62593539280975,66.69312609061792,66.8874183998108,68.46725,66.95528484848485
demo,D03,104,5,68.2239,66.13045,66.23011628569422,66.38071896288709,66.57505361213684,68.2239,66.87140454545455
demo,D03,105,5,67.7487,65.68549999999999,65.70573185437084,65.72842431552742,65.93344173545837,67.7487,66.32025909090909
demo,D03,106,5,67.46585,65.04554999999999,65.51253518364996,65.65794596251911,65.83659136734009,67.46585,66.13070909090908
demo,D03,107,5,67.01585,64.77475,64.84089978063243,65.00851307725682,65.19529860458374,67.01585,65.46211666666667
demo,D03,108,5,66.5297,64.62835,64.65466398910016,64.72841199816882,64.92565496654511,66.5297,64.85842575757579
demo,D03,109,5,66.13045,64.4365,64.41996329325316,64.41641615155076,64.59215198917389,66.13045,64.45443181818183
demo,D03,110,5,65.68549999999999,64.44695,64.15578987596902,63.94091609543046,64.16734669017791,65.68549999999999,63.88513030303034
demo,D03,111,5,65.04554999999999,63.6523,63.716178544897055,63.31749520036582,63.52186549835204,65.04554999999999,62.9939606060606
demo,D03,112,5,64.77475,63.61555,63.55954352775269,63.19855024488001,63.28326595401764,64.77475,62.64477121212121
demo,D03,113,5,64.62835,63.287499999999994,63.097480374675555,62.891045796500855,63.110196690177915,64.62835,62.51715606060605
demo,D03,114,5,64.4365,62.543000000000006,63.02829029220366,62.733411589598475,62.91767625713348,64.4365,62.44331212121213
demo,D03,115,5,64.44695,62.439049999999995,62.69510476084557,62.66503892740513,62.872891824913026,64.44695,62.64575757575757
demo,D03,116,5,63.6523,61.83535,61.942860388870926,61.92877083544629,62.139289259719845,63.6523,61.93220303030302
demo,D03,117,5,63.61555,61.95230000000001,61.7283608832304,61.81516844197583,62.00392158679962,63.61555,62.04764999999998
demo,D03,118,5,63.287499999999994,61.3932,61.337566114844655,61.437480768263086,61.66592118740081,63.287499999999994,61.82635757575757
demo,D03,119,5,62.543000000000006,60.49165,60.75952213979166,60.7640642455715,60.98461033630372,62.543000000000006,61.048983333333325
demo,D03,120,5,62.439049999999995,60.5431,60.37604087970167,60.565109345574484,60.81165818481445,62.439049999999995,60.95291363636365
demo,D03,121,5,61.83535,60.634449999999994,60.0043037112005,60.00550903776392,60.20795818481445,61.83535,60.175886363636366
demo,D03,122,5,61.95230000000001,59.73055000000001,59.74966936800358,59.95711453395087,60.12742738704682,61.95230000000001,60.255695454545474
demo,D03,123,5,61.3932,59.56365,59.451032692310385,59.40952648283174,59.74607380218506,61.3932,59.62923030303029
demo,D03,124,5,60.49165,59.2371,59.06152392693893,58.8171000169761,58.91569067516327,60.49165,58.54655757575758
demo,D03,125,5,60.5431,58.40585,58.86805895154121,58.80132550110591,58.96714067516327,60.5431,58.67348181818183
demo,D03,126,5,60.634449999999994,58.51305,58.58658813793065,58.609839254859594,58.87724832839965,60.634449999999994,58.83693333333333
demo,D03,127,5,59.73055000000001,57.584250000000004,58.101251505855316,57.99955366766566,58.126915761756905,59.73055000000001,57.929266666666685
demo,D03,128,5,59.56365,57.456799999999994,57.85837181301609,57.668190735894704,57.94204651107788,59.56365,57.83918636363639
demo,D03,129,5,59.2371,57.608850000000004,57.46737575260343,57.28393370848606,57.59012948951721,59.2371,57.47791818181819
demo,D03,130,5,58.40585,57.0343,56.90760261550068,56.753118441077014,56.819293446159364,58.40585,56.550953030303035
demo,D03,131,5,58.51305,56.4766,56.73221671559514,56.55711793508336,56.852003256607055,58.51305,56.63487727272729
demo,D03,132,5,57.584250000000004,56.342150000000004,56.25983550395096,55.973758905553765,56.01977374839783,57.584250000000004,55.66982727272726
demo,D03,133,5,57.456799999999994,55.82995,55.888505707297014,55.73963478721762,55.848515168952936,57.456799999999994,55.549731818181826
demo,D03,134,5,57.608850000000004,55.491049999999994,55.62971061956269,55.55711977156752,55.78143274555207,57.608850000000004,55.68865757575761
demo,D03,135,5,57.0343,55.32315,55.25826569843604,55.10552541240973,55.383157164382936,57.0343,55.13615303030303
demo,D03,136,5,56.4766,54.5463,54.803632130519645,54.78885062659624,54.85816485557556,56.4766,54.69150303030303
demo,D03,137,5,56.342150000000004,54.41454999999999,54.35028751941955,54.32402858892419,54.65212395515442,56.342150000000004,54.58412575757577
demo,D03,138,5,55.82995,53.9462,54.041878271018454,53.88147341327614,54.15157237167358,55.82995,54.10903181818182
demo,D03,139,5,55.491049999999994,53.20120000000001,53.67554339461523,53.54802011353538,53.80364667873382,55.491049999999994,53.83224545454542
demo,D03,140,5,55.32315,53.0373,53.31852854855946,53.22092609339566,53.502960166358946,55.32315,53.63061818181818
demo,D03,141,5,54.5463,53.42,52.8371509369337,52.7869266847572,52.9202128112793,54.5463,52.83073636363637
demo,D03,142,5,54.41454999999999,52.700599999999994,52.48857706053621,52.3279446206666,52.65743046360015,54.41454999999999,52.57083181818181
demo,D03,143,5,53.9462,51.8233,52.1862053201555,51.98928511626413,52.27725480670929,53.9462,51.99621515151513
demo,D03,144,5,53.20120000000001,51.393,51.74620104441144,51.5898930611819,51.55125962848664,53.20120000000001,51.20521363636364
demo,D03,145,5,53.0373,51.45570000000001,51.466831999369646,51.24880568591598,51.37566174011231,53.0373,51.026225757575766
demo,D04,6,5,95.78515,94.77,93.76967364618295,93.47930718013075,93.9944309677124,95.78515,93.95895714285717
demo,D04,7,5,95.66145,94.23169999999999,93.39736489801955,93.27540448138203,93.7633570148468,95.66145,93.80394107142858
demo,D04,8,5,95.612,94.1013,93.24845381883792,93.41220426656231,93.61969972801208,95.612,93.87563095238096
demo,D04,9,5,95.04625,94.20695,92.95325635304073,92.87543812208531,93.29288293361664,95.04625,93.29358749999999
demo,D04,10,5,94.8536,93.37174999999999,92.75224346852134,92.87832949914223,93.15736482009888,94.8536,93.13570151515151
demo,D04,11,5,94.77,93.4699,92.67773449946061,92.83878508063422,93.08538712978363,94.77,92.92536515151517
demo,D04,12,5,94.23169999999999,92.97535,92.70665605573429,92.7852547071068,92.83937352581023,94.23169999999999,92.63761515151512
demo,D04,13,5,94.1013,92.0576,92.23344833810643,92.54207751062415,92.65395069007873,94.1013,92.61023787878787
demo,D04,14,5,94.20695,91.8561,92.06321846704465,92.54324030008233,92.67312579460145,94.20695,92.9090303030303
demo,D04,15,5,93.37174999999999,92.708,91.54859998098759,92.095805316563,92.02857542324065,93.37174999999999,92.09954242424241
demo,D04,16,5,93.4699,91.3048,91.29908990846904,91.65297802424996,91.83692442169189,93.4699,92.1851303030303
demo,D04,17,5,92.97535,91.21975,90.97006073210537,91.42345812780376,91.45507393035889,92.97535,91.64222575757576
demo,D04,18,5,92.0576,91.1157,90.47631470770266,90.85446325718836,90.74750838527679,92.0576,90.57213636363636
demo,D04,19,5,91.8561,90.9913,90.17517012240741,90.57433070674332,90.51615313396454,91.8561,90.19017727272727
demo,D04,20,5,92.708,90.38965,90.4304077122438,90.97762503135765,90.93439000415802,92.708,91.22308030303032
demo,D04,21,5,91.3048,89.84495,89.69236282449614,90.10748346470653,89.98181768875122,91.3048,89.72036212121213
demo,D04,22,5,91.21975,89.03444999999999,89.41458736260167,89.87371450987023,89.84659905529023,91.21975,89.54317727272729
demo,D04,23,5,91.1157,89.35985,89.31845903916818,89.73228522423862,89.69598197288514,91.1157,89.45769090909093
demo,D04,24,5,90.9913,89.025,89.17436703225174,89.74492338230499,89.63575865154266,90.9913,89.53408939393938
demo,D04,25,5,90.38965,88.74980000000001,88.56727738460877,88.99141611209586,88.98287690963745,90.38965,88.8856393939394
demo,D04,26,5,89.84495,89.0036,88.2215090416162,88.64047332448412,88.51442543621063,89.84495,88.35903484848485
demo,D04,27,5,89.03444999999999,88.41980000000001,87.87737651772076,87.94935809607551,87.73622960395812,89.03444999999999,87.40042878787878
demo,D04,28,5,89.35985,87.95819999999999,87.62143572316312,87.93785795535575,87.84636885986328,89.35985,87.59939393939393
demo,D04,29,5,89.025,87.10825,87.32259811602502,87.6752836174473,87.56103506088257,89.025,87.1431196969697
demo,D04,30,5,88.74980000000001,86.91635,87.36454707177505,87.54310479255827,87.44267896156312,88.74980000000001,87.1269893939394
demo,D04,31,5,89.0036,86.7143,86.85031774435528,87.28549908898644,87.22828674182892,89.0036,87.48123484848487
demo,D04,32,5,88.41980000000001,86.18185,86.460239443808,86.94187515045091,86.97041340332032,88.41980000000001,86.94977878787881
demo,D04,33,5,87.95819999999999,86.23555,86.15752491831547,86.61346054967687,86.50262298412322,87.95819999999999,86.54964242424242
demo,D04,34,5,87.10825,85.8626,85.5421599214811,85.8226029537513,85.70871172142029,87.10825,85.6792484848485
demo,D04,35,5,86.91635,85.0984,85.20380410284491,85.3736919796,85.38446652183532,86.91635,85.44935454545457
demo,D04,36,5,86.7143,85.45255,84.9092651448801,85.1539002904055,85.15256127052307,86.7143,85.18314242424243
demo,D04,37,5,86.18185,86.20995,84.3802292330933,84.50780881177266,84.55814532814026,86.18185,84.36088636363635
demo,D04,38,5,86.23555,83.90965,84.46980717869485,84.64532673256524,84.70060188941956,86.23555,84.42077727272725
demo,D04,39,5,85.8626,84.0793,84.22003512954163,84.35695377601326,84.31903591880798,85.8626,84.03003939393939
demo,D04,40,5,85.0984,83.84465,83.648681036578,83.61967288176848,83.57640397872925,85.0984,83.1395606060606
demo,D04,41,5,85.45255,83.717,83.8288481797788,83.89930501985367,83.90080792312622,85.45255,83.76991515151516
demo,D04,42,5,86.20995,84.35185,83.74261224275529,84.36122149366292,84.30353966350556,86.20995,85.03069848484851
demo,D04,43,5,83.90965,83.00110000000001,82.23929523987051,82.46824545888586,82.35514202919006,83.90965,82.58649090909091
demo,D04,44,5,84.0793,82.47155000000001,82.05872461519644,82.28837079084806,82.43544502429963,84.0793,82.62055151515153
demo,D04,45,5,83.84465,81.6829,82.08516478455181,82.24049264094597,82.25334009494782,83.84465,82.30592272727273
demo,D04,46,5,83.717,82.4165,81.67645245528212,82.04938690790564,82.09735547733307,83.717,82.18229393939393
demo,D04,47,5,84.35185,81.73615,81.80389490600686,82.33540426513049,82.24454804954529,84.35185,82.99847727272724
demo,D04,48,5,83.00110000000001,81.41815,81.13568924684094,81.66258061726826,81.51220529899598,83.00110000000001,81.58948333333336
demo,D04,49,5,82.47155000000001,80.8155,80.79212899438734,81.25107383532868,81.01304448871613,82.47155000000001,80.9289772727273
demo,D04,50,5,81.6829,80.82589999999999,80.17280756755623,80.41375007800706,80.1062695268631,81.6829,79.7450696969697
demo,D04,51,5,82.4165,80.35210000000001,80.53842606547131,80.94126494162266,80.88180938148498,82.4165,80.60853484848487
demo,D04,52,5,81.73615,79.8975,80.08293788432485,80.24118682470889,80.23715684165954,81.73615,80.30896969696968
demo,D04,53,5,81.41815,79.07560000000001,79.26830719420133,79.52242220406993,79.67973916950226,81.41815,79.78939999999999
demo,D04,54,5,80.8155,79.5244,78.98288261900578,79.0849541962529,79.22905955600739,80.8155,79.02837121212121
demo,D04,55,5,80.82589999999999,78.82114999999999,78.90719731383601,78.96901050082845,79.19763950672149,80.82589999999999,79.00281818181817
demo,D04,56,5,80.35210000000001,78.1992,78.7426171653897,78.73290112880936,78.71444855651856,80.35210000000001,78.50425151515152
demo,D04,57,5,79.8975,77.76849999999999,78.51353281813631,78.56146650030888,78.37718244552612,79.8975,78.31645303030302
demo,D04,58,5,79.07560000000001,77.6994,77.57189291137198,77.62755344322434,77.47917995033265,79.07560000000001,77.35691060606061
demo,D04,59,5,79.5244,76.77380000000001,77.46064925211637,77.66221182965008,77.8015372795105,79.5244,77.8518606060606
demo,D04,60,5,78.82114999999999,77.13715,76.88098795718105,76.88559711943152,77.06873875370025,78.82114999999999,76.91869696969697
demo,D04,61,5,78.1992,76.29265,76.70244734459865,76.70077511401136,76.58536621494294,78.1992,76.31518333333335
demo,D04,62,5,77.76849999999999,76.3408,76.19266239277329,76.1407361308427,76.04145064926146,77.76849999999999,75.81426666666668
demo,D04,63,5,77.6994,75.7234,75.97758489832515,75.79234613508383,75.96672838153839,77.6994,75.7905681818182
demo,D04,64,5,76.77380000000001,75.4502,75.24603607670292,74.90678225280313,74.96973572616578,76.77380000000001,74.6824287878788
demo,D04,65,5,77.13715,75.5209,75.21903191076456,75.01351519972079,75.28465301837922,77.13715,75.21075303030304
demo,D04,66,5,76.29265,74.77865,74.6302123018527,74.36931473902811,74.47480572834014,76.29265,74.36653636363636
demo,D04,67,5,76.3408,75.04165,74.64781053974102,74.299305156972,74.53477175312042,76.3408,74.52259545454545
demo,D04,68,5,75.7234,74.5376,73.7146477589876,73.40109310735814,73.78949547138214,75.7234,73.78631363636363
demo,D04,69,5,75.4502,73.87505,73.64944016312481,73.4210224481447,73.62320868034362,75.4502,73.67248636363635
demo,D04,70,5,75.5209,73.40715,73.29735235529029,73.05537414123143,73.52900194015503,75.5209,73.93434545454546
demo,D04,71,5,74.77865,73.31345,72.69764342628035,72.44898885082539,72.84450717201233,74.77865,73.17352121212122
demo,D04,72,5,75.04165,73.044,72.80989166005016,72.71916612608439,73.09275025405884,75.04165,73.55341363636366
demo,D04,73,5,74.5376,72.10035,72.31231194699184,72.25522781015897,72.6943976474762,74.5376,73.17101818181818
demo,D04,74,5,73.87505,71.96975,71.62649723492858,71.58263081895728,71.93728571300507,73.87505,72.33251818181817
demo,D04,75,5,73.40715,71.08945,71.35284834952331,71.2766491562176,71.54565474357605,73.40715,71.8578575757576
demo,D04,76,5,73.31345,71.6155,71.20680190906558,71.12410381276952,71.40523423881531,73.31345,71.67640303030305
demo,D04,77,5,73.044,72.4567,70.94704435917245,70.8425463112857,71.21406063461303,73.044,71.44231969696972
demo,D04,78,5,72.10035,70.5859,70.31263615116974,70.12941637554948,70.32776222381592,72.10035,70.27068333333335
demo,D04,79,5,71.96975,69.56515,70.07989595041605,69.92105655024457,70.15355177021027,71.96975,70.00499090909092
demo,D04,80,5,71.08945,70.02555000000001,69.74811252587274,69.40272351326821,69.35548901386261,71.08945,68.98401969696967
demo,D04,81,5,71.6155,69.2113,69.66204364378083,69.42247554929969,69.7831721572876,71.6155,69.53402272727274
demo,D04,82,5,72.4567,68.9226,69.94928610629819,70.32121333848197,70.59347716255188,72.4567,70.90796666666668
demo,D04,83,5,70.5859,68.9481,68.6686798221019,69.02805280561147,68.92114560928344,70.5859,69.0483393939394
demo,D04,84,5,69.56515,68.47445,68.0886508866655,67.95463202022762,67.88965664043427,69.56515,67.77902272727273
demo,D04,85,5,70.02555000000001,67.88905,68.06907739386965,68.16097029590374,68.30720519237519,70.02555000000001,68.22165909090911
demo,D04,86,5,69.2113,67.47745,67.5551166380941,67.42279010130436,67.46288822536468,69.2113,67.3412893939394
demo,D04,87,5,68.9226,68.63045,67.1393139997023,67.01629502297163,67.11684140453339,68.9226,67.0665318181818
demo,D04,88,5,68.9481,66.8215,66.85692346009166,66.69115584401816,67.05518653926849,68.9481,67.0481606060606
demo,D04,89,5,68.47445,66.24674999999999,66.3866828708169,66.25145718966398,66.5160384256363,68.47445,66.54897424242424
demo,D04,90,5,67.88905,66.11435,66.00942850579901,65.53893677942355,65.86983846931457,67.88905,65.69678636363639
demo,D04,91,5,67.47745,65.9501,65.81906168030518,65.51194695856681,65.60593556041718,67.47745,65.2754575757576
demo,D04,92,5,68.63045,65.4283,66.36458542427849,66.5625916029204,66.78168331546783,68.63045,67.26437424242424
demo,D04,93,5,66.8215,64.6907,64.67079480598484,64.64445853313815,64.89134603404999,66.8215,65.40628484848484
demo,D04,94,5,66.24674999999999,65.0439,64.11518094745016,63.87790665071411,64.21116078186034,66.24674999999999,64.51354090909089
demo,D04,95,5,66.11435,63.557399999999994,64.21944204413786,64.0936068045094,64.22679988441467,66.11435,64.38161969696971
demo,D04,96,5,65.9501,63.8765,63.749678314979825,63.452580709294935,63.83456235656739,65.9501,64.13867878787879
demo,D04,97,5,65.4283,63.4552,63.427112502005336,63.2602407851858,63.43084118442535,65.4283,63.49729393939391
demo,D04,98,5,64.6907,63.31595,63.06236401258764,62.641033578165946,62.7707610780716,64.6907,62.659221212121246
demo,D04,99,5,65.0439,63.06975,62.91065366617697,62.67656662917491,62.97484706535339,65.0439,63.108416666666656
demo,D04,100,5,63.557399999999994,62.868500000000004,61.99588945850662,61.59008968407237,61.63689745655059,63.557399999999994,61.32528181818183
demo,D04,101,5,63.8765,61.94539999999999,62.06757870003031,61.7254442493071,61.85774694824219,63.8765,61.56009848484848
demo,D04,102,5,63.4552,61.96325,62.01339390850694,61.778432111871396,61.77386443157196,63.4552,61.54218787878788
demo,D04,103,5,63.31595,61.47365,61.10102149631917,61.054162371963514,61.31529005737305,63.31595,61.47901818181817
demo,D04,104,5,63.06975,60.528499999999994,60.754949006047596,60.56707005431098,60.94593947029114,63.06975,61.262627272727265
demo,D04,105,5,62.868500000000004,61.2387,60.40672904586293,60.380344967463,60.74468947029114,62.868500000000004,61.184712121212115
demo,D04,106,5,61.94539999999999,59.862950000000005,59.97391623336919,59.832618317193784,59.968019724273674,61.94539999999999,60.2751606060606
demo,D04,107,5,61.96325,60.045899999999996,59.99190989410241,59.84398741531338,59.9261885471344,61.96325,60.38020303030302
demo,D04,108,5,61.47365,59.66205,59.256962319767915,59.028504272383714,59.327928087615966,61.47365,59.808404545454565
demo,D04,109,5,60.528499999999994,59.2522,58.62679727707322,58.687459642841745,58.61297337150573,60.528499999999994,58.83599393939395
demo,D04,110,5,61.2387,58.64505,58.650868997339956,58.72737018398372,58.790064421844484,61.2387,59.49078484848487
demo,D04,111,5,59.862950000000005,58.665049999999994,57.9716828949149,57.76006332923281,57.88631180210114,59.862950000000005,57.931315151515165
demo,D04,112,5,60.045899999999996,57.57165,57.92205416473545,57.64228606202598,57.94585622634887,60.045899999999996,58.08325303030302
demo,D04,113,5,59.66205,57.6424,57.61087195079504,57.460312985565594,57.6676732213974,59.66205,57.723912121212116
demo,D04,114,5,59.2522,57.11485,57.24720368994554,57.06728729414753,57.26458572597504,59.2522,57.366175757575775
demo,D04,115,5,58.64505,56.702149999999996,56.720555099168195,56.51384381908976,56.65929717903137,58.64505,56.80983636363635
demo,D04,116,5,58.665049999999994,56.65480000000001,56.3540435180988,56.16810452112909,56.46324774627685,58.665049999999994,56.83436818181818
demo,D04,117,5,57.57165,56.46975,56.111934440602845,55.793121900880834,55.659265251541136,57.57165,55.652059090909084
demo,D04,118,5,57.6424,55.66330000000001,55.67379770979898,55.5546660486159,55.645923111343386,57.6424,55.75615303030305
demo,D04,119,5,57.11485,55.6198,55.01813959179623,54.790270135012605,55.01765818939209,57.11485,55.03521666666664
demo,D04,120,5,56.702149999999996,55.0193,54.98176515692262,54.89110966294084,54.786866796874996,56.702149999999996,54.76019696969698
demo,D04,121,5,56.65480000000001,54.354800000000004,54.52844823577026,54.237814683378346,54.488817276763925,56.65480000000001,54.65397272727273
demo,D04,122,5,56.46975,54.163,54.34647374352582,54.26566477369872,54.412385774612424,56.46975,54.61499696969698
demo,D04,123,5,55.66330000000001,53.7678,53.61803753138104,53.48467716109676,53.68566807346345,55.66330000000001,53.82346666666667
demo,D04,124,5,55.6198,53.2654,53.54570471941686,53.46724135461746,53.589458374786375,55.6198,53.888754545454546
demo,D04,125,5,55.0193,53.2192,52.72882466039667,52.76358568116352,52.93201471977234,55.0193,53.25103181818182
demo,D04,126,5,54.354800000000004,52.7768,52.410580309225985,52.16269683869016,52.37881638031006,54.354800000000004,52.59449090909092
demo,D04,127,5,54.163,51.844449999999995,51.92953147668574,51.78843563621735,52.041585338592526,54.163,52.25510151515152
demo,D04,128,5,53.7678,51.440949999999994,51.74963125954787,51.53392998510836,51.718416359710695,53.7678,51.834698484848495
demo,D04,129,5,53.2654,51.67805,51.28198904615104,51.08558423284297,51.23634368934631,53.2654,51.22905151515151
demo,D04,130,5,53.2192,50.91974999999999,51.12133770759243,50.94421692026462,51.15008245391846,53.2192,51.16273787878789
demo,D04,131,5,52.7768,50.868199999999995,50.71514794044813,50.55815528624865,50.706536614227296,52.7768,50.77487424242427
demo,D04,132,5,51.844449999999995,50.6246,50.14704175560856,50.03088308186732,49.90865052051544,51.844449999999995,49.81613030303028
demo,D04,133,5,51.440949999999994,49.621300000000005,49.66403549661158,49.36151004838793,49.43399842948913,51.440949999999994,49.28769545454546
demo,D04,134,5,51.67805,49.190850000000005,49.531774594789525,49.44257226553428,49.671098429489135,51.67805,49.70592424242427
demo,D04,135,5,50.91974999999999,49.727900000000005,49.08744509275509,48.80194466124274,48.87491157150268,50.91974999999999,48.9606712121212
demo,D05,6,5,94.6697,93.34925,91.6506562366769,92.67859058846784,92.10654792518616,94.6697,93.26992142857145
demo,D05,7,5,94.57204999999999,92.38335,91.47219456316199,92.50351027190219,91.9322132118225,94.57204999999999,93.22836250000003
demo,D05,8,5,93.99969999999999,91.46705,91.23584822614214,92.28283767310579,91.89654915542602,93.99969999999999,92.55287857142861
demo,D05,9,5,92.68650000000001,91.51295,90.55426264081022,90.62410532280549,90.82552807235719,92.68650000000001,90.85027083333333
demo,D05,10,5,93.12565000000001,90.65725,90.36961937025869,90.9218802133712,90.84070546569825,93.12565000000001,91.31110303030306
demo,D05,11,5,93.34925,91.02265,90.47168935063273,91.27091152198354,91.02404872703552,93.34925,91.46478636363639
demo,D05,12,5,92.38335,89.97575,90.19021956222352,90.65342947780762,90.51809309444427,92.38335,90.44571212121211
demo,D05,13,5,91.46705,89.89285,89.75664228788175,89.6781018673022,89.62335555152893,91.46705,89.58793484848485
demo,D05,14,5,91.51295,89.2198,89.18232188946602,89.31432888290148,89.4563367931366,91.51295,89.56636818181818
demo,D05,15,5,90.65725,88.91825,88.62846208055007,88.66244133192077,88.71077115631104,90.65725,88.50952727272727
demo,D05,16,5,91.02265,89.13165,88.66533812748102,88.89589643957983,89.02760159626007,91.02265,88.98776515151516
demo,D05,17,5,89.97575,88.31905,88.00894641194057,88.19886193880788,88.12476876449585,89.97575,87.9566681818182
demo,D05,18,5,89.89285,87.72109999999999,87.66372015555054,87.88105141254711,87.96033366355896,89.89285,87.95474242424241
demo,D05,19,5,89.2198,87.1448,86.91504453514116,86.94090805180198,86.95406389694215,89.2198,86.99027424242425
demo,D05,20,5,88.91825,86.5251,86.84265583320743,86.91831691790806,86.93585935783386,88.91825,86.67155151515152
demo,D05,21,5,89.13165,86.30825,86.8476594650384,87.02774828794958,87.09211996116638,89.13165,87.25550606060607
demo,D05,22,5,88.31905,86.31295,85.99905766290854,86.29176619992433,86.38397924690247,88.31905,86.52548787878787
demo,D05,23,5,87.72109999999999,86.168,85.36751446817787,85.57639216959971,85.67892780647277,87.72109999999999,85.7879303030303
demo,D05,24,5,87.1448,85.2992,85.05596168241918,85.1343411607024,85.03344183425904,87.1448,85.15717727272725
demo,D05,25,5,86.5251,85.53070000000001,84.42971483563895,84.50081493005234,84.52674294242858,86.5251,84.29351818181817
demo,D05,26,5,86.30825,85.1022,84.28563629727506,84.48392056108108,84.42934673023224,86.30825,84.14580151515152
demo,D05,27,5,86.31295,84.16924999999999,84.00216884969205,84.1310808954962,84.22362671775818,86.31295,84.15767121212122
demo,D05,28,5,86.168,83.50565,83.98269650041807,83.93170239180444,84.00195624160767,86.168,84.17471363636365
demo,D05,29,5,85.2992,83.71459999999999,83.06702339993082,83.047095663666,83.08602804107666,85.2992,83.23235909090909
demo,D05,30,5,85.53070000000001,83.63335,82.98265978203513,83.08345510832571,83.18153932876588,85.53070000000001,83.59053636363637
demo,D05,31,5,85.1022,82.0613,82.73062010511747,82.87729916012721,83.02647587509155,85.1022,83.44828939393942
demo,D05,32,5,84.16924999999999,82.0707,81.94189065586474,81.94030332045213,81.95936607170104,84.16924999999999,82.52049393939393
demo,D05,33,5,83.50565,82.13765,81.30915935274174,81.47789845236392,81.53999014320374,83.50565,81.73325303030303
demo,D05,34,5,83.71459999999999,80.9068,81.04734211892101,81.2208511985764,81.27213016471862,83.71459999999999,81.9389303030303
demo,D05,35,5,83.63335,81.0926,80.9165116755749,81.04728128793238,80.9262548538208,83.63335,81.83357272727272
demo,D05,36,5,82.0613,80.86975,80.13123589420303,80.06167348457436,80.07024463062287,82.0613,79.9116484848485
demo,D05,37,5,82.0707,80.10655,80.063271726624,79.88512281678314,79.97570402450562,82.0707,79.83269545454546
demo,D05,38,5,82.13765,79.82695,79.81885310608858,79.91336915973407,80.0365311969757,82.13765,80.03834090909089
demo,D05,39,5,80.9068,79.768,79.00476570865305,78.8361379201507,78.84343501739502,80.9068,78.56516363636362
demo,D05,40,5,81.0926,80.29475000000001,78.93780482773636,78.95925500687885,79.04546870002747,81.0926,78.90268181818183
demo,D05,41,5,80.86975,78.37405,78.70733302183332,78.55938186306777,78.66205785369873,80.86975,78.89691515151515
demo,D05,42,5,80.10655,77.80805,77.79534224907827,77.88636323974869,77.90356948165893,80.10655,78.08818181818182
demo,D05,43,5,79.82695,77.26595,77.45967512804012,77.3877365007805,77.63566081352234,79.82695,77.71181818181819
demo,D05,44,5,79.768,77.40835,77.34064176959252,77.44299495156663,77.53456651496887,79.768,77.8326287878788
demo,D05,45,5,80.29475000000001,76.2761,77.38467270473328,77.71750848324552,77.85904743766785,80.29475000000001,78.89490303030301
demo,D05,46,5,78.37405,76.1834,75.98931543863218,76.04570941220199,76.23072729377746,78.37405,76.66422272727273
demo,D05,47,5,77.80805,75.86064999999999,75.66179841191205,75.63645520756863,75.7580204837799,77.80805,75.86048181818178
demo,D05,48,5,77.26595,75.24875,75.3445715144341,75.07665778284134,75.10652927131653,77.26595,75.21345454545457
demo,D05,49,5,77.40835,76.13045000000001,74.9059454774406,74.80975537890085,75.01922441444397,77.40835,75.17473484848486
demo,D05,50,5,76.2761,75.306,74.32910312211614,74.03067420955814,74.09740742073059,76.2761,73.8265303030303
demo,D05,51,5,76.1834,74.0674,74.14723794071085,73.96269436672979,74.0047074207306,76.1834,73.7102196969697
demo,D05,52,5,75.86064999999999,73.53965,73.75392686518445,73.45112254381431,73.58619922103881,75.86064999999999,73.30545757575756
demo,D05,53,5,75.24875,73.54045,73.33086525819418,73.01328978860977,73.00480201721192,75.24875,72.60879090909089
demo,D05,54,5,76.13045000000001,72.8725,73.49051451696089,73.4899664614586,73.78407119674684,76.13045000000001,73.90400454545457
demo,D05,55,5,75.306,72.79635,73.0481919650541,73.15114524497072,73.24249578094482,75.306,73.66425909090908
demo,D05,56,5,74.0674,71.97704999999999,71.69369618813268,71.85383435909137,71.8953254436493,74.0674,72.3346787878788
demo,D05,57,5,73.53965,71.41539999999999,71.12863031372142,71.14945077909037,71.2392611869812,73.53965,71.64435909090909
demo,D05,58,5,73.54045,70.51635,70.86094469554516,70.92336965060491,71.19058885498048,73.54045,71.56079848484849
demo,D05,59,5,72.8725,70.12620000000001,70.57694357570298,70.70498531438943,70.73098903656006,72.8725,70.89957424242425
demo,D05,60,5,72.79635,69.62135,70.23691865882526,70.1597947597072,70.28507113227845,72.79635,70.70686515151516
demo,D05,61,5,71.97704999999999,69.84495,69.5149794975433,69.62296706845379,69.67666118698119,71.97704999999999,69.72755454545454
demo,D05,62,5,71.41539999999999,69.4414,69.22600319137469,69.11642831190036,69.1731347755432,71.41539999999999,69.00006363636365
demo,D05,63,5,70.51635,69.2237,68.69553981639976,68.35037807301829,68.34154459724427,70.51635,67.7554196969697
demo,D05,64,5,70.12620000000001,69.00775,68.4364491572105,68.06971363382569,67.95958117599488,70.12620000000001,67.49398333333335
demo,D05,65,5,69.62135,67.88655,67.88979414919493,67.5777377431649,67.47089285621644,69.62135,67.0692378787879
demo,D05,66,5,69.84495,67.26185,67.45100431026826,67.52743102381028,67.5494029914856,69.84495,67.36558181818182
demo,D05,67,5,69.4414,67.25615,66.9537590228124,67.01095349264276,67.1458529914856,69.4414,67.00470606060607
demo,D05,68,5,69.2237,66.38185,66.69187724659625,66.88665353173442,66.97874803657531,69.2237,67.01895303030302
demo,D05,69,5,69.00775,65.8805,66.257844221455,66.49789290170148,66.66146060371399,69.00775,67.01502575757576
demo,D05,70,5,67.88655,66.0848,65.80919049161953,65.70007448196466,65.7060330417633,67.88655,66.00891060606061
demo,D05,71,5,67.26185,65.38615,64.8455833939948,65.04429700919118,65.01808655319213,67.26185,65.35338636363637
demo,D05,72,5,67.25615,64.75995,64.54673997064431,64.82001980528482,64.89735650291443,67.25615,65.41386060606062
demo,D05,73,5,66.38185,64.5728,63.77958882785173,63.98967327489584,64.02305650291443,66.38185,64.31968181818183
demo,D05,74,5,65.8805,63.9323,63.48716707056818,63.47019840607584,63.52170650291443,65.8805,63.58224696969697
demo,D05,75,5,66.0848,63.592999999999996,63.284202427662365,63.4214248461237,63.63224148254395,66.0848,63.695212121212144
demo,D05,76,5,65.38615,62.78075,62.94765111413383,63.06717569710173,63.08548009147644,65.38615,63.00355606060606
demo,D05,77,5,64.75995,63.19395,62.47635991581161,62.49963201919893,62.51618655319214,64.75995,62.34928181818185
demo,D05,78,5,64.5728,61.9452,62.0871770636237,62.272663810757386,62.285339434432984,64.5728,62.29417424242425
demo,D05,79,5,63.9323,62.13145,61.846187684440416,61.78353928265544,61.70477023582458,63.9323,61.82092424242423
demo,D05,80,5,63.592999999999996,61.696799999999996,61.17831082553102,61.24981586922413,61.234206502914425,63.592999999999996,61.49020757575754
demo,D05,81,5,62.78075,60.99575,60.37472487123954,60.49228283351502,60.48311825942993,62.78075,60.51700000000001
demo,D05,82,5,63.19395,60.5173,60.47220589281096,60.71509185928055,60.85442835350037,63.19395,61.15161515151515
demo,D05,83,5,61.9452,60.18375,59.61779591963159,59.650485913290275,59.628296408843994,61.9452,59.73847272727274
demo,D05,84,5,62.13145,59.1295,59.44819127218979,59.53294161281093,59.693258586120606,62.13145,59.91289696969697
demo,D05,85,5,61.696799999999996,59.245650000000005,59.242342986170186,59.38888590031152,59.38108087234497,61.696799999999996,59.64319545454546
demo,D05,86,5,60.99575,59.017450000000004,58.51608637015238,58.67482238672726,58.65003161621094,60.99575,58.94895454545457
demo,D05,87,5,60.5173,58.9016,57.98605715751908,58.10103959423845,58.159690966415404,60.5173,58.40417878787876
demo,D05,88,5,60.18375,57.55295,57.54163596659623,57.81997977361813,57.872454490661625,60.18375,58.10808181818182
demo,D05,89,5,59.1295,56.92395,56.74118417196101,56.882768327351144,56.85970958900452,59.1295,56.85626515151515
demo,D05,90,5,59.245650000000005,56.5148,56.59074737792213,56.87994146993729,56.926825947189336,59.245650000000005,56.98450454545457
demo,D05,91,5,59.017450000000004,56.6692,56.28395269585991,56.41696414522607,56.54966678733826,59.017450000000004,56.69888333333335
demo,D05,92,5,58.9016,55.3909,56.20415228226362,56.5313243363249,56.563262817001345,58.9016,56.85982878787879
demo,D05,93,5,57.55295,54.94520000000001,55.185793678120746,55.24110264296084,55.22542080802918,57.55295,55.264053030303046
demo,D05,94,5,56.92395,55.2461,54.972281058593595,54.78172160708661,54.63349608917236,56.92395,54.5446621212121
demo,D05,95,5,56.5148,54.484500000000004,54.412020692259425,54.330077883110526,54.19989316444397,56.5148,54.10425757575758
demo,D05,96,5,56.6692,54.466899999999995,54.07286964952251,54.28535920051756,54.30498820228576,56.6692,54.349889393939385
demo,D05,97,5,55.3909,53.22855,53.301768683208095,53.20879972541849,53.023730381393435,55.3909,52.916925757575754
demo,D05,98,5,54.94520000000001,52.93385000000001,52.83255227104179,52.816121737210125,52.56554249305726,54.94520000000001,52.394515151515165
demo,D05,99,5,55.2461,52.22935,52.469463535953906,52.7436298110067,52.8220174823761,55.2461,52.6668393939394
demo,D05,100,5,54.484500000000004,52.001450000000006,52.215819217391314,52.237468595216505,52.16645486068726,54.484500000000004,51.94302878787881
demo,D05,101,5,54.466899999999995,50.95645,51.895091589979856,52.10682914337683,52.09713447990417,54.466899999999995,52.17090606060604
demo,D05,102,5,53.22855,51.22375,51.08006766209051,51.12294159665105,50.867180628585814,53.22855,51.077475757575755
demo,D05,103,5,52.93385000000001,50.644149999999996,50.35684396865028,50.61138969720016,50.547850797271735,52.93385000000001,50.74159393939394
demo,D05,104,5,52.22935,50.05805,49.736350854873045,49.97566299148022,49.884323983764645,52.22935,49.87405454545454
demo,D05,105,5,52.001450000000006,49.485800000000005,49.44820524671355,49.65810287578011,49.62726086158753,52.001450000000006,49.56909848484849
demo,D05,106,5,50.95645,48.861349999999995,48.79424083522251,48.855994582167206,48.591287865829464,50.95645,48.48704545454545
demo,D05,107,5,51.22375,48.8743,48.57632863349303,48.81481118746685,48.807632570266726,51.22375,48.7103196969697
demo,D05,108,5,50.644149999999996,47.8302,47.98850329741002,48.254448065770724,48.19801662483215,50.644149999999996,48.032609090909105
demo,D05,109,5,50.05805,47.86,47.762389764093484,47.88685730565334,47.68209990196228,50.05805,47.54952272727275
demo,D05,110,5,49.485800000000005,47.853,47.162610799315196,47.27664141926153,47.1559831817627,49.485800000000005,46.98477878787883
demo,D05,111,5,48.861349999999995,47.1999,46.649422274166575,46.759869875669594,46.50467175254821,48.861349999999995,46.49461515151515
demo,D05,112,5,48.8743,45.82565,46.12529753225808,46.52327580165525,46.45840120010376,48.8743,46.5723303030303
demo,D05,113,5,47.8302,45.638400000000004,45.43438193117431,45.650355239455145,45.473521752548216,47.8302,45.47390151515152
demo,D05,114,5,47.86,45.447500000000005,45.028217365398106,45.510842168648935,45.44713936805725,47.86,45.5319787878788
demo,D05,115,5,47.853,44.8209,44.94582996052971,45.4447393204303,45.425110891342165,47.853,45.740189393939396
demo,D06,6,5,94.459,93.11495,93.32913082884144,93.6438579143358,93.9153866853714,94.459,93.96242142857143
demo,D06,7,5,94.14155,92.88149999999999,93.32181160766869,93.46455388649592,93.82358857541084,94.14155,93.69686250000002
demo,D06,8,5,93.82275,93.1953,93.1170458220226,93.01876494019857,93.49839260959625,93.82275,93.30390773809528
demo,D06,9,5,93.182,92.72200000000001,92.76364616811284,92.77467041259736,92.90050091218949,93.182,92.44955833333331
demo,D06,10,5,93.39895,93.5711,92.7260319883487,92.8336975393133,93.08230649371147,93.39895,92.65688636363637
demo,D06,11,5,93.11495,91.55765,92.49626809237432,92.51167021008253,92.80796158189773,93.11495,92.28949090909092
demo,D06,12,5,92.88149999999999,92.19545,92.3397398281519,92.4607416886918,92.5611363890171,92.88149999999999,92.02188030303029
demo,D06,13,5,93.1953,92.26455,92.35780675964365,92.58954126601759,92.83637695221901,93.1953,92.3932378787879
demo,D06,14,5,92.72200000000001,92.152,92.1070932205798,92.16344589387504,92.33763310027123,92.72200000000001,91.8935
demo,D06,15,5,93.5711,92.1499,92.43106936504404,92.84347609011674,92.93280279979706,93.5711,92.89683636363637
demo,D06,16,5,91.55765,91.64635,91.49606224962474,91.23892091299653,91.48347757771015,91.55765,90.70428484848486
demo,D06,17,5,92.19545,91.5074,91.65335122733792,91.77302202200813,91.93487503333091,92.19545,91.40695151515152
demo,D06,18,5,92.26455,91.00465,91.56272185190213,91.75971062191739,91.94716250853538,92.26455,91.57144242424242
demo,D06,19,5,92.152,91.1896,91.2358263752955,91.5717416555761,91.84358661365509,92.152,91.40444090909091
demo,D06,20,5,92.1499,90.71865,91.33452378598216,91.54946415886516,91.75373042693138,92.1499,91.48205757575758
demo,D06,21,5,91.64635,91.5037,90.91464586909662,91.15854768535866,91.33140278229713,91.64635,90.90192575757577
demo,D06,22,5,91.5074,90.4625,90.77958495915826,91.01467593640749,91.19245278229714,91.5074,90.65968787878788
demo,D06,23,5,91.00465,91.0854,90.63977666560582,90.67023704942872,90.73541769709587,91.00465,90.10441515151514
demo,D06,24,5,91.1896,90.39595,90.49646169502472,90.47916013325926,90.82430441102981,91.1896,90.26228333333331
demo,D06,25,5,90.71865,90.38695,90.4573821024633,90.36267103328366,90.62763818522691,90.71865,90.01171666666666
demo,D06,26,5,91.5037,90.01034999999999,90.18072332787102,90.67931233540918,90.83913545007705,91.5037,90.7329803030303
demo,D06,27,5,90.4625,89.47025,89.92790124780956,90.12539379636695,90.10508441329003,90.4625,89.55990000000001
demo,D06,28,5,91.0854,90.13085,90.19329143295418,90.52995415479953,90.70356772818566,91.0854,90.34886212121214
demo,D06,29,5,90.39595,89.04055,89.74491524550022,89.97541066597314,90.09855035991669,90.39595,89.67138939393939
demo,D06,30,5,90.38695,89.36755,89.60702780770056,89.99168040389658,90.10863755531311,90.38695,89.7776393939394
demo,D06,31,5,90.01034999999999,89.35895000000001,89.39523853668007,89.60526223782861,89.6898784450054,90.01034999999999,89.35257575757575
demo,D06,32,5,89.47025,89.2855,89.09478998786352,89.07132008975607,89.13563852453231,89.47025,88.66954696969695
demo,D06,33,5,90.13085,88.839,89.18545760784477,89.53367268432538,89.76339624605178,90.13085,89.32326212121212
demo,D06,34,5,89.04055,88.34575,88.58775732238827,88.71464236082353,88.79951808505058,89.04055,88.0433303030303
demo,D06,35,5,89.36755,88.49665,88.65125509039909,88.89756178800441,89.02992023472785,89.36755,88.24314242424244
demo,D06,36,5,89.35895000000001,88.3518,88.80789986354777,88.96976148544002,89.11574001212121,89.35895000000001,88.44857727272728
demo,D06,37,5,89.2855,88.1836,88.37775682361226,88.70643191138957,88.93811915326118,89.2855,88.35204848484847
demo,D06,38,5,88.839,88.54525,88.36953370302513,88.4536755532716,88.56324125671387,88.839,88.03966363636361
demo,D06,39,5,88.34575,87.72855,87.82303978549689,87.99432033253437,88.05126705360412,88.34575,87.45233484848484
demo,D06,40,5,88.49665,88.0209,88.07799635672795,88.07251726292051,88.14814003267288,88.49665,87.67156515151517
demo,D06,41,5,88.3518,87.81575000000001,87.42621842756272,87.8885011593538,87.97910783224106,88.3518,87.54457121212123
demo,D06,42,5,88.1836,87.89375,87.31587559481765,87.69036461227773,87.80961003050804,88.1836,87.26883939393939
demo,D06,43,5,88.54525,87.40259999999999,87.64798064556756,88.07217582035813,88.1935471906662,88.54525,87.91976818181818
demo,D06,44,5,87.72855,87.5165,86.91793526240521,87.28012101834148,87.3274940381527,87.72855,86.90227424242426
demo,D06,45,5,88.0209,87.0638,87.16005637816959,87.54382480735582,87.65177773323059,88.0209,87.26207727272725
demo,D06,46,5,87.81575000000001,87.0817,86.91974197483422,87.31211399195261,87.40823906373979,87.81575000000001,87.1471787878788
demo,D06,47,5,87.89375,86.3361,86.89182261685883,87.37335883818342,87.48623906373977,87.89375,87.40574696969693
demo,D06,48,5,87.40259999999999,85.8308,86.39780145077437,86.89930219421613,87.00641174087524,87.40259999999999,86.89673030303032
demo,D06,49,5,87.5165,86.5705,86.29622978078413,86.91770209666682,87.1349842288494,87.5165,86.94646515151514
demo,D06,50,5,87.0638,86.4212,86.11724813379021,86.57577282554574,86.69467773323059,87.0638,86.40669393939395
demo,D06,51,5,87.0817,86.2688,86.2700222441326,86.57777556525538,86.70018422884941,87.0817,86.38096060606061
demo,D06,52,5,86.3361,85.80265,85.74373869386898,85.97809593748154,85.98889984474182,86.3361,85.4092909090909
demo,D06,53,5,85.8308,86.2407,85.75921866849816,85.46583815685774,85.59035541431903,85.8308,84.7726318181818
demo,D06,54,5,86.5705,85.4892,85.75263345088028,85.99294791089326,86.16191823649406,86.5705,85.47498787878789
demo,D06,55,5,86.4212,85.58645,85.8080100333956,85.94858704963188,85.99030929083824,86.4212,85.41526060606061
demo,D06,56,5,86.2688,85.4713,85.50301016366889,85.80926412095596,85.89169893627167,86.2688,85.33943787878788
demo,D06,57,5,85.80265,85.6409,85.15851882060657,85.471177946454,85.49508493676186,85.80265,84.94248787878789
demo,D06,58,5,86.2407,84.8623,85.31569061720388,85.66857392213177,85.89363565392495,86.2407,85.53222272727274
demo,D06,59,5,85.4892,84.59325,84.71815102799606,85.06507607623854,85.18719864292144,85.4892,84.83583787878787
demo,D06,60,5,85.58645,84.17125,84.66822687712505,85.11555002996025,85.23938565392494,85.58645,84.98669242424243
demo,D06,61,5,85.4713,84.91760000000001,84.54317951790351,84.97932005783926,85.12970074419975,85.4713,84.98924545454544
demo,D06,62,5,85.6409,84.4092,84.41315071383033,85.04947107868361,85.2662346502781,85.6409,85.17186969696972
demo,D06,63,5,84.8623,84.24925,83.84097396070747,84.33102506325473,84.48334600667954,84.8623,84.06764848484852
demo,D06,64,5,84.59325,84.87865,83.8968417159515,84.19645741828712,84.24332668733597,84.59325,83.70486363636364
demo,D06,65,5,84.17125,83.87115,83.71538973868533,83.7852340701865,83.7951304757595,84.17125,83.14410454545455
demo,D06,66,5,84.91760000000001,83.21265,83.95200285056733,84.394939214903,84.51167740831376,84.91760000000001,84.04080606060607
demo,D06,67,5,84.4092,83.37395,83.54683912265456,83.85414400008915,83.95654960198402,84.4092,83.47061060606059
demo,D06,68,5,84.24925,84.07820000000001,83.65171758407604,83.85137642294983,83.83692858147622,84.24925,83.43571060606062
demo,D06,69,5,84.87865,82.97195,83.4667394703208,84.24032781870662,84.3858023785591,84.87865,84.23200909090909
demo,D06,70,5,83.87115,82.79845,83.02797781848922,83.49759853004933,83.46672488560677,83.87115,83.18605454545454
demo,D06,71,5,83.21265,82.57135,82.68102498162693,82.85920598756482,82.85573533072471,83.21265,82.37508333333334
demo,D06,72,5,83.37395,82.15745,82.8421066779038,83.0084237384856,83.01703533072471,83.37395,82.62132424242425
demo,D06,73,5,84.07820000000001,82.88085,82.79070642545827,83.47306088637875,83.63988672442437,84.07820000000001,83.48044090909093
demo,D06,74,5,82.97195,82.32015,82.21558292621972,82.53190625591479,82.52049226112366,82.97195,82.1851909090909
demo,D06,75,5,82.79845,81.99,82.06056136266673,82.34847045937914,82.36500442714691,82.79845,81.7329666666667
demo,D06,76,5,82.57135,82.11175,82.16677139707696,82.23404418465995,82.22077273497581,82.57135,81.4971893939394
demo,D06,77,5,82.15745,81.85235,81.69921704294042,81.81712609852326,81.81289354915619,82.15745,80.93446060606064
demo,D06,78,5,82.88085,81.62,81.85162394304545,82.42671256700051,82.43710158548355,82.88085,81.78947575757577
demo,D06,79,5,82.32015,81.5688,81.81074034723413,81.96108687035608,82.04375265254974,82.32015,81.50020606060605
demo,D06,80,5,81.99,81.2292,81.25320467856011,81.58281934556412,81.56915955781936,81.99,81.17067272727269
demo,D06,81,5,82.11175,81.21555000000001,81.08004696951407,81.54082291932382,81.70582740831375,82.11175,81.22075303030303
demo,D06,82,5,81.85235,81.06555,80.91805235523353,81.26966326691576,81.34983969078064,81.85235,80.93942575757576
demo,D06,83,5,81.62,80.71334999999999,81.00024208511178,81.28534952708831,81.37992767512799,81.62,80.9487484848485
demo,D06,84,5,81.5688,80.42304999999999,80.46696870084233,81.01185365103201,81.08430191640853,81.5688,80.90548939393938
demo,D06,85,5,81.2292,80.77265,80.23503679530913,80.75241136092409,80.76434555096627,81.2292,80.5084181818182
demo,D06,86,5,81.21555000000001,79.99425,80.14276305886796,80.76186354472365,80.80429142169953,81.21555000000001,80.45298030303033
demo,D06,87,5,81.06555,80.0788,80.07512825896892,80.51523804151111,80.59661987476349,81.06555,80.16448636363634
demo,D06,88,5,80.71334999999999,79.90915,80.01175399124868,80.34415956180399,80.37838182053565,80.71334999999999,79.88504696969696
demo,D06,89,5,80.42304999999999,79.42535,79.62257213472941,80.02651931994525,80.00405095391272,80.42304999999999,79.53279848484846
demo,D06,90,5,80.77265,79.18889999999999,79.57985339656398,80.20748796682095,80.32048314466476,80.77265,79.92072121212122
demo,D06,91,5,79.99425,79.14784999999999,79.36880205620139,79.62911444798058,79.62361305999755,79.99425,79.08271515151513
demo,D06,92,5,80.0788,78.9288,79.23788689579932,79.6719838835382,79.62445024375916,80.0788,79.17258484848485
demo,D06,93,5,79.90915,78.46125,79.03893266109527,79.5192912683931,79.45480024375915,79.90915,78.99202424242424
demo,D06,94,5,79.42535,78.5252,78.98697851845891,79.00537383944584,78.96219404492378,79.42535,78.45198939393937
demo,D06,95,5,79.18889999999999,78.62219999999999,78.57744706522112,78.81262678254156,78.77354097976684,79.18889999999999,78.11152424242424
demo,D06,96,5,79.14784999999999,78.74355,78.38131479459871,78.77818770559738,78.74279376182555,79.14784999999999,78.07436818181816
demo,D06,97,5,78.9288,78.35125,78.2336605085607,78.57526371346883,78.54964302306175,78.9288,77.87478636363636
demo,D06,98,5,78.46125,77.226,78.02199252963229,77.97677635981717,78.04081844568253,78.46125,77.31129090909094
demo,D06,99,5,78.5252,78.0189,77.80097297568398,78.15329352862867,78.09096216220856,78.5252,77.33646060606061
demo,D06,100,5,78.62219999999999,77.47945,77.85428689469022,78.22843419799095,78.20768781275748,78.62219999999999,77.6526893939394
demo,D06,101,5,78.74355,77.60295,77.55879212291913,78.23009338107707,78.22592866163254,78.74355,77.89722727272728
demo,D06,102,5,78.35125,77.28265,77.28966757749588,77.86040995228498,77.77754569768905,78.35125,77.62510757575758
demo,D06,103,5,77.226,77.0487,76.76607161512149,76.82038606176954,76.72708909606934,77.226,76.3613015151515
demo,D06,104,5,78.0189,76.8952,76.90805653854999,77.47073594349507,77.22885080471039,78.0189,77.2332393939394
demo,D06,105,5,77.47945,76.7382,76.48708647700872,76.85904320303385,76.77568806476593,77.47945,76.63212727272727
demo,D06,106,5,77.60295,76.9671,76.53121757026267,77.02210327308454,76.8129008047104,77.60295,76.81756666666668
demo,D06,107,5,77.28265,76.37650000000001,76.26924978432719,76.84340478603758,76.56629723920823,77.28265,76.49246515151515
demo,D06,108,5,77.0487,76.52640000000001,75.94737913429597,76.58587614415136,76.37540909166336,77.0487,76.13382575757576
demo,D06,109,5,76.8952,76.3008,75.92985578472744,76.43275739090762,76.16083501358032,76.8952,75.9206984848485
demo,D06,110,5,76.7382,76.03675,75.84824600788411,76.33038906312575,76.15823953456879,76.7382,75.79237424242426
demo,D06,111,5,76.9671,75.11825,75.9243451963106,76.567128314166,76.35954693517685,76.9671,76.2670090909091
demo,D06,112,5,76.37650000000001,75.80655,75.45862564438163,75.99636682527624,75.83814649724961,76.37650000000001,75.73796818181819
demo,D06,113,5,76.52640000000001,76.1909,75.15650324098202,75.96090390919498,75.84824141874314,76.52640000000001,75.73490757575759
demo,D06,114,5,76.3008,75.3202,75.28653871473476,75.88871181870535,75.70870146589279,76.3008,75.6015196969697
demo,D06,115,5,76.03675,74.6303,75.0874941322855,75.30079412728763,75.17033175754547,76.03675,75.28197878787878
demo,D06,116,5,75.11825,74.38285,74.53491419141315,74.73974767549063,74.6470033402443,75.11825,74.18609090909091
demo,D06,117,5,75.80655,75.1474,74.82169479184418,75.33905298693152,75.13325909166336,75.80655,74.92854242424241
demo,D06,118,5,76.1909,74.0832,74.89690353009591,75.56812597259332,75.44136455860138,76.1909,75.48334393939393
demo,D06,119,5,75.3202,74.5297,74.34175822959253,74.85630420088762,74.63660630960464,75.3202,74.54645303030301
demo,D06,120,5,74.6303,74.03675,74.00461667002361,74.20556065958517,74.03639103441239,74.6303,73.6453287878788
demo,D06,121,5,74.38285,73.69025,73.93318852865005,73.99016984666082,73.84820956859589,74.38285,73.3232196969697
demo,D06,122,5,75.1474,73.6177,74.0226484013875,74.60196693893005,74.45893863668442,75.1474,74.1813787878788
demo,D06,123,5,74.0832,73.05545,73.43793260401458,73.65969874210204,73.54080130882264,74.0832,73.0450090909091
demo,D06,124,5,74.5297,73.256,73.55908840409086,73.92114298999464,73.84069224090577,74.5297,73.61398484848485
demo,D06,125,5,74.03675,72.7494,73.23969407041552,73.66122222237573,73.4983964972496,74.03675,73.12839242424243
demo,D06,126,5,73.69025,72.76945,72.87093975235616,73.21922821962235,73.04942836427689,73.69025,72.50979545454545
demo,D06,127,5,73.6177,72.97930000000001,73.07569820840132,73.19422038168659,73.03593273897171,73.6177,72.46134090909091
demo,D06,128,5,73.05545,72.59135,72.5270317200863,72.68170823951151,72.85181637866496,73.05545,72.0306196969697
demo,D06,129,5,73.256,71.88355,72.4516653680732,72.83543114496436,72.67154713249207,73.256,72.31718787878786
demo,D06,130,5,72.7494,72.39655,71.8653550379952,72.30483769551677,72.15354887666702,72.7494,71.65357878787879
demo,D06,131,5,72.76945,71.95165,71.86587835447455,72.27258284871651,72.07320945568085,72.76945,71.55359848484851
demo,D06,132,5,72.97930000000001,71.6035,72.12699279401438,72.5442481416023,72.4310492055893,72.97930000000001,72.05328181818182
demo,D06,133,5,72.59135,71.80235,71.48409605336732,72.02214322738467,71.92694000492097,72.59135,71.62602727272728
demo,D06,134,5,71.88355,71.34009999999999,71.18820181984204,71.49466905445729,71.49439190011024,71.88355,70.92513484848486
demo,D06,135,5,72.39655,70.85225000000001,71.24402577085385,71.87790894604365,71.73214000492096,72.39655,71.58100757575757
demo,D06,136,5,71.95165,71.56774999999999,70.89242372571586,71.52360402452204,71.44609156885147,71.95165,71.14155
demo,D06,137,5,71.6035,70.8194,70.63091552167147,71.15878106954439,71.07353871202469,71.6035,70.7850787878788
demo,D06,138,5,71.80235,70.61115,70.56069565361328,71.08696864581347,71.16665561542511,71.80235,70.96449545454546
demo,D06,139,5,71.34009999999999,70.32475000000001,70.37161546312714,70.80021860472127,70.73250592718124,71.34009999999999,70.49953939393937
demo,D06,140,5,70.85225000000001,70.6108,69.99365854727306,70.42183614934737,70.29316248512269,70.85225000000001,69.82318181818182
demo,D06,141,5,71.56774999999999,69.90960000000001,70.1998468955998,70.86526624299584,70.90334000492095,71.56774999999999,70.6669727272727
demo,D06,142,5,70.8194,69.41355,69.98000399894329,70.42702616192234,70.3738510781765,70.8194,69.98559848484848
demo,D06,143,5,70.61115,70.57635,69.86488680560403,70.17456379496448,70.01151368370056,70.61115,69.78911515151513
demo,D06,144,5,70.32475000000001,69.8944,69.39642818097626,69.64864107873866,69.63693200922013,70.32475000000001,69.32045151515152
demo,D06,145,5,70.6108,69.5553,69.61012214343357,70.11428871211616,69.93427291707992,70.6108,69.76772424242425
demo,D06,146,5,69.90960000000001,69.03825,68.98476865092577,69.46339584413009,69.28236655435563,69.90960000000001,68.9964378787879
demo,D06,147,5,69.41355,69.33555,68.86847289162661,69.03131098443225,68.89029578428269,69.41355,68.30272575757574
demo,D06,148,5,70.57635,68.95655000000001,69.25635155271067,69.8509731949158,69.76717456827164,70.57635,69.7839984848485
demo,D06,149,5,69.8944,68.46055,68.84220577561031,69.39447945085352,69.27457421960831,69.8944,69.15475454545458
demo,D06,150,5,69.5553,68.29889999999999,68.48280236250388,68.90791067664155,68.85158187417984,69.5553,68.7008803030303
demo,D06,151,5,69.03825,68.25535,68.35710729747255,68.58037457323447,68.5602121360302,69.03825,68.24514545454545
demo,D06,152,5,69.33555,67.71464999999999,68.22201837714483,68.69421495143659,68.64653932027817,69.33555,68.58869545454546
demo,D06,153,5,68.95655000000001,67.77295,67.9045731629204,68.35319133785214,68.31263053207398,68.95655000000001,68.17309545454548
demo,D06,154,5,68.46055,68.40845,67.57347016600633,67.98034517983764,67.91854708366394,68.46055,67.51003484848485
demo,D06,155,5,68.29889999999999,66.87965,67.52776585362253,67.89052220430585,67.85968842282294,68.29889999999999,67.34556969696963
demo,D06,156,5,68.25535,67.1357,67.29758487837657,67.546408207877,67.48248899612427,68.25535,67.1937090909091
demo,D06,157,5,67.71464999999999,66.90805,67.01746594095543,67.27821820292004,67.16465326633453,67.71464999999999,66.3321424242424
demo,D06,158,5,67.77295,67.11365,67.29019679227004,67.37295792683986,67.40592080993652,67.77295,66.57603939393938
demo,D06,159,5,68.40845,66.0579,67.19597614355774,67.77334668729742,67.62655913085938,68.40845,67.5130409090909
demo,D06,160,5,66.87965,66.3026,66.41107105250929,66.42979289650671,66.31501174297333,66.87965,65.84582121212122
demo,D06,161,5,67.1357,66.07805,66.2740186178115,66.71677338826424,66.57260371513367,67.1357,66.02309393939392
demo,D06,162,5,66.90805,66.31595,66.19022899794577,66.46531567168644,66.34792333774567,66.90805,65.8689863636364
demo,D06,163,5,67.11365,65.81995,66.11076533108877,66.65668229164547,66.45058879842759,67.11365,66.22498939393941
demo,D06,164,5,66.0579,66.1767,65.4262363826958,65.57312594396281,65.51603077688218,66.0579,64.97806818181822
demo,D06,165,5,66.3026,65.6412,65.35546594525402,65.82005093741307,65.70734712848663,66.3026,65.19006515151516
demo,D06,166,5,66.07805,65.12385,65.39703759379556,65.60880163481733,65.55429295949936,66.07805,64.97804242424245
demo,D06,167,5,66.31595,65.12299999999999,65.16333716181518,65.58955524658272,65.62693932027817,66.31595,65.24507575757576
demo,D06,168,5,65.81995,64.74885,64.83466675913124,65.35407552014706,65.34399022216797,65.81995,64.7471393939394
demo,D06,169,5,66.1767,64.9166,65.07646728845498,65.68139449866675,65.6574545542717,66.1767,65.52944545454548
demo,D06,170,5,65.6412,64.0626,64.40751890339762,64.88078968900398,64.93748187417984,65.6412,64.89911363636364
demo,D06,171,5,65.12385,64.0184,64.12254683630196,64.57824718160083,64.54722501049042,65.12385,64.30624393939394
demo,D06,172,5,65.12299999999999,64.20525,63.89803267699269,64.52920507776193,64.52856162595748,65.12299999999999,64.27568939393937
demo,D06,173,5,64.74885,64.23910000000001,64.00967993139517,63.99080606078118,63.92584825763703,64.74885,63.94651212121213
demo,D06,174,5,64.9166,64.40705,63.714173342425745,64.07157790961713,64.21288187417984,64.9166,63.996389393939396
demo,D06,175,5,64.0626,63.8886,63.37626495499845,63.556010747250426,63.516257746315006,64.0626,62.94234393939394
demo,D06,176,5,64.0184,63.236349999999995,63.248865376864,63.51091376290778,63.48561351146698,64.0184,62.746951515151515
demo,D06,177,5,64.20525,62.515100000000004,63.489492449625146,63.710760029944176,63.62362656497956,64.20525,63.037695454545464
demo,D06,178,5,64.23910000000001,61.9814,63.2722291311104,63.426249140395264,63.473073920345314,64.23910000000001,63.14725909090911
demo,D06,179,5,64.40705,62.22455,63.28640508107076,63.50599044449856,63.52653275566101,64.40705,63.65145303030304
demo,D06,180,5,63.8886,62.47865,62.760551158212316,62.96739354977884,63.00808275566101,63.8886,63.25660303030302
demo,D06,181,5,63.236349999999995,62.265800000000006,62.26585487676299,62.550877125773155,62.59066218147277,63.236349999999995,62.48383484848485
demo,D06,182,5,62.515100000000004,62.27629999999999,61.84445297122118,61.95605837158513,61.95046174297333,62.515100000000004,61.55947272727272
demo,D06,183,5,61.9814,61.722,61.58912799420934,61.487150840759,61.523726748371125,61.9814,60.71044393939394
demo,D06,184,5,62.22455,61.35475,61.93806905515915,61.51497131912933,61.53239171819687,62.22455,60.928219696969705
demo,D06,185,5,62.47865,61.363299999999995,61.482947185380546,61.35316531311479,61.49503907194138,62.47865,61.10473333333336
demo,D06,186,5,62.265800000000006,61.29715,61.430741608950335,61.32244818094109,61.43545132951737,62.265800000000006,60.8375106060606
demo,D06,187,5,62.27629999999999,61.155950000000004,61.43627858130902,61.507364971779275,61.485031770515434,62.27629999999999,60.96500303030303
demo,D06,188,5,61.722,60.64935,61.12296845297628,61.001283923334114,61.019769606113435,61.722,60.50471212121213
demo,D06,189,5,61.35475,60.955749999999995,60.74575755927711,60.54452366928155,60.83942117547989,61.35475,60.339846969696964
demo,D06,190,5,61.363299999999995,60.29785,60.48143680088718,60.45911940184439,60.45991388397216,61.363299999999995,60.56528484848485
demo,D06,191,5,61.29715,60.02205000000001,60.06735303289838,60.47551482966456,60.39786694850922,61.29715,60.63361363636364
demo,D06,192,5,61.155950000000004,59.918749999999996,59.85550043667209,59.90102283148975,60.141470958900456,61.155950000000004,60.46549393939393
demo,D06,193,5,60.64935,60.2022,59.416373203812626,59.39583018035726,59.59180851039886,60.64935,59.69828333333335
demo,D06,194,5,60.955749999999995,59.638000000000005,59.817355192744785,59.68871854875299,59.86062110614776,60.955749999999995,59.989416666666656
demo,D06,195,5,60.29785,59.2673,59.48185335021924,59.493974480915604,59.43222449932098,60.29785,59.29841969696969
demo,D07,6,5,92.952,90.6259,90.71535134495083,90.30259398593887,91.1362874288559,92.952,90.52870714285716
demo,D07,7,5,92.1782,90.5658,90.11920902549377,89.9052744913714,90.40266370124817,92.1782,89.53161071428573
demo,D07,8,5,91.96305,90.431,89.70751011136514,89.40849543938401,90.06741022281646,91.96305,89.35432380952383
demo,D07,9,5,91.2791,89.46255,89.14787799689142,89.01037649218192,89.50855761680603,91.2791,88.633975
demo,D07,10,5,91.55330000000001,89.1551,89.08548043799875,88.76530587342175,89.54602108078004,91.55330000000001,89.10870606060608
demo,D07,11,5,90.6259,88.41395,88.58650958487804,88.08586905706017,88.70066997375488,90.6259,88.0511787878788
demo,D07,12,5,90.5658,88.25605,88.63640398438464,88.33119332569335,88.75100593643188,90.5658,88.32268333333333
demo,D07,13,5,90.431,88.71055,88.13987606428155,87.7891725827435,88.37116456604004,90.431,88.47577121212122
demo,D07,14,5,89.46255,87.73585,87.2012149377947,86.77683601336075,87.43876512413024,89.46255,87.3427621212121
demo,D07,15,5,89.1551,86.9855,87.1168177067199,86.89556662750672,87.17763687381745,89.1551,87.21845757575758
demo,D07,16,5,88.41395,86.44225,86.31976481828036,85.8838262470674,86.33901051063538,88.41395,86.4126272727273
demo,D07,17,5,88.25605,87.3368,85.97830564464836,85.56270405701284,86.14291561584473,88.25605,86.16408333333334
demo,D07,18,5,88.71055,86.31545,86.06050048587905,85.84443777897815,86.27389471702575,88.71055,86.81788333333333
demo,D07,19,5,87.73585,85.1735,85.3501213847284,84.8909836698716,85.55308403930664,87.73585,85.74579393939393
demo,D07,20,5,86.9855,85.01315000000001,84.94738448306191,84.50578495778211,84.99216332244873,86.9855,84.99955606060607
demo,D07,21,5,86.44225,84.12165,84.36671617186241,83.84668723903401,84.41091989135742,86.44225,84.27996212121214
demo,D07,22,5,87.3368,83.67235,84.69939828718981,84.4763667677602,84.90076746635437,87.3368,85.47565757575758
demo,D07,23,5,86.31545,83.62174999999999,84.0156409191678,83.66978680515703,84.25321512145996,86.31545,84.62766666666667
demo,D07,24,5,85.1735,82.70960000000001,83.08812019139168,82.59223946842725,83.09576886749268,85.1735,83.27424545454544
demo,D07,25,5,85.01315000000001,82.8272,82.87962935960088,82.40569965821057,82.93541886749269,85.01315000000001,83.01615151515153
demo,D07,26,5,84.12165,82.1512,82.1645104050344,81.57059313301843,82.02281405487061,84.12165,81.7877484848485
demo,D07,27,5,83.67235,81.15285,82.18849882058768,81.25096090094328,81.63958985671997,83.67235,81.08651515151514
demo,D07,28,5,83.62174999999999,81.27865,82.10769407570999,81.43981113500467,81.67640066432952,83.62174999999999,81.19948181818181
demo,D07,29,5,82.70960000000001,80.28365,81.04461023713057,80.43523745527756,80.76425066432954,82.70960000000001,80.18564242424243
demo,D07,30,5,82.8272,80.5394,81.014446427565,80.25920257328072,80.73983556480408,82.8272,80.28813030303031
demo,D07,31,5,82.1512,79.7978,80.36030595839037,79.59201529364235,80.06719416732788,82.1512,79.48358939393941
demo,D07,32,5,81.15285,79.96765,79.86664037974957,78.91987839788708,79.17961904201508,81.15285,78.64266818181818
demo,D07,33,5,81.27865,79.27250000000001,79.4262807104082,79.05415051461593,79.27675409545898,81.27865,78.99454090909092
demo,D07,34,5,80.28365,78.17055,78.36855458130677,78.01316442956693,78.24087818374633,80.28365,77.8788606060606
demo,D07,35,5,80.5394,77.41915,78.42051552603759,78.01448128268643,78.3645600265503,80.5394,78.32658484848486
demo,D07,36,5,79.7978,77.8698,77.55837091277371,77.20453524331545,77.62173646240234,79.7978,77.54867424242423
demo,D07,37,5,79.96765,76.7289,77.4665996978471,77.1426471254759,77.65630823745728,79.96765,77.84082121212123
demo,D07,38,5,79.27250000000001,77.1764,77.01680659713644,76.71259969811308,77.09307785987855,79.27250000000001,77.28604242424241
demo,D07,39,5,78.17055,76.1579,76.02496009314241,75.65771290713386,76.02231944732667,78.17055,75.98347272727273
demo,D07,40,5,77.41915,75.97235,75.65810342582255,75.23912488963477,75.34732068099976,77.41915,75.1408196969697
demo,D07,41,5,77.8698,75.1371,75.42124144077255,75.24043185044319,75.67040005187988,77.8698,75.7255484848485
demo,D07,42,5,76.7289,74.69795,74.58033595849685,74.22424124262633,74.5655916179657,76.7289,74.33426818181817
demo,D07,43,5,77.1764,74.27035,74.87033411382784,74.59071626083455,74.98847156181336,77.1764,74.96348484848487
demo,D07,44,5,76.1579,74.13935000000001,73.93879959925023,73.57316366688217,73.97333016433716,76.1579,73.76588333333335
demo,D07,45,5,75.97235,73.4272,73.75838934452361,73.44490108248269,73.81934153900147,75.97235,73.68592272727271
demo,D07,46,5,75.1371,72.5418,73.02027912052493,72.66740326828257,73.04856492958069,75.1371,72.75805757575756
demo,D07,47,5,74.69795,72.87015,73.01446375163293,72.48166193377855,72.67178165359498,74.69795,72.44560757575756
demo,D07,48,5,74.27035,71.81895,72.36335712620816,72.08082860462365,72.2014532295227,74.27035,72.1157484848485
demo,D07,49,5,74.13935000000001,71.29255,71.6934551083382,71.48862850584996,71.90847999153138,74.13935000000001,71.98260606060606
demo,D07,50,5,73.4272,70.9374,71.14307219290788,70.79618045439554,71.19297138900757,73.4272,71.06793939393938
demo,D07,51,5,72.5418,70.6616,70.72524728831367,70.33340388909986,70.43986294441223,72.5418,70.13070303030302
demo,D07,52,5,72.87015,70.02125,70.39108775133532,70.10941783439894,70.53335133209228,72.87015,70.43937575757575
demo,D07,53,5,71.81895,69.53965,70.00163207598804,69.63600068437161,69.74739295501709,71.81895,69.46483787878786
demo,D07,54,5,71.29255,68.9066,69.27060998820218,69.04278980492774,69.21637192611695,71.29255,68.85673030303032
demo,D07,55,5,70.9374,68.37180000000001,69.01286870926629,68.75110723241082,68.85786332359314,70.9374,68.55603333333332
demo,D07,56,5,70.6616,67.9495,68.4596068119215,68.16090634814583,68.44242489967347,70.6616,68.28620000000001
demo,D07,57,5,70.02125,67.7144,67.80741024649711,67.61085384787403,67.88291954040527,70.02125,67.60203484848486
demo,D07,58,5,69.53965,67.2814,67.45688145297873,67.29787750244921,67.46011332359313,69.53965,67.08617727272727
demo,D07,59,5,68.9066,66.53365,66.84893342665764,66.6858723710443,66.799830676651,68.9066,66.4892621212121
demo,D07,60,5,68.37180000000001,66.4001,66.397428618721,66.16835242777701,66.2392716949463,68.37180000000001,65.92449545454548
demo,D07,61,5,67.9495,65.6033,65.77695721977517,65.49798536679559,65.74398175430298,67.9495,65.36831060606062
demo,D07,62,5,67.7144,64.9864,65.75501421929093,65.52468757884671,65.58187169494629,67.7144,65.3229787878788
demo,D07,63,5,67.2814,64.70705,65.02944881814143,64.78740538878375,65.06031087532044,67.2814,64.92372575757578
demo,D07,64,5,66.53365,63.74865,64.28168827822715,64.2821696971054,64.42352207412719,66.53365,64.10532727272725
demo,D07,65,5,66.4001,63.7344,63.915861785698326,63.85817400908502,64.16063357124328,66.4001,64.03474090909091
demo,D07,66,5,65.6033,62.709199999999996,63.5193022730743,63.42628305554008,63.46272649841309,65.6033,63.26665000000001
demo,D07,67,5,64.9864,63.57945,62.768524032623844,62.77344046547212,62.86185132637024,64.9864,62.603327272727284
demo,D07,68,5,64.70705,61.5782,62.510729598489675,62.43463913085725,62.56149498062133,64.70705,62.345977272727275
demo,D07,69,5,63.74865,61.636,61.68173729179629,61.49454261655121,61.603094980621336,63.74865,61.23006363636364
demo,D07,70,5,63.7344,61.675349999999995,61.52064166908825,61.25848607962805,61.53378316345215,63.7344,61.188750000000006
demo,D07,71,5,62.709199999999996,60.6604,60.74209309712216,60.474303620209874,60.60089144630432,62.709199999999996,59.997174242424244
demo,D07,72,5,63.57945,60.39084999999999,60.87612157106904,60.956035413839196,61.35488544769287,63.57945,61.17761666666668
demo,D07,73,5,61.5782,60.404849999999996,59.69667293715065,59.33550804896564,59.431338446807864,61.5782,59.04703333333336
demo,D07,74,5,61.636,59.321,59.520776039225225,59.3765080085045,59.489138446807864,61.636,59.08766212121211
demo,D07,75,5,61.675349999999995,58.47,59.258177973946204,59.43862868350437,59.51049475822448,61.675349999999995,59.37288333333334
demo,D07,76,5,60.6604,58.01025,58.32029079419794,58.44963464070194,58.49554475822449,60.6604,58.3477484848485
demo,D07,77,5,60.39084999999999,57.69685,58.0480944777307,57.89917009192253,58.13060443840026,60.39084999999999,58.0884363636364
demo,D07,78,5,60.404849999999996,57.004149999999996,57.69253048939857,57.82538628394646,58.10174512252807,60.404849999999996,58.30189393939394
demo,D07,79,5,59.321,56.52315,56.83788161328413,56.80740866727314,57.02335419273376,59.321,57.06317878787878
demo,D07,80,5,58.47,56.481899999999996,56.36752978196202,56.241923799330564,56.28912136077881,58.47,56.08881515151513
demo,D07,81,5,58.01025,55.9891,55.85733104499711,55.70266348232883,55.82984223747253,58.01025,55.35763636363636
demo,D07,82,5,57.69685,54.681349999999995,55.808677610431374,55.48001347588497,55.52395099220276,57.69685,55.26220303030303
demo,D07,83,5,57.004149999999996,54.423350000000006,54.755524292724175,54.48278137674395,54.71668418922424,57.004149999999996,54.28798939393941
demo,D07,84,5,56.52315,54.02215,54.51576758898713,54.29823185610971,54.342742237472535,56.52315,53.69077575757576
demo,D07,85,5,56.481899999999996,53.832899999999995,54.30370695996529,54.25182051038768,54.36554768028259,56.481899999999996,53.8450484848485
demo,D07,86,5,55.9891,53.4871,53.5759110871842,53.55274779181373,53.775462409591675,55.9891,53.38980909090911
demo,D07,87,5,54.681349999999995,53.445,52.82024636687833,52.42795120855207,52.49033261070251,54.681349999999995,51.956219696969676
demo,D07,88,5,54.423350000000006,51.98414999999999,52.57764707825531,52.180806721056996,52.231861734008795,54.423350000000006,51.85271363636365
demo,D07,89,5,54.02215,52.361250000000005,51.848762935542496,51.76632309116139,51.88720842208863,54.02215,51.49782121212121
demo,D07,90,5,53.832899999999995,51.27705,51.41380571779206,51.354352434382555,51.603038978958125,53.832899999999995,51.340740909090925
demo,D07,91,5,53.4871,50.38295,50.961829885995556,50.9660089244764,51.237591619110106,53.4871,51.060587878787885
demo,D07,92,5,53.445,50.0317,50.64286196299412,50.83904690064047,51.16377336502075,53.445,51.24231666666667
demo,D07,93,5,51.98414999999999,50.137750000000004,49.63820059131233,49.72785938525347,49.84157282867431,51.98414999999999,49.63366969696968
demo,D07,94,5,52.361250000000005,48.2579,49.50096832633317,49.7395981035001,50.07278163909913,52.361250000000005,50.10972727272726
demo,D07,95,5,51.27705,48.56545,48.94262904574349,49.053193802820594,49.09136102752686,51.27705,49.0672803030303
demo,D07,96,5,50.38295,47.957100000000004,48.140714679998915,48.18501592089191,48.18382614059448,50.38295,48.12226666666667
demo,D07,97,5,50.0317,47.875750000000004,47.792967342993585,47.55392512096864,47.72955714149475,50.0317,47.528157575757575
demo,D07,98,5,50.137750000000004,46.97785,47.392079155148416,47.51648979842941,47.785364717483525,50.137750000000004,47.6160681818182
demo,D07,99,5,48.2579,46.08085,46.42463892165978,46.00818251760656,46.05877614059448,48.2579,45.33139242424244
demo,D07,100,5,48.56545,45.86015,46.581246296934715,46.31055853656818,46.36632614059448,48.56545,45.6042590909091
demo,D07,101,5,47.957100000000004,44.78985,46.00719731009806,45.69313935230149,45.76595577201844,47.957100000000004,44.99928484848484
demo,D07,102,5,47.875750000000004,44.5327,45.73932549526922,45.62205086570518,45.676626140594486,47.875750000000004,45.220242424242436
demo,D07,103,5,46.97785,44.5647,44.868683225246166,44.70952388498772,44.75301603469848,46.97785,44.23034848484846
demo,D07,104,5,46.08085,43.7772,44.320393171344826,43.801074711885505,43.854838008499144,46.08085,43.42583030303031
demo,D07,105,5,45.86015,43.604749999999996,43.60981228131817,43.53673596134838,43.59050836219787,45.86015,43.2566515151515
demo,D08,6,5,93.85025,92.683,92.37392568829831,92.17218574280623,92.44022750282288,93.85025,92.53138571428572
demo,D08,7,5,94.09345,92.56075,92.37106015119673,92.18967652899718,92.2713954946518,94.09345,93.07438750000001
demo,D08,8,5,93.3433,92.89500000000001,92.04756478777635,92.04631052058416,92.00604976730347,93.3433,92.2215142857143
demo,D08,9,5,93.56830000000001,91.78035,92.03474871108537,91.68843136786056,91.8627314479828,93.56830000000001,92.54836250000001
demo,D08,10,5,92.3888,92.09009999999999,91.3495036058773,91.16044917900525,91.11518654708863,92.3888,91.15466363636362
demo,D08,11,5,92.683,91.9625,91.33692948127128,91.37636907658327,91.30979159641267,92.683,91.36540606060609
demo,D08,12,5,92.56075,91.18455,91.3623608462123,91.31340878533919,91.2145848197937,92.56075,91.37125606060606
demo,D08,13,5,92.89500000000001,91.0435,91.30031729567968,90.83545884154185,91.05652775287629,92.89500000000001,91.86415000000004
demo,D08,14,5,91.78035,90.95165,90.69918771652536,90.56022465890854,90.46970811519623,91.78035,90.70312424242421
demo,D08,15,5,92.09009999999999,90.2174,90.57449475850916,90.28225241765728,90.32435900936126,92.09009999999999,90.96879696969695
demo,D08,16,5,91.9625,90.27705,90.53808237150305,90.41203931325879,90.30598404407502,91.9625,90.88691363636366
demo,D08,17,5,91.18455,90.54729999999999,90.14630218188618,90.07664431368232,89.95961124973297,91.18455,90.13798787878788
demo,D08,18,5,91.0435,90.07135,89.77844368380782,89.74491531580178,89.63950007534027,91.0435,89.9137409090909
demo,D08,19,5,90.95165,89.61670000000001,89.72104399506532,89.68103177823961,89.56515119113922,90.95165,89.92802575757577
demo,D08,20,5,90.2174,89.4461,88.9690367986237,88.83740410847297,88.7670916770935,90.2174,88.86507878787879
demo,D08,21,5,90.27705,89.33405,89.0753504220305,89.02200702798402,88.90058265285492,90.27705,88.84196666666668
demo,D08,22,5,90.54729999999999,89.13835,89.15174874508008,89.09836116975221,89.0247670600891,90.54729999999999,89.20822424242424
demo,D08,23,5,90.07135,88.4858,88.9224721357541,88.91871683427132,88.79630472431182,90.07135,88.9319212121212
demo,D08,24,5,89.61670000000001,88.85849999999999,88.31456771645765,88.16661232231854,88.15814179821015,89.61670000000001,88.35250303030301
demo,D08,25,5,89.4461,88.53765,88.26637370737362,88.16203600440042,88.06570291862488,89.4461,88.24498787878788
demo,D08,26,5,89.33405,88.08985,88.04762901315091,88.02936865642387,87.93127304344178,89.33405,88.28317272727276
demo,D08,27,5,89.13835,87.37705,87.72663051478804,87.46172496584919,87.60970949134827,89.13835,88.08431818181819
demo,D08,28,5,88.4858,87.0664,87.25534332489751,87.17926465865267,87.09194287853241,88.4858,87.32764090909092
demo,D08,29,5,88.85849999999999,87.0164,87.37495472248743,87.44026184175888,87.40165197467803,88.85849999999999,87.82225454545454
demo,D08,30,5,88.53765,86.8738,86.89820243635837,86.45789963556383,86.71970845355987,88.53765,87.41792121212123
demo,D08,31,5,88.08985,86.0656,86.68701874856077,86.75899002776929,86.63736706123352,88.08985,86.886196969697
demo,D08,32,5,87.37705,86.48445,86.47966600929838,86.3758913045434,86.20276113109588,87.37705,86.11771363636362
demo,D08,33,5,87.0664,86.4616,86.08575695661683,85.92609864260572,85.81590623512268,87.0664,85.70014393939395
demo,D08,34,5,87.0164,85.98695,85.93939373866925,85.73795198510152,85.6171423400879,87.0164,85.56015606060606
demo,D08,35,5,86.8738,85.34925,85.54943025427212,85.56502253150074,85.49688990955353,86.8738,85.38940454545457
demo,D08,36,5,86.0656,85.05114999999999,85.20010829916326,84.98304456726025,84.87475415287018,86.0656,84.45118181818182
demo,D08,37,5,86.48445,85.1163,85.29056458450322,85.14829343696418,85.05627085514068,86.48445,84.98709545454545
demo,D08,38,5,86.4616,84.71655,85.11886337608189,84.89613391795868,84.8960254732132,86.4616,85.01840303030303
demo,D08,39,5,85.98695,84.6311,84.74860919469575,84.70107846659052,84.70218880958556,85.98695,84.71537272727271
demo,D08,40,5,85.34925,84.41380000000001,84.30578882234146,84.25594335818373,84.1393962316513,85.34925,84.14245757575756
demo,D08,41,5,85.05114999999999,84.2953,83.94361233223557,83.8795421029017,83.78771129837035,85.05114999999999,83.87181212121212
demo,D08,42,5,85.1163,83.36200000000001,83.56357187472821,83.66281569390794,83.64021338348388,85.1163,83.92874848484848
demo,D08,43,5,84.71655,83.5015,83.25879561901749,83.24065513795115,83.24324298648834,84.71655,83.44522727272725
demo,D08,44,5,84.6311,83.05875,83.21571124489206,83.1408413212009,83.17002660140992,84.6311,83.37845
demo,D08,45,5,84.41380000000001,82.87044999999999,82.85933474904125,82.94172241385895,82.9384982574463,84.41380000000001,83.2175893939394
demo,D08,46,5,84.2953,82.891,82.53947603226631,82.4618268304834,82.46125947742462,84.2953,83.0029015151515
demo,D08,47,5,83.36200000000001,82.65474999999999,82.38726010034928,82.19910442961903,82.11634577465058,83.36200000000001,81.96578484848483
demo,D08,48,5,83.5015,82.51294999999999,82.26174938175923,82.1869974316912,82.19497536563873,83.5015,82.22113636363638
demo,D08,49,5,83.05875,81.95115,81.79622028848216,81.74732328638808,81.76583811283112,83.05875,81.79467121212123
demo,D08,50,5,82.87044999999999,81.52000000000001,81.4760705461069,81.3956748953462,81.39514825744628,82.87044999999999,81.5362015151515
demo,D08,51,5,82.891,82.64620000000001,81.38322864824549,81.28706953243912,81.34963103866578,82.891,81.54305000000001
demo,D08,52,5,82.65474999999999,80.49005,81.23676145435932,81.1698315448106,81.17944825744628,82.65474999999999,81.3813015151515
demo,D08,53,5,82.51294999999999,81.14035000000001,80.87687749745113,80.90270207958245,80.96422856731414,82.51294999999999,81.29126515151512
demo,D08,54,5,81.95115,80.36925000000001,80.64870536057371,80.60614142262516,80.50190871944427,81.95115,80.73307878787878
demo,D08,55,5,81.52000000000001,80.34455,80.37103613112906,80.23744603233702,80.21347536563874,81.52000000000001,80.27794393939395
demo,D08,56,5,82.64620000000001,80.12285,80.72207433175241,80.44040370869116,80.71885579700471,82.64620000000001,81.82318636363638
demo,D08,57,5,80.49005,79.27145,79.21083943898743,79.2341797001484,79.20135168437957,80.49005,79.28688333333334
demo,D08,58,5,81.14035000000001,79.09345,79.5605069276297,79.67900099327026,79.68980266246797,81.14035000000001,79.95494242424243
demo,D08,59,5,80.36925000000001,79.55945,79.09490675875362,78.97623801707587,78.90501362133027,80.36925000000001,78.9868181818182
demo,D08,60,5,80.34455,78.90690000000001,79.04101958846006,78.95419709095403,78.88507782058716,80.34455,78.85859090909092
demo,D08,61,5,80.12285,78.3695,78.74765109742782,78.76065648797466,78.73852890644073,80.12285,78.63283484848486
demo,D08,62,5,79.27145,78.22915,78.36218680058211,78.15748172976969,78.06482584972382,79.27145,77.63419545454548
demo,D08,63,5,79.09345,78.31585,78.2029057051942,77.95684255895601,77.86860661716462,79.09345,77.41819242424243
demo,D08,64,5,79.55945,77.9927,78.15270084704737,78.15692613397204,78.1239806110382,79.55945,77.99325606060606
demo,D08,65,5,78.90690000000001,76.99454999999999,77.54657822986928,77.49640133440852,77.44928164424897,78.90690000000001,77.27303636363636
demo,D08,66,5,78.3695,77.64615,77.48226265630919,77.20441336708254,77.22595306110382,78.3695,77.05517272727273
demo,D08,67,5,78.22915,77.1667,76.71858223069187,76.66512713081768,76.67180675544739,78.22915,76.73655909090908
demo,D08,68,5,78.31585,76.5516,76.85270179657378,76.95578539542448,76.9496047302246,78.31585,77.02243181818181
demo,D08,69,5,77.9927,75.9599,76.40101190302353,76.46176616904236,76.49917902488708,77.9927,76.7244712121212
demo,D08,70,5,76.99454999999999,76.35315,75.89334793139784,75.78681135474702,75.69307912425994,76.99454999999999,75.61508787878788
demo,D08,71,5,77.64615,75.899,76.04024321137098,76.14869539307645,76.10710609664918,77.64615,76.46229393939393
demo,D08,72,5,77.1667,75.03735,75.29356327101486,75.40755598860706,75.45537971897126,77.1667,75.91399393939398
demo,D08,73,5,76.5516,75.12325,75.02450067188903,75.08093804150508,75.00814082298278,76.5516,75.13051666666667
demo,D08,74,5,75.9599,75.8484,74.7799973944135,74.69212128542769,74.72286281814576,75.9599,74.51845151515151
demo,D08,75,5,76.35315,74.63275,74.70176437391098,74.83384676162524,74.82517146053314,76.35315,74.99922424242426
demo,D08,76,5,75.899,74.122,74.30269563587599,74.38138243851756,74.35593695545197,75.899,74.48437727272729
demo,D08,77,5,75.03735,73.75835,73.82287118068695,73.74948220209852,73.74904316768647,75.03735,73.42997878787882
demo,D08,78,5,75.12325,74.30839999999999,73.90191261710768,73.87523324821971,73.85295688343048,75.12325,73.5689
demo,D08,79,5,75.8484,73.7465,73.95440856133959,74.11627219133507,74.14892196979523,75.8484,74.63061363636362
demo,D08,80,5,74.63275,73.6294,73.00875992602862,73.0825820736181,73.04127797031403,74.63275,73.21722727272726
demo,D08,81,5,74.122,72.9961,73.2030266057669,72.91683964501,72.86917080593109,74.122,72.72978484848485
demo,D08,82,5,73.75835,73.01195,72.44546990854575,72.53128540520859,72.47152267417907,73.75835,72.34403333333333
demo,D08,83,5,74.30839999999999,72.09485,72.6061940358102,72.67579437127071,72.65489896621703,74.30839999999999,73.02352878787879
demo,D08,84,5,73.7465,72.1113,72.01950234105671,72.10036822753186,72.0388332452774,73.7465,72.37654696969697
demo,D08,85,5,73.6294,71.86135,72.05634007267369,72.22583116229498,72.14456997814179,73.6294,72.4076575757576
demo,D08,86,5,72.9961,71.90225,71.59607242430342,71.64773524177686,71.6143564496994,72.9961,71.76354242424243
demo,D08,87,5,73.01195,71.29505,71.16230453521375,71.03241331938143,71.19928716011047,73.01195,71.66161666666666
demo,D08,88,5,72.09485,70.72315,70.72227301741644,70.8498569147523,70.76334708557128,72.09485,70.52800757575758
demo,D08,89,5,72.1113,70.64095,71.05234991349244,70.87260066354264,70.84413457756042,72.1113,70.75769090909091
demo,D08,90,5,71.86135,69.82935,70.41357378308564,70.45227169820434,70.36530488739014,71.86135,70.47408030303032
demo,D08,91,5,71.90225,69.34609999999999,70.16938195192603,70.26509269633955,70.1945832452774,71.90225,70.49018787878789
demo,D08,92,5,71.29505,70.00145,69.7690686249251,69.80891068142107,69.77109143619538,71.29505,69.70590909090909
demo,D08,93,5,70.72315,69.34885,69.68483572399562,69.5107058894671,69.50521729888916,70.72315,69.13359848484849
demo,D08,94,5,70.64095,69.09165,69.39663340758628,69.41404974809177,69.32624582023621,70.64095,69.05855757575758
demo,D08,95,5,69.82935,69.1277,68.71113093531979,68.53115131675234,68.59340358314515,69.82935,68.18195303030305
demo,D08,96,5,69.34609999999999,69.0055,68.42973529466504,68.00117132474685,68.0170109544754,69.34609999999999,67.52110909090908
demo,D08,97,5,70.00145,68.45425,68.63560538142117,68.63355331292878,68.63753002662659,70.00145,68.40409242424242
demo,D08,98,5,69.34885,68.5794,67.85355803352424,67.81711178512433,67.81871830234527,69.34885,67.67789848484848
demo,D08,99,5,69.09165,67.85845,67.6032884129914,67.57521513340002,67.66793655433655,69.09165,67.44886666666667
demo,D08,100,5,69.1277,67.50455,67.56910039873215,67.52280959133073,67.55542364616394,69.1277,67.62260909090911
demo,D08,101,5,69.0055,67.1918,67.33793212370793,67.5497776783258,67.6111923866272,69.0055,67.78408333333333
demo,D08,102,5,68.45425,66.43945,66.60363355803764,66.91173676557187,66.95864751148224,68.45425,67.33932727272729
demo,D08,103,5,68.5794,66.81685,66.47791558220165,66.75018564648404,66.84723871650696,68.5794,67.5866393939394
demo,D08,104,5,67.85845,65.501,66.24113706035902,66.46775597220994,66.40748292655945,67.85845,66.89375303030305
demo,D08,105,5,67.50455,65.7629,65.67741322813666,65.90695560924138,65.85265960292816,67.50455,66.36950151515151
demo,D08,106,5,67.1918,65.64935,65.32487633292202,65.39511529644868,65.42105817966461,67.1918,65.78091818181818
demo,D08,107,5,66.43945,65.10884999999999,65.15247131179481,65.01625554882732,65.06131539173126,66.43945,64.89656212121211
demo,D08,108,5,66.81685,64.91315,65.26646014594168,65.27366042226186,65.24173670349121,66.81685,65.24322878787882
demo,D08,109,5,65.501,65.30295000000001,64.55659734279631,64.09568093060776,64.13812668418885,65.501,63.6054984848485
demo,D08,110,5,65.7629,64.78439999999999,64.6524831231355,64.3445883835937,64.36248505630493,65.7629,63.8465772727273
demo,D08,111,5,65.64935,63.9491,64.37466391235111,64.22190779569307,64.26788086948395,65.64935,63.84443181818182
demo,D08,112,5,65.10884999999999,63.71525,63.97319518198888,63.69961852693211,63.58108484516143,65.10884999999999,63.28758030303028
demo,D08,113,5,64.91315,63.1738,63.6418937981905,63.469220919870864,63.41321437301636,64.91315,63.26662424242425
demo,D08,114,5,65.30295000000001,63.468849999999996,63.48268300367704,63.57581810530566,63.50241002960206,65.30295000000001,63.919357575757594
demo,D08,115,5,64.78439999999999,62.88245,62.985143884249446,63.24071157869352,63.12977243843078,64.78439999999999,63.55923030303029
demo,D08,116,5,63.9491,62.06700000000001,62.49196488636187,62.58146530751104,62.444446903800966,63.9491,62.715151515151526
demo,D08,117,5,63.71525,62.386399999999995,62.04832891185814,62.19226042244221,62.04987572097778,63.71525,62.354489393939375
demo,D08,118,5,63.1738,62.18665,61.76294963338845,61.76168076196499,61.68431414012909,63.1738,61.82946212121212
demo,D08,119,5,63.468849999999996,62.042249999999996,61.51813001769669,61.39165526830586,61.42884526977539,63.468849999999996,62.00357727272724
demo,D08,120,5,62.88245,61.4293,61.232048025784515,61.28212961943293,61.239712134552,62.88245,61.34677575757576
demo,D08,121,5,62.06700000000001,61.0371,60.65731916052857,60.609926926410644,60.58329221439362,62.06700000000001,60.37525151515153
demo,D08,122,5,62.386399999999995,61.44195,60.840204914441095,60.76356823151288,60.691522375488276,62.386399999999995,60.662631818181815
demo,D08,123,5,62.18665,60.544799999999995,60.52734335597096,60.53871845903123,60.49387439289093,62.18665,60.47614848484847
demo,D08,124,5,62.042249999999996,60.45505,60.49306162227319,60.52707120788986,60.44717224693298,62.042249999999996,60.60080909090908
demo,D08,125,5,61.4293,59.7733,59.92130460322808,59.937781015433124,59.854739357757566,61.4293,60.114519696969694
demo,D08,126,5,61.0371,59.837700000000005,59.462246169112845,59.448591653225044,59.38991658172608,61.0371,59.666922727272734
demo,D08,127,5,61.44195,58.889250000000004,59.47755593868329,59.460108280431534,59.46666554279327,61.44195,60.22532424242424
demo,D08,128,5,60.544799999999995,58.88205,58.947282168885096,58.96059196049699,58.803649740028376,60.544799999999995,59.194340909090904
demo,D08,129,5,60.45505,58.352599999999995,58.85416236654946,59.030527756519575,58.8839571559906,60.45505,59.20396363636363
demo,D08,130,5,59.7733,58.227549999999994,58.30979459847179,58.375765444206785,58.238858886528014,59.7733,58.422842424242425
demo,D08,131,5,59.837700000000005,58.4778,58.069571286474684,58.152812957418476,57.94650088806153,59.837700000000005,58.32205151515155
demo,D08,132,5,58.889250000000004,57.61214999999999,57.655575402060755,57.461589698464806,57.347976406097416,58.889250000000004,57.19131818181817
demo,D08,133,5,58.88205,57.704100000000004,57.590837416225675,57.541152791747365,57.42053576545715,58.88205,57.14523636363637
demo,D08,134,5,58.352599999999995,57.6362,57.01736818197216,56.91313771575375,56.84900774726867,58.352599999999995,56.58465454545456
demo,D08,135,5,58.227549999999994,56.86475,56.75396132816698,56.76798912394866,56.68782517318725,58.227549999999994,56.41366666666665
demo,D08,136,5,58.4778,56.86275,56.743821869346704,56.71827676349391,56.691952932167055,58.4778,56.74954090909092
demo,D08,137,5,57.61214999999999,56.4152,56.244057125476516,56.160766460570954,56.135806845092766,57.61214999999999,56.02348787878788
demo,D08,138,5,57.704100000000004,55.98165,55.964818251534105,56.08175144143443,56.016522752380375,57.704100000000004,56.21317121212121
demo,D08,139,5,57.6362,55.86225,55.92848726940954,55.954854932193655,55.92573039646149,57.6362,56.36673333333331
demo,D08,140,5,56.86475,55.87915,55.24784302697658,55.31209442505971,55.23598155593872,56.86475,55.549939393939404
demo,D08,141,5,56.86275,54.82565,55.06124533591042,55.29395034407461,55.23398155593872,56.86275,55.69979242424242
demo,D08,142,5,56.4152,54.418350000000004,54.537641805578076,54.66971599818366,54.576596145820616,56.4152,55.14618636363636
demo,D08,143,5,55.98165,54.08965,54.247471565694305,54.36795237100769,54.30666459121704,55.98165,54.63588181818181
demo,D08,144,5,55.86225,54.38185,54.114666709261144,54.08039995644655,54.01022627925873,55.86225,54.40646212121212
demo,D08,145,5,55.87915,54.110400000000006,54.01576313449198,54.19371802982364,54.03579327144623,55.87915,54.4271984848485
demo,D08,146,5,54.82565,53.298199999999994,53.43596604548983,53.355586670765206,53.26024010124207,54.82565,53.31596060606062
demo,D08,147,5,54.418350000000004,52.505849999999995,53.01979491152147,52.93692190536177,52.834224838829044,54.418350000000004,52.67263333333332
demo,D08,148,5,54.08965,52.6312,52.89891302680177,52.6302620334803,52.55788525428772,54.08965,52.24247424242425
demo,D08,149,5,54.38185,52.684549999999994,52.99666098722695,52.88607464844754,52.801738615608215,54.38185,52.709330303030335
demo,D08,150,5,54.110400000000006,52.186350000000004,52.41684081096374,52.43917691387416,52.387720384979254,54.110400000000006,52.4785878787879
demo,D08,151,5,53.298199999999994,51.946250000000006,51.925519581797786,51.79660691241422,51.766435254287714,53.298199999999994,51.65184999999999
demo,D08,152,5,52.505849999999995,51.42060000000001,51.511699794980665,51.08116540430366,51.0344349571228,52.505849999999995,50.69571666666667
demo,D08,153,5,52.6312,51.566849999999995,51.28732578927427,51.13671218196053,51.03607289428711,52.6312,50.78388333333334
demo,D08,154,5,52.684549999999994,51.050200000000004,51.224295987121124,51.180738433104615,51.08049745635986,52.684549999999994,50.97785757575757
demo,D08,155,5,52.186350000000004,50.807449999999996,50.763453857735946,50.698326616369954,50.59324897537232,52.186350000000004,50.68263030303027
demo,D09,6,5,95.32365,94.61855,94.47410138838393,94.08788682268906,94.24213015785217,95.32365,94.77469285714285
demo,D09,7,5,95.01610000000001,94.2363,94.25599197173375,93.93228981494158,94.00052220687867,95.01610000000001,94.31734107142859
demo,D09,8,5,94.73455,94.08595,93.99898415683734,93.68465983516941,93.79713016824722,94.73455,93.91429107142856
demo,D09,9,5,95.14045,93.74385,94.05076189044512,93.9028614164968,94.08061027450562,95.14045,94.45347499999998
demo,D09,10,5,94.35475,93.71935,93.65409403304933,93.36854930425802,93.3986616358757,94.35475,93.55881818181818
demo,D09,11,5,94.61855,93.73785,93.69556400921401,93.46939639846936,93.57476275901794,94.61855,93.83391969696972
demo,D09,12,5,94.2363,93.63485,93.49024518632253,93.14543989073005,93.16345609073639,94.2363,93.45090757575757
demo,D09,13,5,94.08595,93.1569,93.28612989757005,92.95945348042159,92.94069598407745,94.08595,93.27800909090908
demo,D09,14,5,93.74385,93.19295,92.89566596568352,92.66117388071586,92.62228692302703,93.74385,92.73031515151513
demo,D09,15,5,93.71935,93.3138,93.07576607556769,92.8554946544623,92.77551295337678,93.71935,92.83946818181819
demo,D09,16,5,93.73785,92.37485,92.84629268045053,92.58121797581157,92.59259598407745,93.73785,92.92626515151517
demo,D09,17,5,93.63485,92.6975,92.63446212300511,92.48793918691071,92.4723025308609,93.63485,92.85706363636363
demo,D09,18,5,93.1569,92.2393,92.36263929798432,92.06506521706345,91.98523278179168,93.1569,92.27242424242425
demo,D09,19,5,93.19295,92.03335,92.42106349902272,92.30487883182668,92.2313877837181,93.19295,92.44253181818182
demo,D09,20,5,93.3138,92.25145,92.19703632222924,91.99136734147962,92.08067288284302,93.3138,92.58652878787879
demo,D09,21,5,92.37485,91.83305,91.75945815606953,91.53157455814572,91.44830634698867,92.37485,91.56566969696969
demo,D09,22,5,92.6975,91.45455,91.77469439654114,91.45219761512591,91.49987805843354,92.6975,91.90297121212123
demo,D09,23,5,92.2393,92.0393,91.44100587374923,91.31722109870444,91.2880277507782,92.2393,91.37760303030304
demo,D09,24,5,92.03335,91.73989999999999,91.24633940887394,90.97589052411803,90.94974864444733,92.03335,91.0462015151515
demo,D09,25,5,92.25145,90.7056,91.33512463348208,91.08824823725394,91.12988692302704,92.25145,91.29383181818183
demo,D09,26,5,91.83305,91.81899999999999,91.10099831987807,90.90071478200959,90.88668649129868,91.83305,90.88598333333333
demo,D09,27,5,91.45455,91.10464999999999,90.82385970860537,90.5742309640671,90.52993515329361,91.45455,90.49591666666666
demo,D09,28,5,92.0393,90.66105,90.89388227952449,90.81973171747967,90.82810393505096,92.0393,91.20139999999999
demo,D09,29,5,91.73989999999999,91.01615,90.62143659366863,90.4281220642853,90.5326107810974,91.73989999999999,91.02082878787878
demo,D09,30,5,90.7056,90.5699,90.24369447121731,89.90555526079187,89.787906265831,90.7056,89.95162272727273
demo,D09,31,5,91.81899999999999,90.29335,90.45058486824267,90.45994271859294,90.54454492950438,91.81899999999999,91.17886060606061
demo,D09,32,5,91.10464999999999,89.71504999999999,90.03415431172124,89.87668550696057,89.94725654449462,91.10464999999999,90.52476363636363
demo,D09,33,5,90.66105,89.9867,89.62356540037042,89.45403808015372,89.50365654449463,90.66105,89.96423787878788
demo,D09,34,5,91.01615,89.27374999999999,89.86155614188371,89.7773969832989,89.79281449546814,91.01615,90.32625909090909
demo,D09,35,5,90.5699,89.8648,89.57065495452252,89.38313603634889,89.45046826591492,90.5699,89.89957424242426
demo,D09,36,5,90.29335,89.4162,89.36718677955345,89.1287984808386,89.1239860244751,90.29335,89.52961212121214
demo,D09,37,5,89.71504999999999,88.85805,88.9894278880253,88.62798450331134,88.62158026103972,89.71504999999999,88.6673303030303
demo,D09,38,5,89.9867,89.16239999999999,89.2571366645713,89.06498395439542,89.06629109544754,89.9867,89.02942575757575
demo,D09,39,5,89.27374999999999,89.40854999999999,88.70184308707152,88.42106033618882,88.36221586942672,89.27374999999999,88.2370803030303
demo,D09,40,5,89.8648,88.4855,88.70613464951093,88.65777351427587,88.6583129404068,89.8648,88.71462727272728
demo,D09,41,5,89.4162,88.53020000000001,88.86414820466584,88.55219472283308,88.516177850914,89.4162,88.45226969696971
demo,D09,42,5,88.85805,88.04945,88.31070595112351,87.97885343905885,87.90530170135499,88.85805,87.83564696969698
demo,D09,43,5,89.16239999999999,88.01805,88.18254904413249,88.05439858679618,88.04083692302703,89.16239999999999,88.15281969696969
demo,D09,44,5,89.40854999999999,87.35340000000001,88.34025729436635,88.19336306750925,88.23918602447509,89.40854999999999,88.68811818181817
demo,D09,45,5,88.4855,87.6181,87.75666185359638,87.57982776983879,87.52678855466843,88.4855,87.75115606060604
demo,D09,46,5,88.53020000000001,87.44364999999999,87.48691899973674,87.31038498946606,87.40089988250733,88.53020000000001,87.82827878787882
demo,D09,47,5,88.04945,87.78224999999999,87.15312418099708,86.97900106626301,86.9301871854782,88.04945,87.16292878787877
demo,D09,48,5,88.01805,86.5156,87.13584326358858,87.09969247197382,87.0335529296875,88.01805,87.12986060606063
demo,D09,49,5,87.35340000000001,86.78099999999999,86.6220292951199,86.45983320968905,86.39506597127915,87.35340000000001,86.16393636363638
demo,D09,50,5,87.6181,87.06255,86.96238927361645,86.73773026081895,86.67732222137451,87.6181,86.51295454545453
demo,D09,51,5,87.44364999999999,86.414,86.56384000589193,86.58430061108766,86.53521161546706,87.44364999999999,86.36187575757575
demo,D09,52,5,87.78224999999999,86.24525,86.47732356014731,86.5172150924646,86.55681963062285,87.78224999999999,86.7496909090909
demo,D09,53,5,86.5156,85.85635,86.06234982907932,85.76235126078673,85.64817932662964,86.5156,85.35345606060605
demo,D09,54,5,86.78099999999999,85.63589999999999,86.20346479440484,85.87455406918201,85.84924105978011,86.78099999999999,85.80411515151512
demo,D09,55,5,87.06255,85.17694999999999,85.71868507146128,85.83438165657603,85.90271859531403,87.06255,86.19927272727273
demo,D09,56,5,86.414,85.34455,85.59587357016285,85.56068790089356,85.44394555234909,86.414,85.58859242424244
demo,D09,57,5,86.24525,85.0448,85.26456635228843,85.1214529979854,85.10694493198395,86.24525,85.37969393939396
demo,D09,58,5,85.85635,85.18495,84.9806291285049,84.94068579043561,84.93905466327668,85.85635,84.94346060606061
demo,D09,59,5,85.63589999999999,84.7208,84.7854951620669,84.6487801573738,84.53053651180267,85.63589999999999,84.52501666666666
demo,D09,60,5,85.17694999999999,84.62045,84.64078516354417,84.40175019463629,84.27692785091399,85.17694999999999,83.93522878787878
demo,D09,61,5,85.34455,84.43555,84.58063520789496,84.481762083683,84.39818649129867,85.34455,84.10749848484849
demo,D09,62,5,85.0448,84.3633,84.34565683251856,84.21648099286898,84.23049886684417,85.0448,83.97075303030303
demo,D09,63,5,85.18495,84.02539999999999,84.07900112526568,84.02421585790007,84.03697372074127,85.18495,84.0558196969697
demo,D09,64,5,84.7208,83.6713,83.7537180385393,83.86320821284632,83.79313333587646,84.7208,83.5791121212121
demo,D09,65,5,84.62045,83.8211,83.85766567066958,83.82761331061974,83.73704938097,84.62045,83.65754696969698
demo,D09,66,5,84.43555,83.92075,83.43556438509178,83.51841096033556,83.47721597127915,84.43555,83.53282727272729
demo,D09,67,5,84.3633,83.4439,83.20152347942107,83.38183621530497,83.36936840848922,84.3633,83.56470909090909
demo,D09,68,5,84.02539999999999,83.02695,82.93572671239282,83.03746986823694,82.94130201854705,84.02539999999999,83.22321060606059
demo,D09,69,5,83.6713,82.97715,82.77715465455331,82.86452648468124,82.67483240966797,83.6713,82.80642272727273
demo,D09,70,5,83.8211,82.20275000000001,82.5468150840897,82.76922283088149,82.68756640300751,83.8211,82.90047272727274
demo,D09,71,5,83.92075,82.57965,82.7197887659506,82.65139201845106,82.72560022068023,83.92075,83.1095893939394
demo,D09,72,5,83.4439,83.60155,82.23798778459731,82.24968796470172,82.25092912807465,83.4439,82.59853030303032
demo,D09,73,5,83.02695,81.94749999999999,82.07141967024921,82.0944235393653,82.04803865976334,83.02695,82.17739848484851
demo,D09,74,5,82.97715,81.80444999999999,81.7692289753717,81.80287047233689,81.8335758813858,82.97715,82.08590606060605
demo,D09,75,5,82.20275000000001,81.70925,81.43928832620709,81.4864315718131,81.2998285021782,82.20275000000001,81.13083939393943
demo,D09,76,5,82.57965,81.93195,81.54778668820072,81.6819477896843,81.62098367538452,82.57965,81.51475757575759
demo,D09,77,5,83.60155,81.76339999999999,82.04349400883805,82.32768015771815,82.35456051139832,83.60155,82.91077121212123
demo,D09,78,5,81.94749999999999,80.9586,80.8531568816012,81.09604161233274,80.94636047840117,81.94749999999999,81.11326363636364
demo,D09,79,5,81.80444999999999,80.88255,80.79547537982752,80.89737112015963,80.82697328395842,81.80444999999999,80.7956424242424
demo,D09,80,5,81.70925,80.69085,80.87501691864112,80.88095011465444,80.7364734082222,81.70925,80.6629833333333
demo,D09,81,5,81.93195,80.8818,80.86083345265044,81.06506306008187,80.96873566217423,81.93195,81.07016818181819
demo,D09,82,5,81.76339999999999,80.4826,80.57340204916247,80.6615478056163,80.61755506362914,81.76339999999999,81.00171818181816
demo,D09,83,5,80.9586,80.26645,80.02977300125492,80.05844513893203,79.98115153656006,80.9586,80.04039242424243
demo,D09,84,5,80.88255,80.1989,79.96020210774809,80.03058382010676,79.90510153656005,80.88255,79.8958303030303
demo,D09,85,5,80.69085,79.65815,79.54912351892634,79.54386542193328,79.50027642688751,80.69085,79.45214848484851
demo,D09,86,5,80.8818,80.045,79.80895420582796,79.87949901598796,79.77908391170502,80.8818,79.66045757575759
demo,D09,87,5,80.4826,79.43375,79.8261930393689,79.62498071932096,79.83036484966279,80.4826,79.61327727272726
demo,D09,88,5,80.26645,78.97565,79.15278900323237,79.15432895756581,79.11851019878388,80.26645,79.32787424242427
demo,D09,89,5,80.1989,78.9614,79.04484240633576,79.0295624363184,79.0083264268875,80.1989,79.22684696969696
demo,D09,90,5,79.65815,79.1974,78.68503092687358,78.84138742021746,78.68070153656006,79.65815,78.57071515151519
demo,D09,91,5,80.045,78.4975,78.89562666232406,79.06402931403339,79.03662518978119,80.045,79.14623030303032
demo,D09,92,5,79.43375,78.7068,78.49655102400693,78.50900649699784,78.45439502239228,79.43375,78.61511818181819
demo,D09,93,5,78.97565,78.03095,77.8972808013567,78.15774708058238,77.99820153656006,78.97565,77.98514393939395
demo,D09,94,5,78.9614,77.7852,77.81380280478102,78.14340020705905,77.98395153656006,78.9614,77.88996212121211
demo,D09,95,5,79.1974,78.0088,77.94733619093934,78.04817616531746,78.00682642688751,79.1974,78.16192727272727
demo,D09,96,5,78.4975,77.34445,77.64362162764856,77.77289714209772,77.55029040336609,78.4975,77.46127272727271
demo,D09,97,5,78.7068,77.6488,77.50059069629275,77.67307992641078,77.62484206371307,78.7068,77.73833636363635
demo,D09,98,5,78.03095,77.30265,77.04588554015865,77.24237685129705,77.097012271595,78.03095,76.98150151515154
demo,D09,99,5,77.7852,76.72995,76.90659481862798,77.02456707685221,76.885177850914,77.7852,76.70071212121213
demo,D09,100,5,78.0088,76.7651,76.6955080294894,76.83581790393326,76.8182264268875,78.0088,76.91628939393941
demo,D09,101,5,77.34445,76.41615,76.52020643743296,76.6620788503342,76.51817834682464,77.34445,76.29164090909089
demo,D09,102,5,77.6488,76.4794,76.74876285832936,76.58120564012033,76.52661465053558,77.6488,76.67861666666666
demo,D09,103,5,77.30265,76.7347,76.0984395989935,76.21112464519298,76.1500381483078,77.30265,76.27616666666665
demo,D09,104,5,76.72995,75.8505,75.82952468531089,75.93584448892416,75.75808720703125,76.72995,75.5876196969697
demo,D09,105,5,76.7651,75.9149,75.81251715241527,75.97603442049608,75.82248085508347,76.7651,75.73041515151516
demo,D09,106,5,76.41615,75.55485,75.45462968161196,75.6939122287656,75.47662660112381,76.41615,75.30805454545455
demo,D09,107,5,76.4794,75.34725,75.5439591129266,75.67681476588348,75.50753720703125,76.4794,75.51105303030302
demo,D09,108,5,76.7347,75.08265,75.21016044103445,75.44521640909365,75.48162618846894,76.7347,75.88543939393941
demo,D09,109,5,75.8505,74.66685,74.68433617231815,74.97193035372739,74.85825742530822,75.8505,74.87582424242424
demo,D09,110,5,75.9149,74.81625,74.72843474567621,74.9717654325292,74.90653734912873,75.9149,75.02416060606063
demo,D09,111,5,75.55485,74.4204,74.40874338847337,74.45442893046031,74.42076994762421,75.55485,74.55530454545455
demo,D09,112,5,75.34725,74.7632,74.33201113876679,74.52624664266594,74.3634922657013,75.34725,74.3921909090909
demo,D09,113,5,75.08265,74.39305,74.01682127023209,74.29498031277608,74.0988922657013,75.08265,74.12401818181819
demo,D09,114,5,74.66685,73.90894999999999,73.69744731857104,73.92159481013192,73.67460742530822,74.66685,73.53489090909092
demo,D09,115,5,74.81625,73.601,73.64682018689919,73.99422678972049,73.86483189821243,74.81625,73.68846212121211
demo,D09,116,5,74.4204,73.86135,73.48361991486772,73.67718610676357,73.42741570510864,74.4204,73.19061969696969
demo,D09,117,5,74.7632,72.6981,73.55779843459146,73.65660756377808,73.59869344539642,74.7632,73.66695606060607
demo,D09,118,5,74.39305,73.4201,73.30191138550953,73.47912471498735,73.40105859928131,74.39305,73.51850454545456
demo,D09,119,5,73.90894999999999,72.56320000000001,72.75902124910327,73.04069957681226,72.91596570510863,73.90894999999999,72.97126060606057
demo,D09,120,5,73.601,72.67949999999999,72.63838470426029,72.85915310342511,72.6326995382309,73.601,72.65531666666668
demo,D09,121,5,73.86135,72.2281,72.4950414579039,72.74434626696602,72.67241078624726,73.86135,72.99889696969697
demo,D09,122,5,72.6981,71.91579999999999,71.97090888722495,72.00486677285627,71.76730564174652,72.6981,71.63506363636364
demo,D09,123,5,73.4201,72.37475,72.0992211006578,72.30877677769762,72.25195255527497,73.4201,72.42574393939394
demo,D09,124,5,72.56320000000001,72.32509999999999,71.50450205560347,71.78858596788766,71.57311499423982,72.56320000000001,71.36598484848487
demo,D09,125,5,72.67949999999999,71.4892,71.72717044425941,71.83845401367658,71.69210155439376,72.67949999999999,71.48843787878788
demo,D09,126,5,72.2281,71.4433,71.23394029672501,71.41730159081199,71.24524009046554,72.2281,70.91763181818182
demo,D09,127,5,71.91579999999999,71.14654999999999,71.2067208467774,71.22530554009234,71.06765713768004,71.91579999999999,70.64788636363636
demo,D09,128,5,72.37475,71.43509999999999,71.1992602160068,71.48138177360997,71.38176570510865,72.37475,71.32374545454546
demo,D09,129,5,72.32509999999999,70.06824999999999,70.851472120294,71.03865770842948,71.09529989490508,72.32509999999999,71.43841818181818
demo,D09,130,5,71.4892,70.60125000000001,70.32906197820648,70.68461592879686,70.49621570510864,71.4892,70.53220909090909
demo,D09,131,5,71.4433,70.0557,70.25010832425795,70.60786893049418,70.47095798568725,71.4433,70.61825303030305
demo,D09,132,5,71.14654999999999,69.35245,69.79840071251577,69.92975700051844,69.94334000377654,71.14654999999999,70.1313136363636
demo,D09,133,5,71.43509999999999,69.7362,70.23870877403353,70.55465797686888,70.42132357845306,71.43509999999999,70.64306969696968
demo,D09,134,5,70.06824999999999,70.1836,69.11711427670333,69.33926632400477,69.11361283016204,70.06824999999999,68.96131818181819
demo,D09,135,5,70.60125000000001,69.21695,69.45040440557707,69.83321959157442,69.59319133281709,70.60125000000001,69.51475606060606
demo,D09,136,5,70.0557,69.4353,69.064936759131,69.27309607836129,69.0188131887436,70.0557,68.81634545454546
demo,D09,137,5,69.35245,69.34169999999999,68.59359849936735,68.58195253252865,68.39019178028107,69.35245,67.79600000000002
demo,D09,138,5,69.7362,68.76205,68.92991526852481,68.72829383180175,68.66957190151214,69.7362,68.27565151515151
demo,D09,139,5,70.1836,68.58545000000001,68.88888459786078,69.10702580502618,69.0674974237442,70.1836,69.0843333333333
demo,D09,140,5,69.21695,67.81765,68.12156902562455,68.18640081327037,68.1008474237442,69.21695,68.06648787878788
demo,D09,141,5,69.4353,67.9006,68.1405173974869,68.33979177291953,68.29083920269012,69.4353,68.41560454545453
demo,D09,142,5,69.34169999999999,68.17025,67.98873670916008,67.99660640704522,68.03171114368438,69.34169999999999,68.45002424242423
demo,D09,143,5,68.76205,67.69874999999999,67.70219870648356,67.77558985951427,67.66672131137848,68.76205,68.04587575757574
demo,D09,144,5,68.58545000000001,67.57284999999999,67.11973223870156,67.07687116596674,67.2070731584549,68.58545000000001,67.70299999999999
demo,D09,145,5,67.81765,67.28444999999999,66.874607313512,66.76651316441098,66.76446429862976,67.81765,66.82705757575759
demo,D09,146,5,67.9006,67.68365,66.82103074217696,66.784142991671,66.74594585475921,67.9006,66.81134090909092
demo,D09,147,5,68.17025,66.6782,66.5452558704183,66.63321292209427,66.73827332401275,68.17025,66.95206060606058
demo,D09,148,5,67.69874999999999,67.07005000000001,66.68237817848478,66.50925096087511,66.4972027349472,67.69874999999999,66.42260454545453
demo,D09,149,5,67.57284999999999,66.40925,66.49520670837215,66.42878380334434,66.45555604610442,67.57284999999999,66.47702727272728
demo,D09,150,5,67.28444999999999,66.65795,66.02695719495233,66.19075555527427,66.10682827777862,67.28444999999999,66.12630606060605
demo,D09,151,5,67.68365,65.56245000000001,66.21008154720491,66.33820385334302,66.36647568454742,67.68365,66.76196212121212
demo,D09,152,5,66.6782,65.76530000000001,65.59046076783221,65.59336875835945,65.54308485336304,66.6782,65.79371515151517
demo,D09,153,5,67.07005000000001,65.37145,65.61426828863698,65.60013558800269,65.63188767318726,67.07005000000001,66.29784393939396
demo,D09,154,5,66.40925,65.31085,65.28568807432895,65.30007156299533,65.2204299955368,66.40925,65.61278333333333
demo,D09,155,5,66.65795,65.4149,65.04810004644867,64.99283969103746,65.16742558879852,66.65795,65.78100757575756
demo,D09,156,5,65.56245000000001,64.94069999999999,64.62388711763624,64.50142333353995,64.4374455892563,65.56245000000001,64.40419393939395
demo,D09,157,5,65.76530000000001,64.9718,64.80559015458721,64.69721914319003,64.6628442647934,65.76530000000001,64.61264242424245
demo,D09,158,5,65.37145,64.183,64.52803112610366,64.40047365843282,64.2965843011856,65.37145,64.10556515151515
demo,D09,159,5,65.31085,63.915299999999995,64.25183282155965,64.30512640591968,64.22142455539704,65.31085,64.01429242424241
demo,D09,160,5,65.4149,63.9448,64.31597488708898,64.12640214504795,64.14541393032074,65.4149,64.15700454545456
demo,D10,6,5,96.5877,95.041,95.26966925682268,94.81203587616452,95.11835931797027,96.5877,95.6805857142857
demo,D10,7,5,96.84725,94.94055,95.18464123385752,94.9150211382137,95.10249580478668,96.84725,96.13436607142857
demo,D10,8,5,96.7261,94.5112,95.14048346834667,94.78973574526998,94.97869304046631,96.7261,96.10307321428573
demo,D10,9,5,95.01925,94.48845,94.19073240445015,93.7578975101077,93.86626704978943,95.01925,93.91074166666665
demo,D10,10,5,94.6366,93.9385,93.64863318548169,93.34313033268589,93.44398186836243,94.6366,93.23704242424243
demo,D10,11,5,95.041,93.5524,93.70231641016717,93.41886249573992,93.68140005207061,95.041,93.53979393939397
demo,D10,12,5,94.94055,93.33765000000001,93.54820663081132,93.26166904862664,93.43903926067352,94.94055,93.40967727272728
demo,D10,13,5,94.5112,93.1793,93.24026718506119,92.9875481407043,93.11348562355042,94.5112,92.92496363636363
demo,D10,14,5,94.48845,93.2302,93.17585029594642,92.77630524284245,92.9796118232727,94.48845,92.90840454545454
demo,D10,15,5,93.9385,93.732,92.78821433085338,92.61536931447196,92.59149451351166,93.9385,92.3851484848485
demo,D10,16,5,93.5524,92.36315,92.39524539571833,92.23184584710083,92.22163689842225,93.5524,91.9676272727273
demo,D10,17,5,93.33765000000001,92.35584999999999,92.25239771643827,92.04818126630532,92.05230802192689,93.33765000000001,91.93336212121216
demo,D10,18,5,93.1793,91.85915,92.01013029558221,91.89192111467018,91.88319068126678,93.1793,92.08463030303031
demo,D10,19,5,93.2302,91.98695000000001,91.39637818677325,91.31197309293155,91.42796022434234,93.2302,92.10503787878787
demo,D10,20,5,93.732,91.1084,91.51375280782622,91.76388901647867,91.77963758182526,93.732,92.69407727272727
demo,D10,21,5,92.36315,90.7748,90.95900307625782,90.77046474864723,90.8853235239029,92.36315,91.22876818181818
demo,D10,22,5,92.35584999999999,90.93769999999999,90.83970511311846,90.72443073305321,90.85984100780486,92.35584999999999,91.25182878787878
demo,D10,23,5,91.85915,90.69745,90.4054518589959,90.22808044066932,90.37109524765015,91.85915,90.66355757575757
demo,D10,24,5,91.98695000000001,90.04575,90.5098821454448,90.33474895904976,90.45197590179444,91.98695000000001,90.88778787878788
demo,D10,25,5,91.1084,90.4366,89.77994021379847,89.6526681530348,89.71687318172455,91.1084,89.83435303030302
demo,D10,26,5,90.7748,90.3385,89.46986232438233,89.27326908518576,89.34130710105896,90.7748,89.27770757575757
demo,D10,27,5,90.93769999999999,89.29945000000001,89.51454212931836,89.21473610645974,89.39139553565978,90.93769999999999,89.35874545454544
demo,D10,28,5,90.69745,89.66005,89.30219513795848,89.01534547208921,89.14662285442353,90.69745,89.0637787878788
demo,D10,29,5,90.04575,88.2246,88.98531030102119,88.71889711353603,88.65904293251037,90.04575,88.34700757575757
demo,D10,30,5,90.4366,88.9867,89.30691131907197,89.11380769874786,89.04825285110473,90.4366,89.13964545454546
demo,D10,31,5,90.3385,88.13045000000001,88.65948507738902,88.43524256780675,88.63128635978698,90.3385,89.16001666666669
demo,D10,32,5,89.29945000000001,88.40390000000001,88.11121068895471,87.94729441005376,87.92013331241608,89.29945000000001,88.07633333333334
demo,D10,33,5,89.66005,87.54525,88.15215173486853,87.94657696084421,88.02334853534698,89.66005,88.51031515151516
demo,D10,34,5,88.2246,87.535,87.1557220819691,86.89631922356365,86.88572947463989,88.2246,86.9326393939394
demo,D10,35,5,88.9867,87.0338,87.1773894838093,87.12768997789456,87.3159030096054,88.9867,87.69553030303031
demo,D10,36,5,88.13045000000001,86.93325,86.78075427064982,86.5255554224582,86.60785280628205,88.13045000000001,86.62393636363636
demo,D10,37,5,88.40390000000001,87.26635,86.92570263784243,86.74759544094148,86.86857196941376,88.40390000000001,86.97118333333336
demo,D10,38,5,87.54525,87.2158,86.30290349705078,86.19641548023085,86.14563065910339,87.54525,86.02563333333333
demo,D10,39,5,87.535,86.7885,86.11497705913253,85.88676410434245,85.98461977005005,87.535,85.89949696969695
demo,D10,40,5,87.0338,85.75775,85.8974183830952,85.72281128650853,85.66042982940674,87.0338,85.4281696969697
demo,D10,41,5,86.93325,86.0385,85.64772377412706,85.61613085909364,85.53746550273895,86.93325,85.50359999999999
demo,D10,42,5,87.26635,84.82015000000001,85.39724894583922,85.38732915936261,85.57075747737885,87.26635,85.96355454545456
demo,D10,43,5,87.2158,84.93815000000001,85.35866651024537,85.459800359882,85.63716490345001,87.2158,86.2694909090909
demo,D10,44,5,86.7885,84.57894999999999,84.66926270368138,84.73817774354465,84.7391561756134,86.7885,85.75179393939393
demo,D10,45,5,85.75775,84.91615,84.5482532262721,84.38087534692075,84.3207097902298,85.75775,84.69060303030302
demo,D10,46,5,86.0385,84.2249,84.18828368535817,84.14946570952655,84.29537599182129,86.0385,84.92775757575758
demo,D10,47,5,84.82015000000001,83.2568,83.69034267172793,83.48151794902812,83.40034554615022,84.82015000000001,83.55146969696969
demo,D10,48,5,84.93815000000001,83.20355,83.4764944871106,83.31936775398717,83.34530551376344,84.93815000000001,83.47469393939397
demo,D10,49,5,84.57894999999999,83.00555,83.35270153659012,83.17174406537077,83.11759908218383,84.57894999999999,82.97734393939393
demo,D10,50,5,84.91615,83.30175,83.184778261095,83.07530748902178,83.1923676990509,84.91615,83.28044545454544
demo,D10,51,5,84.2249,84.4029,82.8534185634661,82.68542671425935,82.70871006717682,84.2249,82.46140000000001
demo,D10,52,5,83.2568,82.3541,82.460252827493,81.95467201700873,81.98677522354126,83.2568,81.37665303030302
demo,D10,53,5,83.20355,81.9902,82.27315624558751,81.90422161456972,81.95075215797425,83.20355,81.41838636363634
demo,D10,54,5,83.00555,82.07965,81.83099900360723,81.67929940239138,81.57548997097015,83.00555,81.36210303030303
demo,D10,55,5,83.30175,82.4067,81.65825532314481,81.5590324087116,81.6179234342575,83.30175,81.76648787878787
demo,D10,56,5,84.4029,81.4203,82.21658327640078,82.31952472211012,82.31526472129822,84.4029,83.51856818181818
demo,D10,57,5,82.3541,81.1031,80.55575018488085,80.61633535787585,80.67897773895264,82.3541,81.25494545454545
demo,D10,58,5,81.9902,80.61675000000001,80.52572648282384,80.53821424192589,80.53548880119324,81.9902,80.7657681818182
demo,D10,59,5,82.07965,80.5257,80.22274375360489,80.38082666669935,80.44535954322815,82.07965,80.81326666666666
demo,D10,60,5,82.4067,80.1438,80.5587320823921,80.70479080707156,80.77758859081268,82.4067,81.45143333333336
demo,D10,61,5,81.4203,79.9686,79.60816136221167,79.92511048291213,79.91098343639374,81.4203,80.42880303030303
demo,D10,62,5,81.1031,79.1248,79.32872794383233,79.29350274613813,79.3776646238327,81.1031,79.8361393939394
demo,D10,63,5,80.61675000000001,79.41454999999999,79.00121280370898,78.98871230126105,79.00779092121125,80.61675000000001,79.05446212121214
demo,D10,64,5,80.5257,79.24285,78.9467491834371,78.83714398710345,78.88933422870636,80.5257,78.73402878787877
demo,D10,65,5,80.1438,78.7353,78.81844699713498,78.73257229003933,78.63202772502899,80.1438,78.2676181818182
demo,D10,66,5,79.9686,78.523,78.89762963294432,78.68532049181597,78.6541788230896,79.9686,78.51856666666667
demo,D10,67,5,79.1248,78.01275,77.90427591107907,77.68743761277985,77.60743955116271,79.1248,77.45659999999998
demo,D10,68,5,79.41454999999999,78.01575,77.92551333832847,77.76853308150771,77.78666954593658,79.41454999999999,77.68162121212119
demo,D10,69,5,79.24285,77.47005,77.90600900132533,77.77418805652188,77.72481959495545,79.24285,77.58428181818182
demo,D10,70,5,78.7353,76.80765000000001,77.40114919194764,77.42978124839237,77.3036730840683,78.7353,77.29361363636363
demo,D10,71,5,78.523,77.0992,77.04350836257434,77.10589432491842,77.02386259841919,78.523,77.13400454545454
demo,D10,72,5,78.01275,76.06349999999999,76.39414948701112,76.59710589257513,76.53632864379883,78.01275,76.607146969697
demo,D10,73,5,78.01575,76.3387,76.23305901273227,76.37011595697864,76.38434917640686,78.01575,76.61953484848485
demo,D10,74,5,77.47005,75.8382,75.86207135541355,76.02139215712529,75.96707954292297,77.47005,76.06168181818181
demo,D10,75,5,76.80765000000001,75.51814999999999,75.52195187078262,75.41508238989547,75.32095018043519,76.80765000000001,75.2643651515152
demo,D10,76,5,77.0992,75.40285,75.42187382978432,75.62042979919384,75.559289802742,77.0992,75.64430303030305
demo,D10,77,5,76.06349999999999,74.8366,74.49038332112946,74.58339780132643,74.51068146324157,76.06349999999999,74.30716363636365
demo,D10,78,5,76.3387,74.9007,74.67364331061422,74.80382819099572,74.75045520420075,76.3387,74.63809545454545
demo,D10,79,5,75.8382,74.46125,74.31154616783054,74.24981488779011,74.18041708774567,75.8382,74.1860090909091
demo,D10,80,5,75.51814999999999,73.95575,74.00442695913684,73.9163293201926,73.86740043582915,75.51814999999999,73.86424545454543
demo,D10,81,5,75.40285,74.2386,74.07645808667979,73.92647885027087,73.85003146324158,75.40285,73.8399984848485
demo,D10,82,5,74.8366,73.59434999999999,73.26773546406142,73.30928223035264,73.25393038425446,74.8366,73.22938636363637
demo,D10,83,5,74.9007,73.4174,73.1604607431701,73.35476932478917,73.29957630939484,74.9007,73.46010000000003
demo,D10,84,5,74.46125,73.34795,72.71454799766829,72.90659348639495,72.85555272579194,74.46125,73.07430454545455
demo,D10,85,5,73.95575,73.03735,72.3992538655533,72.44409861465967,72.36214078617095,73.95575,72.44614696969697
demo,D10,86,5,74.2386,72.48505,72.42343324921212,72.70542935645227,72.64272378311158,74.2386,72.95350606060609
demo,D10,87,5,73.59434999999999,71.9137,71.74558356647039,71.73722257283859,71.81678618965148,73.59434999999999,72.18619696969694
demo,D10,88,5,73.4174,71.2685,71.66075165487467,71.90559197784425,71.8511158203125,73.4174,72.07930757575758
demo,D10,89,5,73.34795,71.4519,71.42961922468257,71.58681555775648,71.63792468948364,73.34795,72.07119242424241
demo,D10,90,5,73.03735,71.41024999999999,71.1143248442116,71.29852881502084,71.32085257873536,73.03735,71.7814590909091
demo,D10,91,5,72.48505,70.87965,70.73042941634192,70.9768230067209,70.93470994358063,72.48505,71.21131666666666
demo,D10,92,5,71.9137,69.43105,70.12207485642507,70.39327729270943,70.36234642620087,71.9137,70.45438787878788
demo,D10,93,5,71.2685,70.41605,69.94641567234004,69.92519523310021,69.76433399295807,71.2685,69.64615757575758
demo,D10,94,5,71.4519,70.1246,69.86664477698245,69.95022207467598,69.90390490951538,71.4519,69.79019545454544
demo,D10,95,5,71.41024999999999,69.4445,69.69032653154176,69.68178617982605,69.7119062461853,71.41024999999999,69.71170909090907
demo,D10,96,5,70.87965,69.5206,69.40855589591797,69.496012935031,69.40274393882751,70.87965,69.2481196969697
demo,D10,97,5,69.43105,69.10125000000001,68.47973570338223,68.10565228037218,68.05997699241638,69.43105,67.46028030303029
demo,D10,98,5,70.41605,68.3955,68.9024118006013,68.90532977887632,68.84931258659363,70.41605,68.56801515151516
demo,D10,99,5,70.1246,68.67045,68.58416580145592,68.636091690068,68.55827063999176,70.1246,68.47856363636363
demo,D10,100,5,69.4445,67.5962,67.89636119943282,68.08329068514986,67.92227605056763,69.4445,67.90680151515154
demo,D10,101,5,69.5206,67.64625,67.79063415733204,68.00656626383507,67.93517736492157,69.5206,68.14564242424242
demo,D10,102,5,69.10125000000001,67.30285,67.19850536327094,67.53182856849422,67.48000628471375,69.10125000000001,67.76387878787881
demo,D10,103,5,68.3955,66.78840000000001,66.68478472098487,66.9079589252018,66.82140963840484,68.3955,66.85862272727272
demo,D10,104,5,68.67045,66.81280000000001,66.78519451361485,67.07033949592311,67.0341397802353,68.67045,67.24430757575757
demo,D10,105,5,67.5962,66.79995,66.14590535996018,66.21414040428937,66.04864920253753,67.5962,66.14250454545454
demo,D10,106,5,67.64625,66.4659,65.84240786851073,66.1161745530114,66.03364669322967,67.64625,66.23293939393939
demo,D10,107,5,67.30285,65.99295,65.29046487084409,65.2148946426843,65.33415638599396,67.30285,65.54936666666666
demo,D10,108,5,66.78840000000001,64.95094999999999,65.42646168323415,65.30290309266505,65.17208487358094,66.78840000000001,65.01175454545458
demo,D10,109,5,66.81280000000001,64.74235,65.21048917846956,65.21156101626548,65.12483067302705,66.81280000000001,65.14235454545458
demo,D10,110,5,66.79995,64.87595,64.76498467980718,64.91221922073375,64.95824789638519,66.79995,65.20621515151518
demo,D10,111,5,66.4659,64.49835,64.63598763519332,64.9326735339638,64.85099011268616,66.4659,65.04341363636365
demo,D10,112,5,65.99295,64.0413,64.14291871228046,64.46882576309328,64.36975733203887,65.99295,64.65807575757576
demo,D10,113,5,64.95094999999999,64.44395,63.40881011648088,63.41428765700681,63.3470235797882,64.95094999999999,63.372637878787856
demo,D10,114,5,64.74235,63.58535,63.37877077546831,63.28526349211635,63.30516673908234,64.74235,63.16411969696971
demo,D10,115,5,64.87595,63.397099999999995,63.07974919194713,63.19818667744315,63.19936885566712,64.87595,63.214221212121195
demo,D10,116,5,64.49835,64.37675,62.845449423072544,62.98609803000708,62.882318472480776,64.49835,62.83168787878787
demo,D10,117,5,64.0413,62.61115,62.46774640442701,62.52700860987349,62.4040234697342,64.0413,62.32136969696968
demo,D10,118,5,64.44395,63.051449999999996,62.3077185313376,62.48184640729185,62.54814249534607,64.44395,62.80675151515152
demo,D10,119,5,63.58535,61.6711,61.93324993019802,62.060582443034434,61.96146651420593,63.58535,61.94694090909089
demo,D10,120,5,63.397099999999995,61.45,61.802207692599794,61.91547434336452,61.78588285884857,63.397099999999995,61.897459090909095
demo,D10,121,5,64.37675,61.0272,62.03668534833453,62.43779206650608,62.50657213497162,64.37675,63.37793787878787
demo,D10,122,5,62.61115,61.456599999999995,60.61114158704513,61.159055718258735,61.04109356155396,62.61115,61.600604545454566
demo,D10,123,5,63.051449999999996,60.9058,60.65213728043851,60.93658347144681,60.912069544982906,63.051449999999996,62.006877272727245
demo,D10,124,5,61.6711,60.17885,60.01832093783026,60.182745837823944,60.04380033359528,61.6711,60.26162878787879
demo,D10,125,5,61.45,59.7594,59.942284523331935,59.97268399646632,59.824251008033755,61.45,59.846000000000004
demo,D10,126,5,61.0272,60.1101,59.6357210735998,59.56523699008968,59.40145100803375,61.0272,59.19512878787878
demo,D10,127,5,61.456599999999995,59.4788,59.649419951306726,59.70679757519323,59.6383135810852,61.456599999999995,59.5715893939394
demo,D10,128,5,60.9058,59.4686,59.47625228804817,59.47447963537363,59.2927309425354,60.9058,59.10849696969698
demo,D10,129,5,60.17885,58.70225,58.823219550627044,58.71688699008968,58.55310100803375,60.17885,58.19922878787878
demo,D10,130,5,59.7594,58.548100000000005,58.382245897545175,58.35031133044255,58.16776298465729,59.7594,57.626769696969696
demo,D10,131,5,60.1101,58.15865,58.73129888944496,58.71863240117822,58.651094167327884,60.1101,58.467122727272745
demo,D10,132,5,59.4788,57.554899999999996,57.7407246152085,57.90963958918615,57.832709373283386,59.4788,57.823354545454535
demo,D10,133,5,59.4686,57.372,57.678849932378476,57.91758710547616,57.780773008918764,59.4686,58.13451060606061
demo,D10,134,5,58.70225,56.73264999999999,56.805083287660885,57.02765559222743,56.94639122104645,58.70225,57.237537878787904
demo,D10,135,5,58.548100000000005,56.90845,56.749858421574984,56.87641975269595,56.78706217346192,58.548100000000005,57.016954545454546
demo,D10,136,5,58.15865,56.66045,56.44896390871334,56.555377180204516,56.47007103672028,58.15865,56.48979696969697
demo,D10,137,5,57.554899999999996,56.40055,56.14622984173604,56.098456436060644,55.95443517913818,57.554899999999996,55.900665151515156
demo,D10,138,5,57.372,55.974500000000006,55.66506511624342,55.77322253917811,55.655623576164245,57.372,55.73536818181819
demo,D10,139,5,56.73264999999999,55.40665,55.06724793773899,54.993489012847164,54.99544687881469,56.73264999999999,54.911106060606016
demo,D10,140,5,56.90845,55.5809,55.05920565468761,55.085768237833456,55.08508288116455,56.90845,55.01898333333333
demo,D10,141,5,56.66045,55.052800000000005,54.93148007519301,54.91003904200737,54.9314608757019,56.66045,54.92510909090908
demo,D10,142,5,56.40055,54.87105,54.463706329206204,54.643102578997045,54.67722272090912,56.40055,54.7470893939394
demo,D10,143,5,55.974500000000006,54.5588,54.34850813635902,54.22172053190759,54.24211913299561,55.974500000000006,54.469884848484845
demo,D10,144,5,55.40665,53.754250000000006,53.57268446643208,53.63708814749255,53.643926196479796,55.40665,53.852325757575755
demo,D10,145,5,55.5809,53.576449999999994,53.51298172716975,53.77756602331915,53.82340042438507,55.5809,54.1727393939394
demo,D10,146,5,55.052800000000005,53.36015,53.37055158574518,53.41042428885015,53.31821113853455,55.052800000000005,53.696789393939405
demo,D10,147,5,54.87105,52.45035,52.841742246618374,53.00864330948319,52.96557891349792,54.87105,53.50460454545453
demo,D10,148,5,54.5588,52.1239,52.66244029084572,52.9556189445899,52.824473756599424,54.5588,53.19845151515152
demo,D10,149,5,53.754250000000006,51.7387,51.898029598932084,52.10605393731734,52.07927734661103,53.754250000000006,52.1379560606061
demo,D10,150,5,53.576449999999994,51.7621,51.91854470321497,51.95639724940792,51.79392386455535,53.576449999999994,51.894828787878794
demo,D11,6,5,91.59140000000001,90.50645,90.21568367733497,90.3970182371151,90.48024687423707,91.59140000000001,90.27142857142861
demo,D11,7,5,91.71325,89.75595,89.85854153529496,90.36421760744471,90.4863577671051,91.71325,90.39892857142857
demo,D11,8,5,91.11955,90.55290000000001,89.40581756163488,89.72563917713929,89.931681524086,91.11955,89.66973452380957
demo,D11,9,5,91.32915,89.5957,89.30009337470058,89.82448522241641,89.9307901052475,91.32915,89.98262499999998
demo,D11,10,5,91.8993,89.0709,89.49629776648466,89.95331142097439,90.07084014110565,91.8993,90.83430151515151
demo,D11,11,5,90.50645,88.69505,88.67863795070609,89.20957648801676,89.25206595916748,90.50645,89.39845151515152
demo,D11,12,5,89.75595,88.28385,87.95164522416522,88.36782963772967,88.24327757568359,89.75595,88.27086666666666
demo,D11,13,5,90.55290000000001,87.88725,88.38424066189876,88.72503651864363,88.69369451560975,90.55290000000001,89.11165151515154
demo,D11,14,5,89.5957,87.54335,88.04015998221813,88.3849416991535,88.25223216838836,89.5957,88.32553333333331
demo,D11,15,5,89.0709,87.9464,87.30819827244461,87.77824069065237,87.6879517206192,89.0709,87.66323181818181
demo,D11,16,5,88.69505,86.93889999999999,86.90698798185525,87.2322667563779,87.26839172725677,88.69505,87.02955606060607
demo,D11,17,5,88.28385,86.12645,86.66959039986548,86.92577948927462,86.81332080135346,88.28385,86.46453787878788
demo,D11,18,5,87.88725,86.07495,86.28352938519784,86.51886771744104,86.43520265197753,87.88725,85.81589848484847
demo,D11,19,5,87.54335,86.3614,86.1372862712071,86.19182527429774,86.06046869239808,87.54335,85.39193181818183
demo,D11,20,5,87.9464,85.66460000000001,86.32700912401832,86.57334749268291,86.51713426246643,87.9464,86.24433030303031
demo,D11,21,5,86.93889999999999,85.35625,85.22849206353358,85.523736693772,85.53122020378112,86.93889999999999,85.18669242424242
demo,D11,22,5,86.12645,85.4025,84.56344166436354,84.6865473391222,84.62301283855439,86.12645,84.06857575757576
demo,D11,23,5,86.07495,84.4725,84.6992697351813,84.637392626458,84.55608059997559,86.07495,84.18298333333334
demo,D11,24,5,86.3614,84.54845,84.40595596763278,84.86696699580459,84.80010449066162,86.3614,84.66578787878787
demo,D11,25,5,85.66460000000001,83.81045,83.73213890603493,84.19321702757757,84.11060117206574,85.66460000000001,83.99639090909092
demo,D11,26,5,85.35625,83.8347,83.40695682217722,83.87212104362891,83.79264171123505,85.35625,83.71250757575758
demo,D11,27,5,85.4025,83.1948,83.04365832811311,83.847354857035,83.73411628246308,85.4025,83.86112272727273
demo,D11,28,5,84.4725,82.88895,82.3958771007256,82.97122239810884,82.91978016853332,84.4725,82.82227878787879
demo,D11,29,5,84.54845,82.85575,82.55743579266948,83.02097164076848,82.91201735229492,84.54845,82.90241969696972
demo,D11,30,5,83.81045,83.9421,82.009391335277,82.31544185271305,82.2371862356186,83.81045,82.28319696969697
demo,D11,31,5,83.8347,81.85405,81.51439104151147,82.27585431559541,82.22566796512604,83.8347,82.3476681818182
demo,D11,32,5,83.1948,81.40785000000001,81.00343357113357,81.62609411345956,81.57619486312866,83.1948,81.49078787878787
demo,D11,33,5,82.88895,81.6739,80.79682372427317,81.34615498254766,81.34444893379211,82.88895,81.04505303030304
demo,D11,34,5,82.85575,81.0149,80.86033926503416,81.33945211166785,81.34053496074677,82.85575,81.15148787878789
demo,D11,35,5,83.9421,80.36385,81.25554241486176,81.827953009264,81.60224385223388,83.9421,82.65394696969697
demo,D11,36,5,81.85405,79.92755,79.85403926762226,80.27536226180042,80.24985738544464,81.85405,80.41414848484847
demo,D11,37,5,81.40785000000001,80.0724,79.50483127017816,79.8628724100349,79.84199306640626,81.40785000000001,79.92218030303032
demo,D11,38,5,81.6739,79.4402,79.56853887535152,80.02054565194962,79.90982758178711,81.6739,80.1471212121212
demo,D11,39,5,81.0149,78.99635,79.0922187126351,79.47913685244836,79.48942712059021,81.0149,79.46221363636361
demo,D11,40,5,80.36385,78.71894999999999,78.45847080364538,78.84864443795787,78.81595254192352,80.36385,78.57585151515151
demo,D11,41,5,79.92755,78.42405,78.26285629161349,78.41045241929069,78.38001636867523,79.92755,78.00221666666667
demo,D11,42,5,80.0724,77.9432,78.09027019765858,78.51566588315977,78.4613194726944,80.0724,78.07273333333335
demo,D11,43,5,79.4402,77.958,77.66355918684654,77.91423541723448,77.8578869392395,79.4402,77.28106818181818
demo,D11,44,5,78.99635,77.61065,77.37460034375735,77.50741592787912,77.43614716300965,78.99635,76.75465151515154
demo,D11,45,5,78.71894999999999,77.56805,77.50152947853243,77.20710594558935,77.28354248065948,78.71894999999999,76.91504999999998
demo,D11,46,5,78.42405,76.91485,76.42337976004272,76.88284112682734,76.85763039855956,78.42405,76.59805909090909
demo,D11,47,5,77.9432,76.1387,75.85634210332998,76.39272106286386,76.37682820148468,77.9432,76.02312272727272
demo,D11,48,5,77.958,75.9762,75.86708240160254,76.43186511020532,76.36998647022247,77.958,76.24653484848487
demo,D11,49,5,77.61065,75.70265,75.46859873139462,76.07759684216344,76.0088331073761,77.61065,76.01860454545455
demo,D11,50,5,77.56805,75.3385,75.0410869912632,75.87791517335539,75.7618452041626,77.56805,76.07310757575756
demo,D11,51,5,76.91485,74.9384,74.53756420299892,75.30299752432364,75.22969079360962,76.91485,75.36287424242424
demo,D11,52,5,76.1387,74.483,74.21070200853663,74.61215186734321,74.5512907421112,76.1387,74.54888484848483
demo,D11,53,5,75.9762,74.51015,73.72331947694822,74.44550668318577,74.3888262664795,75.9762,74.3319
demo,D11,54,5,75.70265,73.38974999999999,73.45899067699999,74.11612051703447,74.08842044010163,75.70265,73.99125
demo,D11,55,5,75.3385,73.13300000000001,73.13474664450412,73.81233550916744,73.77212820148468,75.3385,73.56783787878787
demo,D11,56,5,74.9384,72.74249999999999,72.86832523856113,73.42084389776484,73.33695802059174,74.9384,73.10593333333333
demo,D11,57,5,74.483,72.32300000000001,72.38581526552562,72.96730947354324,72.874521692276,74.483,72.51549696969698
demo,D11,58,5,74.51015,71.46265000000001,72.35154296890968,72.97212736292278,72.89545933856964,74.51015,72.62965757575756
demo,D11,59,5,73.38974999999999,72.09689999999999,71.64411352353999,71.88264285987168,71.78946697330474,73.38974999999999,71.38388181818179
demo,D11,60,5,73.13300000000001,72.03665000000001,71.69138714100949,71.62883379885164,71.54688559341432,73.13300000000001,71.17334545454547
demo,D11,61,5,72.74249999999999,70.98375,70.89375841428831,71.26492460778373,71.15546565532684,72.74249999999999,70.77361666666665
demo,D11,62,5,72.32300000000001,70.1294,70.43715022277577,70.79583865925784,70.71507637310029,72.32300000000001,70.22463181818183
demo,D11,63,5,71.46265000000001,70.3647,69.97956153043886,69.98395624240588,69.90149694576264,71.46265000000001,69.17724393939396
demo,D11,64,5,72.09689999999999,69.5647,70.0785219252342,70.57308791393959,70.50690139713286,72.09689999999999,69.97979848484849
demo,D11,65,5,72.03665000000001,69.0807,69.72876186360807,70.45448690769938,70.40213984050752,72.03665000000001,70.1685681818182
demo,D11,66,5,70.98375,69.10035,68.8474787806868,69.48033733568798,69.39708615779877,70.98375,69.14427878787879
demo,D11,67,5,70.1294,68.4517,68.31313532991211,68.6248498230581,68.55690477790833,70.1294,68.1734106060606
demo,D11,68,5,70.3647,68.10885,68.23868577854425,68.83256982338794,68.76993517131805,70.3647,68.6292696969697
demo,D11,69,5,69.5647,67.95125,67.4428823098394,68.04544816521273,67.97395109386444,69.5647,67.70941969696969
demo,D11,70,5,69.0807,67.75765,67.04301528142825,67.56741122756567,67.50711580104827,69.0807,67.11980757575758
demo,D11,71,5,69.10035,67.78285,66.8648891944006,67.55121482881995,67.5158134475708,69.10035,67.15463181818183
demo,D11,72,5,68.4517,66.45425,66.33035231354768,66.9342903015453,66.87419977588654,68.4517,66.42515454545456
demo,D11,73,5,68.10885,66.37465,65.99956735284165,66.53950776892529,66.48000001678467,68.10885,65.85581363636366
demo,D11,74,5,67.95125,66.1448,66.01855527774421,66.42963927563383,66.33680765151978,67.95125,65.84341818181818
demo,D11,75,5,67.75765,66.0366,65.81775822958954,66.22673274068636,66.12603293075561,67.75765,65.97339090909092
demo,D11,76,5,67.78285,64.89049999999999,65.25632779473587,66.16634648104034,66.09086022052765,67.78285,66.23740303030303
demo,D11,77,5,66.45425,64.73,64.18471625342572,64.87098046388815,64.80954816150665,66.45425,64.69448030303032
demo,D11,78,5,66.37465,64.79105,64.17904359992947,64.8119690535292,64.73432791080475,66.37465,64.68001818181818
demo,D11,79,5,66.1448,64.6425,63.80031327678002,64.5385785477483,64.48385792236328,66.1448,64.42777424242425
demo,D11,80,5,66.0366,63.36429999999999,63.55333593742308,64.39781492511221,64.34932196769715,66.0366,64.31360454545454
demo,D11,81,5,64.89049999999999,63.05165,62.88357767943907,63.344092246944584,63.276057651519764,64.89049999999999,63.04000303030302
demo,D11,82,5,64.73,62.998050000000006,62.63439415067288,63.19137383115034,63.097778658866886,64.73,62.74715454545455
demo,D11,83,5,64.79105,62.3202,62.58923963316607,63.183013229237304,63.12520579795837,64.79105,62.80378030303032
demo,D11,84,5,64.6425,61.875,62.212290707359216,63.06837650497389,62.98369212627411,64.6425,62.75883787878789
demo,D11,85,5,63.36429999999999,61.7847,61.42628710640922,61.837641435122734,61.74614916973113,63.36429999999999,61.37164242424244
demo,D11,86,5,63.05165,61.7842,61.23714773277811,61.492712384985815,61.54971046485901,63.05165,61.139392424242445
demo,D11,87,5,62.998050000000006,60.533950000000004,60.665081642658336,61.39818708447372,61.36373796634675,62.998050000000006,60.995446969696964
demo,D11,88,5,62.3202,60.9831,60.16102155819054,60.766489358561294,60.71128192920685,62.3202,60.22531666666667
demo,D11,89,5,61.875,59.967400000000005,59.975147041401726,60.28890538928987,60.26608192920685,61.875,59.73552575757575
demo,D11,90,5,61.7847,59.8492,59.907552608584794,60.199214779245175,60.16804321975708,61.7847,59.798716666666685
demo,D11,91,5,61.7842,59.82775,59.311027568339,60.148209034156075,60.124368118476866,61.7842,59.827228787878795
demo,D11,92,5,60.533950000000004,59.052499999999995,58.490459294056436,58.94163868233038,58.887502699089055,60.533950000000004,58.39977424242424
demo,D11,93,5,60.9831,58.4695,58.75608743930868,59.360992353871794,59.34618681964874,60.9831,59.06887121212122
demo,D11,94,5,59.967400000000005,58.377449999999996,57.965757994171376,58.3688194130608,58.38120429267884,59.967400000000005,58.177377272727256
demo,D11,95,5,59.8492,57.71275,57.36289773923225,58.25466500443585,58.212286819648746,59.8492,58.0084196969697
demo,D11,96,5,59.82775,57.523199999999996,57.24927544943923,58.17726049568247,58.16425028705597,59.82775,58.03918181818182
demo,D11,97,5,59.052499999999995,56.90690000000001,56.70167831318744,57.48004649214285,57.439855327606196,59.052499999999995,57.28223333333332
demo,D11,98,5,58.4695,56.82755,56.175287743165164,56.85287847786588,56.81548100185394,58.4695,56.571709090909096
demo,D11,99,5,58.377449999999996,55.7513,55.976367794262735,56.78003008033124,56.73999000663757,58.377449999999996,56.41200606060606
demo,D11,100,5,57.71275,55.46529999999999,55.570149847578975,56.12821784900018,56.04919688129425,57.71275,55.68024393939395
demo,D11,101,5,57.523199999999996,54.94584999999999,55.54633173076493,55.9047683770841,55.851656878662105,57.523199999999996,55.618554545454536
demo,D11,102,5,56.90690000000001,54.95025,54.58668199897325,55.32810980676896,55.273413967514045,56.90690000000001,54.80352575757577
demo,D11,103,5,56.82755,54.106350000000006,54.6425602205857,55.25983978413188,55.21269089584351,56.82755,54.873343939393926
demo,D11,104,5,55.7513,53.955149999999996,53.77926407242129,54.17045163822267,54.10245587711334,55.7513,53.56602424242425
demo,D11,105,5,55.46529999999999,53.95435,53.63062924081597,53.87639250900241,53.838614499855034,55.46529999999999,53.18707575757575
demo,D11,106,5,54.94584999999999,53.799850000000006,53.09904892413364,53.36736720758084,53.44241212329864,54.94584999999999,52.69154999999999
demo,D11,107,5,54.95025,52.654500000000006,52.7354899535305,53.3623039673536,53.30939587974548,54.95025,52.75853030303029
demo,D11,108,5,54.106350000000006,52.16094999999999,52.159819979833685,52.54546285979771,52.47167449722291,54.106350000000006,51.80134393939397
demo,D11,109,5,53.955149999999996,52.2161,52.07978179071419,52.3942628597977,52.36219822540283,53.955149999999996,51.72937121212123
demo,D11,110,5,53.95435,52.2417,51.54266730702769,52.35311290306808,52.305855279541014,53.95435,51.85403181818183
demo,D11,111,5,53.799850000000006,51.29435,51.26250928720517,52.182107638895026,52.14336527690888,53.799850000000006,51.94745454545455
demo,D11,112,5,52.654500000000006,50.91055,50.46449304926801,51.06424404491869,51.01364587974549,52.654500000000006,50.757883333333346
demo,D11,113,5,52.16094999999999,50.90175,50.03091015760278,50.559200422215206,50.57005291671752,52.16094999999999,50.31677878787878
demo,D11,114,5,52.2161,50.36985000000001,49.6241135228347,50.57663115632616,50.53691627845764,52.2161,50.3634893939394
demo,D11,115,5,52.2417,49.8253,49.43616251842549,50.56332228641912,50.532263225746156,52.2417,50.506553030303024
demo,D11,116,5,51.29435,49.1137,48.86908769260998,49.70130096198095,49.623156281089784,51.29435,49.44051818181819
demo,D11,117,5,50.91055,49.015350000000005,48.479690187533606,49.33788969713554,49.28470456771851,50.91055,49.05613030303029
demo,D11,118,5,50.90175,48.05995,48.29461066978127,49.223419514370754,49.19597974586487,50.90175,49.007872727272726
demo,D11,119,5,50.36985000000001,47.870200000000004,47.86270316546412,48.72810657419769,48.69066627845765,50.36985000000001,48.435269696969684
demo,D11,120,5,49.8253,48.075250000000004,47.583084253599864,48.24895590791304,48.178150317955016,49.8253,47.918527272727275
demo,D11,121,5,49.1137,47.62435,47.14091819501178,47.502282846578154,47.5001039182663,49.1137,47.23940757575757
demo,D11,122,5,49.015350000000005,46.95245,46.61780883348724,47.378337421233546,47.35334099922181,49.015350000000005,47.04894090909094
demo,D11,123,5,48.05995,45.82925,45.947828509321845,46.447783662695784,46.40558159942627,48.05995,45.79689848484847
demo,D11,124,5,47.870200000000004,45.631949999999996,45.95040916334154,46.26819043988215,46.22163601894379,47.870200000000004,45.52568484848485
demo,D11,125,5,48.075250000000004,45.37635,45.82528030632188,46.46308366269579,46.420881599426274,48.075250000000004,45.977115151515164
demo,D11,126,5,47.62435,45.1139,45.22816195873289,46.03702476606244,45.996326017951965,47.62435,45.58635151515152
demo,D11,127,5,46.95245,44.375,44.72220642883148,45.35284425028588,45.29808159942627,46.95245,44.88583333333334
demo,D11,128,5,45.82925,44.2604,44.083070640365996,44.24708341835836,44.334938667297365,45.82925,43.6646393939394
demo,D11,129,5,45.631949999999996,44.448100000000004,43.63557721626643,44.02994043988214,44.11413929767608,45.631949999999996,43.4456606060606
demo,D11,130,5,45.37635,43.6212,43.221300532054784,43.77119813218984,43.73615021953583,45.37635,43.20430151515153
demo,D11,131,5,45.1139,43.14915,42.76711161159653,43.50487597038809,43.45953159942627,45.1139,42.91694848484851
demo,D11,132,5,44.375,42.3602,42.330564572933525,42.81042907057521,42.76304006576538,44.375,42.161256060606036
demo,D11,133,5,44.2604,41.75525,41.79223920510941,42.673074766062435,42.60721129455566,44.2604,41.96137575757576
demo,D11,134,5,44.448100000000004,41.4594,41.743350649022375,42.805360545980896,42.779323964691166,44.448100000000004,42.28201212121214
demo,D11,135,5,43.6212,40.90445,41.383269366923585,42.019190439882145,41.98100021953583,43.6212,41.6382803030303
demo,D11,136,5,43.14915,41.010600000000004,40.858385291968865,41.53454331093421,41.508950219535826,43.14915,41.3403
demo,D11,137,5,42.3602,40.6826,40.01748969862417,40.765436289410424,40.738048148345946,42.3602,40.5575090909091
demo,D11,138,5,41.75525,39.8566,39.33272349677942,40.14622597038809,40.100881599426266,41.75525,39.697649999999996
demo,D11,139,5,41.4594,39.7688,39.20221474317861,39.89246350121703,39.82143503608704,41.4594,39.247346969696935
demo,D11,140,5,40.90445,39.742850000000004,38.885386104212714,39.30244043988214,39.27057486839294,40.90445,38.55427575757576
demo,D11,141,5,41.010600000000004,40.5728,38.65134472514988,39.447347290439524,39.365051894760136,41.010600000000004,38.73479545454546
demo,D11,142,5,40.6826,38.687149999999995,38.20295268067143,39.07767911384559,39.00341627845764,40.6826,38.39409545454545
demo,D11,143,5,39.8566,37.9797,37.77214372702971,38.29202907057521,38.222724868392945,39.8566,37.515704545454525
demo,D11,144,5,39.7688,37.82915,37.628574783808624,38.20862391128172,38.19590793018341,39.7688,37.68103181818181
demo,D11,145,5,39.742850000000004,37.58835,37.194455136176536,38.14401561259066,38.08636527690888,39.742850000000004,37.90909242424243
demo,D12,6,5,97.3784,96.08529999999999,95.63625546325983,95.39201143702283,95.63655081596374,97.3784,95.94962142857143
demo,D12,7,5,96.7451,95.30675,95.39071484761934,95.17554555152574,95.29301688919067,96.7451,95.26996607142854
demo,D12,8,5,97.0603,95.9276,95.34864751989336,94.99555012917082,95.28966832904815,97.0603,95.82011250000002
demo,D12,9,5,95.80785,95.47685,94.75174293609571,94.38543147762338,94.42996930751801,95.80785,94.34249999999997
demo,D12,10,5,95.5419,95.3118,94.38755222722456,94.0877839348472,94.15267582836151,95.5419,93.96931818181818
demo,D12,11,5,96.08529999999999,94.8597,94.46419951268716,94.21608091656442,94.43954995422362,96.08529999999999,94.5987893939394
demo,D12,12,5,95.30675,94.07565,94.14324148007697,93.89274111387716,93.85501152324676,95.30675,93.96616666666665
demo,D12,13,5,95.9276,94.9988,94.06105913727862,93.86285012917082,94.04727527866363,95.9276,94.78199090909091
demo,D12,14,5,95.47685,94.31335,93.69628438630991,93.39384502986103,93.51226362285614,95.47685,94.35129545454545
demo,D12,15,5,95.3118,93.16980000000001,93.58605972135979,93.23809162785001,93.44713556461335,95.3118,94.27845
demo,D12,16,5,94.8597,93.84915000000001,93.31239707709648,93.12193515684706,93.22217539520264,94.8597,93.93592575757579
demo,D12,17,5,94.07565,93.32775,92.67387080524321,92.44885452154958,92.51005186977386,94.07565,92.98916818181817
demo,D12,18,5,94.9988,92.85624999999999,93.12542393609635,92.94513876090937,93.16089733486176,94.9988,94.26823030303031
demo,D12,19,5,94.31335,92.76325,92.39794259287432,92.23617064259466,92.2271044631958,94.31335,93.45920757575759
demo,D12,20,5,93.16980000000001,92.5209,91.82085311730134,91.37423609059273,91.47587640743257,93.16980000000001,91.88213333333336
demo,D12,21,5,93.84915000000001,92.0705,92.31214916696031,91.90822141052371,92.10257845916749,93.84915000000001,92.63813333333336
demo,D12,22,5,93.32775,92.30810000000001,91.79121245775129,91.33036292855138,91.47752264404296,93.32775,91.92719090909091
demo,D12,23,5,92.85624999999999,92.0462,91.71687745207872,91.38623517483116,91.33755846023558,92.85624999999999,91.46444696969695
demo,D12,24,5,92.76325,92.05685,91.48395778379782,91.12262684367317,91.2107129163742,92.76325,91.3907318181818
demo,D12,25,5,92.5209,90.9434,91.24288386820588,90.91215705785581,90.97017406311035,92.5209,91.21101515151516
demo,D12,26,5,92.0705,91.26145,90.79773634620634,90.50142761271533,90.51977406311035,92.0705,90.71885757575758
demo,D12,27,5,92.30810000000001,90.00845,90.77841079048684,90.3066089704236,90.32345379886628,92.30810000000001,90.88719242424243
demo,D12,28,5,92.0462,91.5816,90.73597904369531,90.46091167852111,90.49906977291107,92.0462,90.89944090909091
demo,D12,29,5,92.05685,90.3262,90.26591045185441,90.10991383856255,90.33152846870422,92.05685,91.13760606060606
demo,D12,30,5,90.9434,89.5994,89.39174707534622,89.02987445176237,89.21928200569153,90.9434,89.70357727272726
demo,D12,31,5,91.26145,89.88295,89.82064431944461,89.57157426166086,89.64011044044494,91.26145,90.14917272727274
demo,D12,32,5,90.00845,89.32515,88.91006222099415,88.53673170920771,88.52510353775024,90.00845,88.6650212121212
demo,D12,33,5,91.5816,88.911,89.56484774294289,89.5043222435104,89.39681391868591,91.5816,90.48006363636362
demo,D12,34,5,90.3262,89.10470000000001,88.62947430842445,88.56124082361976,88.68381284828186,90.3262,89.17042575757577
demo,D12,35,5,89.5994,88.23045,88.14542911747316,88.00510889960987,88.04623301448822,89.5994,88.25808636363638
demo,D12,36,5,89.88295,88.55675,88.29222324743247,87.97938532149087,88.12385254306793,89.88295,88.46035606060605
demo,D12,37,5,89.32515,87.4405,87.91971555004282,87.77172424607045,87.83144937648773,89.32515,87.88092727272726
demo,D12,38,5,88.911,87.8595,87.73950287033492,87.44502060035563,87.42131303405762,88.911,87.42568333333332
demo,D12,39,5,89.10470000000001,87.52499999999999,87.71093722237589,87.50013210858627,87.56795743198396,89.10470000000001,87.8246787878788
demo,D12,40,5,88.23045,87.0874,86.93561859211741,86.64490084698762,86.70476337833405,88.23045,86.72506060606061
demo,D12,41,5,88.55675,87.1031,87.09257430722991,86.9007768018603,87.00368231582641,88.55675,87.18542121212121
demo,D12,42,5,87.4405,86.69865,86.05141099501306,85.7589601499574,85.80553624916077,87.4405,85.64505454545454
demo,D12,43,5,87.8595,86.77470000000001,86.86507360154144,86.49936763529269,86.45593256664276,87.8595,86.43422727272727
demo,D12,44,5,87.52499999999999,86.36155,86.11287329534002,85.85856432673093,85.91595032215118,87.52499999999999,86.18578787878788
demo,D12,45,5,87.0874,86.06395,85.4313021834188,85.35516187731515,85.4811509059906,87.0874,85.64240606060604
demo,D12,46,5,87.1031,85.7498,85.60746909820944,85.48282437437626,85.54394358215332,87.1031,85.80336515151515
demo,D12,47,5,86.69865,85.25415,85.0857267701615,84.9777258099099,85.05665778865814,86.69865,85.4164121212121
demo,D12,48,5,86.77470000000001,85.0383,84.89899276506175,84.7920109900265,84.93341751308442,86.77470000000001,85.55183181818184
demo,D12,49,5,86.36155,84.9358,84.66607503853425,84.68524684562912,84.74914267330169,86.36155,85.27941363636363
demo,D12,50,5,86.06395,84.54129999999999,84.18021742452595,84.05774955171835,84.18827789802552,86.06395,84.91621666666667
demo,D12,51,5,85.7498,84.6582,83.98659604975427,84.0978799486552,84.18218115310668,85.7498,84.69086212121212
demo,D12,52,5,85.25415,84.63454999999999,83.53119620179869,83.24454171167578,83.39275201835632,85.25415,83.94686515151514
demo,D12,53,5,85.0383,83.8989,83.54896772812704,83.34486492240792,83.41985567646027,85.0383,83.69597272727273
demo,D12,54,5,84.9358,83.0952,83.41975992589828,83.21729461647797,83.26907376842499,84.9358,83.5899575757576
demo,D12,55,5,84.54129999999999,83.52834999999999,82.90604392336,82.80865039068287,82.89473706607818,84.54129999999999,83.09540606060605
demo,D12,56,5,84.6582,82.79990000000001,82.99712545286751,82.83833029700875,83.00116059608459,84.6582,83.30367878787878
demo,D12,57,5,84.63454999999999,82.38985,82.57019447847753,82.54230858763182,82.72390070037841,84.63454999999999,83.37831060606061
demo,D12,58,5,83.8989,82.92439999999999,82.55348421637197,82.2564866807221,82.34885105266571,83.8989,82.69075757575757
demo,D12,59,5,83.0952,82.3672,81.85034270870071,81.56088473556102,81.59599774856568,83.0952,81.75253787878788
demo,D12,60,5,83.52834999999999,82.17795,81.81025812095193,81.71499674247012,81.85204410991668,83.52834999999999,82.2680606060606
demo,D12,61,5,82.79990000000001,81.74755,81.38981374849006,81.14446061913281,81.21190470924378,82.79990000000001,81.47227121212123
demo,D12,62,5,82.38985,81.3092,80.94134653463394,80.77933431328127,80.83159754619598,82.38985,80.89661515151516
demo,D12,63,5,82.92439999999999,80.9787,81.03521751051106,80.97301395498003,81.066139487648,82.92439999999999,81.51298939393939
demo,D12,64,5,82.3672,81.02125,80.78423741113635,80.5982312690957,80.6914220878601,82.3672,80.97959848484848
demo,D12,65,5,82.17795,80.85175,80.37396358016272,80.36582136437933,80.46926150245666,82.17795,80.78671666666668
demo,D12,66,5,81.74755,80.21549999999999,80.26469421916886,80.09902765115962,80.15955470924378,81.74755,80.41750303030302
demo,D12,67,5,81.3092,80.58125000000001,79.79753825354156,79.7679376351275,79.80999774856568,81.3092,80.0893090909091
demo,D12,68,5,80.9787,79.62335,79.38613438611918,79.3034167942292,79.3885505973816,80.9787,79.7351484848485
demo,D12,69,5,81.02125,78.9869,79.11300595375188,78.90737157609117,79.10844658851623,81.02125,79.67472424242425
demo,D12,70,5,80.85175,78.61075,79.13330246941416,79.08653493762864,79.20975778865814,80.85175,79.62610000000001
demo,D12,71,5,80.21549999999999,78.3425,78.56133631832049,78.44741293743003,78.54877376842498,80.21549999999999,78.85660454545454
demo,D12,72,5,80.58125000000001,78.4459,78.57786127415032,78.4368117989818,78.53736000061036,80.58125000000001,79.20880606060611
demo,D12,73,5,79.62335,78.22115,78.28738734467117,78.11746417799867,78.12414774856568,79.62335,78.26390757575759
demo,D12,74,5,78.9869,78.2158,77.74111509808526,77.49776960527575,77.52470746459962,78.9869,77.48121212121212
demo,D12,75,5,78.61075,77.72225,77.4533805181359,77.12103684297803,77.1752030057907,78.61075,76.99801363636365
demo,D12,76,5,78.3425,77.70315,77.12535471505639,76.83880483007414,76.89190664768219,78.3425,76.62228333333334
demo,D12,77,5,78.4459,77.1825,76.90478320268996,76.80090331772762,76.89709261741638,78.4459,76.70665303030306
demo,D12,78,5,78.22115,76.89155,76.65014845517256,76.52563856167063,76.64736970176696,78.22115,76.46494393939393
demo,D12,79,5,78.2158,76.4322,76.55481403943068,76.52867167165898,76.64809234218598,78.2158,76.62248333333332
demo,D12,80,5,77.72225,76.74980000000001,76.14839985262294,76.13676155990994,76.20360447502136,77.72225,76.27074545454543
demo,D12,81,5,77.70315,75.58065,75.9008847328454,75.86106792633524,76.02684410991668,77.70315,76.36583181818182
demo,D12,82,5,77.1825,75.84715,75.7069922781171,75.63835699457826,75.68720685958863,77.1825,76.09155303030305
demo,D12,83,5,76.89155,75.4185,74.97285959573281,75.15811158336201,75.27914267330169,76.89155,75.85430909090911
demo,D12,84,5,76.4322,75.42325,74.46123491111793,74.59845332478797,74.75038234920501,76.4322,75.27680151515152
demo,D12,85,5,76.74980000000001,74.89785,74.6053774105565,74.60657272603098,74.81055334548951,76.74980000000001,75.59230909090911
demo,D12,86,5,75.58065,75.67819999999999,73.85678325006928,73.86803331421503,73.99629226150513,75.58065,74.12557575757579
demo,D12,87,5,75.84715,74.25345,73.97694649330263,74.09609627484859,74.22711935844421,75.84715,74.36902575757574
demo,D12,88,5,75.4185,74.4654,73.79841357062325,73.7279355286199,73.83533030128478,75.4185,73.88300454545454
demo,D12,89,5,75.42325,73.76175,73.66380166655247,73.72447577365848,73.83673814964294,75.42325,73.99975303030301
demo,D12,90,5,74.89785,74.06505,73.27107135531043,73.19972805541548,73.30213388118744,74.89785,73.4477893939394
demo,D12,91,5,75.67819999999999,73.26855,73.49696085182332,73.51763183872302,73.76033019371032,75.67819999999999,74.57920757575756
demo,D12,92,5,74.25345,72.9057,72.57336392021274,72.56034765425034,72.6243623134613,74.25345,73.06613181818182
demo,D12,93,5,74.4654,72.56745,72.48205153195916,72.59224492639399,72.75347294368744,74.4654,73.32809545454545
demo,D12,94,5,73.76175,72.49175,72.05378871867977,71.98280685656526,72.10972990322114,73.76175,72.47647727272728
demo,D12,95,5,74.06505,71.85695,72.26209615049886,72.28610685656525,72.42444919948578,74.06505,72.98223939393938
demo,D12,96,5,73.26855,71.7878,71.45922002820095,71.27294085499297,71.4710304353714,73.26855,71.9439696969697
demo,D12,97,5,72.9057,71.4567,71.52158721701866,71.2560821178262,71.30850926227569,72.9057,71.4693515151515
demo,D12,98,5,72.56745,71.26155,71.06848242048444,70.92571059645579,70.9979782831192,72.56745,70.9624696969697
demo,D12,99,5,72.49175,70.9783,70.9019440730783,70.85650014427902,70.9222782831192,72.49175,70.87186666666666
demo,D12,100,5,71.85695,70.7028,70.38902413676692,70.28812337210675,70.32886977500915,71.85695,70.05156969696971
demo,D12,101,5,71.7878,70.31915,70.45492789765935,70.38500416537165,70.4002633550644,71.7878,70.22247727272728
demo,D12,102,5,71.4567,70.46940000000001,69.80488180852191,69.76583577109663,69.87139502449035,71.4567,69.802
demo,D12,103,5,71.26155,69.83315,69.72682891355859,69.69165887310736,69.74632113246918,71.26155,69.70439999999998
demo,D12,104,5,70.9783,70.19539999999999,69.31915147897051,69.27104217526248,69.3963371761322,70.9783,69.40107272727273
demo,D12,105,5,70.7028,69.1354,69.09591396849018,69.16606008464504,69.18184872894287,70.7028,69.30015303030304
demo,D12,106,5,70.31915,69.1145,68.63318386680002,68.64766336211126,68.68773189105987,70.31915,68.92472424242423
demo,D12,107,5,70.46940000000001,68.315,68.41669739703153,68.60441270387108,68.75986452045441,70.46940000000001,69.18197424242426
demo,D12,108,5,69.83315,68.65865,67.97698329241008,68.077983594959,68.20865699710846,69.83315,68.5141060606061
demo,D12,109,5,70.19539999999999,67.7323,68.00658793595403,68.16974664580198,68.39236867465972,70.19539999999999,69.08401515151516
demo,D12,110,5,69.1354,67.7851,67.34785716031989,67.38680815502501,67.49047905483246,69.1354,67.87015606060609
demo,D12,111,5,69.1145,67.27335,67.13651633820731,67.32816948844264,67.4408636827469,69.1145,67.83158939393941
demo,D12,112,5,68.315,67.1922,66.70477345250826,66.72182831177143,66.74516338348388,68.315,66.84802878787879
demo,D12,113,5,68.65865,66.6897,66.72843737537796,66.89235718788501,67.03126617183685,68.65865,67.22669696969696
demo,D12,114,5,67.7323,66.2265,66.19963076960806,66.15393700519546,66.23158295612335,67.7323,66.1460590909091
demo,D12,115,5,67.7851,66.08455,66.07389909928732,66.10251016425683,66.19343580493927,67.7851,66.16386515151514
demo,D12,116,5,67.27335,66.3308,65.934602446796,65.68321032394213,65.71666812858581,67.27335,65.52649999999998
demo,D12,117,5,67.1922,65.71045,65.63326106497291,65.62717772734618,65.68932884426117,67.1922,65.5322803030303
demo,D12,118,5,66.6897,65.521,65.22402044174093,65.1107111651881,65.14371537418366,66.6897,64.9662
demo,D12,119,5,66.2265,65.3015,64.91581090457647,64.80598590784331,64.8341488494873,66.2265,64.62435454545452
demo,D12,120,5,66.08455,64.40615,64.55802172729375,64.47973806482939,64.52786812858581,66.08455,64.45225151515153
demo,D12,121,5,66.3308,64.5969,64.50690959399552,64.59279807021078,64.71385747509002,66.3308,64.91344090909091
demo,D12,122,5,65.71045,64.23975,63.80616223647099,63.93499037571246,64.08091205997466,65.71045,64.24105303030304
demo,D12,123,5,65.521,63.95825000000001,63.71815329618486,63.894868552231394,63.933673234939576,65.521,64.22029848484848
demo,D12,124,5,65.3015,64.02839999999999,63.32897949049273,63.425838841798054,63.570738114357,65.3015,63.99100757575758
demo,D12,125,5,64.40615,62.922599999999996,62.79782463725057,62.846577113488216,62.87912608852386,64.40615,63.006601515151516
demo,D12,126,5,64.5969,63.05275,62.71307264783185,62.8212541850259,62.9314217704773,64.5969,63.19451969696971
demo,D12,127,5,64.23975,62.9453,62.377584169811094,62.513013024038315,62.61882028198242,64.23975,62.87229242424242
demo,D12,128,5,63.95825000000001,62.072,62.02355774936037,62.204628396474604,62.32148702335358,63.95825000000001,62.560378787878804
demo,D12,129,5,64.02839999999999,61.738400000000006,61.883710087420965,61.991137857642585,62.141361888313284,64.02839999999999,62.630389393939375
demo,D12,130,5,62.922599999999996,61.572700000000005,61.299034325162765,61.32603650634716,61.36436256656646,62.922599999999996,61.308769696969705
demo,D12,131,5,63.05275,61.45265,61.34440559894937,61.46801873822625,61.540433773040775,63.05275,61.53231212121214
demo,D12,132,5,62.9453,60.62805,61.131716875203026,61.207505020708915,61.344477312850955,62.9453,61.480836363636364
demo,D12,133,5,62.072,60.912200000000006,60.499078157161804,60.51514252893066,60.56479654026032,62.072,60.529772727272736
demo,D12,134,5,61.738400000000006,60.01945,60.40665979111228,60.23736038721002,60.26640536155701,61.738400000000006,60.16329090909094
demo,D12,135,5,61.572700000000005,60.524750000000004,59.83308172104924,59.85314659937098,59.978668427658086,61.572700000000005,59.83701363636363
demo,D12,136,5,61.45265,59.985299999999995,59.91635869966162,59.865244094937204,59.90666537418365,61.45265,59.75895303030303
demo,D12,137,5,60.62805,60.09915,59.25029067518614,59.11070468598013,59.1605139081955,60.62805,58.82296212121214
demo,D12,138,5,60.912200000000006,59.41945,59.32965748606823,59.29088682158927,59.357672240448004,60.912200000000006,59.19827424242426
demo,D12,139,5,60.01945,58.82064999999999,58.67016574552484,58.59387543303598,58.637103131484984,60.01945,58.36120151515149
demo,D12,140,5,60.524750000000004,58.3653,58.57960905883077,58.68460177422256,58.822904115676884,60.524750000000004,58.93435454545455
demo,D13,6,5,96.8185,94.9593,95.44002373493926,94.57072549337997,94.77939911460876,96.8185,94.06292142857144
demo,D13,7,5,96.54825,93.6482,94.89840933565141,94.28170448977156,94.54089311790466,96.54825,93.99125
demo,D13,8,5,96.12365,93.28365,94.37261261598495,93.82429181145493,94.05851928939819,96.12365,93.68555773809526
demo,D13,9,5,95.24415,93.2936,93.75841226227175,92.98297150230854,93.21350629844666,95.24415,92.73092083333331
demo,D13,10,5,95.02884999999999,92.5517,93.24371463188983,92.74870399415988,92.99106232414245,95.02884999999999,92.55573636363636
demo,D13,11,5,94.9593,93.547,92.82504963502316,92.52237420077616,92.83208199195862,94.9593,92.78411363636364
demo,D13,12,5,93.6482,91.8145,91.74976291502288,91.25369082945305,91.48204990692139,93.6482,91.2571090909091
demo,D13,13,5,93.28365,90.75609999999999,91.38941106002085,90.93304789813375,91.17668064346313,93.28365,90.8726984848485
demo,D13,14,5,93.2936,90.323,90.94641061662735,90.77896283117498,90.90883127555847,93.2936,90.86166212121209
demo,D13,15,5,92.5517,89.76855,90.48645554936209,90.16641758524057,90.42123115463257,92.5517,90.12015
demo,D13,16,5,93.547,89.3375,90.52706655129506,90.81188705710096,90.76794917297363,93.547,91.4768681818182
demo,D13,17,5,91.8145,89.32265000000001,89.61891008227367,89.39356427438354,89.64062943649292,91.8145,89.74147575757577
demo,D13,18,5,90.75609999999999,87.8875,88.87193253109271,88.42534802682601,88.63200265274047,90.75609999999999,88.53688939393938
demo,D13,19,5,90.323,87.51485,88.33130179252313,87.96667585682252,88.14870195198058,90.323,87.87162424242422
demo,D13,20,5,89.76855,86.93705,87.89217508517497,87.47006469788708,87.62666376571656,89.76855,87.16028030303032
demo,D13,21,5,89.3375,87.23925,87.54125831247606,87.07331372365704,87.25235333442689,89.3375,86.7504
demo,D13,22,5,89.32265000000001,86.10475,86.99665376744294,86.87100026257205,86.91655592575074,89.32265000000001,86.65635151515154
demo,D13,23,5,87.8875,85.6599,86.17728043127741,85.58995862522399,85.73126502037049,87.8875,84.89123636363637
demo,D13,24,5,87.51485,84.74074999999999,85.89585155568282,85.25781607053386,85.38103041992187,87.51485,84.41734545454544
demo,D13,25,5,86.93705,84.61215,85.29621688652917,84.67082878712407,84.8292185218811,86.93705,83.68365
demo,D13,26,5,87.23925,84.41505000000001,85.48575307046416,84.98011039707607,85.15987020301819,87.23925,84.58442121212121
demo,D13,27,5,86.10475,83.6938,83.95555120697526,83.80707248229216,83.94247873878479,86.10475,83.54387121212122
demo,D13,28,5,85.6599,83.04690000000001,83.342687696784,83.3484074671971,83.51878171195983,85.6599,83.06489393939394
demo,D13,29,5,84.74074999999999,82.06975,82.60590794613175,82.45581597582002,82.63895480346679,84.74074999999999,82.02543333333331
demo,D13,30,5,84.61215,81.8994,82.29468245186882,82.28134054716651,82.40667991485596,84.61215,81.8949515151515
demo,D13,31,5,84.41505000000001,81.4991,81.88310674244741,82.0354602378976,82.19453760986329,84.41505000000001,81.81104090909092
demo,D13,32,5,83.6938,80.61335,81.33577854317022,81.36673272511445,81.54144075279235,83.6938,81.29965606060605
demo,D13,33,5,83.04690000000001,80.56185,80.50849498237888,80.64130518267308,80.81616517486573,83.04690000000001,80.54895303030304
demo,D13,34,5,82.06975,80.08415,79.75760333265586,79.78271277032202,79.90747873878479,82.06975,79.37065757575758
demo,D13,35,5,81.8994,79.11195,79.48795532575633,79.55842472752487,79.69996619644165,81.8994,79.0901090909091
demo,D13,36,5,81.4991,78.93894999999999,79.30720119532106,79.23347249037583,79.33682873878479,81.4991,78.87648333333333
demo,D13,37,5,80.61335,78.1377,78.22673544381249,78.31142317384162,78.45711502037048,80.61335,77.9055606060606
demo,D13,38,5,80.56185,77.9629,77.91827193731193,78.23528195272566,78.38483159599305,80.56185,77.93937121212122
demo,D13,39,5,80.08415,77.6759,77.42663626149856,77.58958473935806,77.73430220642089,80.08415,77.41928939393938
demo,D13,40,5,79.11195,76.18325,76.73962804598335,76.81950264942013,76.96562703437804,79.11195,76.37891363636363
demo,D13,41,5,78.93894999999999,76.18665,76.82459219551365,76.63012855799731,76.77024930496215,78.93894999999999,76.3582015151515
demo,D13,42,5,78.1377,75.7906,75.8597297628284,75.82887855799731,75.96899930496215,78.1377,75.58218484848484
demo,D13,43,5,77.9629,74.55000000000001,75.29260997401963,75.57466200827301,75.74496419944764,77.9629,75.50604545454546
demo,D13,44,5,77.6759,74.1096,74.77431515368144,75.0630006382702,75.190308826828,77.6759,75.2218378787879
demo,D13,45,5,76.18325,73.546,73.94867801990613,73.88817983774148,73.99771194648743,76.18325,73.53440454545454
demo,D13,46,5,76.18665,73.1207,73.73713710366172,73.87280883413305,74.00111194648743,76.18665,73.55694848484849
demo,D13,47,5,75.7906,72.4911,73.2793968921174,73.38028806121469,73.53659838256836,75.7906,73.09874545454542
demo,D13,48,5,74.55000000000001,71.97485,72.41583173307502,72.25492983774149,72.3603222846985,74.55000000000001,71.73276818181823
demo,D13,49,5,74.1096,71.72095,71.94067137533955,71.82124023774148,71.87748973808289,74.1096,71.25200303030304
demo,D13,50,5,73.546,70.3349,71.23823156288842,71.23215883413306,71.31388973808289,73.546,70.53235606060606
demo,D13,51,5,73.1207,70.04445,71.05001864567349,70.82562983774147,70.93102228469849,73.1207,70.11468181818182
demo,D13,52,5,72.4911,69.9695,70.26072329218185,70.20274023774148,70.25898973808289,72.4911,69.40653636363636
demo,D13,53,5,71.97485,69.36515,69.79858308255945,69.67977983774148,69.75470644340515,71.97485,68.95489696969696
demo,D13,54,5,71.72095,68.31150000000001,69.27236849977488,69.42587983774148,69.49487601966858,71.72095,68.96360757575758
demo,D13,55,5,70.3349,68.2256,68.10574823803245,68.03561008016572,68.10882601966858,70.3349,67.3255106060606
demo,D13,56,5,70.04445,67.88335,67.90409755172102,67.74516008016572,67.85477228469848,70.04445,67.05937878787879
demo,D13,57,5,69.9695,66.8971,67.47860877450175,67.69093890940323,67.78369801712036,69.9695,67.22854393939394
demo,D13,58,5,69.36515,66.8635,66.66016101948995,67.01500868531897,67.08984091415405,69.36515,66.64274696969697
demo,D13,59,5,68.31150000000001,66.0242,65.80404608294248,66.01221008016573,66.10271828079225,68.31150000000001,65.48772424242424
demo,D13,60,5,68.2256,65.702,65.48199677876914,65.9142494765573,65.97438573417664,68.2256,65.44055757575758
demo,D13,61,5,67.88335,64.3416,65.06127874512217,65.54595580470342,65.5755706878662,67.88335,65.22438181818181
demo,D13,62,5,66.8971,64.0405,64.16482614983978,64.58756994001884,64.63467576942443,66.8971,64.20277727272727
demo,D13,63,5,66.8635,63.77605,63.99108470550076,64.4982109123586,64.55194652175904,66.8635,64.29160606060607
demo,D13,64,5,66.0242,62.902899999999995,63.331510370510635,63.68889389305279,63.75584534568786,66.0242,63.57098030303029
demo,D13,65,5,65.702,61.76235,62.565075623669635,63.15844120317445,63.24003253173828,65.702,63.162822727272726
demo,D13,66,5,64.3416,61.83685,61.79875034526982,62.049020480165716,62.06720906410217,64.3416,61.529412121212125
demo,D13,67,5,64.0405,60.8264,61.535603206318754,61.741210080165715,61.78073056030273,64.0405,61.19382727272726
demo,D13,68,5,63.77605,60.1541,61.19194456421042,61.46763319735872,61.507695345687864,63.77605,60.98065303030304
demo,D13,69,5,62.902899999999995,59.431250000000006,60.468968361092905,60.5915494765573,60.62850906410217,62.902899999999995,59.908163636363625
demo,D13,70,5,61.76235,59.72,59.642998585323625,59.46306008016572,59.493995345687864,61.76235,58.55637575757575
demo,D13,71,5,61.83685,58.524750000000004,59.537972388275804,59.5386733375056,59.568495345687865,61.83685,58.71758484848485
demo,D13,72,5,60.8264,58.28645,58.68294506421154,58.53420530516572,58.55200906410217,60.8264,57.55597121212123
demo,D13,73,5,60.1541,57.770500000000006,58.06047794689464,57.85519490516572,57.885745345687866,60.1541,56.90587424242427
demo,D13,74,5,59.431250000000006,57.054700000000004,57.31243260019757,57.14327292055034,57.15685906410218,59.431250000000006,56.134949999999996
demo,D13,75,5,59.72,56.503550000000004,57.125393700542396,57.42655968194792,57.44560906410217,59.72,56.746548484848496
demo,D13,76,5,58.524750000000004,55.936350000000004,55.988294741300216,56.21575523824151,56.227925306320195,58.524750000000004,55.457248484848506
demo,D13,77,5,58.28645,55.26995,55.61005222345392,55.99204424543477,56.012059064102175,58.28645,55.31207727272731
demo,D13,78,5,57.770500000000006,54.406,55.05492141158019,55.468861778154825,55.50214534568787,57.770500000000006,55.00912272727274
demo,D13,79,5,57.054700000000004,53.78385,54.32170643024729,54.73487210576173,54.69485698432923,57.054700000000004,54.384022727272736
demo,D13,80,5,56.503550000000004,53.41074999999999,53.424813332220396,54.161574170351265,54.169562763977055,56.503550000000004,53.747512121212104
demo,D13,81,5,55.936350000000004,52.8071,52.99966134760554,53.63136518847367,53.64556158790589,55.936350000000004,53.2838090909091
demo,D13,82,5,55.26995,52.375499999999995,52.39413551923156,52.93436057729321,52.979161587905885,55.26995,52.55995000000001
demo,D13,83,5,54.406,51.978049999999996,51.69298047333541,52.10488384543476,52.137645345687865,54.406,51.51557272727273
demo,D13,84,5,53.78385,51.150600000000004,51.00017832896111,51.470732505761724,51.41797070274353,53.78385,50.65073787878788
demo,D13,85,5,53.41074999999999,50.203149999999994,50.84692133688618,51.08980884842183,51.04487070274352,53.41074999999999,50.37171515151517
demo,D13,86,5,52.8071,49.1901,50.12593779703714,50.49810523824151,50.44122070274353,52.8071,49.68147272727274
demo,D13,87,5,52.375499999999995,49.01085,49.663553931500275,50.07438384543476,50.10714534568786,52.375499999999995,49.31266212121209
demo,D13,88,5,51.978049999999996,48.2344,49.24035796167732,49.6623448382415,49.68726158790588,51.978049999999996,49.055862121212115
demo,D13,89,5,51.150600000000004,47.8139,48.45100558265801,48.83785287567467,48.85981158790589,51.150600000000004,48.25585151515151
demo,D13,90,5,50.203149999999994,47.50005,47.776430371812104,47.88623702390688,47.837270702743524,50.203149999999994,47.251553030303036
demo,D13,91,5,49.1901,46.846149999999994,46.844302498700934,46.866476623906884,46.830256984329225,49.1901,46.09814393939395
demo,D13,92,5,49.01085,46.77085,46.49551761203807,46.68722662390688,46.65100698432922,49.01085,45.916378787878784
demo,D13,93,5,48.2344,46.4795,45.81106054837724,45.91458204150238,45.943611587905885,48.2344,45.0170106060606
demo,D13,94,5,47.8139,45.56855,45.247654822287274,45.48616382716775,45.45405698432922,47.8139,44.525563636363614
demo,D13,95,5,47.50005,44.60015,44.758528436493755,45.17610930902259,45.140206984329225,47.50005,44.292619696969695
demo,D13,96,5,46.846149999999994,44.1003,44.18262181587203,44.52512422716775,44.480270702743525,46.846149999999994,43.69829696969696
demo,D13,97,5,46.77085,44.0991,43.72654990403,44.43287368702088,44.41100698432923,46.77085,43.8794409090909
demo,D13,98,5,46.4795,42.22745,43.19270976199427,44.11450837248791,44.119656984329225,46.4795,43.97226818181819
demo,D13,99,5,45.56855,41.80135,42.220984432016095,43.168722640211215,43.169060597229006,45.56855,43.25448333333335
demo,D13,100,5,44.60015,41.3179,41.472479714751884,42.202767148544545,42.24030698432922,44.60015,42.23762878787879
demo,D13,101,5,44.1003,40.5175,40.75243548836499,41.70656465936064,41.71709649353027,44.1003,41.55489393939393
demo,D13,102,5,44.0991,39.7892,40.67066595831337,41.65408768893228,41.717687255477905,44.0991,41.61920454545455
demo,D13,103,5,42.22745,39.59735,39.57726750303323,39.89971382716775,39.88444005126953,42.22745,39.34148030303028
demo,D13,104,5,41.80135,38.552550000000004,39.22439006161786,39.480324227167756,39.45230376968384,41.80135,38.61698787878789
demo,D13,105,5,41.3179,37.7751,38.839193151121975,38.99687422716776,38.96885376968384,41.3179,37.96307575757575
demo,D13,106,5,40.5175,37.27865,38.25487876409583,38.18976382716775,38.17449005126953,40.5175,36.930631818181816
demo,D13,107,5,39.7892,36.9242,37.74757706404635,37.46817422716776,37.44015376968384,39.7892,36.13011515151515
demo,D13,108,5,39.59735,36.0756,37.26672436500029,37.26961382716775,37.24830376968384,39.59735,36.13973939393942
demo,D13,109,5,38.552550000000004,35.682,36.26429942420632,36.22481382716776,36.209540051269535,38.552550000000004,35.12491818181821
demo,D13,110,5,37.7751,35.3072,35.46878815861822,35.447363827167756,35.43209005126953,37.7751,34.26782727272731
demo,D13,111,5,37.27865,34.67515,34.89304522452607,34.95091382716775,34.93995805015564,37.27865,33.80336363636364
demo,D13,112,5,36.9242,33.679500000000004,34.5116202876119,34.59646382716775,34.59154433174133,36.9242,33.797265151515155
demo,D13,113,5,36.0756,32.86065,33.36853735858865,33.747863827167755,33.73690805015564,36.0756,32.876539393939396
demo,D13,114,5,35.682,32.45235,32.856237574952516,33.35664735178575,33.35535724830628,35.682,32.53427424242426
demo,D13,115,5,35.3072,32.1941,32.26799943118706,32.988557751785756,32.97452096672058,35.3072,32.3183106060606
demo,D13,116,5,34.67515,31.63565,31.410426905717152,32.34979735178575,32.34850724830628,34.67515,31.770204545454547
demo,D13,117,5,33.679500000000004,30.8454,30.656699016587098,31.354147351785755,31.346820966720585,33.679500000000004,30.698272727272716
demo,D13,118,5,32.86065,30.46975,29.98320259906969,30.53529735178575,30.534007248306274,32.86065,29.88615303030304
demo,D13,119,5,32.45235,29.997049999999998,29.33583126147981,30.126997351785754,30.119670966720584,32.45235,29.43324696969694
demo,D13,120,5,32.1941,28.70145,28.90046312679168,29.858507211638873,29.867457248306273,32.1941,29.170518181818196
demo,D13,121,5,31.63565,28.65965,28.34812792200722,29.317007751785752,29.30297096672058,31.63565,28.628043939393937
demo,D13,122,5,30.8454,28.639,27.872841532028303,28.520047351785752,28.518757248306276,30.8454,27.86209696969698
demo,D13,123,5,30.46975,28.2376,27.373750697449605,28.134157211638875,28.143107248306276,30.46975,27.493845454545447
demo,D13,124,5,29.997049999999998,26.523000000000003,26.84628845449184,27.67169735178575,27.670407248306272,29.997049999999998,27.108174242424244
demo,D13,125,5,28.70145,25.0812,25.959302496364533,26.376097351785752,26.374807248306276,28.70145,25.765866666666675
demo,D14,6,5,93.5632,92.9691,92.9072147446486,92.48927336524417,92.57193148441314,93.5632,93.04403571428573
demo,D14,7,5,93.52515,92.7543,93.01670751453409,92.47269969202691,92.53388148441314,93.52515,93.10209642857144
demo,D14,8,5,93.3561,93.44405,93.00141459496537,92.23945102539957,92.37910280332565,93.3561,92.93790952380952
demo,D14,9,5,93.11540000000001,93.23505,92.88979554323508,92.05864008944755,92.13123462953568,93.11540000000001,92.64712499999999
demo,D14,10,5,93.1151,92.82065,92.79102215165466,92.04117336524418,92.1176428533554,93.1151,92.64678787878788
demo,D14,11,5,92.9691,92.9473,92.787147052661,91.90018793267018,91.90738284740448,92.9691,92.34272272727274
demo,D14,12,5,92.7543,93.59809999999999,92.90187769891777,91.87229355865209,91.74755609207153,92.7543,92.17664545454545
demo,D14,13,5,93.44405,93.4147,93.14438879198656,92.38264756516287,92.24630384235383,93.44405,93.15503939393942
demo,D14,14,5,93.23505,92.90835,92.90682638447784,92.14533803366524,92.06930223827362,93.23505,93.1047393939394
demo,D14,15,5,92.82065,92.83145,92.50152121325233,91.74747283395193,91.66917409362793,92.82065,92.53267424242425
demo,D14,16,5,92.9473,92.52665,92.72646924329766,91.8782223200056,91.8011213968277,92.9473,92.7176484848485
demo,D14,17,5,93.59809999999999,92.31895,93.00667775222003,92.49981333236761,92.42432611522673,93.59809999999999,93.62890757575757
demo,D14,18,5,93.4147,92.79785000000001,92.8305879435776,92.31641333236762,92.24895223827362,93.4147,93.59517727272727
demo,D14,19,5,92.90835,92.51225,92.5174196927899,91.83837286386526,91.73997307739258,92.90835,93.01661666666666
demo,D14,20,5,92.83145,92.00104999999999,92.49334895022957,91.68017969912006,91.69331575889588,92.83145,92.85898181818182
demo,D14,21,5,92.52665,92.3192,92.34673923551763,91.38364383586013,91.38851575889588,92.52665,92.35884393939395
demo,D14,22,5,92.31895,92.36720000000001,92.26390320435623,91.2419453200809,91.16654390354157,92.31895,91.85437575757575
demo,D14,23,5,92.79785000000001,91.41995,92.73448402900112,91.72084532008091,91.65971575889589,92.79785000000001,92.42341818181819
demo,D14,24,5,92.51225,91.7045,92.54925402383671,91.43013274616277,91.37693458175659,92.51225,92.11956666666664
demo,D14,25,5,92.00104999999999,92.0224,92.16847187751242,90.87139589256455,90.88170540790557,92.00104999999999,91.3563696969697
demo,D14,26,5,92.3192,91.2684,92.41845959202182,91.18048461800069,91.13030739707946,92.3192,91.60118030303032
demo,D14,27,5,92.36720000000001,91.24785,92.67685296266336,91.28318714800916,91.23430977554322,92.36720000000001,91.84393181818183
demo,D14,28,5,91.41995,91.62835,92.12562667262765,90.94853094248053,90.62032710666656,91.41995,90.84655909090908
demo,D14,29,5,91.7045,91.78855,91.9965473790916,90.64207632305254,90.54050950241088,91.7045,91.11070151515152
demo,D14,30,5,92.0224,92.9481,91.92900096703481,90.91035104062337,90.8737367176056,92.0224,91.5422212121212
demo,D14,31,5,91.2684,91.9785,91.52410659170928,90.27969972808899,90.12151603546143,91.2684,90.64363787878789
demo,D14,32,5,91.24785,91.45955000000001,91.50730180715024,90.13574272030866,90.17054039154053,91.24785,90.47992424242425
demo,D14,33,5,91.62835,91.254,91.69602902621882,90.50847722429285,90.47948894939422,91.62835,91.04558181818182
demo,D14,34,5,91.78855,90.9043,91.57609753336406,90.66231978667409,90.62385914783478,91.78855,91.4103090909091
demo,D14,35,5,92.9481,91.11175,91.92113373387734,91.82687211108468,91.78775039253235,92.9481,92.96408787878788
demo,D14,36,5,91.9785,91.3698,91.40891748523488,90.81642873251789,90.81815039253235,91.9785,92.17293333333332
demo,D14,37,5,91.45955000000001,91.31365,91.05737969059273,90.32233897682352,90.31799004154206,91.45955000000001,91.72754545454546
demo,D14,38,5,91.254,91.0973,90.79792840040484,90.15816219004412,90.07852094554902,91.254,91.27875757575758
demo,D14,39,5,90.9043,91.11200000000001,90.80605160723488,89.75868625816513,89.74676921539307,90.9043,90.69535454545455
demo,D14,40,5,91.11175,91.2606,90.93770967079465,90.01228530120153,89.95421921539307,91.11175,90.88014242424244
demo,D14,41,5,91.3698,90.8299,90.89046948066526,90.23498883858728,90.20315292339325,91.3698,90.98976515151516
demo,D14,42,5,91.31365,91.14705,91.08748366268388,90.15225803649561,90.10761653175354,91.31365,90.75687878787878
demo,D14,43,5,91.0973,90.4482,91.14090627025097,89.95918952068315,89.9098628232956,91.0973,90.42763333333333
demo,D14,44,5,91.11200000000001,90.5734,91.17757613281175,89.96774319473572,89.88785029602052,91.11200000000001,90.41903181818184
demo,D14,45,5,91.2606,90.38015,91.47873634600825,90.38737464297772,90.32702878055572,91.2606,91.01237727272725
demo,D14,46,5,90.8299,90.69115,90.77256708951232,89.68019502989743,89.6832729314804,90.8299,90.68803181818181
demo,D14,47,5,91.14705,90.07775,90.74130954290479,89.96019198241744,89.88980028705596,91.14705,91.09466060606057
demo,D14,48,5,90.4482,90.2142,90.43801971694619,89.34153483478026,89.30157293148041,90.4482,90.24511666666669
demo,D14,49,5,90.5734,89.6813,90.3722241527193,89.45713174548449,89.40193364944459,90.5734,90.18603787878789
demo,D14,50,5,90.38015,90.34585,90.30642294368882,89.2303589206129,89.23352293148041,90.38015,89.8450090909091
demo,D14,51,5,90.69115,90.46975,90.63817623339338,89.51113538386976,89.468467404747,90.69115,90.22340454545454
demo,D14,52,5,90.07775,90.29695,90.31593910464498,88.93944223792688,88.872605594635,90.07775,89.53252272727272
demo,D14,53,5,90.2142,90.19545,90.09320817981452,89.02902815888804,89.03300581378937,90.2142,89.6314909090909
demo,D14,54,5,89.6813,90.13125,89.8721504188125,88.74689474291706,88.66908784275054,89.6813,88.97419393939391
demo,D14,55,5,90.34585,90.017,90.26645896095883,89.23756418709483,89.16275204143524,90.34585,89.8318303030303
demo,D14,56,5,90.46975,89.91890000000001,89.9601685295273,89.35416561029162,89.26786239242554,90.46975,90.09448030303031
demo,D14,57,5,90.29695,89.86565,89.86094042025788,89.13056347954812,89.11385204143524,90.29695,90.14084696969697
demo,D14,58,5,90.19545,89.3925,89.65700828815564,89.05281308088978,88.93022029800414,90.19545,90.04940303030303
demo,D14,59,5,90.13125,89.45625,89.67695396191871,89.0432896371161,88.93552753925323,90.13125,90.0348015151515
demo,D14,60,5,90.017,89.46435000000001,89.83669120491136,88.86939628173042,88.78346530628204,90.017,89.90137121212122
demo,D14,61,5,89.91890000000001,89.26944999999999,89.7198922107612,88.80129252658435,88.73580204143525,89.91890000000001,89.88301212121213
demo,D14,62,5,89.86565,88.82695000000001,89.4151637458247,88.77709861534814,88.66376239242554,89.86565,89.73731666666667
demo,D14,63,5,89.3925,88.85294999999999,89.22617195036428,88.2255253675261,88.15818579673767,89.3925,89.1010181818182
demo,D14,64,5,89.45625,89.2189,89.11797521557575,88.2892753675261,88.20314614772796,89.45625,88.89117272727272
demo,D14,65,5,89.46435000000001,89.34795,89.43801446190534,88.29294835413326,88.23848988113404,89.46435000000001,88.86304242424247
demo,D14,66,5,89.26944999999999,89.0052,89.42131456284191,88.19024518341067,88.0950217754364,89.26944999999999,88.67348181818183
demo,D14,67,5,88.82695000000001,89.75795,89.09461363427289,87.80234821332573,87.75241677589418,88.82695000000001,88.13078484848488
demo,D14,68,5,88.85294999999999,90.04965,89.0059966087323,87.90655649059705,87.84092404766082,88.85294999999999,88.11893636363634
demo,D14,69,5,89.2189,88.91375000000001,89.18102785919844,88.09757011287098,88.05537119998932,89.2189,88.60680606060606
demo,D14,70,5,89.34795,89.0933,89.15668914828072,88.21733471224658,88.16563155097961,89.34795,88.9101818181818
demo,D14,71,5,89.0052,88.95125,88.86656937061954,87.88248436124968,87.81229636211395,89.0052,88.6561287878788
demo,D14,72,5,89.75795,88.7535,89.21446786241306,88.57316252528389,88.52441530628204,89.75795,89.74049696969696
demo,D14,73,5,90.04965,88.80335000000001,88.94636817341646,88.92509142201766,88.86733155097961,90.04965,90.2921803030303
demo,D14,74,5,88.91375000000001,88.42410000000001,88.44472753053702,87.69101194835673,87.69686443328858,88.91375000000001,89.08789545454546
demo,D14,75,5,89.0933,88.83145,88.51768058486553,87.9614493463232,87.91098155097961,89.0933,89.2836075757576
demo,D14,76,5,88.95125,88.6425,88.48202539013984,87.75508450931098,87.683148188591,88.95125,89.07650000000002
demo,D14,77,5,88.7535,87.9267,88.17272322779833,87.63894973751398,87.57118155097962,88.7535,88.63154545454549
demo,D14,78,5,88.80335000000001,88.20354999999999,88.37891990276664,87.65061119712712,87.56981530628205,88.80335000000001,88.46090454545457
demo,D14,79,5,88.42410000000001,87.5675,88.24683814922489,87.2393125252839,87.20935495529176,88.42410000000001,87.88272121212124
demo,D14,80,5,88.83145,88.4127,88.5887466453796,87.68299967585526,87.63316072483063,88.83145,88.29341969696969
demo,D14,81,5,88.6425,87.9478,88.50461092062139,87.48183268184933,87.46018155097961,88.6425,87.97333939393941
demo,D14,82,5,87.9267,88.2094,88.37325545542848,87.18365773426902,87.02409863872528,87.9267,87.20408939393938
demo,D14,83,5,88.20354999999999,87.69605,88.48739451072467,87.60591863039153,87.29131080608367,88.20354999999999,87.71121212121211
demo,D14,84,5,87.5675,87.09599999999999,87.82699776893905,86.4667033216298,86.52069867134094,87.5675,86.86521818181818
demo,D14,85,5,88.4127,88.36795,88.19381983559568,87.1982260850968,87.19581443328858,88.4127,87.87242424242426
demo,D14,86,5,87.9478,87.53985,87.91761974638551,86.7942653891436,86.76830037384033,87.9478,87.43663787878788
demo,D14,87,5,88.2094,87.1241,87.92971144822879,87.08769318767257,87.02708155097962,88.2094,87.79359545454544
demo,D14,88,5,87.69605,87.69145,87.61465619880323,86.50051700243515,86.4783849237442,87.69605,87.2851909090909
demo,D14,89,5,87.09599999999999,87.88185,87.26410500022808,85.99264267307906,85.96098534679412,87.09599999999999,86.46712878787878
demo,D14,90,5,88.36795,87.1337,87.92970593639828,87.22531308088978,87.15009156627654,88.36795,88.08423636363636
demo,D14,91,5,87.53985,87.08785,87.30793780762919,86.4015768597912,86.29340994701386,87.53985,87.34055606060606
demo,D14,92,5,87.1241,87.1121,86.78468926655304,85.90005972090975,85.9064349237442,87.1241,86.72406666666664
demo,D14,93,5,87.69145,86.63035,87.12631474776892,86.51121302265638,86.47456443328858,87.69145,87.38633484848486
demo,D14,94,5,87.88185,86.67925,87.08457601253428,86.72598165489089,86.66496443328857,87.88185,87.5426
demo,D14,95,5,87.1337,87.34375,86.99287634243842,86.05780608440456,86.009716497612,87.1337,86.81895606060607
demo,D14,96,5,87.08785,86.69215,86.74854154400055,85.91143959738723,85.85353579673767,87.08785,86.70765606060606
demo,D14,97,5,87.1121,86.40305000000001,86.9689768709735,85.89593073165165,85.84321867904663,87.1121,86.81238787878786
demo,D14,98,5,86.63035,86.4411,86.72938094206184,85.46389317818236,85.44725204143525,86.63035,86.17511969696973
demo,D14,99,5,86.67925,86.82079999999999,86.37988260801968,85.54636942513234,85.511001704216,86.67925,85.94640909090909
demo,D14,100,5,87.34375,85.82835,87.10177700626747,86.22538554354324,86.18022119998932,87.34375,86.96376666666667
demo,D14,101,5,86.69215,86.4196,86.42982014944438,85.52127739432083,85.50905204143524,86.69215,86.27335454545454
demo,D14,102,5,86.40305000000001,87.0038,86.2371688058293,85.20094510348021,85.13776701145173,86.40305000000001,85.7793893939394
demo,D14,103,5,86.4411,86.7963,86.43671272146914,85.2841761786955,85.26667177543641,86.4411,85.85576818181819
demo,D14,104,5,86.82079999999999,86.28065000000001,86.53880434382751,85.64055990069522,85.60673325614928,86.82079999999999,86.51659696969696
demo,D14,105,5,85.82835,86.4252,85.87372668278472,84.7656291727421,84.80225389442444,85.82835,85.3495303030303
demo,D14,106,5,86.4196,86.34385,86.12921365073468,85.25052921976618,85.17266129455567,86.4196,85.99124242424243
demo,D14,107,5,87.0038,85.83539999999999,86.19841018679406,85.80827102060847,85.81211480026245,87.0038,86.83381515151515
demo,D14,108,5,86.7963,86.0719,86.01323154596537,85.62065212519371,85.61398155097962,86.7963,86.67407727272727
demo,D14,109,5,86.28065000000001,86.2522,85.64122805891326,85.12560756127218,85.09833155097962,86.28065000000001,86.07180000000001
demo,D14,110,5,86.4252,85.25755000000001,86.08322454460995,85.24204688235226,85.21045495529175,86.4252,86.41480303030303
demo,D14,111,5,86.34385,85.7306,85.72933536588945,85.17242142875219,85.11031530628205,86.34385,86.34818939393939
demo,D14,112,5,85.83539999999999,85.5869,85.54242511843401,84.59591194003482,84.53049696960449,85.83539999999999,85.64054999999999
demo,D14,113,5,86.0719,85.43015,85.57710822002356,84.89602008365817,84.8354452747345,86.0719,85.78944696969698
demo,D14,114,5,86.2522,85.32419999999999,85.6548754309645,85.07502477843038,84.97817539424896,86.2522,86.08025909090911
demo,D14,115,5,85.25755000000001,85.3098,85.22092481739223,84.09046609299091,84.0420286643982,85.25755000000001,84.62849696969697
demo,D14,116,5,85.7306,85.25540000000001,85.6077223436918,84.56590801948023,84.52710628566741,85.7306,85.00512575757573
demo,D14,117,5,85.5869,85.4166,85.610763797069,84.53967475672648,84.48878956260681,85.5869,84.96230454545454
demo,D14,118,5,85.43015,85.74065,85.5137791883391,84.3169409002643,84.29747244491577,85.43015,84.88038939393938
demo,D14,119,5,85.32419999999999,84.86795000000001,85.32090992597544,84.15801554913125,84.14343913955688,85.32419999999999,84.7312924242424
demo,D14,120,5,85.3098,84.5893,85.16972615247354,84.123891158839,84.12903913955688,85.3098,84.77596818181819
demo,D14,121,5,85.25540000000001,84.6194,85.10179363416617,84.04823416053526,83.99011701145173,85.25540000000001,84.80629090909089
demo,D14,122,5,85.4166,84.75925,84.95806991758805,84.18693971498719,84.15242923412323,85.4166,84.99266060606062
demo,D14,123,5,85.74065,84.38875,84.99035043579173,84.550754305136,84.50711530628205,85.74065,85.53447272727273
demo,D14,124,5,84.86795000000001,84.80385,84.60781501316299,83.7420192195703,83.73527244491578,84.86795000000001,84.72170151515154
demo,D14,125,5,84.5893,84.56855,84.29345097404739,83.38601665849627,83.3385332458496,84.5893,84.17932878787879
demo,D14,126,5,84.6194,84.70195000000001,84.43260690683302,83.3791695339348,83.34678587856293,84.6194,84.15209848484848
demo,D14,127,5,84.75925,84.08645,84.40021380218886,83.54133516660026,83.49270577716827,84.75925,84.29220454545454
demo,D14,128,5,84.38875,83.9479,84.14655310410045,83.2181422004365,83.15070299625397,84.38875,83.81882575757577
demo,D14,129,5,84.80385,84.4571,84.41021614889769,83.59452413581785,83.52011007556915,84.80385,84.27205454545454
demo,D14,130,5,84.56855,84.07415,84.03955937364988,83.321465632934,83.27636672000885,84.56855,84.03744696969697
demo,D14,131,5,84.70195000000001,83.89325,84.20858253118152,83.454865632934,83.39097707099916,84.70195000000001,84.23471212121214
demo,D14,132,5,84.08645,84.0823,84.10711933122336,83.0255997021865,82.94177975196838,84.08645,83.6024893939394
demo,D14,133,5,83.9479,83.98975,84.02828494579944,82.95481799142836,82.90954333820343,83.9479,83.59806212121214
demo,D14,134,5,84.4571,83.33305,83.9133628215673,83.2395820183061,83.14972540340423,84.4571,84.1980090909091
demo,D14,135,5,84.07415,84.0436,83.62850536639152,82.83199077932055,82.79120031394959,84.07415,83.73338181818183
demo,D14,136,5,83.89325,83.42335,83.58436792064526,82.65065801134669,82.62063587856292,83.89325,83.46272272727272
demo,D14,137,5,84.0823,83.97465,83.58633400274557,82.87485111037245,82.79089622955323,84.0823,83.7041984848485
demo,D14,138,5,83.98975,82.98265,83.5486271750911,82.77585316704481,82.69834622955322,83.98975,83.55636060606061
demo,D14,139,5,83.33305,83.39595,83.41782660989554,82.21030219501245,82.19430254631042,83.33305,82.82782121212118
demo,D14,140,5,84.0436,83.1629,83.40548799174512,82.86768865434742,82.78676334724426,84.0436,83.67102424242424
demo,D14,141,5,83.42335,82.5438,83.23709152446632,82.27184160247225,82.19028117618561,83.42335,83.09055
demo,D14,142,5,83.97465,83.25150000000001,83.29950291292604,82.73307740893326,82.66367707099914,83.97465,83.70430454545453
demo,D14,143,5,82.98265,82.3944,82.81028340791688,81.73344668848955,81.69046672000886,82.98265,82.46480606060605
demo,D14,144,5,83.39595,82.80155,83.11495528518236,82.16955516079425,82.15498296470642,83.39595,82.97155909090908
demo,D14,145,5,83.1629,84.31985,82.8788455924796,81.95827561865515,81.90528383769988,83.1629,82.70506515151514
demo,D14,146,5,82.5438,82.56465,82.51665983497385,81.45550621150413,81.42005050544739,82.5438,81.87860303030304
demo,D14,147,5,83.25150000000001,82.3697,82.96492238909825,82.05458059302102,81.95931672000886,83.25150000000001,82.71675151515151
demo,D14,148,5,82.3944,82.798,82.58474787473968,81.30119256568048,81.25897145214081,82.3944,81.77584696969699
demo,D14,149,5,82.80155,82.39999999999999,82.41184188455573,81.58489163547321,81.49057707099915,82.80155,82.08802121212125
demo,D14,150,5,84.31985,82.27015,83.19529835525726,83.08872818625173,83.00887707099915,84.31985,84.19448939393942
demo,D14,151,5,82.56465,82.69095,82.11730462302364,81.31103234303501,81.26768642749786,82.56465,82.32527424242427
demo,D14,152,5,82.3697,81.8749,82.20318285332654,81.27819269868318,81.2378697845459,82.3697,82.19895
demo,D14,153,5,82.798,82.00375,82.02519168136182,81.57618645170723,81.50659622955322,82.798,82.5792878787879
demo,D14,154,5,82.39999999999999,82.9728,82.04195576933019,81.16488063851278,81.12738587856292,82.39999999999999,82.17373787878786
demo,D14,155,5,82.27015,81.6048,81.90606686887264,81.01702322359652,80.99275558605194,82.27015,81.98360151515148
demo,D14,156,5,82.69095,82.42325000000001,81.9967542774672,81.46846312262227,81.39954622955322,82.69095,82.30661818181817
demo,D14,157,5,81.8749,81.74175,81.69085366219045,80.7984139484249,80.7525353597641,81.8749,81.39720757575756
demo,D14,158,5,82.00375,81.9852,81.55802140574941,80.83817081543313,80.7471216058731,82.00375,81.26556818181817
demo,D14,159,5,82.9728,81.9005,82.29011671066827,81.75663251603473,81.68139622955323,82.9728,82.3978075757576
demo,D14,160,5,81.6048,82.55355,81.90614296414192,81.01249270988836,80.77192361574173,81.6048,81.31562727272728
demo,D14,161,5,82.42325000000001,81.32665,81.61616467905117,81.2191708799533,81.1830624742508,82.42325000000001,82.22259242424242
demo,D14,162,5,81.74175,81.3731,81.34722464788096,80.49522297946902,80.44556593704223,81.74175,81.38733030303032
demo,D14,163,5,81.9852,81.5153,81.58087203382756,80.76857499806087,80.70780558605195,81.9852,81.72423787878789
demo,D14,164,5,81.9005,80.92099999999999,81.28382464008274,80.68814682931443,80.60431593704223,81.9005,81.6264893939394
demo,D14,165,5,82.55355,80.7713,81.74216250848703,81.29827952915208,81.25736593704224,82.55355,82.43158484848486
demo,D14,166,5,81.32665,81.4928,81.14978960157848,80.17956974611688,80.17755506076813,81.32665,81.14521212121214
demo,D14,167,5,81.3731,80.7422,81.05251320869041,80.16289052375888,80.05669839916229,81.3731,80.95552575757574
demo,D14,168,5,81.5153,82.12115,81.07329646775302,80.29823305989436,80.20314511089325,81.5153,80.97373333333333
demo,D14,169,5,80.92099999999999,80.732,81.1299627721067,80.24125129773843,79.99948316431045,80.92099999999999,80.4459787878788
demo,D14,170,5,80.7713,80.6601,80.62831366557717,79.583081213007,79.5711102903366,80.7713,79.99034848484847
demo,D14,171,5,81.4928,81.05135,81.07315920854782,80.23752952915208,80.21540558605194,81.4928,80.92602272727271
demo,D14,172,5,80.7422,80.51129999999999,80.59086511848858,79.5427309974543,79.49533425064087,80.7422,80.01411212121212
demo,D14,173,5,82.12115,80.34434999999999,81.0850294020312,80.86584616656441,80.82496593704224,82.12115,81.74955757575759
demo,D14,174,5,80.732,80.28495,80.44916840281701,79.56422895182811,79.4776248998642,80.732,80.30157121212122
demo,D14,175,5,80.6601,80.12915000000001,80.88572566018505,79.9740239551645,79.71985466966629,80.6601,80.43972727272727
demo,D14,176,5,81.05135,79.99340000000001,80.33665332751968,79.80265748942156,79.73494839916229,81.05135,80.85352575757577
demo,D14,177,5,80.51129999999999,79.95875,80.01997696611457,79.29729307047344,79.21368804817199,80.51129999999999,80.22090606060605
demo,D14,178,5,80.34434999999999,80.5216,80.09635624409758,79.13128242953664,79.03943695602416,80.34434999999999,80.01548484848485
demo,D14,179,5,80.28495,80.15005,79.78848658959879,79.07235910794614,78.9525775730133,80.28495,79.7742803030303
demo,D14,180,5,80.12915000000001,79.7469,79.73539953091047,78.91365702491233,78.82892748394013,80.12915000000001,79.38283333333334
demo,D14,181,5,79.99340000000001,80.0587,79.99297308836492,78.9361007296539,78.90888836231233,79.99340000000001,79.25383181818185
demo,D14,182,5,79.95875,79.2017,79.64560756620517,78.73908792897969,78.7585602903366,79.95875,79.05715303030303
demo,D14,183,5,80.5216,80.0041,80.26849764832123,79.41732437359654,79.3953931251526,80.5216,80.11861060606063
demo,D14,184,5,80.15005,79.8934,79.73855672198883,78.96817773061906,78.86821551685333,80.15005,79.7782287878788
demo,D14,185,5,79.7469,80.08915,79.22746582035091,78.493282343035,78.449288048172,79.7469,79.30760000000002
demo,D15,6,5,98.68205,97.54365,97.2428325892703,97.33949572109849,97.45012343959809,98.68205,97.96394285714288
demo,D15,7,5,98.2959,97.01825,97.19314103546755,97.03701835964259,97.07275654163361,98.2959,97.59384642857145
demo,D15,8,5,97.55055,96.89595,96.81015313400897,96.82089090739412,96.69780267887116,97.55055,96.60312738095242
demo,D15,9,5,97.64895,96.648,96.6177977947045,96.71307796153042,96.66379036445618,97.64895,96.68298333333331
demo,D15,10,5,97.3126,96.04665,96.36458826388707,96.46646896269841,96.4313853217125,97.3126,96.29815
demo,D15,11,5,97.54365,96.6973,96.43157323952386,96.41388997680113,96.42625638713837,97.54365,96.54872272727273
demo,D15,12,5,97.01825,96.25845,96.1565206805947,96.26905147568432,96.07958586168289,97.01825,95.95765606060604
demo,D15,13,5,96.89595,95.6187,96.06394091038258,96.12762508541316,95.99273739309311,96.89595,95.92431969696969
demo,D15,14,5,96.648,95.6828,95.76052902800036,95.88426355611101,95.70933586168289,96.648,95.68229545454543
demo,D15,15,5,96.04665,95.699,95.19097988133855,95.30026192832267,95.09354121246338,96.04665,94.82883333333334
demo,D15,16,5,96.6973,95.20415,95.64231007391996,95.86467808678108,95.74223790864944,96.6973,95.73685151515151
demo,D15,17,5,96.25845,95.4344,95.20375110712374,95.37676195167424,95.3054555937767,96.25845,95.42725454545456
demo,D15,18,5,95.6187,95.62190000000001,94.64809068398714,94.80327874983476,94.67288479442597,95.6187,94.61731212121214
demo,D15,19,5,95.6828,94.48715,94.72847105234273,94.89160968675982,94.74413586168289,95.6828,94.67858333333334
demo,D15,20,5,95.699,94.12795,94.56091347393749,94.65626867098065,94.54240107440948,95.699,94.70341666666666
demo,D15,21,5,95.20415,93.78295,94.34019006460281,94.41829253332664,94.31638739385605,95.20415,94.25705151515153
demo,D15,22,5,95.4344,93.19205000000001,94.2591805853973,94.35619988496731,94.24290160121917,95.4344,94.56523636363637
demo,D15,23,5,95.62190000000001,94.00625000000001,94.23817611659666,94.28919600216649,94.34159211101533,95.62190000000001,94.93703181818184
demo,D15,24,5,94.48715,93.30085,93.57008672263846,93.6298947580932,93.55204270925522,94.48715,93.67166515151514
demo,D15,25,5,94.12795,93.4439,93.21506721031159,93.29812490751378,93.16897838039398,94.12795,93.01439545454545
demo,D15,26,5,93.78295,93.278,93.19235561181188,93.01238003753464,93.05454959077835,93.78295,92.61040303030303
demo,D15,27,5,93.19205000000001,92.40395,92.75882215055344,92.61712277056702,92.5274542172432,93.19205000000001,91.82970000000002
demo,D15,28,5,94.00625000000001,92.22155,93.02606509624786,92.86061979713772,92.82843527793885,94.00625000000001,92.64874393939395
demo,D15,29,5,93.30085,92.79615,92.60947751688428,92.41219844135283,92.4018636604309,93.30085,91.87489696969698
demo,D15,30,5,93.4439,92.0231,92.50466479738179,92.34489198677521,92.44758762016296,93.4439,92.13827424242423
demo,D15,31,5,93.278,91.61685,92.33558281041222,92.23520264848995,92.28406334209443,93.278,92.01917878787881
demo,D15,32,5,92.40395,91.27159999999999,91.90528349886391,91.69560265533512,91.66774776000976,92.40395,91.1470424242424
demo,D15,33,5,92.22155,91.31240000000001,91.62376934289226,91.38538758680302,91.53698487310409,92.22155,91.16297424242424
demo,D15,34,5,92.79615,91.57634999999999,91.48864572033493,91.48955724061072,91.52461806049347,92.79615,91.92044696969697
demo,D15,35,5,92.0231,91.09819999999999,90.89463213036588,90.85662338344352,90.97619031009674,92.0231,91.1021893939394
demo,D15,36,5,91.61685,90.7151,90.63117542276952,90.52070199721156,90.52440903720856,91.61685,90.55250303030301
demo,D15,37,5,91.27159999999999,90.90465,90.25819743129937,90.26552891222566,90.19044171962737,91.27159999999999,89.9039696969697
demo,D15,38,5,91.31240000000001,90.6138,90.52187456337147,90.29195417657128,90.34394718875886,91.31240000000001,90.04040454545455
demo,D15,39,5,91.57634999999999,90.06174999999999,90.30095589582717,90.36807922568526,90.31737008342742,91.57634999999999,90.40010606060603
demo,D15,40,5,91.09819999999999,90.5603,89.942069021267,89.92819902910296,90.0703964597702,91.09819999999999,90.0395015151515
demo,D15,41,5,90.7151,89.41865,89.76778732865297,89.72168672909648,89.71545846233369,90.7151,89.7563287878788
demo,D15,42,5,90.90465,89.58725,89.51541034080793,89.57880072178256,89.53596856918335,90.90465,89.9614787878788
demo,D15,43,5,90.6138,88.90435,89.21993733152301,89.20757875731049,89.267453383255,90.6138,89.63697272727272
demo,D15,44,5,90.06174999999999,89.05705,89.10729392861043,89.00535106409879,89.12280476617812,90.06174999999999,89.18968030303029
demo,D15,45,5,90.5603,88.4751,89.07787746185616,89.15123047252028,89.18333245067596,90.5603,89.83699393939392
demo,D15,46,5,89.41865,88.45100000000001,88.33648191807485,88.23129303515657,88.32768234481811,89.41865,88.48598636363636
demo,D15,47,5,89.58725,88.79209999999999,88.41814520786477,88.24382092867415,88.25340891456604,89.58725,88.50935151515151
demo,D15,48,5,88.90435,88.12259999999999,88.2755245676676,87.99737887882658,87.89243896541595,88.90435,87.61065303030306
demo,D15,49,5,89.05705,87.74159999999999,88.21379045625564,88.07264035690592,88.0728359325409,89.05705,87.82312575757577
demo,D15,50,5,88.4751,87.1272,87.71560257087874,87.59875102604195,87.52162255773544,88.4751,87.13553636363635
demo,D15,51,5,88.45100000000001,87.17665,87.50207461565248,87.31630870667794,87.35390653705598,88.45100000000001,87.0305
demo,D15,52,5,88.79209999999999,87.83735,87.51222443570387,87.51354793093452,87.61596815547942,88.79209999999999,87.58409242424241
demo,D15,53,5,88.12259999999999,86.90605000000001,87.23208800635126,87.09878082933477,87.09136347064971,88.12259999999999,86.97557727272724
demo,D15,54,5,87.74159999999999,86.65775,86.7141608777637,86.59110345105557,86.62344535503387,87.74159999999999,86.51861818181818
demo,D15,55,5,87.1272,86.104,86.61953148069047,86.25578320269595,86.2811004445076,87.1272,85.96749393939393
demo,D15,56,5,87.17665,86.41525,86.2159643848424,86.10704340412546,86.06407995262146,87.17665,85.92122272727272
demo,D15,57,5,87.83735,86.13095,86.36466265180904,86.44886062981165,86.46743749485016,87.83735,86.85847121212123
demo,D15,58,5,86.90605000000001,85.47635,85.63690605589315,85.56705438934395,85.67234579067231,86.90605000000001,85.82815000000001
demo,D15,59,5,86.65775,85.35810000000001,85.69564897374646,85.48023558488757,85.52394436740875,86.65775,85.58511969696967
demo,D15,60,5,86.104,84.7684,85.10413383960952,84.98808910673016,84.97435381793976,86.104,84.83704545454547
demo,D15,61,5,86.41525,85.34175,85.14041935636178,85.21016018318032,85.25271123313904,86.41525,85.17452727272727
demo,D15,62,5,86.13095,84.13325,85.01951606081309,84.92189314872213,85.04737987728119,86.13095,85.07600151515153
demo,D15,63,5,85.47635,84.0684,84.4150478615438,84.34877381430195,84.37868719348907,85.47635,84.36676363636364
demo,D15,64,5,85.35810000000001,83.93535,84.30228988228902,84.20506606341799,84.22712022361756,85.35810000000001,84.19500454545455
demo,D15,65,5,84.7684,83.22295,83.8221818833891,83.69603614416944,83.663206265831,84.7684,83.33062272727274
demo,D15,66,5,85.34175,83.648,84.03228528665674,83.98280248158912,83.97459587860108,85.34175,83.94510000000001
demo,D15,67,5,84.13325,83.5351,83.65993892635014,83.29755105062823,83.21576690864563,84.13325,82.77957575757577
demo,D15,68,5,84.0684,82.97919999999999,83.27901656496238,83.06903193816574,83.03174862709045,84.0684,82.65407272727272
demo,D15,69,5,83.93535,81.92505,82.97739615943375,82.7640308959993,82.83250361595154,83.93535,82.51329545454546
demo,D15,70,5,83.22295,82.4106,82.63157466840228,82.19581888364509,82.18178190631866,83.22295,81.57928787878788
demo,D15,71,5,83.648,81.82034999999999,82.63519857210426,82.4972463616554,82.59081423091888,83.648,82.17701212121212
demo,D15,72,5,83.5351,81.8069,82.4207190877474,82.40096048193365,82.39403177986145,83.5351,82.27894090909092
demo,D15,73,5,82.97919999999999,82.17635,81.72799558261273,81.71592056470956,81.77500736160277,82.97919999999999,81.72538484848485
demo,D15,74,5,81.92505,80.76105,81.2889497158575,81.02809106705068,80.94830820922851,81.92505,80.49800909090908
demo,D15,75,5,82.4106,80.9967,81.21800478524156,81.08258223208895,81.21404069004059,82.4106,80.95425303030305
demo,D15,76,5,81.82034999999999,81.24025,81.02874996165505,80.85808005713604,80.83473963413238,81.82034999999999,80.50773333333333
demo,D15,77,5,81.8069,80.5302,80.69852660290401,80.52255290491463,80.57098064365387,81.8069,80.44493030303032
demo,D15,78,5,82.17635,80.7928,80.66355164511316,80.7636475145655,80.78002822647095,82.17635,80.9851606060606
demo,D15,79,5,80.76105,82.223,79.88828533533436,79.7393463355616,79.713451638031,80.76105,79.42496969696968
demo,D15,80,5,80.9967,80.10005,79.65572322749462,79.75344957299708,79.75720794124604,80.9967,79.5349121212121
demo,D15,81,5,81.24025,80.0146,79.84594211881574,79.86497290936444,79.9978469696045,81.24025,79.99578484848486
demo,D15,82,5,80.5302,79.6301,79.5549505007415,79.47645819021389,79.41849791545867,80.5302,79.41769848484849
demo,D15,83,5,80.7928,79.27720000000001,79.26673258586659,79.36693199994436,79.51754932670593,80.7928,79.88069545454546
demo,D15,84,5,82.223,79.3545,79.47325751458902,80.56757422930791,80.22101325798035,82.223,81.68247272727272
demo,D15,85,5,80.10005,79.29310000000001,78.57420113892806,78.78492253898686,78.84926667575836,80.10005,79.49590606060609
demo,D15,86,5,80.0146,77.9623,78.45085097143625,78.4788978718972,78.51629503688812,80.0146,79.2668181818182
demo,D15,87,5,79.6301,78.20215,78.34402656150358,78.34812817186321,78.37867676029205,79.6301,78.73877272727272
demo,D15,88,5,79.27720000000001,77.94485,78.11115183282129,78.28314268023712,78.19920839519501,79.27720000000001,78.4011590909091
demo,D15,89,5,79.3545,77.5737,77.842670970188,77.6024398370487,77.6624229593277,79.3545,78.21876666666667
demo,D15,90,5,79.29310000000001,77.74105,77.8189151066858,77.72833623780485,77.70069539604188,79.29310000000001,78.04472424242427
demo,D15,91,5,77.9623,77.26769999999999,77.47920175766495,77.13576240023927,77.00041234235763,77.9623,76.4227681818182
demo,D15,92,5,78.20215,77.51175,77.24520463354058,77.07136775958435,77.01556946125031,78.20215,76.39885606060606
demo,D15,93,5,77.94485,77.00735,77.26275061410927,77.03592121662943,76.89960935935974,77.94485,76.0362484848485
demo,D15,94,5,77.5737,76.8294,77.33608472732246,76.75555663747822,76.72924904937744,77.5737,76.10790454545452
demo,D15,95,5,77.74105,75.8026,76.47628666497577,76.59440796175996,76.55429422359467,77.74105,76.33782727272727
demo,D15,96,5,77.26769999999999,75.6625,76.25001786862641,76.24071277975926,76.14164297122954,77.26769999999999,75.91244090909089
demo,D15,97,5,77.51175,76.8967,76.19296892366343,76.26352528621247,76.24676062393189,77.51175,76.30932575757576
demo,D15,98,5,77.00735,75.7841,75.72383787234374,75.77638160736342,75.7795554719925,77.00735,75.83094848484849
demo,D15,99,5,76.8294,75.98975,75.37333434218982,75.66898783166825,75.64418083133698,76.8294,75.79382272727273
demo,D15,100,5,75.8026,74.58709999999999,74.85399583866227,74.91114141069333,74.82934275636673,75.8026,74.76038030303033
demo,D15,101,5,75.6625,74.2722,74.31220651014539,74.40368219772847,74.40933356285095,75.6625,74.34337424242423
demo,D15,102,5,76.8967,75.17425,74.91547458143977,75.17024203820985,75.24522993488311,76.8967,75.8566
demo,D15,103,5,75.7841,74.04505,74.40628678018791,74.58142394425968,74.54764682445526,75.7841,74.71294090909089
demo,D15,104,5,75.98975,73.98565,74.05636823034403,74.19859577614318,74.35046860790253,75.98975,74.95085606060606
demo,D15,105,5,74.58709999999999,73.2231,73.52866997425863,73.65774656868413,73.54627189121246,74.58709999999999,73.3497106060606
demo,D15,106,5,74.2722,73.59135,73.33840647119933,73.20017775254996,73.20401812763214,74.2722,72.78379848484848
demo,D15,107,5,75.17425,72.50935,73.58825289460628,73.79431999843732,73.91791688728333,75.17425,73.94374545454545
demo,D15,108,5,74.04505,72.48525000000001,72.91368192211051,72.88732939825908,72.94006559734345,74.04505,72.73801212121212
demo,D15,109,5,73.98565,72.2967,73.17328711946872,72.89707410349354,72.84323841037751,73.98565,72.70609545454548
demo,D15,110,5,73.2231,72.31855,72.18795661229964,72.01637371625955,72.04373829898834,73.2231,71.59314242424246
demo,D16,6,5,97.13765,95.46114999999999,95.35012789065257,95.63395454632004,95.6970194448471,97.13765,95.5031857142857
demo,D16,7,5,96.9579,94.9129,95.00904315611035,95.40224751225342,95.4788594964981,96.9579,95.34348928571428
demo,D16,8,5,96.89320000000001,94.66735,94.81675513894993,95.17826033153501,95.37298961467744,96.89320000000001,95.39472083333335
demo,D16,9,5,96.17599999999999,94.26805,94.37297541389113,94.66712165227042,94.77161192989348,96.17599999999999,94.59245416666664
demo,D16,10,5,96.0211,94.1652,94.13183163816522,94.4815967310634,94.52458031520844,96.0211,94.43837727272728
demo,D16,11,5,95.46114999999999,93.66675,93.72193771256218,93.95811481092979,93.96952063789367,95.46114999999999,93.77192424242425
demo,D16,12,5,94.9129,93.03495000000001,93.21234960654101,93.34795228638465,93.31056085147857,94.9129,92.98809999999999
demo,D16,13,5,94.66735,92.84360000000001,93.2286504120459,93.28454617183812,93.17545933113098,94.66735,92.9290909090909
demo,D16,14,5,94.26805,92.08800000000001,92.50610237988981,92.62464981736947,92.58281759910584,94.26805,92.40515454545455
demo,D16,15,5,94.1652,92.12455,92.34567134864184,92.5611336908315,92.51763606567383,94.1652,92.31491212121213
demo,D16,16,5,93.66675,91.81315,91.92123424596244,92.04388871535804,91.99404363441467,93.66675,91.76173181818183
demo,D16,17,5,93.03495000000001,91.98685,91.52702116246002,91.28326848631043,91.38911233539582,93.03495000000001,91.05333333333334
demo,D16,18,5,92.84360000000001,91.47915,91.23710537306583,91.24318355548681,91.19566997394563,92.84360000000001,90.94938636363639
demo,D16,19,5,92.08800000000001,90.39345,90.52150944225184,90.47201884550137,90.44006997394563,92.08800000000001,90.08148030303033
demo,D16,20,5,92.12455,91.0114,90.46302171103224,90.26973608509094,90.36720813827515,92.12455,90.21181666666668
demo,D16,21,5,91.81315,90.02405,89.9832035449838,89.9379476556115,90.03203506412505,91.81315,89.9587803030303
demo,D16,22,5,91.98685,89.51464999999999,89.79145088646084,90.09770720649014,90.12211213169098,91.98685,90.27655757575758
demo,D16,23,5,91.47915,89.15825,89.3659025036982,89.66544998625562,89.7782451538086,91.47915,89.86995757575758
demo,D16,24,5,90.39345,88.72545,88.62372172463088,88.54731894273975,88.60913441390991,90.39345,88.6493818181818
demo,D16,25,5,91.0114,89.01575000000001,88.79677303708948,89.26124618461303,89.27180685176849,91.0114,89.50152878787878
demo,D16,26,5,90.02405,87.9503,87.97511715523335,88.09724565237798,88.19879138736725,90.02405,88.50408787878789
demo,D16,27,5,89.51464999999999,87.7977,87.4785000450586,87.61390645025568,87.70931280937194,89.51464999999999,87.85583939393938
demo,D16,28,5,89.15825,86.5559,87.45093788603384,87.2866428037115,87.37036695671081,89.15825,87.41295909090908
demo,D16,29,5,88.72545,88.1991,86.74380328688866,86.84361358538311,86.90951176567077,88.72545,86.7471303030303
demo,D16,30,5,89.01575000000001,86.90535,86.97053944708684,87.12607412985247,87.15888864707948,89.01575000000001,87.0995484848485
demo,D16,31,5,87.9503,86.79535,86.28664042003884,86.0896142821873,86.08341922550201,87.9503,85.89025151515153
demo,D16,32,5,87.7977,85.62805,86.16450344704998,86.21212850100235,86.12361485977173,87.7977,85.84419848484849
demo,D16,33,5,86.5559,85.53144999999999,85.37101934897335,85.12941105423086,84.96877529468536,86.5559,84.45492727272728
demo,D16,34,5,88.1991,85.01530000000001,85.71863780222981,86.28373713333723,86.0490550819397,88.1991,86.33528030303032
demo,D16,35,5,86.90535,84.7619,85.18276726169036,85.26242145468731,85.26552501354217,86.90535,85.26481666666669
demo,D16,36,5,86.79535,84.14745,84.62257140927922,85.01979614002443,85.06362561855316,86.79535,85.26783787878786
demo,D16,37,5,85.62805,84.40335,83.7496458756349,83.78490376881905,83.85971751861572,85.62805,83.92108333333334
demo,D16,38,5,85.53144999999999,83.2533,83.60548335466527,83.66340846183415,83.74972232837676,85.53144999999999,83.73543484848484
demo,D16,39,5,85.01530000000001,83.8707,83.17868101622113,83.1169633474422,83.0708728673935,85.01530000000001,83.06500757575758
demo,D16,40,5,84.7619,83.04395,83.07538412107726,83.19367738525399,83.08909445228576,84.7619,82.90984545454548
demo,D16,41,5,84.14745,82.52825,82.33196282024227,82.28718251495758,82.3320945798874,84.14745,82.12871515151517
demo,D16,42,5,84.40335,81.5729,82.31072453474297,82.46849723267268,82.58809650382996,84.40335,82.46733484848485
demo,D16,43,5,83.2533,81.76355,81.33474469097716,81.35572282450865,81.39470844345092,83.2533,80.87813939393938
demo,D16,44,5,83.8707,81.2766,82.00565462116639,82.2383940413576,82.16404652423859,83.8707,81.97266666666668
demo,D16,45,5,83.04395,80.06345,81.01187034504893,81.17153311422783,81.22106150646209,83.04395,81.22864393939392
demo,D16,46,5,82.52825,79.8811,80.56694206826059,80.85816050414333,80.79305174064636,82.52825,80.85238333333332
demo,D16,47,5,81.5729,80.0121,79.80272532567696,79.87632471529821,79.83365434684754,81.5729,79.64543484848483
demo,D16,48,5,81.76355,79.4663,79.84413836473946,79.85726770966792,79.86996586780548,81.76355,79.8500484848485
demo,D16,49,5,81.2766,78.9521,79.20500753809326,79.38807525524336,79.41962408695221,81.2766,79.30056515151516
demo,D16,50,5,80.06345,79.03065000000001,78.71331835574148,78.5795841762947,78.41631378860474,80.06345,77.83614393939392
demo,D16,51,5,79.8811,78.04100000000001,78.32306650322808,78.2407498935266,78.11099010810852,79.8811,77.43272878787879
demo,D16,52,5,80.0121,77.7679,78.3259164374857,78.47505113406427,78.31794216117859,80.0121,77.72225757575757
demo,D16,53,5,79.4663,77.30799999999999,77.5327374546691,77.59306363619079,77.60679804210663,79.4663,77.06891818181816
demo,D16,54,5,78.9521,77.252,77.3971535463015,77.4569341893269,77.26281019172669,78.9521,76.74225757575759
demo,D16,55,5,79.03065000000001,76.17914999999999,77.11928489374256,77.21938237770688,77.22661004486085,79.03065000000001,77.05228333333335
demo,D16,56,5,78.04100000000001,76.14104999999999,76.12565457558884,76.46964863956495,76.30212508773805,78.04100000000001,76.09553484848486
demo,D16,57,5,77.7679,75.3681,75.65532142339212,75.83043627714176,75.82707274951935,77.7679,75.7343590909091
demo,D16,58,5,77.30799999999999,75.3849,75.16977847349568,75.68021924003912,75.54904785919189,77.30799999999999,75.3551121212121
demo,D16,59,5,77.252,76.21095,75.24868298467477,75.44158879539744,75.42184260082244,77.252,75.47220909090908
demo,D16,60,5,76.17914999999999,74.88645000000001,74.15547487353157,74.22152372334696,74.22448040523528,76.17914999999999,74.11939242424242
demo,D16,61,5,76.14104999999999,74.03755,74.11804328521839,74.24195972087938,74.21975888710021,76.14104999999999,73.96556363636363
demo,D16,62,5,75.3681,74.00670000000001,73.60677522326402,73.78600388350914,73.5912787443161,75.3681,73.13641666666668
demo,D16,63,5,75.3849,73.38130000000001,73.35717551429377,73.68317230021572,73.57528259983063,75.3849,73.20112272727273
demo,D16,64,5,76.21095,73.43465,73.42208831119645,74.20248568889502,74.06563649864196,76.21095,74.37632272727271
demo,D16,65,5,74.88645000000001,72.57605000000001,72.68181837405908,73.06858141300403,73.02026803035737,74.88645000000001,73.2320590909091
demo,D16,66,5,74.03755,71.31115,71.85034776974712,71.95524000694705,71.98225977783203,74.03755,72.25315757575758
demo,D16,67,5,74.00670000000001,72.0588,71.77645939896662,71.98440913520982,72.04930981082917,74.00670000000001,72.23549242424244
demo,D16,68,5,73.38130000000001,71.23925,71.08369097598268,71.47949180922268,71.5499100959778,73.38130000000001,71.52736515151517
demo,D16,69,5,73.43465,71.47909999999999,71.24257800519678,71.43467215687554,71.51588922348023,73.43465,71.73185303030304
demo,D16,70,5,72.57605000000001,70.6489,70.34669579575527,70.59404171068277,70.6404324338913,72.57605000000001,70.66396515151517
demo,D16,71,5,71.31115,69.70524999999999,69.7848797989143,69.82458375859345,69.58923117866516,71.31115,69.05047424242424
demo,D16,72,5,72.0588,69.73885,69.77835420716276,70.02066634146449,69.90967943077088,72.0588,69.68850909090914
demo,D16,73,5,71.23925,69.45995,69.47281599749513,69.5164254799992,69.31039934921264,71.23925,68.74199393939395
demo,D16,74,5,71.47909999999999,68.99125000000001,69.67751577297433,69.91410359780993,69.75201059494017,71.47909999999999,69.44689393939393
demo,D16,75,5,70.6489,68.28415,68.45830209028406,68.90917036836143,68.78694054260254,70.6489,68.70060454545455
demo,D16,76,5,69.70524999999999,68.3425,67.70457851582788,68.06495336108489,67.9132040491104,69.70524999999999,67.5573606060606
demo,D16,77,5,69.73885,67.32605000000001,67.75247021229691,68.05229031145554,67.92923259983063,69.73885,67.65281060606063
demo,D16,78,5,69.45995,68.28144999999999,67.28213708371374,67.47708249247843,67.61634925003052,69.45995,67.40988787878788
demo,D16,79,5,68.99125000000001,66.74335,66.90801328918165,67.39859428716105,67.22097655296326,68.99125000000001,67.10477878787879
demo,D16,80,5,68.28415,66.45115,66.28079476547104,66.34068228858686,66.27679597892761,68.28415,66.35152121212117
demo,D16,81,5,68.3425,65.8429,65.81115237693714,65.89503383720711,65.99717882156372,68.3425,66.2181090909091
demo,D16,82,5,67.32605000000001,65.88589999999999,65.44877311133294,65.83874326706368,65.63335271339417,67.32605000000001,65.1618181818182
demo,D16,83,5,68.28144999999999,65.1823,65.60188372324488,66.14844907985963,66.07401200790405,68.28144999999999,66.35159090909092
demo,D16,84,5,66.74335,64.6922,64.77949949307248,65.15655781119027,64.92977222881318,66.74335,64.88759242424243
demo,D16,85,5,66.45115,64.3226,64.16083185081703,64.63945099802751,64.50270217647552,66.45115,64.60008484848487
demo,D16,86,5,65.8429,64.0389,63.54313488756238,63.784584685801164,63.86863299407959,65.8429,63.77050000000001
demo,D16,87,5,65.88589999999999,63.46505,63.4822585718653,63.57157610412963,63.713446119689934,65.88589999999999,63.84917424242421
demo,D16,88,5,65.1823,62.4231,63.02593397918272,63.25086660070434,63.13724198799133,65.1823,63.12990303030303
demo,D16,89,5,64.6922,62.865249999999996,62.8255290353056,62.726074931583575,62.68227415771484,64.6922,62.59348636363636
demo,D16,90,5,64.3226,62.14615,62.18849097065101,62.33095205719051,62.41601168403625,64.3226,62.10161818181819
demo,D16,91,5,64.0389,61.8869,61.91559928992307,62.388722157352476,62.20915005817413,64.0389,61.87782121212121
demo,D16,92,5,63.46505,61.13025,61.33368008369347,61.23756099337254,61.29259611968994,63.46505,61.129377272727254
demo,D16,93,5,62.4231,60.27395,60.95984307967407,60.85104241800385,60.72679389057159,62.4231,60.181131818181804
demo,D16,94,5,62.865249999999996,59.70755,60.65269356940944,60.50305851832798,60.63341701889038,62.865249999999996,60.679924242424214
demo,D16,95,5,62.14615,59.67654999999999,60.03244216217688,60.50155663402198,60.338172562026976,62.14615,59.958984848484846
demo,D16,96,5,61.8869,59.68305,59.46447010184031,59.8769343235709,59.92034595432281,61.8869,59.68535
demo,D16,97,5,61.13025,60.6412,59.204211265864245,59.528714276044255,59.286354445457455,61.13025,58.962046969696964
demo,D16,98,5,60.27395,58.7526,58.41695285180274,58.56146723606649,58.347339172554015,60.27395,57.95924545454547
demo,D16,99,5,59.70755,57.91245000000001,58.07182141243338,57.99300369812625,57.80007512454986,59.70755,57.22598030303031
demo,D16,100,5,59.67654999999999,57.5584,57.80747676725661,57.82234410504388,57.71241816787719,59.67654999999999,57.19856060606061
demo,D16,101,5,59.68305,57.76675,57.4357811240417,57.63450475314877,57.63739880256653,59.68305,57.39742575757575
demo,D16,102,5,60.6412,56.5295,57.56903076726871,58.14502719249931,58.24564688796997,60.6412,58.881962121212126
demo,D16,103,5,58.7526,58.064499999999995,56.27559607913454,56.44284646881581,56.559066817855836,58.7526,56.82850151515151
demo,D16,104,5,57.91245000000001,56.6122,55.930568947481675,56.00770493200557,55.93029229278565,57.91245000000001,55.964196969696985
demo,D16,105,5,57.5584,56.25215,55.325360586033916,55.40144755238448,55.51020130004883,57.5584,55.54990303030303
demo,D16,106,5,57.76675,55.28775,55.297278761531,55.58267376267426,55.711422346115114,57.76675,55.94646060606061
demo,D16,107,5,56.5295,54.6322,54.243751609374975,54.43657597449389,54.5508348865509,56.5295,54.55747575757576
demo,D16,108,5,58.064499999999995,54.4021,54.91897089540047,55.57591266320746,55.396483804702754,58.064499999999995,56.352777272727295
demo,D16,109,5,56.6122,54.127700000000004,53.84222682344082,53.96175422148906,54.20511505813599,56.6122,54.70980303030305
demo,D16,110,5,56.25215,53.219249999999995,53.70885128907416,53.932323944791776,54.02316135253906,56.25215,54.23814696969699
demo,D16,111,5,55.28775,52.6428,53.162199689755866,53.195483395250925,53.26274418258667,55.28775,53.10882878787879
demo,D16,112,5,54.6322,52.446099999999994,53.10274012414733,52.878197877085604,52.897356269073484,54.6322,52.69533939393939
demo,D16,113,5,54.4021,51.85705,52.2361338665511,52.23363393480547,52.37277236900329,54.4021,52.37919393939393
demo,D16,114,5,54.127700000000004,52.0179,51.79422029185629,51.4748037941918,51.788240819168095,54.127700000000004,51.927528787878806
demo,D16,115,5,53.219249999999995,51.017,51.2865325487171,51.05212277444143,51.14533070373535,53.219249999999995,50.70541666666666
demo,D16,116,5,52.6428,50.7863,51.11522929816849,50.76001862127067,50.66500940589905,52.6428,49.9905196969697
demo,D16,117,5,52.446099999999994,50.6076,50.593659480846085,50.11183140543699,50.24391007766723,52.446099999999994,49.49985303030301
demo,D16,118,5,51.85705,50.2511,50.49026829209703,50.05951288801641,50.01821046905518,51.85705,49.21533181818182
demo,D16,119,5,52.0179,49.4836,50.020815850046844,49.90791660126704,49.94840742149353,52.0179,49.61668787878785
demo,D16,120,5,51.017,49.0896,49.223703799526774,49.04448373013302,48.95834521484375,51.017,48.74174696969699
demo,D16,121,5,50.7863,48.2219,48.687482540522865,48.51558418653299,48.644704636383054,50.7863,48.56990303030302
demo,D16,122,5,50.6076,48.386,48.182121249007224,48.16404336012934,48.334736373519895,50.6076,48.455621212121216
demo,D16,123,5,50.2511,48.00965,47.69278486974974,47.84103130977663,47.9782363735199,50.2511,48.23352727272726
demo,D16,124,5,49.4836,46.62035,46.99758851012026,47.18557269514006,47.30012593612671,49.4836,47.55122424242425
demo,D16,125,5,49.0896,47.26065,46.4529094668313,46.63277849918437,46.761255654907224,49.0896,47.11361060606061
demo,D16,126,5,48.2219,46.0713,45.90777312702909,45.77173884527366,45.96101190032959,48.2219,46.023783333333334
demo,D16,127,5,48.386,46.009,46.208363974087206,45.91338256494305,46.10555943107605,48.386,46.21287727272729
demo,D16,128,5,48.00965,45.40245,45.48492424435072,45.27694321745788,45.550231941604615,48.00965,45.808596969696985
demo,D16,129,5,46.62035,44.909,44.65822456938863,44.55712350422138,44.446505185699465,46.62035,44.29925909090909
demo,D16,130,5,47.26065,44.4125,44.55177085938621,44.56969374876947,44.74113734664917,47.26065,44.9876393939394
demo,D16,131,5,46.0713,43.7235,43.972555886261944,43.89981952436705,43.9055969417572,46.0713,43.672759090909125
demo,D16,132,5,46.009,43.7246,43.66596011009166,43.63000638547295,43.74733775520325,46.009,43.694128787878775
demo,D16,133,5,45.40245,43.02725,43.46369655467557,43.2375508841506,43.236746941757204,45.40245,43.16569545454546
demo,D16,134,5,44.909,42.26525,42.79391346266771,42.61968193394157,42.72907002830505,44.909,42.653809090909114
demo,D16,135,5,44.4125,41.892,42.38446985477913,42.22088258087544,42.29861102104187,44.4125,42.14937878787878
demo,D16,136,5,43.7235,41.358650000000004,41.67630545916393,41.38917632122157,41.51852868652344,43.7235,41.25876666666667
demo,D16,137,5,43.7246,41.1323,41.56342100740372,41.44780548834811,41.5684081741333,43.7246,41.38588484848486
demo,D16,138,5,43.02725,40.9779,41.021664830571794,40.90741795468123,40.89089006996155,43.02725,40.78142575757576
demo,D16,139,5,42.26525,40.16115,40.219085852339674,39.79734100928412,39.9323904838562,42.26525,39.7433621212121
demo,D16,140,5,41.892,40.2087,39.96790451959428,39.87632047025569,39.750790397644046,41.892,39.469631818181824
demo,D16,141,5,41.358650000000004,39.42125,39.2367381519092,39.1882145128341,39.15064409484864,41.358650000000004,38.819265151515154
demo,D16,142,5,41.1323,38.9106,39.048362247016314,39.00437764786381,38.958455185699464,41.1323,38.67901515151514
demo,D16,143,5,40.9779,38.542300000000004,38.601141034621875,38.494742198306184,38.69238969841003,40.9779,38.661980303030276
demo,D16,144,5,40.16115,38.49505,38.06155614852986,37.95372060830727,37.9236479019165,40.16115,37.86351666666666
demo,D16,145,5,40.2087,37.2038,37.63360820127412,37.660758715725606,37.82623726005554,40.2087,38.064569696969706
demo,D16,146,5,39.42125,37.6502,36.95597528712731,36.88883849901117,37.0930553817749,39.42125,37.240972727272734
demo,D16,147,5,38.9106,36.97885,36.657991622129316,36.719365757733684,36.707258992767336,38.9106,36.816016666666656
demo,D16,148,5,38.542300000000004,36.2213,36.22600387586402,36.05731004296789,36.22729350547791,38.542300000000004,36.492272727272734
demo,D16,149,5,38.49505,36.119099999999996,35.79641126393225,35.71829715631708,35.91413001899719,38.49505,36.4945075757576
demo,D16,150,5,37.2038,35.203250000000004,35.01824797642612,34.950256205578576,35.000458992767335,37.2038,35.00466363636365
demo,D16,151,5,37.6502,34.921,34.911816550058454,34.83410220586336,35.012436738204954,37.6502,35.48056515151513
demo,D16,152,5,36.97885,34.20755,34.50548833647903,34.40742024710766,34.56231724510193,36.97885,34.80492575757577
demo,D16,153,5,36.2213,34.19405,34.142987979111425,34.04226652805508,33.98390828971863,36.2213,34.036739393939406
demo,D16,154,5,36.119099999999996,33.225500000000004,33.55695027304361,33.50042162451781,33.702567245101925,36.119099999999996,33.91205909090908
demo,D16,155,5,35.203250000000004,32.95525,33.28716534276479,33.06454161485753,32.96585828971863,35.203250000000004,32.98477424242421
demo,D16,156,5,34.921,32.706849999999996,32.63531848599533,32.56009947796835,32.63756394004822,34.921,32.65498939393938
demo,D16,157,5,34.20755,32.3494,32.22571860896907,32.04945706431393,31.984273623275755,34.20755,31.801953030303054
demo,D16,158,5,34.19405,31.3199,31.957628107869404,31.780948838442903,31.897425816345212,34.19405,31.807451515151506
demo,D16,159,5,33.225500000000004,31.32295,31.401597552099147,31.199758645531748,30.98810828971863,33.225500000000004,30.84153030303029
demo,D16,160,5,32.95525,30.3326,30.758440855702624,30.51466520980002,30.585094665527343,32.95525,30.389154545454563
demo,D16,161,5,32.706849999999996,29.5117,30.68662455375771,30.544241731059675,30.401465364074703,32.706849999999996,30.297171212121203
demo,D16,162,5,32.3494,29.46145,30.188946952739673,30.018731278771114,30.051294998550418,32.3494,30.074465151515177
demo,D16,163,5,31.3199,29.464800000000004,29.36230457875636,29.167378099559954,29.014515364074708,31.3199,28.92699242424242
demo,D16,164,5,31.32295,28.73865,29.118193399092707,29.0951524131004,29.017565364074706,31.32295,29.075889393939416
demo,D16,165,5,30.3326,28.1092,28.27896452962824,28.151828351764408,28.027215364074706,30.3326,27.94668333333334
