dataset,battery_id,cycle,horizon,soh,y_true,linear_regression,random_forest,xgboost,persistence (no model),linear extrapolation (no model)
demo,D01,6,25,98.18424999999999,93.77145,92.66098532221623,92.60806713299328,92.46684420394897,98.18424999999999,93.05724999999998
demo,D01,7,25,97.86645,92.87655000000001,92.50870208994904,92.56841736125044,92.4148971321106,97.86645,93.0433696428571
demo,D01,8,25,97.7702,92.58005,92.56918777879075,92.09434154772734,92.06639598388672,97.7702,93.27515535714299
demo,D01,9,25,97.33185,92.80235,92.13753887786747,91.6325038051347,91.71720022735596,97.33185,92.55897499999988
demo,D01,10,25,97.66285,92.74915,92.51681247331537,91.94342063130298,92.00244817886353,97.66285,93.46023636363638
demo,D01,11,25,97.44245000000001,92.1686,92.4026557818975,91.76971967125675,91.73012776489259,97.44245000000001,93.23976060606074
demo,D01,12,25,97.0379,91.7426,92.12895073743404,91.56004782529268,91.7268624595642,97.0379,93.28228636363629
demo,D01,13,25,97.1642,91.5386,92.20789718906917,91.63582573781916,91.58990877075195,97.1642,94.45245757575749
demo,D01,14,25,96.77325,91.77195,91.60497179234005,91.09360811649455,90.95174254608155,96.77325,93.37656818181816
demo,D01,15,25,96.18130000000001,91.59005,91.12685076305486,90.5200482939372,90.61817295913697,96.18130000000001,91.66445151515155
demo,D01,16,25,96.3549,91.3199,91.30299428502418,90.68401275878061,90.77763616790772,96.3549,91.8973621212123
demo,D01,17,25,95.76095,90.74664999999999,90.743462517724,90.19623357748597,90.45096817703246,95.76095,90.57747272727275
demo,D01,18,25,96.11575,90.8048,90.97281879215039,90.4039551046357,90.46550576400757,96.11575,91.16776515151528
demo,D01,19,25,95.64,90.5586,90.53372522461669,89.94204838828999,89.98975576400757,95.64,90.04952272727279
demo,D01,20,25,95.40155,90.3771,90.47000583700498,89.85158977979043,90.10341424255371,95.40155,89.90776969696961
demo,D01,21,25,95.05405,90.3604,90.0761546731226,89.4826444454391,89.7305226638794,95.05405,89.50101212121221
demo,D01,22,25,95.4257,89.95309999999999,90.10339700162423,89.62505975128452,89.90956335372925,95.4257,90.36970757575759
demo,D01,23,25,94.8125,89.87625,89.67485345653154,89.10083306332076,89.53662109375,94.8125,90.11641666666668
demo,D01,24,25,94.52965,89.479,89.30575212130945,88.81997130954345,89.19424035873413,94.52965,89.86882424242418
demo,D01,25,25,94.3511,89.33109999999999,89.00153007234998,88.59422850040075,88.69615844116211,94.3511,89.17535000000004
demo,D01,26,25,94.41445,89.21900000000001,89.02193793658682,88.62505551984877,88.9624932510376,94.41445,89.65410151515158
demo,D01,27,25,94.16175,88.37724999999999,88.81945283422434,88.23352449175304,88.31077877807617,94.16175,89.07031060606066
demo,D01,28,25,93.97275,89.82825,88.7694310048284,88.1384623667623,88.47893124008179,93.97275,89.36843181818182
demo,D01,29,25,93.77435,88.24159999999999,88.21426221078134,87.81306501048019,88.0110796218872,93.77435,89.24308484848486
demo,D01,30,25,94.0832,87.97455,88.30943759906555,88.04501920538432,88.16656544036866,94.0832,90.21407878787879
demo,D01,31,25,93.77145,87.86675000000001,88.10817464611617,87.72695392421703,87.74050088424683,93.77145,89.9596924242425
demo,D01,32,25,92.87655000000001,88.18045,87.63467683933531,86.93549948746755,87.24084071426392,92.87655000000001,88.90992121212119
demo,D01,33,25,92.58005,87.25444999999999,87.23925924924632,86.65446937235785,86.91051913146973,92.58005,87.80470151515155
demo,D01,34,25,92.80235,87.5865,87.21160862457614,86.69472121596165,86.59798474655152,92.80235,87.72650151515151
demo,D01,35,25,92.74915,86.5726,87.23799753735516,86.52323875240431,86.62540646591187,92.74915,87.52609696969706
demo,D01,36,25,92.1686,86.758,86.9783707721352,86.13116010778432,86.31093064651489,92.1686,86.59770606060599
demo,D01,37,25,91.7426,86.6879,86.65430471940226,85.56996619035438,85.64897683868408,91.7426,85.50235000000005
demo,D01,38,25,91.5386,86.59515,86.50964377427374,85.50287729911526,85.43571904525757,91.5386,84.76888787878788
demo,D01,39,25,91.77195,86.41244999999999,86.49557737295123,85.56746495205827,85.73780607528687,91.77195,85.19793484848476
demo,D01,40,25,91.59005,86.8229,86.32355708540278,85.37089119126337,85.55280091171265,91.59005,86.08522424242425
demo,D01,41,25,91.3199,85.6529,85.98884158302387,85.08988391802828,85.28265091171265,91.3199,86.75179393939398
demo,D01,42,25,90.74664999999999,85.3974,85.15390085998193,84.54201965334573,84.81847359695433,90.74664999999999,85.58495303030296
demo,D01,43,25,90.8048,85.57175000000001,85.25525153815725,84.42236155830065,84.33481117706299,90.8048,85.28006515151509
demo,D01,44,25,90.5586,85.0348,85.13368097508521,84.29961518917952,84.4848261390686,90.5586,85.24355454545451
demo,D01,45,25,90.3771,84.48689999999999,84.91956564013293,84.11019130126162,84.35926819763183,90.3771,85.6155015151514
demo,D01,46,25,90.3604,84.3067,84.55249793572864,83.89782724558485,84.08552054443359,90.3604,85.88069545454549
demo,D01,47,25,89.95309999999999,84.14755000000001,84.3675434539643,83.70351836972067,83.83493259963988,89.95309999999999,85.03781969696956
demo,D01,48,25,89.87625,84.3488,84.15737444059887,83.60635291386562,83.80013248443603,89.87625,84.62287121212132
demo,D01,49,25,89.479,84.0183,83.95132201837802,83.41229386702935,83.39954462432861,89.479,84.23847727272722
demo,D01,50,25,89.33109999999999,83.95825,83.7203466193173,83.22632666999614,83.29832173690795,89.33109999999999,84.29341818181814
demo,D01,51,25,89.21900000000001,83.3981,83.57879286326077,83.07778375024085,83.15877880477906,89.21900000000001,84.46557575757582
demo,D01,52,25,88.37724999999999,83.34865,82.74923301197384,82.56728060475385,82.3428934059143,88.37724999999999,82.44146212121206
demo,D01,53,25,89.82825,83.26315,83.60148670297373,83.48226602685662,83.28124768447876,89.82825,85.50365151515146
demo,D01,54,25,88.24159999999999,82.75675,82.72364008511896,82.13227442544934,82.07794376525878,88.24159999999999,83.2501681818182
demo,D01,55,25,87.97455,82.76025,82.62984228173298,82.04538151993135,81.92834734039306,87.97455,82.35174696969689
demo,D01,56,25,87.86675000000001,82.19794999999999,82.47403193188622,81.83578776980772,81.72069954681398,87.86675000000001,82.16578787878794
demo,D01,57,25,88.18045,82.06054999999999,82.29670747987548,81.77430324242823,81.61863283081054,88.18045,82.90591969696969
demo,D01,58,25,87.25444999999999,81.82755,81.62900678677758,80.92215508002727,81.05327478713988,87.25444999999999,81.55270757575758
demo,D01,59,25,87.5865,81.3555,81.75539547628743,80.90507914007044,81.01763660812378,87.5865,82.04274242424236
demo,D01,60,25,86.5726,81.6322,81.11274108124039,80.48067391970633,80.39255820999145,86.5726,80.13122121212125
demo,D01,61,25,86.758,81.1168,81.08028858904287,80.43861747754087,80.41057120132446,86.758,80.32089393939394
demo,D01,62,25,86.6879,81.0325,80.63784522382649,80.04789616213438,80.04891627349853,86.6879,79.5023166666667
demo,D01,63,25,86.59515,80.94375000000001,80.88840793662511,80.24346619289638,80.46297026290894,86.59515,81.46486969696979
demo,D01,64,25,86.41244999999999,80.70389999999999,80.22318644632044,79.72042967028298,79.82464997406005,86.41244999999999,81.42364696969696
demo,D01,65,25,86.8229,80.53960000000001,80.40185674598582,80.13673816359851,80.07860154190064,86.8229,82.64448333333337
demo,D01,66,25,85.6529,80.08015,79.70539719767912,79.35456529095924,79.35340573348999,85.6529,80.8587333333334
demo,D01,67,25,85.3974,79.7521,79.55643313251238,79.05715766582001,79.18107948532105,85.3974,80.83277121212127
demo,D01,68,25,85.57175000000001,79.62415,79.3053837105914,78.89073817150818,78.89241535949708,85.57175000000001,80.7744242424242
demo,D01,69,25,85.0348,78.91055,79.10696458287605,78.71904296805835,78.72734589080811,85.0348,80.33589848484844
demo,D01,70,25,84.48689999999999,78.7509,78.48228309607771,78.31539468584218,78.20727172317504,84.48689999999999,78.22269545454543
demo,D01,71,25,84.3067,79.6862,78.62227171950022,78.24448119505891,78.00964332504273,84.3067,77.17249545454555
demo,D01,72,25,84.14755000000001,78.42145000000001,78.39643191058258,78.06277275588701,77.79177082901002,84.14755000000001,76.55230757575764
demo,D01,73,25,84.3488,78.60780000000001,78.56162108390748,78.07483102329984,77.99252444152832,84.3488,77.18217121212119
demo,D01,74,25,84.0183,77.98315,78.1930407237668,77.77068118028606,77.70602459030151,84.0183,77.20581515151515
demo,D01,75,25,83.95825,77.9079,78.13570264705197,77.61001531153909,77.7474894065857,83.95825,78.82760606060617
demo,D01,76,25,83.3981,78.17735,77.28792008521984,77.1495225723461,76.9778152519226,83.3981,78.10353181818189
demo,D01,77,25,83.34865,77.4466,76.9581851549195,76.90341711265721,76.96454860916138,83.34865,78.08016515151522
demo,D01,78,25,83.26315,77.5403,77.33374150621553,77.05083450197314,76.92243268432617,83.26315,78.81557424242428
demo,D01,79,25,82.75675,76.80415,76.54785605722137,76.36507495053336,76.37008322525024,82.75675,78.24419696969696
demo,D01,80,25,82.76025,76.7875,76.2748450575677,75.88760365027174,76.00217094802856,82.76025,77.96464393939382
demo,D01,81,25,82.19794999999999,76.32865,75.91300506772873,75.67995477205355,75.81361877365111,82.19794999999999,76.57541212121212
demo,D01,82,25,82.06054999999999,76.27615,76.07621117423477,75.5669546147951,75.70428731613158,82.06054999999999,75.79748181818181
demo,D01,83,25,81.82755,76.3938,75.83022762843794,75.43754259422981,75.55559641723633,81.82755,75.57406515151516
demo,D01,84,25,81.3555,75.38705,75.51147766756695,74.90392367851733,75.0251858406067,81.3555,74.6810757575757
demo,D01,85,25,81.6322,75.79875,75.311237587748,75.0234149852409,75.07712101669311,81.6322,75.62098030303044
demo,D01,86,25,81.1168,75.5026,74.89921824494941,74.57591595987986,74.74531858139038,81.1168,74.83724696969699
demo,D01,87,25,81.0325,75.01554999999999,74.8145611387342,74.44211895945536,74.63156435012817,81.0325,74.97854545454535
demo,D01,88,25,80.94375000000001,74.52215,74.67550995849436,74.38364866943604,74.57966814041139,80.94375000000001,75.55373484848491
demo,D01,89,25,80.70389999999999,74.7395,74.31375774479139,74.07559046520913,74.35688986434936,80.70389999999999,75.50960454545454
demo,D01,90,25,80.53960000000001,74.3205,74.43358866468847,73.90883845056949,74.07631169281007,80.53960000000001,75.94488787878794
demo,D01,91,25,80.08015,74.31035,73.76028749858527,73.38525130357056,73.61327397003174,80.08015,75.1942560606061
demo,D01,92,25,79.7521,74.008,73.5724017002229,73.12644310162264,73.19702101669311,79.7521,74.54044090909096
demo,D01,93,25,79.62415,74.2425,73.50584999557499,72.93120298112994,73.07429667510986,79.62415,74.22344545454546
demo,D01,94,25,78.91055,73.4504,72.9055845905158,72.40092602702299,72.49152314834595,78.91055,72.22865606060601
demo,D01,95,25,78.7509,72.975,72.81938933647537,72.29688188307634,72.46069642868042,78.7509,71.77217272727277
demo,D01,96,25,79.6862,73.0954,73.07272359710097,72.68239479798561,72.96108088607788,79.6862,73.70016969696971
demo,D01,97,25,78.42145000000001,72.86685,72.32942359512329,71.85770285346605,72.04402194519044,78.42145000000001,71.99647272727269
demo,D01,98,25,78.60780000000001,72.96755,72.36255040283116,71.98983564490742,72.24184607772828,78.60780000000001,72.64130000000011
demo,D01,99,25,77.98315,72.5689,71.8731585860218,71.41028392070169,71.59149741592407,77.98315,71.93144545454541
demo,D01,100,25,77.9079,72.1837,71.76116744315064,71.2947064152341,71.46988072433471,77.9079,72.2190136363637
demo,D01,101,25,78.17735,72.27355,71.54004585513246,71.17037369821193,71.46965833053589,78.17735,73.25044848484848
demo,D01,102,25,77.4466,71.23555,71.08956326938127,70.79220194740448,70.99948219451905,77.4466,72.3150621212121
demo,D01,103,25,77.5403,71.15755,70.99514166641683,70.81747214526226,71.10201417236328,77.5403,72.81728484848476
demo,D01,104,25,76.80415,70.82845,70.40793648690769,70.08859837777156,70.30354060211182,76.80415,70.92795303030309
demo,D01,105,25,76.7875,70.74615,70.47473440588521,70.09316882682353,70.10075483322143,76.7875,70.10763636363636
demo,D01,106,25,76.32865,70.2064,70.41045769356032,69.70786511641148,69.96663093795776,76.32865,70.37321818181813
demo,D01,107,25,76.27615,70.566,69.83971952044612,69.62714161768177,69.83871723403931,76.27615,69.88308181818184
demo,D01,108,25,76.3938,70.06445,70.01800824291972,69.6727645676971,69.77051518325806,76.3938,70.68420151515157
demo,D01,109,25,75.38705,69.44525,69.04665821018327,68.87368061193384,68.98142894821167,75.38705,68.61790606060615
demo,D01,110,25,75.79875,69.3369,69.46009565121643,69.16030871142918,69.26312120437622,75.79875,69.19275000000006
demo,D01,111,25,75.5026,69.49035,69.17282352888611,68.89343842034864,69.05470161209107,75.5026,69.74412272727275
demo,D01,112,25,75.01554999999999,69.40214999999999,68.57365840750899,68.3927525620017,68.4828213279724,75.01554999999999,69.03304999999997
demo,D01,113,25,74.52215,69.50385,68.32719597991051,67.92472859092499,68.0366158088684,74.52215,68.53565757575755
demo,D01,114,25,74.7395,69.5328,68.18830518485267,68.01627138232614,68.10595889282227,74.7395,68.73307575757588
demo,D01,115,25,74.3205,68.53645,67.85349942471221,67.68683935372668,67.73644505310058,74.3205,68.32068181818174
demo,D01,116,25,74.31035,67.8684,67.78215873979025,67.58837591378052,67.7360296836853,74.31035,68.28612272727274
demo,D01,117,25,74.008,67.2785,67.47739858818895,67.34269992719446,67.40928993988037,74.008,68.07117424242415
demo,D01,118,25,74.2425,67.75099999999999,67.54453821789974,67.50858574041499,67.69393413543702,74.2425,69.59625000000005
demo,D01,119,25,73.4504,67.179,66.67034444626806,66.527749646646,66.76758063354492,73.4504,67.98858181818173
demo,D01,120,25,72.975,67.0502,66.55968599537034,66.38131545135768,66.55416641235351,72.975,67.32237121212123
demo,D01,121,25,73.0954,66.7428,66.76925065934816,66.44179871003169,66.50198903121948,73.0954,67.77824090909087
demo,D01,122,25,72.86685,66.63544999999999,66.18196102904169,66.1295659015039,66.31828413543701,72.86685,67.49120606060606
demo,D01,123,25,72.96755,66.74849999999999,66.17461579866912,65.93784254593575,66.05824204330445,72.96755,67.49952727272722
demo,D01,124,25,72.5689,66.22645,65.9748513593054,65.7729840652419,65.9574612487793,72.5689,67.29822575757576
demo,D01,125,25,72.1837,65.8821,65.61019212277918,65.41917546915386,65.58747998352051,72.1837,66.54452575757583
demo,D01,126,25,72.27355,65.36905,65.81157117733912,65.50250425887731,65.68517538528442,72.27355,67.01899696969694
demo,D01,127,25,71.23555,64.92710000000001,65.0369265339203,64.58817500929025,64.80065019302369,71.23555,65.0634590909091
demo,D01,128,25,71.15755,65.03305,65.10965900499424,64.50111426953121,64.71844401245117,71.15755,65.19252727272735
demo,D01,129,25,70.82845,64.9119,64.5301416390954,64.19743732864639,64.37761381835938,70.82845,64.23638939393945
demo,D01,130,25,70.74615,65.20725,64.30656456628661,64.12677504807147,64.16790531387329,70.74615,63.41702121212126
demo,D01,131,25,70.2064,64.46445,64.05562992062119,63.57973248181571,63.779174410247805,70.2064,62.280256060606185
demo,D01,132,25,70.566,64.4684,64.1565784767692,63.89157019737228,64.04377843475342,70.566,63.02774242424238
demo,D01,133,25,70.06445,63.771699999999996,63.89882323082757,63.39900741344303,63.63648340530395,70.06445,63.095207575757584
demo,D01,134,25,69.44525,63.3136,63.159095248191676,62.81589439298325,63.00550505065918,69.44525,62.415969696969746
demo,D01,135,25,69.3369,63.1268,62.95600547123316,62.706437177161455,62.9096744102478,69.3369,62.40439242424238
demo,D01,136,25,69.49035,62.945750000000004,62.961243912981786,62.78016718286454,62.996467343902594,69.49035,63.87628181818181
demo,D01,137,25,69.40214999999999,63.548550000000006,62.40635734901935,62.35239811208849,62.48061546173095,69.40214999999999,64.09964242424248
demo,D01,138,25,69.50385,62.40995,62.30362289153453,62.40648146939108,62.41916991958618,69.50385,65.07716060606063
demo,D01,139,25,69.5328,62.653999999999996,62.21373423970191,62.46473650386589,62.384478848266596,69.5328,65.97402727272717
demo,D01,140,25,68.53645,61.87735,61.54426025220061,61.71145318543888,61.86185512084961,68.53645,64.74238939393945
demo,D01,141,25,67.8684,62.17315,61.13438803671532,61.1122102703475,61.296723268890375,67.8684,62.69809696969687
demo,D01,142,25,67.2785,61.75429999999999,60.953301784618404,60.603101598377215,60.87534324264526,67.2785,61.235363636363616
demo,D01,143,25,67.75099999999999,61.3367,61.1676795030021,60.96072763929012,61.12773091888427,67.75099999999999,61.639643939393785
demo,D01,144,25,67.179,61.11600000000001,60.6359788994854,60.470003737720624,60.548116306304934,67.179,59.888469696969715
demo,D01,145,25,67.0502,60.676050000000004,60.506074244532435,60.342296412454665,60.460347190094,67.0502,58.91101818181822
demo,D02,6,25,96.0511,89.96549999999999,90.86956968998742,90.3989738173369,90.81754897460938,96.0511,91.66999285714286
demo,D02,7,25,95.4213,90.07625,89.93805062822878,90.11996165351277,90.29742628936768,95.4213,89.86433571428583
demo,D02,8,25,94.90079999999999,89.63155,89.09747095063948,89.79224267079178,89.7983200653076,94.90079999999999,88.2326005952382
demo,D02,9,25,94.74719999999999,89.41584999999999,88.72361212172272,89.60898886615107,89.46852158279418,94.74719999999999,87.7489708333332
demo,D02,10,25,94.79005000000001,89.5234,88.87642884100327,89.51626531272623,89.4036769569397,94.79005000000001,88.06395909090905
demo,D02,11,25,94.36135,88.70655,88.55258949399351,89.17065881210333,89.0373377204895,94.36135,86.78506212121226
demo,D02,12,25,95.53625,89.18825,90.06332236957869,90.1562391046819,90.19271314620971,95.53625,89.70943181818176
demo,D02,13,25,94.1657,88.22015,89.03749632132201,88.92819148615186,89.05002121276856,94.1657,89.26166969696969
demo,D02,14,25,94.80085,88.2055,89.25641968940917,89.32308685175347,89.41096219024658,94.80085,91.07946363636354
demo,D02,15,25,93.34915000000001,88.74549999999999,87.95142316962989,87.99385034750533,88.17813378372193,93.34915000000001,88.74343030303037
demo,D02,16,25,93.71255,88.27055,88.2522332306734,88.16752992140037,88.4743245399475,93.71255,89.67161060606071
demo,D02,17,25,93.09315000000001,87.72485,87.4961171212576,87.66658899040769,87.92499051513673,93.09315000000001,88.43133939393942
demo,D02,18,25,93.06265,87.17605,87.34474290894606,87.47564944070643,87.69477537765503,93.06265,87.57637727272736
demo,D02,19,25,93.03139999999999,87.06155,87.40583446595448,87.34788251216078,87.57661417617797,93.03139999999999,86.9790666666666
demo,D02,20,25,92.0688,87.00395,86.73295268745957,86.59197071820259,86.91719391708374,92.0688,84.72912575757579
demo,D02,21,25,92.6141,86.7543,87.0282811528661,86.87385255571509,86.9373045173645,92.6141,84.84079696969692
demo,D02,22,25,92.8898,86.47635,87.56550681569614,87.32034176097996,87.42352049331664,92.8898,87.54645909090905
demo,D02,23,25,91.95795,86.2544,86.4006662047727,86.3358727841613,86.42966974182129,91.95795,86.2915712121212
demo,D02,24,25,91.94630000000001,85.9589,86.47963886354167,86.25615470790672,86.35332486038209,91.94630000000001,87.66859545454537
demo,D02,25,25,91.94945,85.95795000000001,85.93821680508557,85.94004522780907,86.07289026565552,91.94945,87.51023030303035
demo,D02,26,25,91.3657,85.3859,85.65007293251523,85.68331431624738,85.81609558410645,91.3657,86.99876060606067
demo,D02,27,25,91.0128,85.5733,85.27408156271034,85.2205710282474,85.41938855438232,91.0128,85.91574696969701
demo,D02,28,25,90.2759,85.1788,84.98098314699375,84.6339840109799,84.62183772888183,90.2759,84.0234454545455
demo,D02,29,25,90.92179999999999,84.75675,85.34120739146789,85.17066935637054,85.32321963958739,90.92179999999999,85.187103030303
demo,D02,30,25,91.0897,84.3243,85.17079285083364,85.1818252401761,84.9884340927124,91.0897,85.13665454545453
demo,D02,31,25,89.96549999999999,84.35979999999999,84.69280858623348,84.37087710610342,84.28157484817504,89.96549999999999,83.46663636363644
demo,D02,32,25,90.07625,83.96545,84.7503927873447,84.40940434356271,84.28844301223755,90.07625,84.444696969697
demo,D02,33,25,89.63155,84.2805,83.98835415842251,83.94485548183381,83.81675641326905,89.63155,83.56040606060607
demo,D02,34,25,89.41584999999999,83.744,83.91030551191234,83.727738019714,83.66113408050536,89.41584999999999,83.29653181818186
demo,D02,35,25,89.5234,82.95275,83.91916813961501,83.8791668963243,84.04335420455932,89.5234,84.27461969696971
demo,D02,36,25,88.70655,83.30145,83.07342442544906,83.13100606355724,83.22710549621581,88.70655,82.97667121212112
demo,D02,37,25,89.18825,82.62105,83.54250979375605,83.25083312901383,83.28614752960205,89.18825,83.85177272727279
demo,D02,38,25,88.22015,82.43325,82.5636455167737,82.32100720234939,82.44807720794678,88.22015,81.28166515151517
demo,D02,39,25,88.2055,82.45295,83.02866298252295,82.38458452503814,82.24616514968872,88.2055,81.34448484848481
demo,D02,40,25,88.74549999999999,81.96329999999999,83.04561027854774,82.69934791493807,82.72920838165282,88.74549999999999,83.80127272727279
demo,D02,41,25,88.27055,82.13025,82.38566215853507,81.96411333351452,81.96998189620972,88.27055,83.43214848484848
demo,D02,42,25,87.72485,81.38119999999999,81.96745620993187,81.74316781118638,81.74781209335328,87.72485,82.94634242424249
demo,D02,43,25,87.17605,81.17855,81.49334506188124,81.17286723124305,81.21611385803223,87.17605,81.68045151515157
demo,D02,44,25,87.06155,80.91755,81.37532678174185,81.10042792913714,81.08533511428833,87.06155,81.07731515151524
demo,D02,45,25,87.00395,80.69454999999999,81.09232238209157,80.96852043898208,80.99146306533814,87.00395,81.34520757575757
demo,D02,46,25,86.7543,80.9434,80.82446549743614,80.57499753401527,80.64628017120361,86.7543,80.48267121212126
demo,D02,47,25,86.47635,80.55125,80.96736067458781,80.50483264417626,80.51527612457275,86.47635,80.60723636363626
demo,D02,48,25,86.2544,80.6241,80.32999784891621,80.07301934687604,80.16441510620118,86.2544,79.6934303030305
demo,D02,49,25,85.9589,80.5395,80.19701113516867,79.96029000387216,79.97801544799805,85.9589,78.87438484848494
demo,D02,50,25,85.95795000000001,79.29765,80.43232462128871,80.02574595374662,79.99687612457276,85.95795000000001,79.9293818181818
demo,D02,51,25,85.3859,79.37525,79.82130451304863,79.46591032769062,79.43408105697632,85.3859,79.68633939393942
demo,D02,52,25,85.5733,78.74805,79.5424314165645,79.48370741565365,79.48245727615357,85.5733,80.42292878787876
demo,D02,53,25,85.1788,78.61405,78.84769404589954,78.99625788286754,79.10620535736084,85.1788,79.77698181818177
demo,D02,54,25,84.75675,78.4043,78.76385456003594,78.83367064945833,78.75963152694702,84.75675,78.94235606060604
demo,D02,55,25,84.3243,78.02175,78.71155342057467,78.40731256261009,78.31860847167968,84.3243,78.11004999999999
demo,D02,56,25,84.35979999999999,77.76849999999999,78.41704931996154,78.48469767339142,78.33089746932983,84.35979999999999,78.19003484848483
demo,D02,57,25,83.96545,77.7855,78.11581709154655,78.0944931629461,78.01170797271729,83.96545,77.56477575757576
demo,D02,58,25,84.2805,77.2081,78.1947270891603,78.19442685202262,78.16913849639893,84.2805,78.46949242424243
demo,D02,59,25,83.744,77.5697,77.74397595457077,77.86586654637249,77.75895838165283,83.744,77.89671969696958
demo,D02,60,25,82.95275,76.78525,77.30268813952424,77.14112453251782,76.94076803588867,82.95275,76.65981818181821
demo,D02,61,25,83.30145,77.64655,77.1815456459552,77.27639527657206,77.19111274261475,83.30145,76.99561666666665
demo,D02,62,25,82.62105,76.411,76.76341850433836,76.79608215531417,76.68207275848388,82.62105,76.3184818181819
demo,D02,63,25,82.43325,76.31035,76.44105238044581,76.58811508095317,76.47430806350708,82.43325,76.11497727272734
demo,D02,64,25,82.45295,75.64205000000001,76.14616270364213,76.51939655937154,76.39747953338623,82.45295,76.27440454545456
demo,D02,65,25,81.96329999999999,76.28395,76.03560463617652,76.16123555258224,75.97378469543456,81.96329999999999,75.23414848484848
demo,D02,66,25,82.13025,75.8491,76.01361246232791,76.22757736670555,76.07477953338623,82.13025,75.85277272727274
demo,D02,67,25,81.38119999999999,75.34305,75.39345257819399,75.55614702009838,75.41432492370605,81.38119999999999,74.55233636363636
demo,D02,68,25,81.17855,74.59025,75.23557208344623,75.30749277819926,75.20716881256104,81.17855,74.83014848484846
demo,D02,69,25,80.91755,74.7974,74.85346453033989,75.05241540026135,74.95992985610962,80.91755,74.73951969696968
demo,D02,70,25,80.69454999999999,74.1373,74.46942685803684,74.70981855892465,74.59088226394653,80.69454999999999,73.92054999999999
demo,D02,71,25,80.9434,74.6516,74.66402858710562,74.92390595695265,74.8585291847229,80.9434,75.17824090909093
demo,D02,72,25,80.55125,74.1944,74.0707744171169,74.4912836172588,74.5192184638977,80.55125,74.84074242424249
demo,D02,73,25,80.6241,73.71865,74.14064563952239,74.44571729283467,74.39968612823486,80.6241,75.38179696969702
demo,D02,74,25,80.5395,72.69704999999999,73.99726448529313,74.23002591874054,74.25437712860108,80.5395,76.23109848484843
demo,D02,75,25,79.29765,72.87055,73.11861505365395,73.35627992598606,73.26634373321534,79.29765,73.99346818181829
demo,D02,76,25,79.37525,73.1091,73.19227804531089,73.37436502469899,73.29139294052123,79.37525,74.26712878787887
demo,D02,77,25,78.74805,73.00345,72.67666348881153,72.77680990615417,72.66419294052125,78.74805,72.56714848484866
demo,D02,78,25,78.61405,72.7088,72.5804842131618,72.62329778771317,72.53812608032227,78.61405,71.63781515151524
demo,D02,79,25,78.4043,71.6345,72.26495858102211,72.44604447379682,72.37239244155884,78.4043,70.68883030303039
demo,D02,80,25,78.02175,71.9382,71.91409933646558,72.08577616357537,71.99837687301635,78.02175,69.4353106060605
demo,D02,81,25,77.76849999999999,71.8877,71.932754519301,71.80073615698308,71.80939260101317,77.76849999999999,69.19043939393944
demo,D02,82,25,77.7855,70.82045000000001,71.66630618141804,71.79824034096782,71.6611308555603,77.7855,69.5475075757576
demo,D02,83,25,77.2081,71.0501,71.43365513180335,71.28811611397333,71.29817263183594,77.2081,69.48233484848485
demo,D02,84,25,77.5697,70.8688,71.4311114996247,71.5625681669058,71.50580763549804,77.5697,71.74340454545451
demo,D02,85,25,76.78525,70.4302,70.28002886242461,70.79177304144855,70.66027956390381,76.78525,70.61890909090913
demo,D02,86,25,77.64655,69.6982,70.86685469631327,71.08187848748764,71.19004803924561,77.64655,73.20533030303038
demo,D02,87,25,76.411,69.88915,69.75911759423397,70.41273818403391,70.35722993469238,76.411,71.48857575757572
demo,D02,88,25,76.31035,69.62135,69.76841899136795,70.31752541664126,70.2429991355896,76.31035,71.25433484848489
demo,D02,89,25,75.64205000000001,69.4074,69.36023019901828,69.67361730133122,69.55819294052125,75.64205000000001,69.8896333333334
demo,D02,90,25,76.28395,69.01469999999999,69.38481142331477,69.84924968120656,70.00282683868409,76.28395,70.90991212121222
demo,D02,91,25,75.8491,68.78235000000001,69.21390413021379,69.70263588318832,69.65544450912476,75.8491,70.36498636363635
demo,D02,92,25,75.34305,68.6345,68.89649076043493,69.35423565193905,69.25859164886475,75.34305,69.66876212121211
demo,D02,93,25,74.59025,68.50995,68.27010603301915,68.6239011377851,68.51432608032226,74.59025,67.47704545454549
demo,D02,94,25,74.7974,69.1005,68.50959535389025,68.83880450037188,68.6730308555603,74.7974,67.92371060606051
demo,D02,95,25,74.1373,67.71485,67.80285210255893,68.10815129166589,67.94294546585083,74.1373,66.1356636363636
demo,D02,96,25,74.6516,67.59515,68.44719616754787,68.67788397320487,68.59564077529907,74.6516,68.4612439393939
demo,D02,97,25,74.1944,66.7205,67.64936189303916,68.13210383645146,68.02314965667725,74.1944,68.0401803030303
demo,D02,98,25,73.71865,67.16885,67.47529615847066,67.71784018570037,67.57136739959716,73.71865,67.4557636363636
demo,D02,99,25,72.69704999999999,67.9752,66.82789219896601,66.64696148894326,66.57799043731688,72.69704999999999,64.60393636363631
demo,D02,100,25,72.87055,66.4945,66.86979201358379,66.79903229063126,66.85765107803344,72.87055,65.14605757575764
demo,D02,101,25,73.1091,66.4987,66.77175135707924,67.04749742089017,66.94416393432617,73.1091,66.3881378787878
demo,D02,102,25,73.00345,65.35215,66.32738960850378,66.87919561390949,66.8286944267273,73.00345,67.12883636363634
demo,D02,103,25,72.7088,65.07300000000001,65.89314114505913,66.33580025567319,66.0699397743225,72.7088,66.73304242424244
demo,D02,104,25,71.6345,65.47404999999999,65.36974258243752,65.54358179588996,65.48581978988648,71.6345,65.00803030303038
demo,D02,105,25,71.9382,65.1162,65.2586924154415,65.78964347242093,65.62807417221069,71.9382,64.93344242424243
demo,D02,106,25,71.8877,64.8955,65.32130681339842,65.698453189199,65.62510911483764,71.8877,65.9593515151515
demo,D02,107,25,70.82045000000001,65.0502,64.53499347858528,64.61302062565981,64.62844293518067,70.82045000000001,64.58871515151515
demo,D02,108,25,71.0501,64.4948,64.30517980573534,64.74852138563266,64.5457579208374,71.0501,65.05763030303038
demo,D02,109,25,70.8688,64.3003,63.96814643852673,64.42977020025343,64.24036534194946,70.8688,63.97435303030315
demo,D02,110,25,70.4302,63.89035,63.83463450863542,64.2042309154759,63.89775647659302,70.4302,62.878866666666816
demo,D02,111,25,69.6982,63.391149999999996,63.64379693937879,63.45614272087833,63.34633804626465,69.6982,61.62888181818182
demo,D02,112,25,69.88915,62.561049999999994,63.568053379461624,63.66593651351512,63.482496118927,69.88915,62.419756060606105
demo,D02,113,25,69.62135,63.14769999999999,63.26513415805724,63.407638410135824,63.26138944396973,69.62135,62.839342424242396
demo,D02,114,25,69.4074,63.9493,62.56166860729516,63.260677434524396,63.00842462768554,69.4074,62.16611969696972
demo,D02,115,25,69.01469999999999,62.556400000000004,62.67046556753283,62.86656140323374,62.63609654159545,69.01469999999999,61.95969242424239
demo,D02,116,25,68.78235000000001,61.82164999999999,62.48021793883524,62.62357910406504,62.422389443969735,68.78235000000001,62.398516666666616
demo,D02,117,25,68.6345,62.009800000000006,61.98603720886632,62.43780440417795,62.34714171600342,68.6345,61.88249242424243
demo,D02,118,25,68.50995,61.787650000000006,61.923863386997,62.324865385407406,62.0093944847107,68.50995,62.265086363636414
demo,D02,119,25,69.1005,61.7186,62.15892254162615,62.60051853205199,62.60413397598266,69.1005,64.63565151515144
demo,D02,120,25,67.71485,60.709199999999996,61.0704989052474,61.5589576546024,61.46883540496826,67.71485,62.945342424242526
demo,D02,121,25,67.59515,60.624849999999995,60.935387006183284,61.34745936043373,61.308777815246586,67.59515,61.96058939393935
demo,D02,122,25,66.7205,60.6374,60.45900740129296,60.57124910563184,60.53384924697876,66.7205,59.98371969696978
demo,D02,123,25,67.16885,60.150499999999994,60.558799476559315,61.013410599803805,60.93875652084351,67.16885,60.455100000000016
demo,D02,124,25,67.9752,59.5178,60.664975644158346,61.29001086933522,61.34880382080078,67.9752,62.77064696969704
demo,D02,125,25,66.4945,59.6967,59.763025932447384,60.27597699907366,60.217784244537356,66.4945,60.559507575757564
demo,D02,126,25,66.4987,59.46495,59.826340025948205,60.25185563279887,60.24328694458008,66.4987,60.21544242424241
demo,D02,127,25,65.35215,59.0364,59.25078406389979,59.13212059577911,59.20274690475463,65.35215,57.60274848484851
demo,D02,128,25,65.07300000000001,59.74665,59.15491452459301,58.86007354492194,58.97141270446778,65.07300000000001,56.263863636363666
demo,D02,129,25,65.47404999999999,58.3687,59.276781402994025,59.21172332905913,59.32873626022338,65.47404999999999,58.17781515151511
demo,D02,130,25,65.1162,58.6074,58.58978069859898,58.87430847817514,58.8287792503357,65.1162,57.63439696969696
demo,D02,131,25,64.8955,57.611000000000004,58.52226679977338,58.67462552008968,58.63896017837524,64.8955,57.51514393939403
demo,D02,132,25,65.0502,57.42195,58.05057578498119,58.41488060236602,58.42108966369629,65.0502,57.34257121212115
demo,D02,133,25,64.4948,57.318000000000005,58.0314936965502,58.25139182773885,58.22558060150146,64.4948,56.955936363636354
demo,D02,134,25,64.3003,57.294650000000004,58.04097814827316,57.97199826625091,58.20895325927734,64.3003,58.819209090909155
demo,D02,135,25,63.89035,56.29765,57.11753354098407,57.56687758746303,57.62587703857422,63.89035,58.55378181818176
demo,D02,136,25,63.391149999999996,56.06934999999999,56.54776422408879,57.0979352037601,57.18903970947265,63.391149999999996,58.31451363636363
demo,D02,137,25,62.561049999999994,55.56635,55.87960706052267,56.20934496643575,56.06863600234985,62.561049999999994,55.64315606060611
demo,D02,138,25,63.14769999999999,55.90235,56.15682134630567,56.6338518590346,56.53065936584472,63.14769999999999,55.56906363636363
demo,D02,139,25,63.9493,55.271550000000005,56.86228689491693,57.18731430764024,57.03119964294434,63.9493,58.054853030302894
demo,D02,140,25,62.556400000000004,55.2059,55.82101790494387,56.08123457583252,55.97665899887085,62.556400000000004,56.31236212121214
demo,D02,141,25,61.82164999999999,55.2335,55.30357791913403,55.33683673221679,55.16360041656493,61.82164999999999,54.633953030303
demo,D02,142,25,62.009800000000006,54.55615,55.48165221131438,55.5272651119872,55.35132984619141,62.009800000000006,55.32431515151522
demo,D02,143,25,61.787650000000006,54.53115,55.20707831473874,55.34497224020788,55.05452860488892,61.787650000000006,55.29711212121208
demo,D02,144,25,61.7186,54.0848,55.2495834169293,55.27826117289444,55.16818019256592,61.7186,55.82503181818183
demo,D02,145,25,60.709199999999996,54.0887,54.351867715604556,54.26056145400142,54.24695262832641,60.709199999999996,54.1352303030304
demo,D03,6,25,98.8142,90.83445,91.50596471923322,91.1329111562602,91.370915965271,98.8142,91.72348571428584
demo,D03,7,25,98.409,90.58515,91.04909139337688,90.68454268436436,91.02669485473633,98.409,91.19105357142863
demo,D03,8,25,97.9932,90.92885000000001,90.58232180717275,90.36799824637141,90.12249677963257,97.9932,90.45748571428588
demo,D03,9,25,97.40395,90.47995,89.76483680352081,88.64977276450382,88.71240546722412,97.40395,89.24024166666642
demo,D03,10,25,97.43895,89.95215,89.81635933712057,89.0908325398642,89.1579841949463,97.43895,89.44855606060607
demo,D03,11,25,96.99185,89.99935,89.36570030911665,88.17043640771018,88.22052965698242,96.99185,88.64305454545448
demo,D03,12,25,96.51615,89.70925,88.90765980036883,87.73251553708076,87.79103613128662,96.51615,87.72187727272728
demo,D03,13,25,96.51405,89.65235,89.03089134752707,87.72521343610704,87.88969277648926,96.51405,88.6262015151516
demo,D03,14,25,96.1559,89.10355,88.44011275034526,87.8048275836142,87.85587501373291,96.1559,88.04685454545447
demo,D03,15,25,96.36105,89.1239,88.67004034955809,88.58855400865265,88.43319164733887,96.36105,89.03433787878794
demo,D03,16,25,96.08085,88.4499,88.44355835752204,88.33779456887727,88.61469637832641,96.08085,89.73705454545468
demo,D03,17,25,95.34270000000001,88.1043,87.73768428467447,87.66127414138494,87.83203601379395,95.34270000000001,89.12820757575761
demo,D03,18,25,95.248,88.1489,87.49180526961933,87.48412503162415,87.72931465911866,95.248,89.26985606060603
demo,D03,19,25,94.4797,87.2261,86.81890792450756,86.78088981872477,86.9569024154663,94.4797,87.54001818181818
demo,D03,20,25,94.59885,88.05330000000001,86.91412271628518,86.88862330139564,87.046612966156,94.59885,87.80457727272736
demo,D03,21,25,94.57575,87.0102,86.77796571085294,86.7188909124249,86.96312773895264,94.57575,88.01085606060603
demo,D03,22,25,94.41145,86.69985,86.58113339217998,86.56842387187496,86.79177293319702,94.41145,87.79120757575758
demo,D03,23,25,93.65695000000001,86.43045000000001,86.06186620850698,85.85324962408563,86.20331716842652,93.65695000000001,86.58678333333332
demo,D03,24,25,93.89235000000001,86.5227,86.17432823107299,86.14137323953402,86.28671197280885,93.89235000000001,86.96213030303021
demo,D03,25,25,92.82705,85.88335000000001,85.52656472233022,85.00272581472657,85.57693794326782,92.82705,85.61193636363635
demo,D03,26,25,92.61155,84.84945,85.22760742388719,84.98131963602077,85.28226723937988,92.61155,85.42158787878789
demo,D03,27,25,92.9019,85.4367,85.1206374921495,85.05011560186578,85.42479867401123,92.9019,85.95407424242427
demo,D03,28,25,93.71735,84.5975,85.75028408478623,85.76391676755475,85.86160754547119,93.71735,88.70544090909095
demo,D03,29,25,92.2407,84.41535,84.43652944991315,84.34074570957425,84.7034766609192,92.2407,86.33442727272732
demo,D03,30,25,91.78115,83.6823,84.26140358472355,83.88842046339236,84.4525743888855,91.78115,85.2309227272728
demo,D03,31,25,90.83445,83.90615,83.75113157748898,82.95900556268444,83.71431898422242,90.83445,83.16466212121217
demo,D03,32,25,90.58515,83.23445000000001,83.53799076038031,82.70497224301457,83.36898111953735,90.58515,82.3157409090909
demo,D03,33,25,90.92885000000001,83.1409,83.44656571407626,83.06036858251458,83.47844821701051,90.92885000000001,82.4304863636364
demo,D03,34,25,90.47995,82.706,83.08820643649861,82.65321195480576,83.26286463851929,90.47995,82.35952575757581
demo,D03,35,25,89.95215,83.04855,82.53951197924584,82.04571321721255,82.500574243927,89.95215,80.74849848484857
demo,D03,36,25,89.99935,82.7449,82.48184062133787,82.13955234117931,82.35805838165284,89.99935,80.28885000000002
demo,D03,37,25,89.70925,81.84275,82.22246929708506,82.08732974432064,82.28031924057007,89.70925,80.37180303030306
demo,D03,38,25,89.65235,81.526,82.29109027725985,82.0682769795986,82.38912444458008,89.65235,82.93691818181817
demo,D03,39,25,89.10355,81.07215,81.19478672664842,81.41036999995289,81.58203510742187,89.10355,83.03250454545453
demo,D03,40,25,89.1239,81.19285,81.07047090107929,81.24301978453303,81.51305538787842,89.1239,83.90972575757574
demo,D03,41,25,88.4499,80.43860000000001,80.35713390517074,80.48744705385764,80.71948990097046,88.4499,82.40090000000002
demo,D03,42,25,88.1043,80.08655,80.04692332481167,80.19333244349907,80.4208225982666,88.1043,81.05629242424239
demo,D03,43,25,88.1489,80.1816,80.21989272207006,80.31138486779228,80.58310028686523,88.1489,81.48730909090908
demo,D03,44,25,87.2261,79.4011,79.32653868587718,79.72444119180213,79.44728330001831,87.2261,79.78680454545457
demo,D03,45,25,88.05330000000001,79.2252,79.67410744394591,80.1146287805106,80.12755260543824,88.05330000000001,81.07064848484848
demo,D03,46,25,87.0102,78.43554999999999,79.13732075757471,79.24083379513321,79.47620532531738,87.0102,79.71585909090913
demo,D03,47,25,86.69985,78.794,78.9551475268173,78.9285755981198,79.17810145721435,86.69985,79.09291818181805
demo,D03,48,25,86.43045000000001,78.8373,78.59573065355784,78.78007069171503,78.98530630035401,86.43045000000001,78.96066969696983
demo,D03,49,25,86.5227,78.1431,78.57751258983315,78.5883536859888,78.94456880111694,86.5227,79.37753333333332
demo,D03,50,25,85.88335000000001,78.03645,77.9042951974803,78.22666121469794,78.45282469711304,85.88335000000001,79.0069484848485
demo,D03,51,25,84.84945,77.0147,77.06344958340327,77.3302603617684,77.08843649215699,84.84945,76.69060151515151
demo,D03,52,25,85.4367,78.19205,77.3497290804851,77.61243182037833,77.42094816131592,85.4367,77.31124545454541
demo,D03,53,25,84.5975,76.32515,77.16454271631198,76.95251504283704,77.23424974441528,84.5975,76.24377272727267
demo,D03,54,25,84.41535,76.20875000000001,76.6885076950524,76.62342437054053,76.84001640472412,84.41535,75.12314545454552
demo,D03,55,25,83.6823,76.1772,76.4636443187352,76.06215990930835,76.38000193099975,83.6823,74.68241363636365
demo,D03,56,25,83.90615,75.64395,75.89080812507649,76.30102672984775,75.97647060623169,83.90615,75.08987727272732
demo,D03,57,25,83.23445000000001,74.857,75.29520088926525,75.70232962578906,75.37205566711427,83.23445000000001,74.10920757575755
demo,D03,58,25,83.1409,74.5531,75.30501394495315,75.59153645741804,75.24916635360718,83.1409,74.18024090909094
demo,D03,59,25,82.706,74.19955,74.89526415321765,75.13055651716633,74.83358541107178,82.706,74.46746212121214
demo,D03,60,25,83.04855,75.16335,74.58757861248779,75.2706601774816,74.96320091705323,83.04855,76.09023939393944
demo,D03,61,25,82.7449,74.56405000000001,74.12579650664387,74.80057062236082,74.39537264099121,82.7449,75.78861212121215
demo,D03,62,25,81.84275,74.01835,73.71763975659458,74.20833026478712,73.96881954574584,81.84275,75.27477272727279
demo,D03,63,25,81.526,72.705,73.23165223042945,73.83040821654072,73.50510785675048,81.526,74.60481060606067
demo,D03,64,25,81.07215,73.36375000000001,72.83177044167942,72.04099576875696,72.39716792907714,81.07215,73.80603636363634
demo,D03,65,25,81.19285,72.8815,72.68861181140838,73.27377611055778,72.99869335327149,81.19285,73.53774393939396
demo,D03,66,25,80.43860000000001,71.7996,72.2166041379817,71.41963139706776,71.78142207489014,80.43860000000001,72.49344090909092
demo,D03,67,25,80.08655,71.83435,71.86802824256841,70.93829850121395,71.3133623626709,80.08655,71.30254242424242
demo,D03,68,25,80.1816,71.91555,71.91345884360354,71.07699430333545,71.3536781326294,80.1816,71.48634999999999
demo,D03,69,25,79.4011,71.4131,71.26433226850313,70.22930418407009,70.69399817810059,79.4011,69.90221363636365
demo,D03,70,25,79.2252,70.5158,71.43471616867677,70.16615468595248,70.56802207489014,79.2252,70.25521515151517
demo,D03,71,25,78.43554999999999,70.75185,70.58273011290673,69.36737758912894,69.77249648742675,78.43554999999999,69.57017878787879
demo,D03,72,25,78.794,69.5869,70.37926950849896,69.55313713009225,69.9898589553833,78.794,70.32431818181828
demo,D03,73,25,78.8373,69.82034999999999,70.26990632163196,69.55971601374199,69.94680660705566,78.8373,71.21830000000011
demo,D03,74,25,78.1431,69.8871,69.75380063267929,70.40654842544365,70.08719084320069,78.1431,70.48648636363632
demo,D03,75,25,78.03645,69.2093,69.66954031631266,70.40479357894613,70.01008758087158,78.03645,71.28554848484858
demo,D03,76,25,77.0147,68.71159999999999,68.62204141233696,67.87837372741042,68.36028773040772,77.0147,69.47561666666675
demo,D03,77,25,78.19205,68.7851,69.30160291520696,70.25110396099966,69.62462617950439,78.19205,71.92105757575764
demo,D03,78,25,76.32515,68.46725,67.9469177688054,68.74716659280801,68.35912750854492,76.32515,69.50898333333339
demo,D03,79,25,76.20875000000001,68.2239,67.73999076082697,68.5662500803619,68.20485710144044,76.20875000000001,68.55646969696974
demo,D03,80,25,76.1772,67.7487,67.55017080607966,67.46770866628354,67.36428896636963,76.1772,68.31999545454534
demo,D03,81,25,75.64395,67.46585,67.23367231926585,66.56086263846628,66.75504828948975,75.64395,66.46221515151524
demo,D03,82,25,74.857,67.01585,66.838791470496,65.74530275393164,66.21832621765137,74.857,64.72097727272734
demo,D03,83,25,74.5531,66.5297,66.52898816370286,65.4339067305071,65.63403738555908,74.5531,64.31357727272733
demo,D03,84,25,74.19955,66.13045,65.96043417701301,65.09014341572585,65.25942453460694,74.19955,63.515656060606034
demo,D03,85,25,75.16335,65.68549999999999,66.56653201433762,65.88065649610472,66.27444828948974,75.16335,66.36662272727284
demo,D03,86,25,74.56405000000001,65.04554999999999,65.82697314674485,65.34366129746297,65.57787637023927,74.56405000000001,66.00498181818193
demo,D03,87,25,74.01835,64.77475,65.66950873838033,65.39258299356784,65.3730634399414,74.01835,67.65767575757562
demo,D03,88,25,72.705,64.62835,64.16338783724979,63.5802128634166,63.9863549041748,72.705,64.90504545454546
demo,D03,89,25,73.36375000000001,64.4365,64.47457390304933,64.04260729555317,64.47146846771241,73.36375000000001,65.92582575757577
demo,D03,90,25,72.8815,64.44695,64.16750100540203,63.647725924082465,64.11141561889649,72.8815,65.95753030303031
demo,D03,91,25,71.7996,63.6523,63.25630920666505,62.643233036895104,63.07943951568603,71.7996,64.02421363636367
demo,D03,92,25,71.83435,63.61555,62.96460899954889,62.56803162607729,62.719987283325196,71.83435,63.10830454545454
demo,D03,93,25,71.91555,63.287499999999994,63.12126787059884,62.64723883829713,62.67100215606689,71.91555,62.75902727272727
demo,D03,94,25,71.4131,62.543000000000006,62.7171313657292,62.08485449357871,62.2735793548584,71.4131,61.3509484848484
demo,D03,95,25,70.5158,62.439049999999995,62.334550632998244,61.40678879255668,61.59986162261963,70.5158,60.7751409090909
demo,D03,96,25,70.75185,61.83535,62.03129489678769,61.53916452495423,61.756838670349126,70.75185,62.06408484848481
demo,D03,97,25,69.5869,61.95230000000001,61.139312085894545,60.43025120392997,60.62999558868408,69.5869,60.60917272727269
demo,D03,98,25,69.82034999999999,61.3932,60.953601581578795,60.543738186660086,60.5754311767578,69.82034999999999,60.02494848484848
demo,D03,99,25,69.8871,60.49165,61.090739017627484,60.70960744163869,60.929259080505375,69.8871,61.33710000000001
demo,D03,100,25,69.2093,60.5431,60.54484533131412,60.06599829023016,60.19820399932861,69.2093,61.230209090909156
demo,D03,101,25,68.71159999999999,60.634449999999994,59.74797053349,59.44889799898354,59.543255502319326,68.71159999999999,59.934357575757495
demo,D03,102,25,68.7851,59.73055000000001,60.06767642853561,59.53014641551673,59.63362695465088,68.7851,60.30360757575761
demo,D03,103,25,68.46725,59.56365,59.52556202058949,59.183871511824336,59.437757621765144,68.46725,60.90742424242419
demo,D03,104,25,68.2239,59.2371,59.11528718443119,58.85004293367554,58.97133461608887,68.2239,61.461422727272776
demo,D03,105,25,67.7487,58.40585,58.69701812189827,58.472297525776355,58.59833893890381,67.7487,60.60649545454546
demo,D03,106,25,67.46585,58.51305,58.45750926136435,58.19636686939359,58.47792065582276,67.46585,60.79014545454539
demo,D03,107,25,67.01585,57.584250000000004,57.78741279210103,57.62388132144321,57.54573624572754,67.01585,59.24718333333337
demo,D03,108,25,66.5297,57.456799999999994,57.58571215382564,57.183862207524115,57.2643477508545,66.5297,58.17332878787893
demo,D03,109,25,66.13045,57.608850000000004,57.2798447199397,56.9176393272544,56.99250959320068,66.13045,57.75035909090915
demo,D03,110,25,65.68549999999999,57.0343,57.00806357442741,56.46225920382461,56.480805252075186,65.68549999999999,56.68365151515172
demo,D03,111,25,65.04554999999999,56.4766,56.55618182068078,55.846698031798155,55.81794513397216,65.04554999999999,54.78760303030303
demo,D03,112,25,64.77475,56.342150000000004,56.5279079337127,55.60231954677892,55.60690045928955,64.77475,54.124856060606064
demo,D03,113,25,64.62835,55.82995,55.99257129312308,55.40509191041386,55.433226327514646,64.62835,54.07238030303024
demo,D03,114,25,64.4365,55.491049999999994,55.92914523134774,55.239507377139326,55.2946314086914,64.4365,54.47056060606067
demo,D03,115,25,64.44695,55.32315,55.60825362646233,55.13754056414328,55.15512565917969,64.44695,55.44098787878784
demo,D03,116,25,63.6523,54.5463,54.76552524691877,54.448198501164235,54.5104314086914,63.6523,55.05181515151513
demo,D03,117,25,63.61555,54.41454999999999,54.59720154811553,54.33220285160069,54.32039447479248,63.61555,55.776049999999934
demo,D03,118,25,63.287499999999994,53.9462,54.17762012750506,53.98009169830078,53.98986015319824,63.287499999999994,55.98178787878788
demo,D03,119,25,62.543000000000006,53.20120000000001,53.622089742412165,53.30529473433881,53.351320999145514,62.543000000000006,55.07291666666661
demo,D03,120,25,62.439049999999995,53.0373,53.16559429421461,53.09462741426762,53.14141015319824,62.439049999999995,55.00836818181825
demo,D03,121,25,61.83535,53.42,52.819862545488824,52.51212358896013,52.51261612091064,61.83535,53.53803181818182
demo,D03,122,25,61.95230000000001,52.700599999999994,52.49943871904203,52.5316178839589,52.433698582458504,61.95230000000001,53.469277272727346
demo,D03,123,25,61.3932,51.8233,52.19328920513475,52.05915716048553,51.946283419799805,61.3932,52.57335151515146
demo,D03,124,25,60.49165,51.393,51.78260121255437,51.289347269334485,51.207561865234375,60.49165,50.76618787878791
demo,D03,125,25,60.5431,51.45570000000001,51.66541626246759,51.274736765097344,51.22167456207276,60.5431,51.195009090909124
demo,D04,6,25,95.78515,89.0036,86.79126662840385,86.25868042544938,86.57829422607422,95.78515,86.65418571428586
demo,D04,7,25,95.66145,88.41980000000001,86.47802372285378,86.03708011625349,86.2162013961792,95.66145,86.37390535714292
demo,D04,8,25,95.612,87.95819999999999,86.55464658798233,86.14829778745826,86.46497107696533,95.612,86.93015476190483
demo,D04,9,25,95.04625,87.10825,86.11788054069162,85.53929053055448,85.84314311981201,95.04625,86.28293749999995
demo,D04,10,25,94.8536,86.91635,85.97386684661281,85.38345166977808,86.10070941314697,94.8536,86.26410757575758
demo,D04,11,25,94.77,86.7143,86.07407090201355,85.7110698732176,86.2175736618042,94.77,85.54682575757582
demo,D04,12,25,94.23169999999999,86.18185,86.03797400116812,85.27207052931361,85.94248300476073,94.23169999999999,86.26127575757565
demo,D04,13,25,94.1013,86.23555,85.57186927755102,86.49145719972267,86.1216857421875,94.1013,86.6459893939394
demo,D04,14,25,94.20695,85.8626,85.6488422326534,86.8274783998752,86.46469478912354,94.20695,87.71735151515148
demo,D04,15,25,93.37174999999999,85.0984,84.89245920916497,86.14454017724705,85.80640995788573,93.37174999999999,87.01071212121211
demo,D04,16,25,93.4699,85.45255,84.77271354970779,86.03327666104205,85.59127985229492,93.4699,87.04605151515155
demo,D04,17,25,92.97535,86.20995,84.38086408696465,85.64971593527954,85.34386072311402,92.97535,86.3097287878788
demo,D04,18,25,92.0576,83.90965,83.74422189756217,84.829548268249,84.37334630737304,92.0576,84.63028181818184
demo,D04,19,25,91.8561,84.0793,83.43171649502652,84.64401756685582,84.10609713897705,91.8561,83.52648636363637
demo,D04,20,25,92.708,83.84465,83.91920237143069,85.27840685930724,84.73651676940918,92.708,85.28340151515155
demo,D04,21,25,91.3048,83.717,82.94564803559736,84.12809281500842,83.76867481689453,91.3048,83.38261060606067
demo,D04,22,25,91.21975,84.35185,82.74020463397505,83.98756037211898,83.35268647766114,91.21975,82.83688636363644
demo,D04,23,25,91.1157,83.00110000000001,82.67020230944948,83.88975903263099,83.41079735107422,91.1157,82.8256545454546
demo,D04,24,25,90.9913,82.47155000000001,82.54336863099556,83.76239422000849,83.32498253707885,90.9913,83.70524696969693
demo,D04,25,25,90.38965,81.6829,81.85179225233011,83.14177255130244,82.64494909133911,90.38965,82.86959696969699
demo,D04,26,25,89.84495,82.4165,81.42032527967744,82.60741457492014,82.02401522750854,89.84495,82.41537424242426
demo,D04,27,25,89.03444999999999,81.73615,81.08036800670669,81.78249636996271,81.14590496368407,89.03444999999999,80.8643439393939
demo,D04,28,25,89.35985,81.41815,80.85121541069256,82.02799791247301,81.30343730316162,89.35985,80.5575696969697
demo,D04,29,25,89.025,80.8155,80.58162085792308,81.75028044189256,81.04213800430298,89.025,79.61559848484849
demo,D04,30,25,88.74980000000001,80.82589999999999,80.66012378896778,81.50416155329606,80.86865118484498,88.74980000000001,80.63574696969698
demo,D04,31,25,89.0036,80.35210000000001,80.12645546814649,81.60448053181112,80.7098225341797,89.0036,81.39177424242432
demo,D04,32,25,88.41980000000001,79.8975,79.70994294197278,81.16703079238283,80.45437498550416,88.41980000000001,81.06969393939404
demo,D04,33,25,87.95819999999999,79.07560000000001,79.39664613696263,80.58578283590597,80.16738989181518,87.95819999999999,80.91541212121217
demo,D04,34,25,87.10825,79.5244,78.68387869917555,79.61085143283734,79.19173941802978,87.10825,79.96324242424247
demo,D04,35,25,86.91635,78.82114999999999,78.291541617125,79.35004622305996,78.99983941802978,86.91635,79.58137272727285
demo,D04,36,25,86.7143,78.1992,78.00388146459245,79.1580437058854,78.50329383544921,86.7143,79.05851212121216
demo,D04,37,25,86.18185,77.76849999999999,77.37500865735848,76.89782693248137,77.54272608337402,86.18185,77.07703181818181
demo,D04,38,25,86.23555,77.6994,77.55202251487832,76.98841617663453,77.64468200378418,86.23555,77.16168636363625
demo,D04,39,25,85.8626,76.77380000000001,77.29954158255136,77.88770404603935,77.71052613983154,85.8626,76.69979696969695
demo,D04,40,25,85.0984,77.13715,76.63528804374602,75.77896294010576,76.60258472290039,85.0984,75.304203030303
demo,D04,41,25,85.45255,76.29265,76.92204576954438,77.5018344410416,77.34550482635498,85.45255,77.0393757575758
demo,D04,42,25,86.20995,76.3408,76.93319911857569,78.46261463200592,77.87650540466309,86.20995,80.31369242424256
demo,D04,43,25,83.90965,75.7234,75.21540495341554,76.1607406087559,75.81298843231201,83.90965,77.29385454545458
demo,D04,44,25,84.0793,75.4502,74.97484030288528,74.65740796806409,75.43058402709961,84.0793,76.78555757575766
demo,D04,45,25,83.84465,75.5209,75.01546926113357,76.0884991331939,75.80089828338623,83.84465,76.1510136363636
demo,D04,46,25,83.717,74.77865,74.6511046006882,75.76196204992905,75.5216350479126,83.717,76.04346969696964
demo,D04,47,25,84.35185,75.04165,74.87061245015224,76.43749402766596,75.80005594787598,84.35185,77.58498636363625
demo,D04,48,25,83.00110000000001,74.5376,74.16700618202603,75.211865081352,74.99837630615235,83.00110000000001,75.94301666666681
demo,D04,49,25,82.47155000000001,73.87505,73.82538757138957,74.6973177256331,74.54465628890992,82.47155000000001,74.75868636363643
demo,D04,50,25,81.6829,73.40715,73.09608501941327,73.741192840993,73.77241568603516,81.6829,71.99374848484847
demo,D04,51,25,82.4165,73.31345,73.63799890120923,74.45738686195239,74.41769638442993,82.4165,73.3766742424243
demo,D04,52,25,81.73615,73.044,72.96234220937936,73.67317196569677,73.70879957427978,81.73615,74.60024848484845
demo,D04,53,25,81.41815,72.10035,72.1208424004007,73.01508591899301,73.07486348571777,81.41815,73.27439999999994
demo,D04,54,25,80.8155,71.96975,71.91518472322088,71.43754654543542,72.25670407104492,80.8155,71.8798560606061
demo,D04,55,25,80.82589999999999,71.08945,71.84343315940484,71.4257368199919,72.22213355865478,80.82589999999999,71.71049090909086
demo,D04,56,25,80.35210000000001,71.6155,71.72396300673206,72.32513140090238,72.07460270843507,80.35210000000001,71.11285757575762
demo,D04,57,25,79.8975,72.4567,71.50237291113125,71.867468015244,71.86541076660156,79.8975,71.99226515151513
demo,D04,58,25,79.07560000000001,70.5859,70.44990580238117,70.13061202382772,70.75658735809327,79.07560000000001,70.48215303030304
demo,D04,59,25,79.5244,69.56515,70.3803805891994,70.04999014422546,70.6637175125122,79.5244,71.16170303030297
demo,D04,60,25,78.82114999999999,70.02555000000001,69.76079543061124,69.21760930689953,69.69694536437987,78.82114999999999,69.30888484848488
demo,D04,61,25,78.1992,69.2113,69.54361304362673,68.47160052969312,69.24085840148926,78.1992,68.77911666666672
demo,D04,62,25,77.76849999999999,68.9226,68.9396784276082,68.03157328343715,68.73943296051024,77.76849999999999,67.99733333333342
demo,D04,63,25,77.6994,68.9481,68.67429612600557,67.95872373306625,68.5185213607788,77.6994,68.15524090909099
demo,D04,64,25,76.77380000000001,68.47445,67.8580605639747,66.99540500364162,67.15926562194825,76.77380000000001,66.31694393939398
demo,D04,65,25,77.13715,67.88905,67.8513389197347,67.31610894893959,67.52354545440674,77.13715,67.50516515151517
demo,D04,66,25,76.29265,67.47745,67.11944809348321,66.50229849130302,66.67811562194824,76.29265,66.66208181818182
demo,D04,67,25,76.3408,68.63045,67.252165373466,66.5359791485003,66.83288736419678,76.3408,67.24977727272729
demo,D04,68,25,75.7234,66.8215,66.24535682432033,65.89040483646333,66.10886562194824,75.7234,66.03796818181819
demo,D04,69,25,75.4502,66.24674999999999,66.17842767701588,65.65405059444987,65.83566562194824,75.4502,66.5616318181818
demo,D04,70,25,75.5209,66.11435,65.70371565924393,65.61213327496716,65.82003330078125,75.5209,67.58812727272733
demo,D04,71,25,74.77865,65.9501,65.13331110857528,64.86310541724596,65.14770574798584,74.77865,66.75300606060608
demo,D04,72,25,75.04165,65.4283,65.3378605298623,65.11425377676932,65.32258528747559,75.04165,67.60046818181829
demo,D04,73,25,74.5376,64.6907,64.83508719621392,64.61583235722463,65.24026437530517,74.5376,67.70469090909096
demo,D04,74,25,73.87505,65.0439,64.09882659882038,63.92738790306451,64.21874564056397,73.87505,66.16239090909087
demo,D04,75,25,73.40715,63.557399999999994,63.79944399745787,63.49496917048494,63.767901152038576,73.40715,65.66068787878802
demo,D04,76,25,73.31345,63.8765,63.71897111800623,63.361212137138494,63.65780844421387,73.31345,65.12821515151526
demo,D04,77,25,73.044,63.4552,63.517896529353365,63.15705281199719,63.761399597167966,73.044,65.03559848484862
demo,D04,78,25,72.10035,63.31595,62.76055982755405,62.218289410621644,62.90408191833497,72.10035,62.95201666666672
demo,D04,79,25,71.96975,63.06975,62.5473732353866,62.07070164777532,62.45353276824952,71.96975,62.145954545454586
demo,D04,80,25,71.08945,62.868500000000004,62.20441490378808,61.2291344048385,61.64873897857666,71.08945,60.56229848484835
demo,D04,81,25,71.6155,61.94539999999999,62.14565559922079,61.626090254265705,62.32133438873291,71.6155,61.20811363636369
demo,D04,82,25,72.4567,61.96325,62.56730688745312,62.469566196668055,63.17772355957031,72.4567,64.71303333333339
demo,D04,83,25,70.5859,61.47365,61.1903374687184,60.647951735874955,61.525033644104,70.5859,62.898096969697036
demo,D04,84,25,69.56515,60.528499999999994,60.617985932258435,59.71092694352322,60.58526394500733,69.56515,60.63451363636366
demo,D04,85,25,70.02555000000001,61.2387,60.58387090301823,60.10133570519976,60.981093518066416,70.02555000000001,61.00609545454556
demo,D04,86,25,69.2113,59.862950000000005,60.02865752146584,59.30765924884516,59.99505816345214,69.2113,59.86124696969707
demo,D04,87,25,68.9226,60.045899999999996,59.640437398742506,58.978478673295996,59.38246557006836,68.9226,59.642259090908965
demo,D04,88,25,68.9481,59.66205,59.31958364428846,58.92225807892607,59.30831327972412,68.9481,59.448403030303055
demo,D04,89,25,68.47445,59.2522,58.80383492175248,58.49544842226421,58.833848841857915,68.47445,58.847071212121186
demo,D04,90,25,67.88905,58.64505,58.43938792154523,57.84548947331222,58.1536345413208,67.88905,56.92773181818193
demo,D04,91,25,67.47745,58.665049999999994,58.141271385426734,57.499794763415444,57.82223664398194,67.47745,56.46748787878794
demo,D04,92,25,68.63045,57.57165,58.750290889341734,58.61452016463797,58.977382411193844,68.63045,61.80007121212119
demo,D04,93,25,66.8215,57.6424,57.08506134081389,56.817213336516296,57.15833395385742,66.8215,59.74542424242425
demo,D04,94,25,66.24674999999999,57.11485,56.396724629501364,56.17126096512454,56.46790421295165,66.24674999999999,57.58070454545451
demo,D04,95,25,66.11435,56.702149999999996,56.52955951838008,56.03543628362657,56.19866434631348,66.11435,57.4506984848485
demo,D04,96,25,65.9501,56.65480000000001,56.00714791839585,55.741569992487456,55.9019690109253,65.9501,56.89299393939392
demo,D04,97,25,65.4283,56.46975,55.69270878835474,55.36009289932825,55.52481947021484,65.4283,55.7732696969696
demo,D04,98,25,64.6907,55.66330000000001,55.350217717101366,54.66785210869566,54.76187652893067,64.6907,54.53330606060619
demo,D04,99,25,65.0439,55.6198,55.27044755704448,55.018538721417706,55.13434647216796,65.0439,55.36648333333332
demo,D04,100,25,63.557399999999994,55.0193,54.267268098979244,53.45932409726483,53.524947416687006,63.557399999999994,52.39680909090916
demo,D04,101,25,63.8765,54.354800000000004,54.29136998826722,53.67946043505769,53.76857363128662,63.8765,52.2944924242424
demo,D04,102,25,63.4552,54.163,54.29096249012242,53.4026089490078,53.4611814453125,63.4552,53.8901393939394
demo,D04,103,25,63.31595,53.7678,53.28670359870252,53.15341977833007,53.20098742218018,63.31595,54.13129090909083
demo,D04,104,25,63.06975,53.2654,52.97413371008569,52.861553356515174,52.85225312805176,63.06975,54.034136363636335
demo,D04,105,25,62.868500000000004,53.2192,52.566934850527666,52.63966615535382,52.656413322448735,62.868500000000004,54.44956060606056
demo,D04,106,25,61.94539999999999,52.7768,52.1045416940549,51.77970501874999,51.814027548217766,61.94539999999999,53.59420303030304
demo,D04,107,25,61.96325,51.844449999999995,52.24322791534523,51.880747598563445,51.940271217346194,61.96325,54.048015151515095
demo,D04,108,25,61.47365,51.440949999999994,51.51066257659771,51.27584900002999,51.31939794769287,61.47365,53.147422727272826
demo,D04,109,25,60.528499999999994,51.67805,50.76715024219898,50.441806937154865,50.53855554199218,60.528499999999994,52.06596969696977
demo,D04,110,25,61.2387,50.91974999999999,50.87322215006273,51.0590924816265,50.60550507659912,61.2387,52.499124242424344
demo,D04,111,25,59.862950000000005,50.868199999999995,50.134826533250795,49.686506329288946,49.816003474426275,59.862950000000005,50.2047757575758
demo,D04,112,25,60.045899999999996,50.6246,50.06635325126213,49.84631388987507,49.97021449890136,60.045899999999996,50.23266515151513
demo,D04,113,25,59.66205,49.621300000000005,49.80772258330336,49.48619850986696,49.61510347442627,59.66205,49.971360606060585
demo,D04,114,25,59.2522,49.190850000000005,49.45953337298568,49.08481273868576,49.20525347442627,59.2522,49.82207878787886
demo,D04,115,25,58.64505,49.727900000000005,48.81650741718151,48.48779136188644,48.66882891540527,58.64505,49.46898181818176
demo,D05,6,25,94.6697,85.1022,84.70003497001342,86.63575042192593,85.69682726593018,94.6697,87.67080714285723
demo,D05,7,25,94.57204999999999,84.16924999999999,84.63637114124934,86.51487516808666,85.7429780014038,94.57204999999999,87.85361250000017
demo,D05,8,25,93.99969999999999,83.50565,84.02433477446674,85.640857740402,84.76403372497558,93.99969999999999,86.76559285714306
demo,D05,9,25,92.68650000000001,83.71459999999999,82.33137630703484,82.5114226739134,82.3507189025879,92.68650000000001,83.50535416666656
demo,D05,10,25,93.12565000000001,83.63335,82.49360973604038,82.89847813731204,82.67348630371094,93.12565000000001,84.05291515151524
demo,D05,11,25,93.34925,82.0613,82.98081204162906,83.49270127506128,83.19990460205078,93.34925,83.92693181818194
demo,D05,12,25,92.38335,82.0707,82.43744163739956,82.5076115959919,82.5215221496582,92.38335,82.6951606060606
demo,D05,13,25,91.46705,82.13765,81.64606947283409,81.25679218093386,81.13004629211426,91.46705,82.07147424242424
demo,D05,14,25,91.51295,80.9068,81.12036146699808,81.189968408094,81.16926580352784,91.51295,81.78004090909084
demo,D05,15,25,90.65725,81.0926,80.33706007575769,80.13594955642905,79.95836122131348,90.65725,79.91863636363634
demo,D05,16,25,91.02265,80.86975,80.59147601707323,80.60380539849288,80.60363888397217,91.02265,80.84822575757585
demo,D05,17,25,89.97575,80.10655,79.68743041362256,79.44917829229716,79.54397204589844,89.97575,79.88034090909096
demo,D05,18,25,89.89285,79.82695,79.36618796293163,79.33521367243091,79.2238064590454,89.89285,80.2023121212121
demo,D05,19,25,89.2198,79.768,78.50278238542481,78.61626827760719,78.52013111572266,89.2198,78.0721712121212
demo,D05,20,25,88.91825,80.29475000000001,78.43441723567379,78.25217332155023,78.10842601013184,88.91825,77.68475757575762
demo,D05,21,25,89.13165,78.37405,78.56072069312162,78.60118486697152,78.47065547027587,89.13165,79.75093030303034
demo,D05,22,25,88.31905,77.80805,77.61012766047287,77.70759274586868,77.65578095703125,88.31905,79.35123939393937
demo,D05,23,25,87.72109999999999,77.26595,76.91179696123871,77.11370052464287,77.21691813812255,87.72109999999999,78.0552515151515
demo,D05,24,25,87.1448,77.40835,76.51146723675272,76.49070430018156,76.40821438293457,87.1448,77.20668636363622
demo,D05,25,25,86.5251,76.2761,75.8287796509066,75.84293617277953,75.74470735321044,86.5251,75.36719090909091
demo,D05,26,25,86.30825,76.1834,75.63930586062908,75.57440597627514,75.49807124328613,86.30825,75.49600757575762
demo,D05,27,25,86.31295,75.86064999999999,75.37695274447768,75.48120945464692,75.44386087341309,86.31295,75.53655606060605
demo,D05,28,25,86.168,75.24875,75.42986287336687,75.43048869079628,75.39140869903565,86.168,76.20156818181822
demo,D05,29,25,85.2992,76.13045000000001,74.39866948311246,74.25576949889064,74.35447210235596,85.2992,74.96499545454544
demo,D05,30,25,85.53070000000001,75.306,74.41230199707357,74.43601041542865,74.5546133834839,85.53070000000001,75.82988181818186
demo,D05,31,25,85.1022,74.0674,74.15699625931299,74.09067671747417,74.15747210235595,85.1022,76.8326469696971
demo,D05,32,25,84.16924999999999,73.53965,73.31237661147769,72.95418590324923,72.8966793899536,84.16924999999999,75.92546969696971
demo,D05,33,25,83.50565,73.54045,72.62357574177197,72.34580695020509,72.38836522521973,83.50565,74.64366515151515
demo,D05,34,25,83.71459999999999,72.8725,72.32271653662931,72.31544199398849,72.41140404663085,83.71459999999999,74.83625151515159
demo,D05,35,25,83.63335,72.79635,72.28810542345029,72.21312759941225,72.11782608947753,83.63335,74.63446363636362
demo,D05,36,25,82.0613,71.97704999999999,71.45111124663194,71.0232694886475,71.00732108001709,82.0613,71.31304242424247
demo,D05,37,25,82.0707,71.41539999999999,71.40934197590845,70.87540560890963,70.80762035675049,82.0707,70.88067727272731
demo,D05,38,25,82.13765,70.51635,71.18052465950609,70.82856708988948,70.83995102539062,82.13765,71.64110454545448
demo,D05,39,25,80.9068,70.12620000000001,70.2706178029851,69.82428996374965,69.70834705047608,80.9068,69.19861818181812
demo,D05,40,25,81.0926,69.62135,70.24304837267232,69.90869696221664,69.9130517364502,81.0926,70.14300909090916
demo,D05,41,25,80.86975,69.84495,70.0224154782787,69.59694012097741,69.60667035675048,80.86975,71.00557575757577
demo,D05,42,25,80.10655,69.4414,69.05914601715249,68.7053560398,68.80885102539062,80.10655,70.01470909090914
demo,D05,43,25,79.82695,69.2237,68.72988390913811,68.21659145942613,68.52195255584716,79.82695,69.25129090909095
demo,D05,44,25,79.768,69.00775,68.63060971647224,68.10155922427064,68.47030102539063,79.768,70.09114393939399
demo,D05,45,25,80.29475000000001,67.88655,68.80313068463519,68.77556967559069,68.92470624542237,80.29475000000001,73.29551515151506
demo,D05,46,25,78.37405,67.26185,67.26493598560674,66.96702582594733,67.18967805175781,78.37405,69.82491363636368
demo,D05,47,25,77.80805,67.25615,66.95491018985254,66.50452856280064,66.56579002075195,77.80805,68.07020909090895
demo,D05,48,25,77.26595,66.38185,66.55140140361549,65.92186569598098,66.05676630706787,77.26595,67.00347272727285
demo,D05,49,25,77.40835,65.8805,66.11824642729633,65.66919988432278,66.08002568206787,77.40835,66.24027424242428
demo,D05,50,25,76.2761,66.0848,65.46129153988946,64.85198293108448,64.98323424682617,76.2761,64.02825151515148
demo,D05,51,25,76.1834,65.38615,65.24697124543451,64.74386005303151,64.89053424682618,76.1834,63.8174984848485
demo,D05,52,25,75.86064999999999,64.75995,64.77199659856196,64.26690103775873,64.50507253112792,75.86064999999999,63.08468787878782
demo,D05,53,25,75.24875,64.5728,64.21487702799078,63.89636515255836,63.80523612976074,75.24875,62.048954545454436
demo,D05,54,25,76.13045000000001,63.9323,64.57021883350656,64.35230941049326,64.59112237854005,76.13045000000001,64.9982227272728
demo,D05,55,25,75.306,63.592999999999996,64.16867032130907,63.907575514227105,63.8713018951416,75.306,67.09729545454543
demo,D05,56,25,74.0674,62.78075,62.637759809597554,62.656840004030514,62.58400633087159,74.0674,65.403793939394
demo,D05,57,25,73.53965,63.19395,61.99453918189003,62.03821887971862,62.05625633087158,73.53965,64.06319545454548
demo,D05,58,25,73.54045,61.9452,61.73377768856591,61.749408107722935,62.00462427062989,73.54045,63.642192424242424
demo,D05,59,25,72.8725,62.13145,61.53459521752571,61.500708452632225,61.437801895141604,72.8725,63.007871212121216
demo,D05,60,25,72.79635,61.696799999999996,61.10525285541539,61.09939105544896,61.233695504760746,72.79635,62.348925757575785
demo,D05,61,25,71.97704999999999,60.99575,60.32514276769653,60.36723534909834,60.46042936401366,71.97704999999999,60.72957272727271
demo,D05,62,25,71.41539999999999,60.5173,59.98799946129331,60.03853233150305,59.97188612976073,71.41539999999999,59.33871818181829
demo,D05,63,25,70.51635,60.18375,59.51705399777574,59.259851096704516,59.072836129760745,70.51635,56.711698484848505
demo,D05,64,25,70.12620000000001,59.1295,59.179631643919194,58.79723907713631,58.69150189514161,70.12620000000001,56.96511666666669
demo,D05,65,25,69.62135,59.245650000000005,58.57000408803047,58.36043497007317,58.18665189514161,69.62135,56.86078939393945
demo,D05,66,25,69.84495,59.017450000000004,58.062147602561566,58.35159968049925,58.32832936401367,69.84495,57.44810909090911
demo,D05,67,25,69.4414,58.9016,57.57685611793398,57.80062357716898,57.90055508270264,69.4414,57.257930303030314
demo,D05,68,25,69.2237,57.55295,57.33640073978394,57.78372816815392,57.740306330871576,69.2237,58.19996515151513
demo,D05,69,25,69.00775,56.92395,56.92598731566754,57.28140047291958,57.4757208480835,69.00775,59.044128787878805
demo,D05,70,25,67.88655,56.5148,56.516815452805595,56.57938041778989,56.43351178436279,67.88655,58.49835303030304
demo,D05,71,25,67.26185,56.6692,55.41256901248321,55.97762187266054,55.75006353912353,67.26185,57.71953181818186
demo,D05,72,25,67.25615,55.3909,55.189740592561954,55.55397998840376,55.647032492065435,67.25615,58.04470303030311
demo,D05,73,25,66.38185,54.94520000000001,54.32161254352318,54.71854858735638,54.75384687957764,66.38185,56.07100909090917
demo,D05,74,25,65.8805,55.2461,54.081874783895856,54.39489519728136,54.29593197631836,65.8805,54.38923484848485
demo,D05,75,25,66.0848,54.484500000000004,53.86946859305719,54.30167841647243,54.37658905487061,66.0848,54.1368606060607
demo,D05,76,25,65.38615,54.466899999999995,53.558338429045605,53.992861294932844,53.8642936920166,65.38615,53.473180303030304
demo,D05,77,25,64.75995,53.22855,52.989840811484314,53.44257369196207,53.229277926635746,64.75995,52.706609090909254
demo,D05,78,25,64.5728,52.93385000000001,52.59227428603495,53.24236411068366,53.0509436920166,64.5728,53.17967121212125
demo,D05,79,25,63.9323,52.22935,52.40678255965658,52.62427414322344,52.390526203918455,63.9323,53.37542121212117
demo,D05,80,25,63.592999999999996,52.001450000000006,51.724403200824554,52.179141356517135,52.01134640502929,63.592999999999996,53.0790378787877
demo,D05,81,25,62.78075,50.95645,50.851757287567,51.43551454693537,51.267060005187986,62.78075,51.462000000000074
demo,D05,82,25,63.19395,51.22375,51.061140787625305,51.4508573024075,51.55484515686035,63.19395,52.98227575757575
demo,D05,83,25,61.9452,50.644149999999996,50.17599002579777,50.62707351574283,50.40342620391846,61.9452,50.91156363636371
demo,D05,84,25,62.13145,50.05805,50.03436683460502,50.46521868706583,50.485046687316895,62.13145,51.03868484848486
demo,D05,85,25,61.696799999999996,49.485800000000005,49.90508947406077,50.32349986210164,50.14493728332519,61.696799999999996,51.428777272727345
demo,D05,86,25,60.99575,48.861349999999995,49.22664379890811,49.54101469365108,49.43507151794434,60.99575,50.761772727272835
demo,D05,87,25,60.5173,48.8743,48.6483595680063,48.95295130029607,48.92163025360107,60.5173,49.951693939393834
demo,D05,88,25,60.18375,47.8302,48.11750723733645,48.70113473509044,48.6318872833252,60.18375,49.80540909090911
demo,D05,89,25,59.1295,47.86,47.27708333563322,47.77273048566428,47.59654196929932,59.1295,47.76332575757576
demo,D05,90,25,59.245650000000005,47.853,47.05311199248868,47.745000668820346,47.68497151794434,59.245650000000005,47.93992272727282
demo,D05,91,25,59.017450000000004,47.1999,46.754695934206964,47.35808485372226,47.3710466873169,59.017450000000004,47.424616666666715
demo,D05,92,25,58.9016,45.82565,46.78316164798457,47.34355943188524,47.3199464050293,58.9016,48.69274393939396
demo,D05,93,25,57.55295,45.638400000000004,45.6960030111114,46.21885221467855,45.99227151794434,57.55295,46.108465151515205
demo,D05,94,25,56.92395,45.447500000000005,45.46805516732719,45.63086868807219,45.45615748901367,56.92395,45.02751060606052
demo,D05,95,25,56.5148,44.8209,44.83385506187376,45.20205217440234,44.93327801208496,56.5148,44.462087878787884
demo,D06,6,25,94.459,90.01034999999999,90.89352637813556,91.27131754155599,91.45499051475525,94.459,91.97610714285713
demo,D06,7,25,94.14155,89.47025,90.7868370866402,90.94634905802164,91.2388183429718,94.14155,91.9181125000001
demo,D06,8,25,93.82275,90.13085,90.36982508414748,90.62096223409196,90.88827839279175,93.82275,91.22853869047641
demo,D06,9,25,93.182,89.04055,89.44814297593776,89.92493958690544,89.90506060791016,93.182,89.51979166666659
demo,D06,10,25,93.39895,89.36755,89.57632639404753,90.24775019191839,90.1447094871521,93.39895,89.68863181818188
demo,D06,11,25,93.11495,89.35895000000001,89.28398622924537,89.96608368274808,89.76510459060668,93.11495,88.98765454545462
demo,D06,12,25,92.88149999999999,89.2855,89.03275763983717,89.74921005070715,89.53610371971129,92.88149999999999,88.58340151515145
demo,D06,13,25,93.1953,88.839,89.28850684301474,90.06750489565194,89.67674006729126,93.1953,89.18498939393949
demo,D06,14,25,92.72200000000001,88.34575,88.93968402348229,89.59441798154036,89.20344006729127,92.72200000000001,88.57949999999995
demo,D06,15,25,93.5711,88.49665,89.61955170460674,90.45013588519475,89.94154358253479,93.5711,90.19978181818183
demo,D06,16,25,91.55765,88.3518,88.06916954577908,88.42452068046408,88.13204708709716,91.55765,87.29082424242435
demo,D06,17,25,92.19545,88.1836,88.39513118336951,89.06282796044958,88.68923895759582,92.19545,88.2529575757576
demo,D06,18,25,92.26455,88.54525,88.33132075603906,89.12956169378292,88.77964475708008,92.26455,88.79901212121212
demo,D06,19,25,92.152,87.72855,88.01411297950797,89.01398811949058,88.67344813537598,92.152,88.41420454545457
demo,D06,20,25,92.1499,88.0209,88.16029620646592,89.04397612334981,88.66499475708008,92.1499,88.81068787878786
demo,D06,21,25,91.64635,87.81575000000001,87.71563362975637,88.51129046219783,88.16144475708008,91.64635,87.92422878787882
demo,D06,22,25,91.5074,87.89375,87.59556298900952,88.37941465969772,87.9711372493744,91.5074,87.26883939393936
demo,D06,23,25,91.00465,87.40259999999999,87.32880582277797,87.87666465969771,87.5486170085907,91.00465,86.50347575757574
demo,D06,24,25,91.1896,87.5165,87.2989960629473,88.05924839303104,87.6257937046051,91.1896,86.55301666666658
demo,D06,25,25,90.71865,87.0638,87.17520854390337,87.60199997940184,87.2679594921112,90.71865,87.1839833333333
demo,D06,26,25,91.5037,87.0817,87.02264363099022,88.18870722682817,87.5343339263916,91.5037,87.65010151515156
demo,D06,27,25,90.4625,86.3361,86.61480342332273,87.3298779604496,86.91826858520508,90.4625,85.94950000000001
demo,D06,28,25,91.0854,85.8308,87.0018066266115,87.97728657218022,87.54116858520509,91.0854,87.40271060606064
demo,D06,29,25,90.39595,86.5705,86.492089332355,87.26089046219784,86.85171858520508,90.39595,86.77314696969694
demo,D06,30,25,90.38695,86.4212,86.35169440020879,87.26017916707123,86.87695716209412,90.38695,87.34039696969695
demo,D06,31,25,90.01034999999999,86.2688,86.11814399526789,86.87419165027309,86.5003571620941,90.01034999999999,86.7214787878788
demo,D06,32,25,89.47025,85.80265,85.73621351286657,86.32536689699928,85.9806669845581,89.47025,85.46673484848476
demo,D06,33,25,90.13085,86.2407,85.97929284990387,86.98621488872618,86.58632413825988,90.13085,86.09291060606066
demo,D06,34,25,89.04055,85.4892,85.22772560786146,85.89394757792034,85.54358769111633,89.04055,84.05445151515156
demo,D06,35,25,89.36755,85.58645,85.3643754174623,86.22087634633526,85.81454048995971,89.36755,83.74551212121219
demo,D06,36,25,89.35895000000001,85.4713,85.51950792277546,86.21471384458702,85.86198769111634,89.35895000000001,84.80708636363633
demo,D06,37,25,89.2855,85.6409,85.0727052350755,86.1281843887417,85.73249048995972,89.2855,84.61824242424237
demo,D06,38,25,88.839,84.8623,85.08705218431048,85.69239757792035,85.34918285751343,88.839,84.84231818181809
demo,D06,39,25,88.34575,84.59325,84.43511546143851,85.22045556056723,84.84878769111633,88.34575,83.87867424242422
demo,D06,40,25,88.49665,84.17125,84.71887869288265,85.35982931276884,84.90940191307068,88.49665,84.37122575757581
demo,D06,41,25,88.3518,84.91760000000001,84.01310085213773,85.23939251554289,84.76455191307068,88.3518,84.31565606060612
demo,D06,42,25,88.1836,84.4092,83.91800852236184,85.04677931276883,84.59635191307068,88.1836,83.60979696969697
demo,D06,43,25,88.54525,84.24925,84.33221300649502,85.41471656779089,84.95800191307067,88.54525,85.41784090909091
demo,D06,44,25,87.72855,84.87865,83.52322004904487,84.608595855662,84.14130191307068,87.72855,83.59717121212127
demo,D06,45,25,88.0209,83.87115,83.8310595168641,84.87422634633526,84.43365191307068,88.0209,84.22678636363631
demo,D06,46,25,87.81575000000001,83.21265,83.60209673190684,84.68169890127815,84.22850191307069,87.81575000000001,84.47289393939394
demo,D06,47,25,87.89375,83.37395,83.58300893679483,84.72386948258328,84.30650191307068,87.89375,85.45373484848471
demo,D06,48,25,87.40259999999999,84.07820000000001,82.9655715547192,84.24685327616409,83.81535191307067,87.40259999999999,84.87325151515167
demo,D06,49,25,87.5165,82.97195,82.98760064664962,84.35430602280857,83.92925191307067,87.5165,84.66632575757575
demo,D06,50,25,87.0638,82.79845,82.76130521083994,83.93847365455196,83.44539465789795,87.0638,83.7782696969697
demo,D06,51,25,87.0817,82.57135,83.03046547853074,83.95021960786359,83.46329465789795,87.0817,83.57800303030305
demo,D06,52,25,86.3361,82.15745,82.37172174773713,83.2016455794355,82.60123886451721,86.3361,81.70205454545449
demo,D06,53,25,85.8308,82.88085,82.41297676174885,82.7127209202304,82.17565292434692,85.8308,80.539959090909
demo,D06,54,25,86.5705,82.32015,82.47400117553634,83.42810197876616,82.82802186775207,86.5705,81.09293939393946
demo,D06,55,25,86.4212,81.99,82.57998355274528,83.28714890127814,82.67872186775207,86.4212,81.39150303030307
demo,D06,56,25,86.2688,82.11175,82.17133474472561,83.14614023734661,82.52632186775207,86.2688,81.62198939393942
demo,D06,57,25,85.80265,81.85235,81.73770791728381,82.66124862988505,82.12383606567383,85.80265,81.50183939393942
demo,D06,58,25,86.2407,81.62,82.0307786480443,83.10462869124375,82.49822186775208,86.2407,82.69831363636371
demo,D06,59,25,85.4892,81.5688,81.36637598143348,82.37020036702953,81.78260529441833,85.4892,82.22238939393935
demo,D06,60,25,85.58645,81.2292,81.2536711178626,82.45147834807727,81.87821044464111,85.58645,82.58766212121215
demo,D06,61,25,85.4713,81.21555000000001,81.17496268440755,82.30825235944194,81.76306044464111,85.4713,83.06102727272723
demo,D06,62,25,85.6409,81.06555,81.10056904591431,82.486182597528,81.93266044464112,85.6409,83.2957484848486
demo,D06,63,25,84.8623,80.71334999999999,80.47699873321965,81.71671215857674,81.13933833580018,84.8623,80.88904242424255
demo,D06,64,25,84.59325,80.42304999999999,80.52278626764159,81.45191986147013,80.89234133911133,84.59325,80.1513181818182
demo,D06,65,25,84.17125,80.77265,80.16840806477074,81.04589188042239,80.51909770011902,84.17125,79.03552272727279
demo,D06,66,25,84.91760000000001,79.99425,80.66160474195985,81.82407055137827,81.20936044464112,84.91760000000001,80.53363030303036
demo,D06,67,25,84.4092,80.0788,80.1082242425984,81.28384188042239,80.68623833580017,84.4092,79.71625303030295
demo,D06,68,25,84.24925,79.90915,80.2146992493171,81.10791986147014,80.54834133911133,84.24925,80.18155303030309
demo,D06,69,25,84.87865,79.42535,80.04010581802953,81.76793160661595,81.12144975891113,84.87865,81.64544545454544
demo,D06,70,25,83.87115,79.18889999999999,79.5680033254392,80.71736197831505,80.11394975891113,83.87115,80.44567272727272
demo,D06,71,25,83.21265,79.14784999999999,79.24183638992992,80.0748339972673,79.52625912322998,83.21265,79.0248166666667
demo,D06,72,25,83.37395,78.9288,79.38935614622136,80.23168822611345,79.68755912322997,83.37395,79.61082121212128
demo,D06,73,25,84.07820000000001,78.46125,79.43331630203879,80.94593736234978,80.32099975891114,84.07820000000001,81.08940454545458
demo,D06,74,25,82.97195,78.5252,78.8061642025738,79.83245781462279,79.21474975891114,82.97195,79.03815454545452
demo,D06,75,25,82.79845,78.62219999999999,78.67720429151223,79.65895781462278,79.04124975891114,82.79845,77.47103333333345
demo,D06,76,25,82.57135,78.74355,78.70048279137299,79.38907121682436,78.88495912322998,82.57135,77.200546969697
demo,D06,77,25,82.15745,78.35125,78.2310186079348,78.99114323577662,78.47105912322998,82.15745,76.04250303030322
demo,D06,78,25,82.88085,77.226,78.35920799033039,79.77486266822318,79.12364975891113,82.88085,77.42397878787885
demo,D06,79,25,82.32015,78.0189,78.34669978086136,79.14251500462278,78.6295331539154,82.32015,78.22043030303023
demo,D06,80,25,81.99,77.47945,77.67034726058459,78.82369323577662,78.25390767097473,81.99,77.89336363636347
demo,D06,81,25,82.11175,77.60295,77.5485624370371,78.92965928508482,78.35638200569153,82.11175,77.65676515151516
demo,D06,82,25,81.85235,77.28265,77.40541250684996,78.68604323577662,78.06274342880249,81.85235,77.28772878787879
demo,D06,83,25,81.62,77.0487,77.43473497075594,78.43772121682437,77.96362173080445,81.62,78.26374242424244
demo,D06,84,25,81.5688,76.8952,76.95511044332198,78.3928797034315,77.81343200569152,81.5688,78.25224696969691
demo,D06,85,25,81.2292,76.7382,76.69012653910045,78.05156500462279,77.3892742340088,81.2292,77.625290909091
demo,D06,86,25,81.21555000000001,76.9671,76.59970581219476,78.03327121682437,77.4259434288025,81.21555000000001,77.40270151515162
demo,D06,87,25,81.06555,76.37650000000001,76.52988734796166,77.88345928508483,77.22562423400879,81.06555,76.56023181818173
demo,D06,88,25,80.71334999999999,76.52640000000001,76.50203893698298,77.54704323577661,76.9487471004486,80.71334999999999,76.5718348484848
demo,D06,89,25,80.42304999999999,76.3008,76.09015299515194,77.25674323577661,76.60239989929198,80.42304999999999,75.97179242424234
demo,D06,90,25,80.77265,76.03675,76.03343451609804,77.61187494542337,76.93272423400879,80.77265,76.51300606060609
demo,D06,91,25,79.99425,75.11825,75.82727909507135,76.81016991247654,76.2296471004486,79.99425,75.43657575757571
demo,D06,92,25,80.0788,75.80655,75.71844086590782,76.9106919314288,76.258149899292,80.0788,75.54772424242421
demo,D06,93,25,79.90915,76.1909,75.45174904196715,76.7410419314288,76.08088290252685,79.90915,75.32352121212118
demo,D06,94,25,79.42535,75.3202,75.5002564234681,76.2541170049582,75.6607471004486,79.42535,74.55854696969686
demo,D06,95,25,79.18889999999999,74.6303,75.02634260567122,76.0176670049582,75.4242971004486,79.18889999999999,73.8020212121212
demo,D06,96,25,79.14784999999999,74.38285,74.7830600030002,75.9766170049582,75.3832471004486,79.14784999999999,73.78044090909086
demo,D06,97,25,78.9288,75.1474,74.58131302447711,75.7575670049582,75.1641971004486,78.9288,73.65873181818183
demo,D06,98,25,78.46125,74.0832,74.48799044284453,75.29001700495822,74.67624919891358,78.46125,72.71145454545467
demo,D06,99,25,78.5252,74.5297,74.16862134614624,75.3539670049582,74.70454989929199,78.5252,72.58150303030304
demo,D06,100,25,78.62219999999999,74.03675,74.25552600924863,75.4509670049582,74.84806274147033,78.62219999999999,73.77464696969705
demo,D06,101,25,78.74355,73.69025,73.95723211029753,75.56379336694916,74.90362423400879,78.74355,74.51193636363637
demo,D06,102,25,78.35125,73.6177,73.6733195765863,75.1755596339437,74.4162312221527,78.35125,74.72053787878794
demo,D06,103,25,77.226,73.05545,73.13168986403318,73.97052529118783,73.41821758842468,77.226,72.90250757575751
demo,D06,104,25,78.0189,73.256,73.20446200852676,74.83337163949928,74.04732044830322,78.0189,74.09059696969702
demo,D06,105,25,77.47945,72.7494,72.75909319879713,74.22397529118783,73.51688815422058,77.47945,73.2428363636364
demo,D06,106,25,77.60295,72.76945,72.81891489465029,74.34747529118783,73.64305224342347,77.60295,73.6760333333334
demo,D06,107,25,77.28265,72.97930000000001,72.56464289583334,74.02717529118783,73.32275224342347,77.28265,73.3317257575757
demo,D06,108,25,77.0487,72.59135,72.19271101214655,73.87300963394371,73.07712044830322,77.0487,72.47432878787886
demo,D06,109,25,76.8952,71.88355,72.25874414473566,73.63972529118783,72.93530224342346,76.8952,72.02269242424252
demo,D06,110,25,76.7382,72.39655,72.14692544612797,73.55267163949928,72.78991489715577,76.7382,72.00907121212128
demo,D06,111,25,76.9671,71.95165,72.26434144622799,73.78157163949928,73.06499657592774,76.9671,73.46664545454551
demo,D06,112,25,76.37650000000001,71.6035,71.76882178614866,73.20716812055086,72.44118987464906,76.37650000000001,73.18384090909095
demo,D06,113,25,76.52640000000001,71.80235,71.53717407863945,73.33606534474261,72.57603660240174,76.52640000000001,72.56893787878788
demo,D06,114,25,76.3008,71.34009999999999,71.683765818045,73.1295670049582,72.37531558113098,76.3008,72.80439848484853
demo,D06,115,25,76.03675,70.85225000000001,71.57350302318639,72.8655170049582,72.00126759338379,76.03675,72.26289393939392
demo,D06,116,25,75.11825,71.56774999999999,70.9168767953926,71.94701700495821,71.26914678764344,75.11825,70.45745454545455
demo,D06,117,25,75.80655,70.8194,71.29670828426596,72.63085963394371,71.77739522247315,75.80655,71.41651212121202
demo,D06,118,25,76.1909,70.61115,71.44564318321741,72.98958768880748,72.16174522247314,76.1909,72.65311969696968
demo,D06,119,25,75.3202,70.32475000000001,70.73590286051406,72.14450963394371,71.30272725601196,75.3202,71.45146515151508
demo,D06,120,25,74.6303,70.6108,70.40117466371414,71.45460963394372,70.74799556999207,74.6303,69.70544393939393
demo,D06,121,25,74.38285,69.90960000000001,70.3554678871943,71.21161700495821,70.51068908843995,74.38285,69.08469848484846
demo,D06,122,25,75.1474,69.41355,70.5132510807406,71.96764336694916,71.1508556388855,75.1474,70.317293939394
demo,D06,123,25,74.0832,70.57635,69.71203367143649,70.90750963394372,70.20150472946167,74.0832,68.8922454545455
demo,D06,124,25,74.5297,69.8944,69.94860481790619,71.23343587111995,70.50675125808716,74.5297,69.95112424242421
demo,D06,125,25,74.03675,69.5553,69.62477312914923,70.8655170049582,70.11314098167419,74.03675,69.49496212121217
demo,D06,126,25,73.69025,69.03825,69.29446507301734,70.51901700495822,69.6465831604004,73.69025,67.78797727272726
demo,D06,127,25,73.6177,69.33555,69.48326736431852,70.27164735494556,69.72901739616394,73.6177,67.83590454545455
demo,D06,128,25,73.05545,68.95655000000001,68.74831899412317,69.70939735494555,69.24393252296447,73.05545,67.93129848484853
demo,D06,129,25,73.256,68.46055,68.69510969605477,69.90994735494556,69.36017222976685,73.256,68.56193939393933
demo,D06,130,25,72.7494,68.29889999999999,68.06160101243198,69.40334735494555,68.76352653923034,72.7494,67.27029393939398
demo,D06,131,25,72.76945,68.25535,68.05439914107883,69.39441399114628,68.7257831604004,72.76945,66.69019242424251
demo,D06,132,25,72.97930000000001,67.71464999999999,68.2933203717968,69.3966574594706,68.87907931976319,72.97930000000001,68.34920909090901
demo,D06,133,25,72.59135,67.77295,67.66785051028383,68.96640526602039,68.34328881988526,72.59135,67.76473636363639
demo,D06,134,25,71.88355,68.40845,67.36556940714439,68.3570159316042,67.84987671356201,71.88355,67.09147424242427
demo,D06,135,25,72.39655,66.87965,67.4145797762424,68.57679820708356,68.17997533111573,72.39655,68.31883787878785
demo,D06,136,25,71.95165,67.1357,67.0946873917166,68.0866876691203,67.54593405761719,71.95165,67.90114999999999
demo,D06,137,25,71.6035,66.90805,66.78416517973861,67.87688420974025,67.50698529815674,71.6035,67.511393939394
demo,D06,138,25,71.80235,67.11365,66.8133528771644,68.06638605383287,67.55823178634644,71.80235,67.61307727272728
demo,D06,139,25,71.34009999999999,66.0579,66.67160723740629,67.83471046389825,67.11953897247314,71.34009999999999,67.13729696969689
demo,D06,140,25,70.85225000000001,66.3026,66.16943797433409,67.34686046389827,66.70486583328248,70.85225000000001,65.70690909090908
demo,D06,141,25,71.56774999999999,66.07805,66.49290443632327,68.04327337625469,67.36257030868529,71.56774999999999,67.06386363636354
demo,D06,142,25,70.8194,66.31595,66.27771061960523,67.38669481944851,66.92082040252686,70.8194,66.6503924242424
demo,D06,143,25,70.61115,65.81995,66.20472318648876,67.11919766635506,66.6709587310791,70.61115,66.5009757575757
demo,D06,144,25,70.32475000000001,66.1767,65.76958472584158,66.83675327481096,66.2621827659607,70.32475000000001,65.30325757575758
demo,D06,145,25,70.6108,65.6412,66.00321452596756,67.11948290814428,66.62217471199035,70.6108,66.39542121212126
demo,D06,146,25,69.90960000000001,65.12385,65.31742876859482,66.42160327481096,66.02241538009645,69.90960000000001,65.34378939393946
demo,D06,147,25,69.41355,65.12299999999999,65.224354219799,65.82161581810037,65.50213919143677,69.41355,63.85942878787868
demo,D06,148,25,70.57635,64.74885,65.69679091810795,66.87182895260278,66.5299313331604,70.57635,66.61459242424243
demo,D06,149,25,69.8944,64.9166,65.23453294668657,66.40244766635507,65.88221967163086,69.8944,66.19617272727287
demo,D06,150,25,69.5553,64.0626,64.85531759297423,65.73203212581807,65.30448699264527,69.5553,65.28320151515152
demo,D06,151,25,69.03825,64.0184,64.75303819724732,65.24014829291762,64.94720366668702,69.03825,65.07272727272726
demo,D06,152,25,69.33555,64.20525,64.6110203765531,65.24634920438842,65.08473699264526,69.33555,65.6012772727273
demo,D06,153,25,68.95655000000001,64.23910000000001,64.3522323919256,64.73956652214575,64.73061644821168,68.95655000000001,65.03927727272738
demo,D06,154,25,68.46055,64.40705,63.9486583180341,64.30880197509444,64.27892749481201,68.46055,63.70797424242426
demo,D06,155,25,68.29889999999999,63.8886,63.92380489626358,64.50587098968097,64.24870573654174,68.29889999999999,63.53224848484822
demo,D06,156,25,68.25535,63.236349999999995,63.62786972461408,64.40375464836792,63.988388425445564,68.25535,62.947145454545435
demo,D06,157,25,67.71464999999999,62.515100000000004,63.33065700884855,63.90310150402567,63.54244026031493,67.71464999999999,60.80211212121208
demo,D06,158,25,67.77295,61.9814,63.64630818846566,64.26058501350141,63.70503837509155,67.77295,61.788396969696905
demo,D06,159,25,68.40845,62.22455,63.523196255210145,64.34124599297806,64.15763699264527,68.40845,63.931404545454484
demo,D06,160,25,66.87965,62.47865,62.63652947744305,62.99245208257513,62.81173837509155,66.87965,61.71050606060609
demo,D06,161,25,67.1357,62.265800000000006,62.529045697224014,63.45033710233007,62.93250585861206,67.1357,61.57266969696961
demo,D06,162,25,66.90805,62.27629999999999,62.4443975182492,63.234240842656334,62.794160305786136,66.90805,61.712731818181936
demo,D06,163,25,67.11365,61.722,62.40513943272242,63.30977249194111,63.12502471199036,67.11365,62.67034696969705
demo,D06,164,25,66.0579,61.35475,61.56635218880979,61.963960570779506,61.968416738891605,66.0579,60.65874090909104
demo,D06,165,25,66.3026,61.363299999999995,61.49368303570746,62.05467995469572,61.942395303344725,66.3026,60.73992575757578
demo,D06,166,25,66.07805,61.29715,61.629378952510955,61.85497544124492,61.724054199981694,66.07805,60.57801212121218
demo,D06,167,25,66.31595,61.155950000000004,61.34031744169365,61.87982991652417,61.48701628417969,66.31595,60.96157878787883
demo,D06,168,25,65.81995,60.64935,60.94804827893712,61.450722093566654,61.104658023071295,65.81995,60.45589696969698
demo,D06,169,25,66.1767,60.955749999999995,61.28893614110187,61.88712078529241,61.90109002990722,66.1767,62.94042727272738
demo,D06,170,25,65.6412,60.29785,60.655891574468896,61.30618861222017,61.16462653274536,65.6412,61.930768181818195
demo,D06,171,25,65.12385,60.02205000000001,60.307755245002134,60.74978842850277,60.43781961212159,65.12385,61.03581969696964
demo,D06,172,25,65.12299999999999,59.918749999999996,60.01594356119208,60.311601367998,60.30190119552611,65.12299999999999,60.886446969696884
demo,D06,173,25,64.74885,60.2022,60.23622310245956,60.071071947466756,60.06709111938477,64.74885,60.73716060606063
demo,D06,174,25,64.9166,59.638000000000005,59.9385890469851,60.09925181154056,60.07592655334473,64.9166,60.31554696969698
demo,D06,175,25,64.0626,59.2673,59.599353167018684,59.67050632542373,59.422890050506595,64.0626,58.46131969696972
demo,D07,6,25,92.952,82.1512,81.65437491905985,79.7170099514411,81.16629347991943,92.952,80.83553571428578
demo,D07,7,25,92.1782,81.15285,80.58187841959752,78.95857075152418,80.40539097137452,92.1782,78.94525357142864
demo,D07,8,25,91.96305,81.27865,80.31693806897887,78.75028517414322,80.19024097137451,91.96305,78.91941904761921
demo,D07,9,25,91.2791,80.28365,79.61863238952694,78.05090411580989,79.28895431671143,91.2791,78.05347500000006
demo,D07,10,25,91.55330000000001,80.5394,80.06492483638564,78.33556202167921,79.55812273101807,91.55330000000001,79.33033030303038
demo,D07,11,25,90.6259,79.7978,79.38182685368025,77.41157879497655,78.6334101852417,90.6259,77.752293939394
demo,D07,12,25,90.5658,79.96765,79.66014037016029,77.34069558941007,78.38121156768798,90.5658,79.35021666666665
demo,D07,13,25,90.431,79.27250000000001,79.33659839519964,77.18580863894111,78.37778592681885,90.431,80.65485606060606
demo,D07,14,25,89.46255,78.17055,78.23286060483828,76.22574485798873,77.2433641708374,89.46255,78.86361060606058
demo,D07,15,25,89.1551,77.41915,78.21972580739941,75.92566486394111,76.89062227020264,89.1551,79.47188787878791
demo,D07,16,25,88.41395,77.8698,77.29976490090723,75.1562662646194,76.22971251983643,88.41395,78.40733636363652
demo,D07,17,25,88.25605,76.7289,76.99828577358335,74.97103369500172,76.08046997528076,88.25605,77.79621666666667
demo,D07,18,25,88.71055,77.1764,77.36236451800522,75.43716890928742,76.49515597991943,88.71055,79.24721666666667
demo,D07,19,25,87.73585,76.1579,76.53827255315355,74.4679033759541,75.57420506439209,87.73585,77.78556969696967
demo,D07,20,25,86.9855,75.97235,76.07276633906874,73.70286469500172,74.88069214630127,86.9855,77.05578030303032
demo,D07,21,25,86.44225,75.1371,75.43045949749028,73.16309075363267,74.28931401824951,86.44225,75.63081060606065
demo,D07,22,25,87.3368,74.69795,76.05135264314481,74.04665751166839,75.13107623748779,87.3368,78.03108787878793
demo,D07,23,25,86.31545,74.27035,75.26998105248731,73.04014264738267,73.99665956420898,86.31545,77.87653333333336
demo,D07,24,25,85.1735,74.13935000000001,74.20157477205264,71.89873827000172,72.91042798614502,85.1735,75.6772272727272
demo,D07,25,25,85.01315000000001,73.4272,74.04292778725235,71.73176886404934,72.7028463119507,85.01315000000001,75.02815757575762
demo,D07,26,25,84.12165,72.5418,73.24695339097681,70.83948240907287,71.77857234039307,84.12165,72.45214242424251
demo,D07,27,25,83.67235,72.87015,73.3000620146497,70.38108940877524,71.41769130096435,83.67235,70.74317575757573
demo,D07,28,25,83.62174999999999,71.81895,73.29906572907527,70.33607171966088,71.33656609344482,83.62174999999999,71.51040909090906
demo,D07,29,25,82.70960000000001,71.29255,72.10625375950261,69.41227775136356,70.39694073638917,82.70960000000001,70.0898121212121
demo,D07,30,25,82.8272,70.9374,72.1271706324073,69.48143320918786,70.49634653778077,82.8272,70.13185151515157
demo,D07,31,25,82.1512,70.6616,71.40386063789656,68.86865146881124,69.84977501983643,82.1512,68.81314696969706
demo,D07,32,25,81.15285,70.02125,70.79349031810042,67.8766913415855,68.71951660308838,81.15285,68.60194090909089
demo,D07,33,25,81.27865,69.53965,70.31203849210127,67.98409778237546,68.85584707489014,81.27865,69.85810454545458
demo,D07,34,25,80.28365,68.9066,69.15515155222229,66.95921742484667,67.84815366973876,80.28365,68.259703030303
demo,D07,35,25,80.5394,68.37180000000001,69.27886782837516,67.22731881770383,68.1018303817749,80.5394,69.47532424242429
demo,D07,36,25,79.7978,67.9495,68.31109151434705,66.42057042425316,67.37587445526123,79.7978,68.55217121212115
demo,D07,37,25,79.96765,67.7144,68.26332658635744,66.57922920960513,67.46054989471436,79.96765,69.33350606060607
demo,D07,38,25,79.27250000000001,67.2814,67.82388730435521,65.87810682982277,66.82319255828858,79.27250000000001,69.34021212121205
demo,D07,39,25,78.17055,66.53365,66.69422499486836,64.7708783988445,65.72124255828858,78.17055,67.23516363636364
demo,D07,40,25,77.41915,66.4001,66.26513950758911,63.99463038550775,64.96984255828858,77.41915,66.02749848484852
demo,D07,41,25,77.8698,65.6033,66.07246235215507,64.46654460310317,65.3128685043335,77.8698,67.14854242424255
demo,D07,42,25,76.7289,64.9864,65.09443920292483,63.34177244213868,64.27959255828857,76.7289,64.75574090909089
demo,D07,43,25,77.1764,64.70705,65.58410350146833,63.7217820027619,64.70836620941162,77.1764,66.1118242424243
demo,D07,44,25,76.1579,63.74865,64.56740950321732,62.745252276357235,63.68986620941162,76.1579,64.19781666666672
demo,D07,45,25,75.97235,63.7344,64.44494346279237,62.530068730332786,63.52304255828858,75.97235,64.54021363636356
demo,D07,46,25,75.1371,62.709199999999996,63.62927502878682,61.64835503741409,62.715174455261234,75.1371,63.24188787878782
demo,D07,47,25,74.69795,63.57945,63.68608938516973,61.21755698442513,62.284914607238775,74.69795,63.436237878787814
demo,D07,48,25,74.27035,61.5782,63.026435413649324,60.802807631075446,61.70846035156249,74.27035,63.49734242424249
demo,D07,49,25,74.13935000000001,61.636,62.35980046781708,60.70567048555309,61.4522333770752,74.13935000000001,63.3556303030303
demo,D07,50,25,73.4272,61.675349999999995,61.800958448256715,59.94568230997156,60.740083377075194,73.4272,61.630896969696906
demo,D07,51,25,72.5418,60.6604,61.35511264537523,59.058169631434644,59.95252845458984,72.5418,60.48631515151515
demo,D07,52,25,72.87015,60.39084999999999,60.99564511166581,59.38352913845993,60.25046959533691,72.87015,60.71627878787873
demo,D07,53,25,71.81895,60.404849999999996,60.623627278193766,58.364573105015566,59.26595050354004,71.81895,60.04838939393931
demo,D07,54,25,71.29255,59.321,59.898716144499254,57.83621715196723,58.730660351562506,71.29255,59.11345151515155
demo,D07,55,25,70.9374,58.47,59.55158937175001,57.45527748351798,58.373536245727536,70.9374,59.03056666666659
demo,D07,56,25,70.6616,58.01025,59.043123465498695,57.16745126310854,58.07232845458985,70.6616,58.78460000000001
demo,D07,57,25,70.02125,57.69685,58.347168435610634,56.5091144470371,57.43197845458984,70.02125,57.925174242424305
demo,D07,58,25,69.53965,57.004149999999996,57.96316892197191,56.034251590054495,56.95037845458984,69.53965,57.27228636363634
demo,D07,59,25,68.9066,56.52315,57.32467209978246,55.41527639342438,56.27924633178711,68.9066,56.81991060606056
demo,D07,60,25,68.37180000000001,56.481899999999996,56.78123737904174,54.827884018003644,55.771830136108406,68.37180000000001,56.13527727272738
demo,D07,61,25,67.9495,55.9891,56.207230243257584,54.396898905686385,55.32412043762207,67.9495,55.043553030303066
demo,D07,62,25,67.7144,54.681349999999995,56.15200756434186,54.16375860431316,55.08704633178711,67.7144,55.757293939393996
demo,D07,63,25,67.2814,54.423350000000006,55.40871217243468,53.74127263430054,54.656020437622075,67.2814,55.49302878787889
demo,D07,64,25,66.53365,54.02215,54.64680065865153,52.98646826763386,53.906296331787104,66.53365,54.39203636363628
demo,D07,65,25,66.4001,53.832899999999995,54.261193970308256,52.80096821750091,53.772746331787104,66.4001,54.57330454545457
demo,D07,66,25,65.6033,53.4871,53.8778982686577,52.3750519053106,52.9590243347168,65.6033,53.92005000000006
demo,D07,67,25,64.9864,53.445,53.00649752984573,51.58365950066831,52.35966812744141,64.9864,53.071036363636395
demo,D07,68,25,64.70705,51.98414999999999,52.73617987754615,51.09087208751725,52.107080136108394,64.70705,52.90168636363639
demo,D07,69,25,63.74865,52.361250000000005,51.88775733751166,50.16982346673973,51.09161607971191,63.74865,51.155718181818195
demo,D07,70,25,63.7344,51.27705,51.76154104949079,50.13492700883028,51.08563443603516,63.7344,51.006150000000034
demo,D07,71,25,62.709199999999996,50.38295,50.923128869266826,49.12984268757306,49.99407968444824,62.709199999999996,49.149071212121235
demo,D07,72,25,63.57945,50.0317,51.067365572022226,50.0172176745739,50.91724525756836,63.57945,51.57028333333339
demo,D07,73,25,61.5782,50.137750000000004,49.86048967654226,48.38847942360542,48.83239330596924,61.5782,48.922366666666775
demo,D07,74,25,61.636,48.2579,49.7213848645366,48.430189641660895,48.89019330596924,61.636,48.894310606060564
demo,D07,75,25,61.675349999999995,48.56545,49.49170457536488,48.43538764069217,48.92954330596923,61.675349999999995,50.163016666666714
demo,D07,76,25,60.6604,47.957100000000004,48.49927118979778,47.447251166287415,47.91459330596924,60.6604,49.09714242424249
demo,D07,77,25,60.39084999999999,47.875750000000004,48.268390557388585,46.79830743540186,47.66196625671386,60.39084999999999,48.878781818182006
demo,D07,78,25,60.404849999999996,46.97785,47.97260049616163,47.01458340207052,47.63018988952636,60.404849999999996,49.89006969696973
demo,D07,79,25,59.321,46.08085,47.05262225509343,46.12857646574631,46.50207795715332,59.321,48.031893939393925
demo,D07,80,25,58.47,45.86015,46.518829933032755,45.252706395187786,45.686686248779296,58.47,46.56407575757563
demo,D07,81,25,58.01025,44.78985,45.9926552446752,44.64806426231388,45.22718801879883,58.01025,44.7471818181818
demo,D07,82,25,57.69685,44.5327,46.01313480672083,44.12556730239103,44.93012255249023,57.69685,45.52361515151516
demo,D07,83,25,57.004149999999996,44.5647,44.86840204913324,43.80338300250571,44.20214995422363,57.004149999999996,43.42334696969708
demo,D07,84,25,56.52315,43.7772,44.64812202657889,43.33049471342372,43.722384008789064,56.52315,42.361278787878796
demo,D07,85,25,56.481899999999996,43.604749999999996,44.37840482171673,42.89607618948213,43.72139241638183,56.481899999999996,43.29764242424251
demo,D08,6,25,93.85025,88.08985,87.32491771993936,86.50018978897528,86.53503393554688,93.85025,87.25592857142856
demo,D08,7,25,94.09345,87.37705,87.94726107166721,86.76724718038498,86.69140188903809,94.09345,88.99813750000004
demo,D08,8,25,93.3433,87.0664,87.1471028622521,86.17425474034692,86.36804594116211,93.3433,87.73437142857155
demo,D08,9,25,93.56830000000001,87.0164,87.41885175971866,86.3249380560632,86.2735116394043,93.56830000000001,88.46861250000005
demo,D08,10,25,92.3888,86.8738,86.04565763189622,85.24548823169832,85.4886501777649,92.3888,86.21811818181811
demo,D08,11,25,92.683,86.0656,86.24398761496539,85.52616196458385,85.55803910064698,92.683,86.09503030303046
demo,D08,12,25,92.56075,86.48445,86.3399830919112,85.37863831780501,85.65564631652832,92.56075,86.61328030303032
demo,D08,13,25,92.89500000000001,86.4616,86.54124826000849,85.6267712768166,85.55642416000367,92.89500000000001,87.74075000000012
demo,D08,14,25,91.78035,85.98695,85.6380896155931,84.6052228941013,84.91377666625976,91.78035,86.39422121212108
demo,D08,15,25,92.09009999999999,85.34925,85.65018205879716,84.74926084533408,84.72619981536864,92.09009999999999,86.4835848484848
demo,D08,16,25,91.9625,85.05114999999999,85.69253020773823,84.68007825252917,84.67305984497071,91.9625,86.58456818181827
demo,D08,17,25,91.18455,85.1163,85.1036880801797,84.00507541163537,84.42784948425293,91.18455,85.95173939393938
demo,D08,18,25,91.0435,84.71655,84.7065919538958,83.89001193160185,83.96437745666503,91.0435,85.39470454545454
demo,D08,19,25,90.95165,84.6311,84.67872113316123,83.71337756474854,84.01312718429566,90.95165,85.8335287878788
demo,D08,20,25,90.2174,84.41380000000001,83.75028329940307,82.8647281414378,83.11474888076782,90.2174,83.45579393939394
demo,D08,21,25,90.27705,84.2953,83.95968247973536,83.04268333702706,83.31583688812256,90.27705,83.10163333333337
demo,D08,22,25,90.54729999999999,83.36200000000001,84.10534737336697,83.37095109486897,83.43186106185912,90.54729999999999,83.85192121212118
demo,D08,23,25,90.07135,83.5015,83.84632300983404,82.94327953266026,83.16909494171142,90.07135,84.37420606060603
demo,D08,24,25,89.61670000000001,83.05875,83.19188741754958,82.32511324881179,82.50980693740846,89.61670000000001,83.29571515151501
demo,D08,25,25,89.4461,82.87044999999999,83.09183571561526,82.15971017398938,82.4177420173645,89.4461,83.44053939393942
demo,D08,26,25,89.33405,82.891,82.87894716750753,82.03911889602887,82.2976148727417,89.33405,84.07966363636373
demo,D08,27,25,89.13835,82.65474999999999,82.59046356241959,81.76775239965883,81.91615818939209,89.13835,83.86819090909093
demo,D08,28,25,88.4858,82.51294999999999,82.01108896645135,81.12256080346941,81.43920585708618,88.4858,82.69500454545457
demo,D08,29,25,88.85849999999999,81.95115,82.22312967689146,81.47314692588355,81.63012647247314,88.85849999999999,83.67727272727274
demo,D08,30,25,88.53765,81.52000000000001,81.73191287612448,81.120811965525,80.97457779541016,88.53765,82.93900606060613
demo,D08,31,25,88.08985,82.64620000000001,81.45686816746084,80.77240215238892,80.88044600830078,88.08985,82.07158484848496
demo,D08,32,25,87.37705,80.49005,81.24263251269154,80.08975328945067,80.51576145248413,87.37705,81.08036818181813
demo,D08,33,25,87.0664,81.14035000000001,80.75921862369199,79.67831371258116,80.15531582489014,87.0664,80.23511969696976
demo,D08,34,25,87.0164,80.36925000000001,80.69413398299807,79.59986187808143,79.9850279296875,87.0164,79.73518030303032
demo,D08,35,25,86.8738,80.34455,80.23354794931217,79.45536213212307,79.70848770980835,86.8738,79.45182272727283
demo,D08,36,25,86.0656,80.12285,79.79501426703462,78.64319688028783,79.14298018035889,86.0656,77.9935090909091
demo,D08,37,25,86.48445,79.27145,79.98254205173691,79.05392900105028,79.33134569473266,86.48445,78.99767727272726
demo,D08,38,25,86.4616,79.09345,79.83736997869723,78.99718143895599,79.07276695404053,86.4616,79.24561515151512
demo,D08,39,25,85.98695,79.55945,79.3816260975437,78.57663351838357,78.93030508346557,85.98695,79.62906363636358
demo,D08,40,25,85.34925,78.90690000000001,78.89745436859323,77.92419881477247,78.3631455116272,85.34925,79.3152878787878
demo,D08,41,25,85.05114999999999,78.3695,78.5285665479789,77.62874688028782,78.06484714736938,85.05114999999999,79.15446060606058
demo,D08,42,25,85.1163,78.22915,78.08158995987036,77.69102540945485,77.78245104675293,85.1163,79.17854242424241
demo,D08,43,25,84.71655,78.31585,77.83688331543489,77.27419015236379,77.49494469909668,84.71655,78.3599363636363
demo,D08,44,25,84.6311,77.9927,77.77589572722299,77.16697186682751,77.43530398712159,84.6311,78.36785000000002
demo,D08,45,25,84.41380000000001,76.99454999999999,77.37000609181565,76.9666164039547,77.22384238128663,84.41380000000001,78.43274696969698
demo,D08,46,25,84.2953,77.64615,77.08098194814221,76.83388071198262,76.73690890579223,84.2953,77.83330757575756
demo,D08,47,25,83.36200000000001,77.1667,76.8795871083406,75.92897637522395,76.3756971473694,83.36200000000001,76.38092424242414
demo,D08,48,25,83.5015,76.5516,76.78228086274052,76.07494583846224,76.4625857963562,83.5015,77.09968181818189
demo,D08,49,25,83.05875,75.9599,76.25291410286025,75.62242975712891,76.0228498840332,83.05875,76.73835606060611
demo,D08,50,25,82.87044999999999,76.35315,75.93460722469275,75.42765934125966,75.68049238128661,82.87044999999999,76.19920757575754
demo,D08,51,25,82.891,75.899,75.86306422621566,75.43779633052137,75.51495477294922,82.891,76.15125000000003
demo,D08,52,25,82.65474999999999,75.03735,75.70103557159138,75.21441791681593,75.46479238128661,82.65474999999999,76.28750757575753
demo,D08,53,25,82.51294999999999,75.12325,75.3660234665866,75.07184455375446,75.1338906852722,82.51294999999999,76.40452575757567
demo,D08,54,25,81.95115,75.8484,75.17056466886282,74.51981158771875,74.81252580871582,81.95115,75.86079393939391
demo,D08,55,25,81.52000000000001,74.63275,74.94285315522433,74.06123236637333,74.5336971473694,81.52000000000001,75.30971969696971
demo,D08,56,25,82.64620000000001,74.122,75.34425323497335,75.14704202656696,75.01048213119508,82.64620000000001,78.53113181818186
demo,D08,57,25,80.49005,73.75835,73.63921416443029,73.03388630765994,73.4803196609497,80.49005,74.47421666666669
demo,D08,58,25,81.14035000000001,74.30839999999999,74.05996759648366,73.6739306841508,73.91573061141969,81.14035000000001,75.21331212121213
demo,D08,59,25,80.36925000000001,73.7465,73.509712870863,72.91400768336173,73.23062580871583,80.36925000000001,73.45709090909092
demo,D08,60,25,80.34455,73.6294,73.6320769296674,72.87443225978674,73.17622362213135,80.34455,72.91475454545458
demo,D08,61,25,80.12285,72.9961,73.18322320874826,72.65987222564397,72.99333768997192,80.12285,72.6727742424243
demo,D08,62,25,79.27145,73.01195,72.77894516886505,71.82301547587065,72.45261474151611,79.27145,71.08517727272735
demo,D08,63,25,79.09345,72.09485,72.56494953609214,71.61116584291088,72.22732441635132,79.09345,70.71716212121213
demo,D08,64,25,79.55945,72.1113,72.64921927412888,72.07995108723976,72.42412456817627,79.55945,71.72848030303032
demo,D08,65,25,78.90690000000001,71.86135,71.88347886407749,71.4334892942197,71.76389224472047,78.90690000000001,70.73758181818181
demo,D08,66,25,78.3695,71.90225,71.81035260578224,70.88134899325456,71.43458302688599,78.3695,71.79786363636367
demo,D08,67,25,78.22915,71.29505,70.98625152859228,70.7331137592325,70.82192057647705,78.22915,70.76619545454541
demo,D08,68,25,78.31585,70.72315,71.13505889320133,70.81436884832704,71.1066067024231,78.31585,71.84875909090908
demo,D08,69,25,77.9927,70.64095,70.6643531768721,70.46166215573149,70.7144116355896,77.9927,71.65155606060604
demo,D08,70,25,76.99454999999999,69.82935,70.12622386427662,69.52026350684137,70.03275180892943,76.99454999999999,70.09723939393943
demo,D08,71,25,77.64615,69.34609999999999,70.35731360989058,70.1151121557315,70.37671411743165,77.64615,71.72686969696966
demo,D08,72,25,77.1667,70.00145,69.45750064583812,69.61757877027611,69.64575492782593,77.1667,70.90316969696987
demo,D08,73,25,76.5516,69.34885,69.21092715843375,68.9904122119499,69.35030891571044,76.5516,69.44618333333335
demo,D08,74,25,75.9599,69.09165,68.90633585474357,68.4097982868141,68.89590368499756,75.9599,68.75265757575757
demo,D08,75,25,76.35315,69.1277,68.79182128764657,68.79276381450406,68.99704944076538,76.35315,69.5835212121213
demo,D08,76,25,75.899,69.0055,68.38992906628829,68.33914794152871,68.57997734451294,75.899,68.82588636363646
demo,D08,77,25,75.03735,68.45425,67.80014518461859,67.39511481273206,67.73287516937256,75.03735,67.0004939393941
demo,D08,78,25,75.12325,68.5794,67.99357772570028,67.49994573742558,68.06242751312256,75.12325,67.35150000000002
demo,D08,79,25,75.8484,67.85845,68.12442780956263,68.24935647720143,68.32745492782593,75.8484,69.75946818181812
demo,D08,80,25,74.63275,67.50455,67.12784506071053,67.04161153131263,67.22645422363281,74.63275,67.55513636363628
demo,D08,81,25,74.122,67.1918,67.38830540009468,66.58003767522007,67.16020180892944,74.122,67.16092424242429
demo,D08,82,25,73.75835,66.43945,66.60788493495312,66.18518467455482,66.64174233398437,73.75835,66.6867666666667
demo,D08,83,25,74.30839999999999,66.81685,66.84755903448324,66.74350263051603,66.89205869522094,74.30839999999999,67.88404393939399
demo,D08,84,25,73.7465,65.501,66.20367725894498,66.19569757920301,66.28796242141723,73.7465,66.89673484848488
demo,D08,85,25,73.6294,65.7629,66.31114259559223,66.06581192020087,66.41129754486084,73.6294,67.52068787878795
demo,D08,86,25,72.9961,65.64935,65.85706463187408,65.43388543055096,65.9303188835144,72.9961,66.83331212121216
demo,D08,87,25,73.01195,65.10884999999999,65.34170269720349,65.39083269212354,65.46426676101684,73.01195,66.26028333333329
demo,D08,88,25,72.09485,64.91315,64.82123590790378,64.53022595251534,64.89246362075805,72.09485,64.26063787878795
demo,D08,89,25,72.1113,65.30295000000001,65.28559856923556,64.55903589798793,65.14950180892944,72.1113,65.34325454545453
demo,D08,90,25,71.86135,64.78439999999999,64.64887659642856,64.3070903881779,64.69585889587403,71.86135,64.92500151515159
demo,D08,91,25,71.90225,63.9491,64.42204448629093,64.35144757920301,64.44371242141723,71.90225,64.84193939393947
demo,D08,92,25,71.29505,63.71525,63.90810696024708,63.71066059655939,64.03951201324463,71.29505,63.34934545454542
demo,D08,93,25,70.72315,63.1738,63.83985276630534,63.14998467455482,63.72263835372925,70.72315,62.77539242424242
demo,D08,94,25,70.64095,63.468849999999996,63.533322163301115,63.06778467455482,63.53645542831421,70.64095,62.72898787878784
demo,D08,95,25,69.82935,62.88245,62.672949841227165,62.17116024589559,62.481170659637456,69.82935,61.592365151515224
demo,D08,96,25,69.34609999999999,62.06700000000001,62.3754812856489,61.54903615251785,62.00292744979858,69.34609999999999,60.2211454545454
demo,D08,97,25,70.00145,62.386399999999995,62.714436372942224,62.316657809982786,62.64717954177857,70.00145,62.01466212121208
demo,D08,98,25,69.34885,62.18665,61.798018300025994,61.65107636114612,61.85930703887939,69.34885,60.99409242424243
demo,D08,99,25,69.09165,62.042249999999996,61.50517487545339,61.116409399954236,61.297247400665285,69.09165,60.877733333333396
demo,D08,100,25,69.1277,61.4293,61.53207905025319,61.352528257736054,61.6163326789856,69.1277,61.602245454545525
demo,D08,101,25,69.0055,61.0371,61.289174636886735,61.30404060163007,61.53513352203369,69.0055,62.89841666666666
demo,D08,102,25,68.45425,61.44195,60.4379193156824,60.66107818896182,60.912564418792726,68.45425,62.87963636363641
demo,D08,103,25,68.5794,60.544799999999995,60.320217824861516,60.846345107158676,60.73746722640992,68.5794,63.61559696969697
demo,D08,104,25,67.85845,60.45505,60.11895312634782,60.22659588917694,60.55933958740235,67.85845,63.0349651515152
demo,D08,105,25,67.50455,59.7733,59.54921972880132,59.90606564787241,60.13841392593383,67.50455,61.82930757575758
demo,D08,106,25,67.1918,59.837700000000005,59.029313158208055,59.48904542673801,59.280557514953614,67.1918,60.13739090909092
demo,D08,107,25,66.43945,58.889250000000004,59.03838527199986,58.677022084823506,58.93760702438354,66.43945,58.72501060606056
demo,D08,108,25,66.81685,58.88205,59.16597012428715,59.123322240473186,59.2167261177063,66.81685,58.94874393939407
demo,D08,109,25,65.501,58.352599999999995,58.39809538869483,57.71893388510159,57.930063796997075,65.501,56.023492424242505
demo,D08,110,25,65.7629,58.227549999999994,58.55305192578514,57.95824521544104,58.24212706604004,65.7629,56.18128636363652
demo,D08,111,25,65.64935,58.4778,58.2422230267222,57.83918345804973,58.11359293518066,65.64935,56.6247590909091
demo,D08,112,25,65.10884999999999,57.61214999999999,57.841904261936634,57.25575238703267,57.63542222747802,65.10884999999999,56.002501515151465
demo,D08,113,25,64.91315,57.704100000000004,57.46809873356712,56.834650189055736,56.99729697647095,64.91315,56.68052121212124
demo,D08,114,25,65.30295000000001,57.6362,57.24285853103694,57.33186980256889,57.37651071472169,65.30295000000001,58.384987878787946
demo,D08,115,25,64.78439999999999,56.86475,56.76066249990613,56.83272710842923,56.94867516937255,64.78439999999999,58.65855151515147
demo,D08,116,25,63.9491,56.86275,56.281088994942095,56.01039630951355,56.14698122177124,63.9491,57.77935757575762
demo,D08,117,25,63.71525,56.4152,55.79607021551267,55.733962630418745,55.76973579788208,63.71525,56.9114469696969
demo,D08,118,25,63.1738,55.98165,55.43836756529953,55.24726667138275,55.41894579772949,63.1738,56.4521106060606
demo,D08,119,25,63.468849999999996,55.86225,55.25254741664505,55.452860107920664,55.184662683105465,63.468849999999996,56.14248636363622
demo,D08,120,25,62.88245,55.87915,54.982074992800925,54.853791085945,54.9589184677124,62.88245,55.204078787878814
demo,D08,121,25,62.06700000000001,54.82565,54.23090192879861,53.92259394216352,53.95756396484376,62.06700000000001,53.60825757575762
demo,D08,122,25,62.386399999999995,54.418350000000004,54.51159787478834,54.22454224393414,54.12930561676025,62.386399999999995,53.76755909090911
demo,D08,123,25,62.18665,54.08965,54.2299469590424,54.031440002597506,53.929555616760254,62.18665,53.63414242424236
demo,D08,124,25,62.042249999999996,54.38185,54.24924530754057,53.87798526676269,53.962957702636714,62.042249999999996,54.83504545454543
demo,D08,125,25,61.4293,54.110400000000006,53.61953061577571,53.27828424025546,53.27497642211914,61.4293,54.85539848484849
demo,D08,126,25,61.0371,53.298199999999994,53.15671004769099,52.93595395660115,52.79182736358643,61.0371,54.186213636363675
demo,D08,127,25,61.44195,52.505849999999995,53.3254947285797,53.4304359587985,53.35506454772949,61.44195,55.358821212121214
demo,D08,128,25,60.544799999999995,52.6312,52.733891962318005,52.64748920068127,52.57870789031982,60.544799999999995,53.79250454545454
demo,D08,129,25,60.45505,52.684549999999994,52.61157480649611,52.48719570808149,52.58484316711426,60.45505,54.199618181818146
demo,D08,130,25,59.7733,52.186350000000004,52.1287537333955,51.82129764175927,51.92749578552246,59.7733,53.02101212121214
demo,D08,131,25,59.837700000000005,51.946250000000006,51.90192844122395,51.91279325815064,51.925168624114995,59.837700000000005,52.25945757575772
demo,D08,132,25,58.889250000000004,51.42060000000001,51.41992692721401,50.961224797924224,51.113492687225346,58.889250000000004,50.39959090909083
demo,D08,133,25,58.88205,51.566849999999995,51.373126144951364,50.90775189956321,51.16080232696533,58.88205,50.197981818181866
demo,D08,134,25,58.352599999999995,51.050200000000004,50.643181983283135,50.24535465137248,50.28616323242187,58.352599999999995,49.51287272727284
demo,D08,135,25,58.227549999999994,50.807449999999996,50.3906681691883,50.06821463977703,50.113849133300775,58.227549999999994,49.15813333333327
demo,D09,6,25,95.32365,91.81899999999999,91.2447331051024,90.71411478669725,90.59580194702149,95.32365,92.57886428571429
demo,D09,7,25,95.01610000000001,91.10464999999999,90.67458204425694,90.57946355342129,90.4066749320984,95.01610000000001,91.52230535714291
demo,D09,8,25,94.73455,90.66105,90.25216526802787,90.54335224041876,90.13129615859985,94.73455,90.63325535714283
demo,D09,9,25,95.14045,91.01615,90.72723633304594,90.52355231864081,90.36073303146362,95.14045,91.70557499999991
demo,D09,10,25,94.35475,90.5699,89.90324514121815,90.12797200313047,89.74681504821777,94.35475,90.37509090909096
demo,D09,11,25,94.61855,90.29335,90.18021044704943,90.04088010240787,89.90914648513794,94.61855,90.69539848484857
demo,D09,12,25,94.2363,89.71504999999999,89.88571150600849,89.74909545768031,89.54309082870483,94.2363,90.30933787878786
demo,D09,13,25,94.08595,89.9867,89.65644922581856,89.39673251000987,89.29368792266845,94.08595,90.04624545454544
demo,D09,14,25,93.74385,89.27374999999999,89.16027596494622,89.12054714671275,88.74368358383178,93.74385,88.67617575757563
demo,D09,15,25,93.71935,89.8648,89.3885258097581,89.13168284468632,88.87230839309693,93.71935,89.31994090909095
demo,D09,16,25,93.73785,89.4162,89.20876597074842,88.86708149787907,88.70010547790527,93.73785,89.67992575757586
demo,D09,17,25,93.63485,88.85805,88.99788835303632,88.73760361008779,88.61182401046753,93.63485,89.74591818181815
demo,D09,18,25,93.1569,89.16239999999999,88.66046312775579,88.4981235844085,88.11915547790527,93.1569,88.73452121212125
demo,D09,19,25,93.19295,89.40854999999999,88.74333713768938,88.34166354163028,88.27596305770874,93.19295,89.44085909090913
demo,D09,20,25,93.3138,88.4855,88.59339516508616,88.07352917578325,88.21052136306763,93.3138,89.67744393939397
demo,D09,21,25,92.37485,88.53020000000001,87.9636836291318,87.36619752951789,87.55964681015014,92.37485,88.32894848484845
demo,D09,22,25,92.6975,88.04945,88.08895268562596,87.47312751994572,87.6101582145691,92.6975,88.7248560606061
demo,D09,23,25,92.2393,88.01805,87.69115683950663,87.19096399262257,87.26859496765137,92.2393,87.93081515151516
demo,D09,24,25,92.03335,87.35340000000001,87.45628294382865,87.00103857427622,86.99541474304199,92.03335,87.09760757575751
demo,D09,25,25,92.25145,87.6181,87.63779352709723,87.06895492496673,87.15907042999268,92.25145,87.46335909090911
demo,D09,26,25,91.83305,87.44364999999999,87.33158631371408,86.7840511200979,86.71769117050171,91.83305,87.09771666666666
demo,D09,27,25,91.45455,87.78224999999999,87.05429435158354,86.48405676615035,86.60184499816894,91.45455,86.66138333333332
demo,D09,28,25,92.0393,86.5156,87.19963917130683,86.78980627271545,86.91108897857666,92.0393,87.84979999999996
demo,D09,29,25,91.73989999999999,86.78099999999999,86.89043352408243,86.39692284108732,86.29826248397826,91.73989999999999,88.14454393939393
demo,D09,30,25,90.7056,87.06255,86.45843307082797,85.6630050984662,85.71411726531983,90.7056,86.93571363636363
demo,D09,31,25,91.81899999999999,86.414,86.7540045390268,86.43143078822813,86.35374044799804,91.81899999999999,88.61830303030307
demo,D09,32,25,91.10464999999999,86.24525,86.36281654025855,85.76825038385924,85.86178777542113,91.10464999999999,88.20521818181818
demo,D09,33,25,90.66105,85.85635,85.87187453522695,85.38443037306371,85.41818777542115,90.66105,87.17698939393938
demo,D09,34,25,91.01615,85.63589999999999,86.19458663354622,85.72149079767462,85.70775366058349,91.01615,87.56669545454544
demo,D09,35,25,90.5699,85.17694999999999,85.871779862102,85.28669899377088,85.33957000961304,90.5699,87.21827121212131
demo,D09,36,25,90.29335,85.34455,85.68330532568115,85.03373401756006,85.00857569656372,90.29335,86.47466060606065
demo,D09,37,25,89.71504999999999,85.0448,85.22840442852295,84.53541835656256,84.41084887390136,89.71504999999999,84.47645151515155
demo,D09,38,25,89.9867,85.18495,85.5960464243852,84.86097831841224,84.92923635406494,89.9867,85.20032878787876
demo,D09,39,25,89.27374999999999,84.7208,84.96277845607187,84.15741947694534,84.14028804779052,89.27374999999999,84.09040151515148
demo,D09,40,25,89.8648,84.62045,85.0409817462622,84.55158922778007,84.56861307601929,89.8648,84.11393636363644
demo,D09,41,25,89.4162,84.43555,85.20068968883861,84.3300045022083,84.43960126037598,89.4162,84.5965484848485
demo,D09,42,25,88.85805,84.3633,84.57088021170371,83.76146882418293,83.6940685623169,88.85805,83.74603484848488
demo,D09,43,25,89.16239999999999,84.02539999999999,84.46347700700937,83.9287222613177,83.94327091445922,89.16239999999999,84.1144984848485
demo,D09,44,25,89.40854999999999,83.6713,84.68894636067813,84.08895373215319,84.1683623550415,89.40854999999999,85.80639090909091
demo,D09,45,25,88.4855,83.8211,84.0210703801193,83.34755065652533,83.41119637298584,88.4855,84.8137803030302
demo,D09,46,25,88.53020000000001,83.92075,83.67828287002789,83.26770717570255,83.20648431320191,88.53020000000001,85.02059393939405
demo,D09,47,25,88.04945,83.4439,83.34181467243165,82.8601723509402,82.81448944396972,88.04945,83.61684393939385
demo,D09,48,25,88.01805,83.02695,83.32247178342308,82.83639058278561,82.7400753944397,88.01805,83.57710303030316
demo,D09,49,25,87.35340000000001,82.97715,82.72528306111413,82.23922486624134,82.21008849945069,87.35340000000001,81.40608181818187
demo,D09,50,25,87.6181,82.20275000000001,83.10302854069754,82.49263896392283,82.45411856231689,87.6181,82.09237272727266
demo,D09,51,25,87.44364999999999,82.57965,82.6913162085673,82.32770109775251,82.33474802246093,87.44364999999999,82.03477878787874
demo,D09,52,25,87.78224999999999,83.60155,82.57796411910329,82.43018730967628,82.32456929779052,87.78224999999999,82.61945454545453
demo,D09,53,25,86.5156,81.94749999999999,82.1188152965111,81.44697803188288,81.53169611511231,86.5156,80.70488030303024
demo,D09,54,25,86.78099999999999,81.80444999999999,82.3019674402952,81.6690280595931,81.64023290252685,86.78099999999999,81.89657575757566
demo,D09,55,25,87.06255,81.70925,81.67300058325566,81.7490714961596,81.77314513092041,87.06255,82.7461636363636
demo,D09,56,25,86.414,81.93195,81.60415423722272,81.29674978620974,81.20740648651123,86.414,82.28696212121217
demo,D09,57,25,86.24525,81.76339999999999,81.28809525493176,81.08461025668655,81.0840213432312,86.24525,81.9174696969698
demo,D09,58,25,85.85635,80.9586,80.97922725239228,80.74826502974592,80.81882911453248,85.85635,81.291903030303
demo,D09,59,25,85.63589999999999,80.88255,80.76805435843079,80.54063429587586,80.41314885940551,85.63589999999999,80.08148333333335
demo,D09,60,25,85.17694999999999,80.69085,80.6628587643235,80.11736333081886,80.1930461151123,85.17694999999999,78.96834393939399
demo,D09,61,25,85.34455,80.8818,80.52762563257284,80.22309416805868,80.13628135757446,85.34455,79.15929242424248
demo,D09,62,25,85.0448,80.4826,80.29122125976141,79.95884009444474,80.0608961151123,85.0448,79.67456515151517
demo,D09,63,25,85.18495,80.26645,79.98419184292408,79.96954310217981,79.9077545463562,85.18495,79.53929848484853
demo,D09,64,25,84.7208,80.1989,79.6612413520148,79.54348574023963,79.60294349746704,84.7208,79.01236060606057
demo,D09,65,25,84.62045,79.65815,79.72541628201631,79.54591584860684,79.63654611511231,84.62045,79.80593484848485
demo,D09,66,25,84.43555,80.045,79.26108437409219,79.28846307965485,79.18312194519044,84.43555,79.92193636363639
demo,D09,67,25,84.3633,79.43375,78.96734028641774,79.16558225450878,79.05091587142944,84.3633,80.37034545454547
demo,D09,68,25,84.02539999999999,78.97565,78.78105423475935,78.87776671467219,78.71301587142943,84.02539999999999,80.01445303030297
demo,D09,69,25,83.6713,78.9614,78.63954237500104,78.54030052118834,78.40406519775391,83.6713,79.34691363636367
demo,D09,70,25,83.8211,79.1974,78.37743607529886,78.60295208371639,78.5439045463562,83.8211,79.2179636363637
demo,D09,71,25,83.92075,78.4975,78.65656452686909,78.61804187476608,78.47448191833496,83.92075,79.86494696969703
demo,D09,72,25,83.4439,78.7068,78.09910583939788,78.09809813979373,78.03954399719238,83.4439,79.21705151515155
demo,D09,73,25,83.02695,78.03095,77.9775873841907,77.90402028058267,77.82035648651123,83.02695,78.77919242424255
demo,D09,74,25,82.97715,77.7852,77.63664585097946,77.76362081261367,77.6534343132019,82.97715,78.52093030303028
demo,D09,75,25,82.20275000000001,78.0088,77.23073326415934,77.16890674269578,77.21884611511231,82.20275000000001,76.84319696969708
demo,D09,76,25,82.57965,77.34445,77.450631908218,77.45705663184529,77.43633849945068,82.57965,77.25518787878795
demo,D09,77,25,83.60155,77.6488,78.13213246287027,78.31914976764642,78.28852309494019,83.60155,80.14765606060615
demo,D09,78,25,81.94749999999999,77.30265,76.70965394325944,76.80048003337014,76.71633316040038,81.94749999999999,77.77631818181821
demo,D09,79,25,81.80444999999999,76.72995,76.59704139437707,76.64246976109533,76.50427528686522,81.80444999999999,76.76041212121206
demo,D09,80,25,81.70925,76.7651,76.8675883444149,76.61803176042744,76.51486590194702,81.70925,76.47791666666654
demo,D09,81,25,81.93195,76.41615,76.78038639715868,76.78906277886902,76.82417574234009,81.93195,77.62304090909095
demo,D09,82,25,81.76339999999999,76.4794,76.58056800418262,76.59825580883016,76.52843944396972,81.76339999999999,77.95499090909088
demo,D09,83,25,80.9586,76.7347,75.97158178670544,75.82621720744413,75.73964257583619,80.9586,76.3675621212121
demo,D09,84,25,80.88255,75.8505,75.89444865220804,75.77485640512823,75.67428135757446,80.88255,75.94895151515149
demo,D09,85,25,80.69085,75.9149,75.51744807777838,75.42542220631316,75.25679133377075,80.69085,74.49734242424255
demo,D09,86,25,80.8818,75.55485,75.81056895034226,75.74318910162874,75.65904885940552,80.8818,74.77508787878799
demo,D09,87,25,80.4826,75.34725,75.83426152549883,75.37644926772056,75.50515630493165,80.4826,76.13598636363626
demo,D09,88,25,80.26645,75.08265,75.02168159990329,75.0535422028833,74.88683564682007,80.26645,75.57357121212131
demo,D09,89,25,80.1989,74.66685,75.00880400695746,74.92607825414426,74.80675341262817,80.1989,75.33863484848484
demo,D09,90,25,79.65815,74.81625,74.58563071013283,74.53447609704654,74.43919257583619,79.65815,74.2209757575759
demo,D09,91,25,80.045,74.4204,74.81334251964435,74.8573009845906,74.73261587142945,80.045,75.55115151515157
demo,D09,92,25,79.43375,74.7632,74.43683635225152,74.28746991124714,74.2575591468811,79.43375,75.3405909090909
demo,D09,93,25,78.97565,74.39305,73.76668510822125,73.85470979367499,73.72322194519043,78.97565,74.02311969696972
demo,D09,94,25,78.9614,73.90894999999999,73.61329886278958,73.8116717888645,73.66122528686523,78.9614,73.60421060606056
demo,D09,95,25,79.1974,73.601,73.88913976113282,73.90863240522617,73.76334133377075,79.1974,74.02003636363635
demo,D09,96,25,78.4975,73.86135,73.48975489528553,73.39190140498363,73.35673290252686,78.4975,73.31636363636359
demo,D09,97,25,78.7068,72.6981,73.38251529256384,73.58051619432948,73.557780758667,78.7068,73.86448181818173
demo,D09,98,25,78.03095,73.4201,72.88111820654571,72.97092581130408,73.02383177490235,78.03095,72.78370757575766
demo,D09,99,25,77.7852,72.56320000000001,72.70152845368123,72.72517581130408,72.80129611511231,77.7852,72.36276060606063
demo,D09,100,25,78.0088,72.67949999999999,72.4090797522372,72.75094739895081,72.62918564682006,78.0088,72.54624696969705
demo,D09,101,25,77.34445,72.2281,72.26384743831596,72.19517472268973,72.30478382415771,77.34445,72.08040454545444
demo,D09,102,25,77.6488,71.91579999999999,72.54387601027113,72.51568859229842,72.35365734939575,77.6488,72.79788333333329
demo,D09,103,25,77.30265,72.37475,71.98613079335131,72.13322980430911,71.92303564682007,77.30265,72.17023333333326
demo,D09,104,25,76.72995,72.32509999999999,71.5517805091473,71.58574574712743,71.5659685623169,76.72995,71.0182984848485
demo,D09,105,25,76.7651,71.4892,71.55627043349915,71.62461467311235,71.56857061157227,76.7651,71.59167575757576
demo,D09,106,25,76.41615,71.4433,71.22116483796789,71.31638914699803,71.35405578842163,76.41615,70.87567272727274
demo,D09,107,25,76.4794,71.14654999999999,71.32035104208931,71.32627678715177,71.31541856231689,76.4794,71.63766515151511
demo,D09,108,25,76.7347,71.43509999999999,70.97544453829437,71.37349371451035,71.28843191833496,76.7347,72.48839696969705
demo,D09,109,25,75.8505,70.06824999999999,70.43701209827232,70.72281016249981,70.58473480987548,75.8505,70.97712121212123
demo,D09,110,25,75.9149,70.60125000000001,70.49698328396818,70.73938011007257,70.69442194213867,75.9149,71.46120303030315
demo,D09,111,25,75.55485,70.0557,70.14981789363326,70.40717100710391,70.24896754608154,75.55485,70.55712272727276
demo,D09,112,25,75.34725,69.35245,70.08477701768096,70.21441110094489,70.1832685623169,75.34725,70.5719545454545
demo,D09,113,25,75.08265,69.7362,69.70743466993704,69.94981110094488,69.88826590194702,75.08265,70.28949090909094
demo,D09,114,25,74.66685,70.1836,69.42072785613719,69.54706803812897,69.44789257583618,74.66685,69.00705454545458
demo,D09,115,25,74.81625,69.21695,69.39481566144188,69.58478447090278,69.65158573150634,74.81625,69.17731060606054
demo,D09,116,25,74.4204,69.4353,69.23324804422208,69.33272128196656,69.16797194519043,74.4204,68.27149848484845
demo,D09,117,25,74.7632,69.34169999999999,69.28325962977654,69.57030379045673,69.38358564682007,74.7632,69.28198030303032
demo,D09,118,25,74.39305,68.76205,69.03252198317053,69.24841881993464,69.2168591468811,74.39305,70.02032272727281
demo,D09,119,25,73.90894999999999,68.58545000000001,68.46127166641018,68.81095609031615,68.64318480987548,73.90894999999999,69.2205030303029
demo,D09,120,25,73.601,67.81765,68.34817191601654,68.4704671126306,68.4370185623169,73.601,68.87258333333337
demo,D09,121,25,73.86135,67.9006,68.1852314633173,68.62745042847634,68.46952623138428,73.86135,69.54908484848482
demo,D09,122,25,72.6981,68.17025,67.60341019107784,67.52864630437895,67.56807270584106,72.6981,67.38291818181818
demo,D09,123,25,73.4201,67.69874999999999,67.84362514605043,68.25571962695118,68.04048564682007,73.4201,68.44831969696968
demo,D09,124,25,72.56320000000001,67.57284999999999,67.173630805947,67.29459616430526,67.29916906661988,72.56320000000001,66.57712424242429
demo,D09,125,25,72.67949999999999,67.28444999999999,67.45680646046704,67.50168071018494,67.48511590194701,72.67949999999999,66.72418939393943
demo,D09,126,25,72.2281,67.68365,66.86782837540014,67.00065004121299,66.98752087173462,72.2281,65.67575909090908
demo,D09,127,25,71.91579999999999,66.6782,66.77322235163034,66.69620726041317,66.751342678833,71.91579999999999,65.57623181818181
demo,D09,128,25,72.37475,67.07005000000001,66.93251928050438,67.14215985558525,67.06655965423585,72.37475,67.1197272727273
demo,D09,129,25,72.32509999999999,66.40925,66.53165290200543,66.90381167976655,66.92074399719237,72.32509999999999,67.89169090909094
demo,D09,130,25,71.4892,66.65795,65.95312366030849,66.25589533292555,66.23905361099243,71.4892,66.70424545454547
demo,D09,131,25,71.4433,65.56245000000001,65.8337291659584,66.1881913498511,66.23456119613647,71.4433,67.31806515151526
demo,D09,132,25,71.14654999999999,65.76530000000001,65.33063081879955,65.66520518581594,65.69864112167357,71.14654999999999,66.07036818181805
demo,D09,133,25,71.43509999999999,65.37145,65.884892891274,66.19036086084607,66.12542144546508,71.43509999999999,67.47494848484844
demo,D09,134,25,70.06824999999999,65.31085,64.70556464330816,64.84611724020571,64.88246041488647,70.06824999999999,64.53359090909096
demo,D09,135,25,70.60125000000001,65.4149,65.10888721017947,65.36263886223833,65.48339349746705,70.60125000000001,65.16878030303027
demo,D09,136,25,70.0557,64.94069999999999,64.58382260098472,64.74644676938844,64.70832842178345,70.0557,63.858927272727286
demo,D09,137,25,69.35245,64.9718,64.09195169014016,63.986587932290846,64.08125554199219,69.35245,61.570200000000085
demo,D09,138,25,69.7362,64.183,64.46886476539238,64.19789991285877,64.37931647415161,69.7362,62.43345757575757
demo,D09,139,25,70.1836,63.915299999999995,64.4644277031465,64.54991353545475,64.58329539642334,70.1836,64.68726666666656
demo,D09,140,25,69.21695,63.9448,63.68637528655812,63.67210178080652,63.62451273269653,69.21695,63.46463939393941
demo,D10,6,25,96.5877,90.3385,90.38207733572477,89.61370771004037,89.98298894424438,96.5877,92.05212857142847
demo,D10,7,25,96.84725,89.29945000000001,90.84910556397682,89.8094439514642,90.21569730377198,96.84725,93.28283035714286
demo,D10,8,25,96.7261,89.66005,90.91470966119975,89.6882939514642,89.97994902954102,96.7261,93.61096607142865
demo,D10,9,25,95.01925,88.2246,88.5983439128132,88.12022402836291,88.39263018417358,95.01925,89.47670833333325
demo,D10,10,25,94.6366,88.9867,87.64602212836003,87.53042154616213,87.72082374725342,94.6366,87.63881212121217
demo,D10,11,25,95.041,88.13045000000001,87.98971301670896,87.92068618367178,88.11855279541015,95.041,87.53496969696988
demo,D10,12,25,94.94055,88.40390000000001,87.96064929650336,87.81638251784686,87.85875859909058,94.94055,87.2861863636364
demo,D10,13,25,94.5112,87.54525,87.55340326707531,87.3958994309836,87.43439393157959,94.5112,86.58001818181815
demo,D10,14,25,94.48845,87.535,87.5706613508094,87.43686085176428,87.37069411010742,94.48845,86.58822272727274
demo,D10,15,25,93.9385,87.0338,87.10954183949302,86.88748524491906,86.81555039978028,93.9385,86.1717424242425
demo,D10,16,25,93.5524,86.93325,86.63040714578406,86.4861530910384,86.43200815429688,93.5524,85.62853636363648
demo,D10,17,25,93.33765000000001,87.26635,86.46755961135091,86.29908976724747,86.33009499206544,93.33765000000001,86.31621060606071
demo,D10,18,25,93.1793,87.2158,86.18289680613951,86.14264252213556,86.12376229934692,93.1793,87.70595151515158
demo,D10,19,25,93.2302,86.7885,85.63119638902546,86.15545643526198,85.68090457458496,93.2302,87.60438939393939
demo,D10,20,25,93.732,85.75775,85.99482722011174,86.73948625666023,86.32273543548584,93.732,88.54238636363638
demo,D10,21,25,92.36315,86.0385,85.22745799906346,85.46748932011232,85.28973376693726,92.36315,86.69124090909091
demo,D10,22,25,92.35584999999999,84.82015000000001,85.16666058603509,85.45132240697556,85.38294913253783,92.35584999999999,86.83574393939391
demo,D10,23,25,91.85915,84.93815000000001,84.69460825376527,84.9583750899039,84.7763920501709,91.85915,85.88118787878786
demo,D10,24,25,91.98695000000001,84.57894999999999,84.78121892914115,85.08242240697558,85.105921824646,91.98695000000001,86.49113939393936
demo,D10,25,25,91.1084,84.91615,83.98266253942735,84.21832697832522,84.0393606552124,91.1084,84.73816515151508
demo,D10,26,25,90.7748,84.2249,83.61708177551648,83.80718835827342,83.7110826347351,90.7748,83.28933787878788
demo,D10,27,25,90.93769999999999,83.2568,83.70916145070314,83.95950175838684,83.70135756988525,90.93769999999999,83.04292727272725
demo,D10,28,25,90.69745,83.20355,83.55135359662347,83.71925175838685,83.50072653884888,90.69745,82.52909393939399
demo,D10,29,25,90.04575,83.00555,83.17610517960664,83.01035654700921,82.86830983352661,90.04575,81.55203787878787
demo,D10,30,25,90.4366,83.30175,83.58732147791744,83.48883108137626,83.39496019515991,90.4366,83.95182727272729
demo,D10,31,25,90.3385,84.4029,82.907715850154,83.37970659915801,83.00124547576904,90.3385,84.44608333333345
demo,D10,32,25,89.29945000000001,82.3541,82.34036167086045,82.43564996003218,82.06835754699708,89.29945000000001,83.18386666666667
demo,D10,33,25,89.66005,81.9902,82.46884954715838,82.7835137242566,82.47227581863403,89.66005,83.9113757575758
demo,D10,34,25,88.2246,82.07965,81.26964925819075,81.34024229187162,80.99307219467163,88.2246,81.76479696969699
demo,D10,35,25,88.9867,82.4067,81.33929767290233,82.00805735004745,81.50650209350586,88.9867,82.53085151515157
demo,D10,36,25,88.13045000000001,81.4203,80.86879938290343,81.15240179666374,80.71213888092042,88.13045000000001,80.59788181818178
demo,D10,37,25,88.40390000000001,81.1031,81.08751695253797,81.43827008212402,81.09170040740968,88.40390000000001,81.24031666666673
demo,D10,38,25,87.54525,80.61675000000001,80.39528607075731,80.51717543053425,80.13974815750122,87.54525,79.94716666666667
demo,D10,39,25,87.535,80.5257,80.21082713355894,80.49005779775709,80.13674703598022,87.535,79.35748484848482
demo,D10,40,25,87.0338,80.1438,79.96020408574559,80.00299316024746,79.73123633270264,87.0338,79.00564848484855
demo,D10,41,25,86.93325,79.9686,79.7017819670268,79.90976204377249,79.60548978042603,86.93325,79.78499999999997
demo,D10,42,25,87.26635,79.1248,79.45782362915955,80.20372581596264,79.65082189331055,87.26635,80.75237272727279
demo,D10,43,25,87.2158,79.41454999999999,79.40274846379455,80.1565622351682,79.77325029449463,87.2158,82.48425454545455
demo,D10,44,25,86.7885,79.24285,78.72022854601941,79.70420842278651,78.70470349884033,86.7885,81.6049696969697
demo,D10,45,25,85.75775,78.7353,78.61526733192048,78.82425846694704,78.44850632095337,85.75775,80.42201515151511
demo,D10,46,25,86.0385,78.523,78.2859912359366,79.0556997188473,78.5095693359375,86.0385,80.48478787878788
demo,D10,47,25,84.82015000000001,78.01275,77.76284030870045,77.84671355306217,77.56805430068971,84.82015000000001,78.47674848484843
demo,D10,48,25,84.93815000000001,78.01575,77.5208553486778,77.8553399134657,77.49731690826417,84.93815000000001,77.62086969696982
demo,D10,49,25,84.57894999999999,77.47005,77.41654926205139,77.50190146633093,77.16507251281737,84.57894999999999,76.5709196969697
demo,D10,50,25,84.91615,76.80765000000001,77.28987499652476,77.80956509907115,77.32832041015625,84.91615,76.73762727272724
demo,D10,51,25,84.2249,77.0992,76.84852922556612,77.1070543158659,76.75734161605835,84.2249,75.40740000000005
demo,D10,52,25,83.2568,76.06349999999999,76.40914818696537,76.15380638947866,75.92631274871826,83.2568,73.85606515151508
demo,D10,53,25,83.20355,76.3387,76.25155079637894,76.10055638947867,75.89791979293824,83.20355,74.27773181818172
demo,D10,54,25,83.00555,75.8382,75.75534027756207,75.86106915210284,75.51201591186523,83.00555,74.78831515151516
demo,D10,55,25,83.30175,75.51814999999999,75.55040219552788,76.1481470369243,75.6754220085144,83.30175,75.62543939393936
demo,D10,56,25,84.4029,75.40285,76.1887283217831,77.2216534232046,76.61882473983765,84.4029,79.98124090909089
demo,D10,57,25,82.3541,74.8366,74.3456389929097,75.21921915454432,74.80544830474854,82.3541,76.85832727272725
demo,D10,58,25,81.9902,74.9007,74.33347897426829,74.88261977624042,74.48393722076416,81.9902,75.86804090909098
demo,D10,59,25,82.07965,74.46125,74.14557803623339,74.93736463549669,74.61348302688599,82.07965,75.7477333333333
demo,D10,60,25,82.4067,73.95575,74.5975281664435,75.32009100653767,74.94053302688599,82.4067,77.63036666666675
demo,D10,61,25,81.4203,74.2386,73.49917999694688,74.30148595294334,73.95413302688598,81.4203,76.46281515151519
demo,D10,62,25,81.1031,73.59434999999999,73.18517308949012,73.93293432429913,73.482334790802,81.1031,74.76829696969705
demo,D10,63,25,80.61675000000001,73.4174,72.86568527495061,73.47648596935913,73.1658565979004,80.61675000000001,72.80531060606069
demo,D10,64,25,80.5257,73.34795,72.80342021380932,73.37867324286853,73.07942953414917,80.5257,71.56734393939387
demo,D10,65,25,80.1438,73.03735,72.6517277959382,72.9665842339236,72.54902527694702,80.1438,70.76289090909094
demo,D10,66,25,79.9686,72.48505,72.75047778373987,72.79007211495873,72.539241040802,79.9686,72.71843333333335
demo,D10,67,25,79.1248,71.9137,71.67976057733351,71.94627211495873,71.53073481063842,79.1248,70.78379999999991
demo,D10,68,25,79.41454999999999,71.2685,71.79624570719827,72.26162451066541,71.93137329177856,79.41454999999999,70.749906060606
demo,D10,69,25,79.24285,71.4519,71.72061766029476,72.08328309044718,71.7880560699463,79.24285,70.95000909090906
demo,D10,70,25,78.7353,71.41024999999999,71.16309610863324,71.58031970368542,71.29389899520874,78.7353,71.5268681818182
demo,D10,71,25,78.523,70.87965,70.88634580315501,71.36343309044717,71.06728958892822,78.523,71.57802272727275
demo,D10,72,25,78.01275,69.43105,70.14385147106874,70.83578563296241,70.4867924156189,78.01275,70.98473484848499
demo,D10,73,25,78.01575,70.41605,70.03690689745628,70.83389284512235,70.54149491500854,78.01575,71.03467424242426
demo,D10,74,25,77.47005,70.1246,69.55136076196501,70.25363449512886,69.81401076202393,77.47005,70.42820909090905
demo,D10,75,25,76.80765000000001,69.4445,69.27202463127705,69.60158821239628,69.21146717681886,76.80765000000001,69.09122575757591
demo,D10,76,25,77.0992,69.5206,69.20626892083189,69.87498129155743,69.45598052902221,77.0992,69.82471515151524
demo,D10,77,25,76.06349999999999,69.10125000000001,68.10363773833622,68.10267598257978,67.98161943054198,76.06349999999999,67.28181818181828
demo,D10,78,25,76.3387,68.3955,68.2873947696176,67.85521659889942,68.06946820373535,76.3387,67.83567727272727
demo,D10,79,25,75.8382,68.67045,67.92423398199861,67.30424124347971,67.74025764770508,75.8382,67.5772454545455
demo,D10,80,25,75.51814999999999,67.5962,67.53952963871156,66.80887854315435,66.98167005004882,75.51814999999999,67.24862727272716
demo,D10,81,25,75.40285,67.64625,67.70563857566343,67.5837898210378,67.29155811462402,75.40285,67.58859242424248
demo,D10,82,25,74.8366,67.30285,66.89039360826708,66.39761421307855,66.59670322570801,74.8366,66.80053181818184
demo,D10,83,25,74.9007,66.78840000000001,66.70113460878126,66.43144242304558,66.62695160217285,74.9007,67.6977000000001
demo,D10,84,25,74.46125,66.81280000000001,66.38562389519193,65.95917568979058,66.25774925231934,74.46125,67.52652272727275
demo,D10,85,25,73.95575,66.79995,65.99072260902265,66.09234623450365,65.80742407989501,73.95575,66.40773484848489
demo,D10,86,25,74.2386,66.4659,66.11769868280513,66.55797632506332,66.19107459411622,74.2386,67.81313030303039
demo,D10,87,25,73.59434999999999,65.99295,65.31511780321958,65.8827784686008,65.39197840270995,73.59434999999999,66.55358484848472
demo,D10,88,25,73.4174,64.95094999999999,65.32815581859354,65.76654863326921,65.38786852111816,73.4174,66.72693787878788
demo,D10,89,25,73.34795,64.74235,65.07513807771284,66.13194616134585,65.63296605987549,73.34795,66.96416212121207
demo,D10,90,25,73.03735,64.87595,64.78741568294774,65.81354295777443,65.29400426254273,73.03735,66.75789545454545
demo,D10,91,25,72.48505,64.49835,64.42259243821348,65.26577845971472,64.72308043365479,72.48505,66.11638333333333
demo,D10,92,25,71.9137,64.0413,63.70361488360189,64.69442845971473,64.16613282318116,71.9137,64.61713939393938
demo,D10,93,25,71.2685,64.44395,63.48262707656394,63.62528981070213,63.22331014251709,71.2685,63.156787878787895
demo,D10,94,25,71.4519,63.58535,63.44595983298514,64.18741785956593,63.38220357360839,71.4519,63.14337727272719
demo,D10,95,25,71.41024999999999,63.397099999999995,63.3217456821587,64.18644295777442,63.65003424072265,71.41024999999999,62.91754545454539
demo,D10,96,25,70.87965,64.37675,63.04036676144706,63.672768276524394,63.29202640380859,70.87965,62.721998484848484
demo,D10,97,25,69.43105,62.61115,62.05168031367241,61.63075733304969,61.47058170776367,69.43105,59.57720151515143
demo,D10,98,25,70.41605,63.051449999999996,62.5360800108324,62.73759885084185,62.29211334686279,70.41605,61.17587575757579
demo,D10,99,25,70.1246,61.6711,62.243611974502585,62.85690126923274,62.0314078994751,70.1246,61.89441818181815
demo,D10,100,25,69.4445,61.45,61.41554942689657,61.662877666383025,61.42912009429932,69.4445,61.75600757575768
demo,D10,101,25,69.5206,61.0272,61.355161773928806,62.25611785956593,61.404225984191896,69.5206,62.645812121212096
demo,D10,102,25,69.10125000000001,61.456599999999995,60.75773222896943,61.25900428003326,61.03338176727296,69.10125000000001,62.414393939394
demo,D10,103,25,68.3955,60.9058,60.236381067597094,60.45835260418629,60.298553283691405,68.3955,60.711113636363606
demo,D10,104,25,68.67045,60.17885,60.36766564199348,60.80996744162503,60.50308492584229,68.67045,61.539737878787875
demo,D10,105,25,67.5962,59.7594,59.55792756663548,59.22268183290092,59.400269519042965,67.5962,60.327722727272715
demo,D10,106,25,67.64625,60.1101,59.124422011071275,59.239452916713766,59.33989547729492,67.64625,60.579696969697
demo,D10,107,25,67.30285,59.4788,58.69107438479419,58.610557946374016,58.77013992462159,67.30285,58.53543333333327
demo,D10,108,25,66.78840000000001,59.4686,58.87687153323947,58.29119228645375,58.619281118774424,66.78840000000001,57.90517272727283
demo,D10,109,25,66.81280000000001,58.70225,58.5995661329888,58.27157155333667,58.50904328613282,66.81280000000001,58.460572727272876
demo,D10,110,25,66.79995,58.548100000000005,58.120761236383586,58.09300586585529,58.43737065429687,66.79995,58.8312757575759
demo,D10,111,25,66.4659,58.15865,58.105218597797496,57.98801533991322,58.11475520935059,66.4659,59.35346818181823
demo,D10,112,25,65.99295,57.554899999999996,57.55495450811082,57.53595594423257,57.63272432250976,65.99295,59.318578787878806
demo,D10,113,25,64.95094999999999,57.372,56.80903974294448,56.48565091392937,56.70160803527831,64.95094999999999,57.05938939393933
demo,D10,114,25,64.74235,56.73264999999999,56.744248623767284,56.27074862201061,56.52110804901123,64.74235,56.85119848484856
demo,D10,115,25,64.87595,56.90845,56.50038663362696,56.30492520626951,56.513718745422366,64.87595,56.567306060605965
demo,D10,116,25,64.49835,56.66045,56.29092589347009,56.04984253246787,56.17502293548584,64.49835,56.16503939393932
demo,D10,117,25,64.0413,56.40055,55.935069883564765,55.637146928476184,55.682913006591804,64.0413,55.4416484848484
demo,D10,118,25,64.44395,55.974500000000006,55.73092289520914,55.85397540332813,56.008688273620606,64.44395,56.25795757575759
demo,D10,119,25,63.58535,55.40665,55.364579640767815,55.16004164809378,55.23551174316406,63.58535,55.39330454545445
demo,D10,120,25,63.397099999999995,55.5809,55.297872046086766,54.97498467810626,55.06440213165283,63.397099999999995,55.89889545454548
demo,D10,121,25,64.37675,55.052800000000005,55.572819365160555,57.012320361632646,56.41728211212158,64.37675,59.38268939393932
demo,D10,122,25,62.61115,54.87105,53.988325329579936,54.54265830904106,54.453752729797365,62.61115,57.558422727272834
demo,D10,123,25,63.051449999999996,54.5588,54.1126659574118,55.39044563325234,54.17566131134033,63.051449999999996,57.828586363636255
demo,D10,124,25,61.6711,53.754250000000006,53.42848566322708,53.696955056165415,53.39905581817627,61.6711,54.62374393939394
demo,D10,125,25,61.45,53.576449999999994,53.36497788049461,53.339649197610356,53.10617465972901,61.45,53.43
demo,D10,126,25,61.0272,53.36015,53.035188479449005,52.58703976232228,52.71449782104492,61.0272,51.8668439393939
demo,D10,127,25,61.456599999999995,52.45035,53.23426823753489,53.33110312656649,53.12215500030517,61.456599999999995,52.031546969697004
demo,D10,128,25,60.9058,52.1239,52.9091153001864,52.79544919761035,52.49465669708252,60.9058,51.919284848484914
demo,D10,129,25,60.17885,51.7387,52.331791973198136,51.97918818810968,51.872963731384274,60.17885,50.280743939393915
demo,D10,130,25,59.7594,51.7621,51.798795765650084,51.25860596203376,51.44669782104492,59.7594,49.096248484848495
demo,D11,6,25,91.59140000000001,83.8347,83.2146785400913,84.43861123831535,84.6465986694336,91.59140000000001,84.99154285714302
demo,D11,7,25,91.71325,83.1948,83.16145258189057,84.58520661443302,84.69316561889649,91.71325,85.14164285714287
demo,D11,8,25,91.11955,82.88895,82.4023514113115,83.62110785828494,83.70731330947876,91.11955,83.87047261904779
demo,D11,9,25,91.32915,82.85575,82.59741375505875,84.08180808005584,84.1723068145752,91.32915,84.59652499999994
demo,D11,10,25,91.8993,83.9421,83.41620160166704,84.5590973416156,84.38451184921264,91.8993,86.57430757575757
demo,D11,11,25,90.50645,81.85405,82.05260626770645,83.45623960041618,83.63898736495972,90.50645,84.96645757575763
demo,D11,12,25,89.75595,81.40785000000001,80.94834857094958,82.51601068288576,82.57418253631592,89.75595,82.33053333333329
demo,D11,13,25,90.55290000000001,81.6739,81.82510655954923,83.29686641688252,83.18992678680421,90.55290000000001,83.34665757575766
demo,D11,14,25,89.5957,81.0149,81.20527664158087,82.4292691935441,82.59083101577758,89.5957,83.24486666666658
demo,D11,15,25,89.0709,80.36385,80.33523344091337,81.78043989176861,81.80660585250854,89.0709,82.0325590909091
demo,D11,16,25,88.69505,79.92755,79.79474559356615,81.2554049678599,81.33151030426025,88.69505,80.36758030303037
demo,D11,17,25,88.28385,80.0724,79.56043751148597,80.45255411141885,80.52139978179932,88.28385,79.18728939393938
demo,D11,18,25,87.88725,79.4402,79.08745901682937,79.84931367651748,79.99979835128784,87.88725,77.5304924242424
demo,D11,19,25,87.54335,78.99635,78.88831834533676,79.50360706337658,79.67703034362793,87.54335,76.78625909090911
demo,D11,20,25,87.9464,78.71894999999999,79.25287186515939,79.90846367651747,80.07405789031982,87.9464,79.43605151515153
demo,D11,21,25,86.93889999999999,78.42405,77.95266569363754,78.89203965604898,79.03915167465209,86.93889999999999,78.17786212121214
demo,D11,22,25,86.12645,77.9432,77.10437819378242,77.91750918353064,77.8502506591797,86.12645,75.8370787878788
demo,D11,23,25,86.07495,77.958,77.26715337028847,77.87003029677354,77.67534138793945,86.07495,76.61511666666672
demo,D11,24,25,86.3614,77.61065,77.01545778325884,78.22345134436858,78.0376285232544,86.3614,77.88333939393935
demo,D11,25,25,85.66460000000001,77.56805,76.2993576232623,77.42302101987462,77.34991513214112,85.66460000000001,77.32355454545454
demo,D11,26,25,85.35625,76.91485,75.95467416154267,77.04576090050378,76.89636726379395,85.35625,77.13753787878794
demo,D11,27,25,85.4025,76.1387,75.54679483793988,77.12484391410885,76.86172946929932,85.4025,77.69561363636366
demo,D11,28,25,84.4725,75.9762,74.75151521480709,76.22999384997306,76.01261726379394,84.4725,76.22139393939392
demo,D11,29,25,84.54845,75.70265,75.01932532462563,76.27019776296575,76.00767946929932,84.54845,76.31829848484855
demo,D11,30,25,83.81045,75.3385,74.40345559313006,75.52806574324448,75.35056726379395,83.81045,76.17418484848484
demo,D11,31,25,83.8347,74.9384,73.87773584794078,75.51942978037702,75.2638410446167,83.8347,76.39954090909094
demo,D11,32,25,83.1948,74.483,73.2459612091929,74.94705101835186,74.65716610412598,83.1948,74.67473939393932
demo,D11,33,25,82.88895,74.51015,73.0339691546772,74.6348007544804,74.39303840179443,82.88895,73.66946515151518
demo,D11,34,25,82.85575,73.38974999999999,73.22819550186409,74.54817189706057,74.39586726379395,82.85575,74.33443939393942
demo,D11,35,25,83.9421,73.13300000000001,73.81848339874553,75.71842124277849,74.89037461242675,83.9421,77.5013348484849
demo,D11,36,25,81.85405,72.74249999999999,72.2666743617941,73.56045184280451,73.5092767074585,81.85405,74.65454242424234
demo,D11,37,25,81.40785000000001,72.32300000000001,71.8788430513366,73.08585770022486,72.90846511993409,81.40785000000001,73.97950151515154
demo,D11,38,25,81.6739,71.46265000000001,72.02527293631397,73.36123782618674,73.23753487243653,81.6739,74.04000606060605
demo,D11,39,25,81.0149,72.09689999999999,71.49053277939774,72.71301056031116,72.69080141296386,81.0149,73.25146818181808
demo,D11,40,25,80.36385,72.03665000000001,70.82066222656954,72.07130583607061,72.04577386627197,80.36385,71.42385757575758
demo,D11,41,25,79.92755,70.98375,70.62258916577171,71.61340759535591,71.4642759979248,79.92755,70.30088333333336
demo,D11,42,25,80.0724,70.1294,70.47213826952091,71.68076834962824,71.54036703338623,80.0724,70.07406666666671
demo,D11,43,25,79.4402,70.3647,70.00402911996585,71.07438726022124,70.9709035446167,79.4402,68.64454090909089
demo,D11,44,25,78.99635,69.5647,69.65807556936274,70.67814653129422,70.53307599792481,78.99635,67.78785757575764
demo,D11,45,25,78.71894999999999,69.0807,69.86517432115396,70.32852608134345,70.33746596832275,78.71894999999999,69.69944999999996
demo,D11,46,25,78.42405,69.10035,68.64057473846952,70.06226543116439,69.9547535446167,78.42405,69.29409545454547
demo,D11,47,25,77.9432,68.4517,68.04866978540814,69.51834066351019,69.4739035446167,77.9432,68.34281363636356
demo,D11,48,25,77.958,68.10885,68.05524711162849,69.48281695529255,69.4887035446167,77.958,69.40067424242434
demo,D11,49,25,77.61065,67.95125,67.62264958361146,69.17746345224315,69.1413535446167,77.61065,69.65042272727271
demo,D11,50,25,77.56805,67.75765,67.2056312375992,69.14230365517541,68.95639857940674,77.56805,70.09333787878779
demo,D11,51,25,76.91485,67.78285,66.6560134819913,68.50442757663376,68.36553454742432,76.91485,69.15497121212118
demo,D11,52,25,76.1387,66.45425,66.38707766619626,67.7486186088904,67.6694035446167,76.1387,68.18962424242417
demo,D11,53,25,75.9762,66.37465,65.82808642757317,67.58330984921542,67.50777234191895,75.9762,67.75469999999997
demo,D11,54,25,75.70265,66.1448,65.49182362978604,67.31216740642736,67.22891037597657,75.70265,67.14564999999996
demo,D11,55,25,75.3385,66.0366,65.19095765712922,66.94264617016074,66.87007234191894,75.3385,66.4851893939394
demo,D11,56,25,74.9384,64.89049999999999,64.9796982696012,66.54736524067881,66.4691035446167,74.9384,65.77606666666665
demo,D11,57,25,74.483,64.73,64.44482195630826,66.09196524067882,66.01457234191895,74.483,64.6454848484849
demo,D11,58,25,74.51015,64.79105,64.4171754591665,65.9677160354059,66.04172234191894,74.51015,65.10768787878783
demo,D11,59,25,73.38974999999999,64.6425,63.622632873770925,64.85671003306163,64.97273206329345,73.38974999999999,63.36040909090901
demo,D11,60,25,73.13300000000001,63.36429999999999,63.701713581797975,64.59996003306165,64.75238476562501,73.13300000000001,63.33472727272732
demo,D11,61,25,72.74249999999999,63.05165,62.93694887232753,64.29483937137822,64.28433387756347,72.74249999999999,62.89808333333332
demo,D11,62,25,72.32300000000001,62.998050000000006,62.45697040703706,63.77993256669261,63.85457234191895,72.32300000000001,61.831159090909175
demo,D11,63,25,71.46265000000001,62.3202,61.86846009552983,62.969235395454525,63.08203476562501,71.46265000000001,60.03561969696975
demo,D11,64,25,72.09689999999999,61.875,62.0344763079544,63.61357355524393,63.628472341918936,72.09689999999999,61.51139242424244
demo,D11,65,25,72.03665000000001,61.7847,61.7028757653934,63.483588270364564,63.54819613494874,72.03665000000001,62.69624090909097
demo,D11,66,25,70.98375,61.7842,60.77374655753819,62.51470581848528,62.515322341918946,70.98375,61.78639393939398
demo,D11,67,25,70.1294,60.533950000000004,60.21134535561917,61.65853923229024,61.71903012695313,70.1294,60.349453030302975
demo,D11,68,25,70.3647,60.9831,60.19081511718912,61.77986520141553,61.896272341918944,70.3647,61.687548484848506
demo,D11,69,25,69.5647,59.967400000000005,59.25067918594754,60.86679027872811,61.08388697357178,69.5647,60.28829848484846
demo,D11,70,25,69.0807,59.8492,58.756562217916525,60.35068568990658,60.5828629333496,69.0807,59.27623787878794
demo,D11,71,25,69.10035,59.82775,58.62409046414025,60.43951748098864,60.60606250915528,69.10035,59.371759090909094
demo,D11,72,25,68.4517,59.052499999999995,58.10642527079133,59.73914341562519,59.92072847290039,68.4517,58.318972727272794
demo,D11,73,25,68.10885,58.4695,57.70702836884698,59.20582822910136,59.56584501037598,68.10885,56.8436681818183
demo,D11,74,25,67.95125,58.377449999999996,57.7626609793636,59.06820652946879,59.404695434570314,67.95125,57.412090909090864
demo,D11,75,25,67.75765,57.71275,57.611191018350944,58.86048851932148,59.293916326904295,67.75765,58.83635454545465
demo,D11,76,25,67.78285,57.523199999999996,57.04577189363685,58.94257726147127,59.06261036071777,67.78285,60.05561515151517
demo,D11,77,25,66.45425,56.90690000000001,55.82814833889283,57.60241992984529,57.76533951568604,66.45425,57.65540151515158
demo,D11,78,25,66.37465,56.82755,55.936411912610694,57.52670802919425,57.66894626464844,66.37465,57.90149090909088
demo,D11,79,25,66.1448,55.7513,55.519092446761675,57.2274837044188,57.42351322631836,66.1448,57.55967121212122
demo,D11,80,25,66.0366,55.46529999999999,55.34564545831246,57.1206052243683,57.23334015045167,66.0366,57.421622727272634
demo,D11,81,25,64.89049999999999,54.94584999999999,54.6264603035204,56.0099465935476,56.23620598602294,64.89049999999999,55.63801515151514
demo,D11,82,25,64.73,54.95025,54.32664687653339,55.86565683724068,56.01184986114502,64.73,54.815772727272744
demo,D11,83,25,64.79105,54.106350000000006,54.35722560220802,55.913616434821066,56.085346264648436,64.79105,54.85470151515162
demo,D11,84,25,64.6425,53.955149999999996,53.97411231075272,55.79793971806365,55.93548973083496,64.6425,55.224189393939454
demo,D11,85,25,63.36429999999999,53.95435,53.056471639354044,54.53313270206807,54.70974944763183,63.36429999999999,53.40101212121223
demo,D11,86,25,63.05165,53.799850000000006,52.96835205325954,54.18557919937059,54.42371745147705,63.05165,53.49036212121221
demo,D11,87,25,62.998050000000006,52.654500000000006,52.38057309504547,54.09129625042666,54.292346264648444,62.998050000000006,52.985034848484794
demo,D11,88,25,62.3202,52.16094999999999,51.75758462360581,53.41811024114462,53.63753798980713,62.3202,51.845783333333365
demo,D11,89,25,61.875,52.2161,51.62750313315426,52.967763628922484,53.21937561035156,61.875,51.17762878787874
demo,D11,90,25,61.7847,52.2417,51.62519047872519,52.8957874128731,53.11482294769287,61.7847,51.85478333333342
demo,D11,91,25,61.7842,51.29435,51.03083319327383,52.90075746031567,52.98094015045166,61.7842,51.99934393939397
demo,D11,92,25,60.533950000000004,50.91055,50.08750608833906,51.62703410226617,51.837177424621586,60.533950000000004,49.863071212121184
demo,D11,93,25,60.9831,50.90175,50.47903384276813,52.08978069484774,52.26181322631836,60.9831,51.41195606060612
demo,D11,94,25,59.967400000000005,50.36985000000001,49.58379756620836,51.05529618164651,51.339467451477056,59.967400000000005,51.01728636363626
demo,D11,95,25,59.8492,49.8253,48.942317761105144,50.95920265772244,51.12791322631836,59.8492,50.6452984848485
demo,D11,96,25,59.82775,49.1137,48.875078070319994,50.91684659479421,51.0751340713501,59.82775,50.88490909090906
demo,D11,97,25,59.052499999999995,49.015350000000005,48.28537623596541,50.1731951145009,50.331213226318354,59.052499999999995,50.20116666666663
demo,D11,98,25,58.4695,48.05995,47.707067185970345,49.56606038876366,49.748213226318356,58.4695,48.98054545454549
demo,D11,99,25,58.377449999999996,47.870200000000004,47.50415671282527,49.48215238272243,49.656163226318355,58.377449999999996,48.550230303030304
demo,D11,100,25,57.71275,48.075250000000004,47.11529561386306,48.808572534597,48.99146322631836,57.71275,47.55021969696974
demo,D11,101,25,57.523199999999996,47.62435,47.09830702505445,48.6207322807082,48.868905986022945,57.523199999999996,47.999972727272684
demo,D11,102,25,56.90690000000001,46.95245,46.10385109647971,48.01946440150435,48.20300252380372,56.90690000000001,46.390028787878805
demo,D11,103,25,56.82755,45.82925,46.17543734576723,47.96794968716359,48.13063532714844,56.82755,47.05651969696964
demo,D11,104,25,55.7513,45.631949999999996,45.29276901898871,46.86810072124146,47.09218611602783,55.7513,44.82492121212124
demo,D11,105,25,55.46529999999999,45.37635,45.09426447285112,46.58449276641689,46.83128396301269,55.46529999999999,44.074178787878765
demo,D11,106,25,54.94584999999999,45.1139,44.508959748454004,46.0674509463082,46.297791108703606,54.94584999999999,43.67434999999998
demo,D11,107,25,54.95025,44.375,44.1274662997023,46.04130388281128,46.20883688354492,54.95025,43.99165151515148
demo,D11,108,25,54.106350000000006,44.2604,43.515778960162834,45.247815598546765,45.34597116241456,54.106350000000006,42.58131969696983
demo,D11,109,25,53.955149999999996,44.448100000000004,43.482913754437455,45.10924626911438,45.31999909057617,53.955149999999996,42.82625606060618
demo,D11,110,25,53.95435,43.6212,42.9362301095173,45.06565243796884,45.21293688354492,53.95435,43.45275909090916
demo,D11,111,25,53.799850000000006,43.14915,42.6784737492679,44.89195320046169,45.04418422088624,53.799850000000006,44.53787272727273
demo,D11,112,25,52.654500000000006,42.3602,41.80754055718024,43.75000206125331,43.95024394226075,52.654500000000006,43.171416666666694
demo,D11,113,25,52.16094999999999,41.75525,41.37201769487989,43.25200388281127,43.37879305572509,52.16094999999999,42.94009393939393
demo,D11,114,25,52.2161,41.4594,40.820925348628165,43.29102246647603,43.3405888305664,52.2161,42.95304696969703
demo,D11,115,25,52.2417,40.90445,40.671218742110035,43.29731251363196,43.334859675598146,52.2417,43.565965151515115
demo,D11,116,25,51.29435,41.010600000000004,40.158805495869984,42.39229279712069,42.514312120056154,51.29435,42.02519090909095
demo,D11,117,25,50.91055,40.6826,39.76531834473437,42.03650738550876,42.03503883056641,50.91055,41.638451515151424
demo,D11,118,25,50.90175,39.8566,39.602868021571695,41.97269371142553,42.09038296508789,50.90175,41.43236363636365
demo,D11,119,25,50.36985000000001,39.7688,39.190312898916346,41.449541118261756,41.58981212005616,50.36985000000001,40.6969484848484
demo,D11,120,25,49.8253,39.742850000000004,38.90101745468723,40.943395366726854,41.04526212005615,49.8253,40.29143636363639
demo,D11,121,25,49.1137,40.5728,38.44251350693176,40.2112322807082,40.4708138381958,49.1137,39.74223787878785
demo,D11,122,25,49.015350000000005,38.687149999999995,37.965739153211665,40.10034139326176,40.266201631164556,49.015350000000005,39.18330454545467
demo,D11,123,25,48.05995,37.9797,37.23470056638252,39.17203095921697,39.294164782714844,48.05995,36.74469242424236
demo,D11,124,25,47.870200000000004,37.82915,37.22291123093737,38.98228095921697,39.168014369201664,47.870200000000004,36.14762424242424
demo,D11,125,25,48.075250000000004,37.58835,37.15606427325964,39.17363437726617,39.35061582946778,48.075250000000004,37.5845757575758
demo,D12,6,25,97.3784,91.26145,90.0184783350511,89.56066511032729,89.7610060295105,97.3784,90.2345071428572
demo,D12,7,25,96.7451,90.00845,89.4855422041096,89.07843495677147,89.05383823165893,96.7451,89.3694303571427
demo,D12,8,25,97.0603,91.5816,90.01864094557237,89.29252400605756,89.33998168258667,97.0603,90.85936250000012
demo,D12,9,25,95.80785,90.3262,88.68559290548932,88.2335321800784,88.18936931762696,95.80785,88.48109999999988
demo,D12,10,25,95.5419,89.5994,88.21842740041598,87.9661315284547,87.71020778121948,95.5419,87.6789909090909
demo,D12,11,25,96.08529999999999,89.88295,88.77607422922497,88.26824793106972,88.54788068084716,96.08529999999999,88.65274696969706
demo,D12,12,25,95.30675,89.32515,88.28423329792415,87.70272804775476,87.66779297637939,95.30675,88.60383333333328
demo,D12,13,25,95.9276,88.911,88.5566669255836,88.15982400605756,88.08870706329346,95.9276,90.19955454545457
demo,D12,14,25,95.47685,89.10470000000001,88.16919497668273,87.70251610077045,87.6247672706604,95.47685,89.84907727272726
demo,D12,15,25,95.3118,88.23045,88.12575355363533,87.5039488013968,87.57356309585572,95.3118,90.14505000000001
demo,D12,16,25,94.8597,88.55675,87.8038943140931,87.07094940303654,87.3200009223938,94.8597,90.24082878787895
demo,D12,17,25,94.07565,87.4405,86.98783530420044,86.4565820424113,86.67158677520752,94.07565,88.6432409090909
demo,D12,18,25,94.9988,87.8595,87.76466075396121,87.2215849752987,87.3502747619629,94.9988,91.3459515151515
demo,D12,19,25,94.31335,87.52499999999999,86.90364649724572,86.48756728846583,86.45356301269531,94.31335,90.04263787878793
demo,D12,20,25,93.16980000000001,87.0874,86.15375632497734,85.39842816814676,85.73190327148438,93.16980000000001,86.73146666666678
demo,D12,21,25,93.84915000000001,87.1031,86.81368698599078,86.05455296950208,86.24670392074586,93.84915000000001,87.79406666666677
demo,D12,22,25,93.32775,86.69865,86.24299517957576,85.53720161682847,85.64677837753295,93.32775,86.3249545454546
demo,D12,23,25,92.85624999999999,86.77470000000001,86.1908285597197,85.2856494291305,85.47869176864623,92.85624999999999,85.89723484848481
demo,D12,24,25,92.76325,86.36155,85.92735919760146,85.1218828695846,85.34452403259277,92.76325,85.90065909090902
demo,D12,25,25,92.5209,86.06395,85.63812675971322,84.8894005772769,85.13365768280029,92.5209,85.97147575757577
demo,D12,26,25,92.0705,85.7498,85.12532767303097,84.47708504124476,84.69941769409179,92.0705,85.31228787878791
demo,D12,27,25,92.30810000000001,85.25415,85.23483281079518,84.52496264137801,84.70638395843507,92.30810000000001,85.20356212121213
demo,D12,28,25,92.0462,85.0383,85.15611358304156,84.43296502766265,84.68056269760132,92.0462,86.31240454545457
demo,D12,29,25,92.05685,84.9358,84.73045852961283,84.27368930340624,84.53505091247558,92.05685,87.46063030303033
demo,D12,30,25,90.9434,84.54129999999999,83.72642725892356,83.17074885135021,83.36476764526367,90.9434,84.74428636363632
demo,D12,31,25,91.26145,84.6582,84.22822087107419,83.4979293949864,83.87238044281006,91.26145,85.70006363636375
demo,D12,32,25,90.00845,84.63454999999999,83.13515500546131,82.40476049812621,82.66536614151,90.00845,83.29130606060603
demo,D12,33,25,91.5816,83.8989,84.00833928393253,83.7614249896591,83.79438095245361,91.5816,86.07391818181817
demo,D12,34,25,90.3262,83.0952,82.9252497993844,82.54913772887525,82.91932057495117,90.3262,84.54732878787883
demo,D12,35,25,89.5994,83.52834999999999,82.3290917961332,81.97086367412987,82.05743260803223,89.5994,82.8928318181819
demo,D12,36,25,89.88295,82.79990000000001,82.50802899676418,82.10239658519708,82.17307250900268,89.88295,82.76998030303022
demo,D12,37,25,89.32515,82.38985,82.1009425284762,81.70267775023858,81.78318260803222,89.32515,82.10403636363631
demo,D12,38,25,88.911,82.92439999999999,81.9466965761726,81.30489174440694,81.38176034545899,88.911,81.4844166666666
demo,D12,39,25,89.10470000000001,82.3672,81.92142677629674,81.48571889391675,81.53600493164063,89.10470000000001,82.70459393939394
demo,D12,40,25,88.23045,82.17795,81.02320509498665,80.58550682660668,80.63564571304322,88.23045,80.70350303030304
demo,D12,41,25,88.55675,81.74755,81.26432138899146,80.89907578748482,80.97252339172363,88.55675,81.70010606060609
demo,D12,42,25,87.4405,81.3092,80.10036698220006,79.64211694267463,79.86882660675049,87.4405,78.46327272727274
demo,D12,43,25,87.8595,80.9787,81.04034843719525,80.25577370790435,80.37498767089843,87.8595,80.73313636363638
demo,D12,44,25,87.52499999999999,81.02125,80.23516477321502,79.87429098590688,79.92201747894286,87.52499999999999,80.8289393939394
demo,D12,45,25,87.0874,80.85175,79.44823724965306,79.26760855142913,79.43873361816406,87.0874,79.86243030303018
demo,D12,46,25,87.1031,80.21549999999999,79.68507748796841,79.46093763857539,79.53977936325073,87.1031,80.60442575757577
demo,D12,47,25,86.69865,80.58125000000001,79.15066378160033,78.94589659541262,79.08436977615357,86.69865,80.2874606060605
demo,D12,48,25,86.77470000000001,79.62335,78.9155164419855,78.94408822804657,78.98222334594728,86.77470000000001,80.66035909090917
demo,D12,49,25,86.36155,78.9869,78.67774830033991,78.69150238275142,78.74726977615356,86.36155,80.95086818181818
demo,D12,50,25,86.06395,78.61075,78.20322297509007,78.23747021420839,78.25199740905762,86.06395,80.3252833333333
demo,D12,51,25,85.7498,78.3425,78.0434049257821,78.10119187715839,78.21283272247314,85.7498,80.45511060606061
demo,D12,52,25,85.25415,78.4459,77.47144763019051,77.40673744312222,77.45833834686279,85.25415,78.71772575757569
demo,D12,53,25,85.0383,78.22115,77.59330936316988,77.37749785234472,77.42401977615357,85.0383,78.3266636363636
demo,D12,54,25,84.9358,78.2158,77.53314124652454,77.13122505845175,77.3159498413086,84.9358,78.20658787878794
demo,D12,55,25,84.54129999999999,77.72225,76.97744661684133,76.6984293679323,76.88996619110107,84.54129999999999,77.31183030303028
demo,D12,56,25,84.6582,77.70315,77.09774157740097,76.80246453013203,77.01181051559448,84.6582,77.88559393939391
demo,D12,57,25,84.63454999999999,77.1825,76.63731972483248,76.77881453013202,76.79674758987426,84.63454999999999,78.35335303030311
demo,D12,58,25,83.8989,76.89155,76.62996521734789,76.26001477324996,76.3106603302002,83.8989,77.85818787878787
demo,D12,59,25,83.0952,76.4322,75.99091824108463,75.44954968372345,75.53458398361207,83.0952,76.38188939393936
demo,D12,60,25,83.52834999999999,76.74980000000001,75.92526741354298,75.67929465436809,75.87378228149413,83.52834999999999,77.22690303030305
demo,D12,61,25,82.79990000000001,75.58065,75.41316813535812,75.13044320453767,75.1924976753235,82.79990000000001,76.16175606060612
demo,D12,62,25,82.38985,75.84715,75.03351924558555,74.71629624096752,74.79343209609985,82.38985,74.92367575757582
demo,D12,63,25,82.92439999999999,75.4185,75.11736507644473,75.08973801413025,75.14393105926513,82.92439999999999,75.86734696969698
demo,D12,64,25,82.3672,75.42325,74.91543665664797,74.51157775655513,74.71586619110107,82.3672,75.42919242424244
demo,D12,65,25,82.17795,74.89785,74.43508431182396,74.33672111631728,74.55486593170166,82.17795,75.22178333333339
demo,D12,66,25,81.74755,75.67819999999999,74.37379758028234,74.06567332797734,74.15113209609986,81.74755,75.09731515151513
demo,D12,67,25,81.3092,74.25345,73.84621752537531,73.64067089721178,73.74354047698975,81.3092,75.20974545454544
demo,D12,68,25,80.9787,74.4654,73.3333623278933,73.29682332797734,73.35772307510376,80.9787,74.76094242424243
demo,D12,69,25,81.02125,73.76175,73.12027339791484,73.15276291875485,73.20929740905761,81.02125,74.28862121212123
demo,D12,70,25,80.85175,74.06505,73.17716677741566,73.1458381334694,73.21291075515747,80.85175,74.72350000000003
demo,D12,71,25,80.21549999999999,73.26855,72.50411744994588,72.37036230361394,72.59564984130859,80.21549999999999,73.42102272727273
demo,D12,72,25,80.58125000000001,72.9057,72.59991959697285,72.6921683518993,72.5856583595276,80.58125000000001,73.71903030303051
demo,D12,73,25,79.62335,72.56745,72.32045355618709,71.96547904678003,72.0517495628357,79.62335,72.82613787878793
demo,D12,74,25,78.9869,72.49175,71.67321108678297,71.35024384347447,71.47192731323243,78.9869,71.45846060606063
demo,D12,75,25,78.61075,71.85695,71.3516001149374,70.98742543984564,71.12860898208618,78.61075,70.54706818181826
demo,D12,76,25,78.3425,71.7878,71.01568186462453,70.68447316527548,70.8823154258728,78.3425,69.74141666666674
demo,D12,77,25,78.4459,71.4567,70.77015058577565,70.73206378725045,70.89328578796386,78.4459,69.74966515151532
demo,D12,78,25,78.22115,71.26155,70.46557884251806,70.48582131025701,70.52650507202148,78.22115,69.44011969696972
demo,D12,79,25,78.2158,70.9783,70.3541773858701,70.49117104550054,70.63694162445069,78.2158,70.24921666666663
demo,D12,80,25,77.72225,70.7028,69.9520116288096,69.9801720696871,69.96353007888794,77.72225,70.46472727272713
demo,D12,81,25,77.70315,70.31915,69.67344715913991,69.81132990952297,70.02402326049804,77.70315,71.0165590909091
demo,D12,82,25,77.1825,70.46940000000001,69.57803023786641,69.5231325910089,69.6539527130127,77.1825,71.72776515151519
demo,D12,83,25,76.89155,69.83315,68.70490280806688,69.17987726901946,69.26628535537719,76.89155,71.70534545454555
demo,D12,84,25,76.4322,70.19539999999999,68.15162353729099,68.53843100815763,68.75630717010498,76.4322,70.65520757575759
demo,D12,85,25,76.74980000000001,69.1354,68.39704092873875,68.81394865640965,68.7586815689087,76.74980000000001,70.96234545454556
demo,D12,86,25,75.58065,69.1145,67.54842462748952,67.86241006573432,67.94181075515748,75.58065,68.30527878787892
demo,D12,87,25,75.84715,68.315,67.70918506063259,67.93262058339816,67.94679752197266,75.84715,68.45652878787872
demo,D12,88,25,75.4185,68.65865,67.59065251303284,67.7205060199105,67.83425670242309,75.4185,67.74102272727274
demo,D12,89,25,75.42325,67.7323,67.4833066473,67.69755974190733,67.78441075515747,75.42325,68.3057651515151
demo,D12,90,25,74.89785,67.7851,67.12150605794734,67.19385449266944,67.25901075515748,74.89785,67.647546969697
demo,D12,91,25,75.67819999999999,67.27335,67.34722557290182,67.79420841781558,67.80762504882811,75.67819999999999,70.18323787878785
demo,D12,92,25,74.25345,67.1922,66.42413526596086,66.5750727277328,66.63247307510376,74.25345,68.31685909090906
demo,D12,93,25,74.4654,66.6897,66.29172503412747,66.59364618108043,66.78627326049805,74.4654,68.77887727272721
demo,D12,94,25,73.76175,66.2265,65.91017871712879,66.0688832844937,66.12291075515748,73.76175,67.33538636363635
demo,D12,95,25,74.06505,66.08455,66.22254544683298,66.35014545031521,66.42621075515747,74.06505,68.65099696969693
demo,D12,96,25,73.26855,66.3308,65.32439452875302,65.40511909407063,65.57342966537476,73.26855,66.64564848484848
demo,D12,97,25,72.9057,65.71045,65.49518297509069,65.24923964863805,65.27059915847778,72.9057,65.72395757575752
demo,D12,98,25,72.56745,65.521,64.98573367643935,64.89663897481081,64.99287934417724,72.56745,64.54254848484854
demo,D12,99,25,72.49175,65.3015,64.78303955805987,64.81671302539075,64.91717934417724,72.49175,64.39233333333334
demo,D12,100,25,71.85695,64.40615,64.19120826652991,64.18191302539076,64.31791038818359,71.85695,62.83004848484856
demo,D12,101,25,71.7878,64.5969,64.27206822221676,64.11253423424512,64.31453816680909,71.7878,63.96118636363633
demo,D12,102,25,71.4567,64.23975,63.58114457554287,63.74267295255547,63.864267024230955,71.4567,63.18320000000003
demo,D12,103,25,71.26155,63.95825000000001,63.491945972035346,63.55856498094042,63.69868617324829,71.26155,63.475799999999886
demo,D12,104,25,70.9783,64.02839999999999,63.072585957317266,63.2774539556324,63.371743107604985,70.9783,63.09216363636368
demo,D12,105,25,70.7028,62.922599999999996,62.85258128093092,62.99324037957702,63.17425271301269,70.7028,63.689565151515176
demo,D12,106,25,70.31915,63.05275,62.29622051652471,62.62013437749206,62.68903162994384,70.31915,63.34702121212121
demo,D12,107,25,70.46940000000001,62.9453,62.112565458022644,62.56294390651028,62.80384786071778,70.46940000000001,64.03227121212124
demo,D12,108,25,69.83315,62.072,61.66050305331815,62.10745974190733,62.194310755157474,69.83315,63.23793030303044
demo,D12,109,25,70.19539999999999,61.738400000000006,61.756567227767135,62.27823836703658,62.50027966537475,70.19539999999999,64.63847575757586
demo,D12,110,25,69.1354,61.572700000000005,61.023179027289274,61.42894839632907,61.496560755157475,69.1354,62.80918030303046
demo,D12,111,25,69.1145,61.45265,60.81790144929824,61.3648884419749,61.47566075515748,69.1145,62.69994696969701
demo,D12,112,25,68.315,60.62805,60.37148413595646,60.62116947655423,60.44186491012573,68.315,60.98014393939394
demo,D12,113,25,68.65865,60.912200000000006,60.336065744066325,60.77952564288445,60.758511145019526,68.65865,61.498884848484856
demo,D12,114,25,67.7323,60.01945,59.84709973810089,60.07089555935844,59.91720409851074,67.7323,59.80109545454552
demo,D12,115,25,67.7851,60.524750000000004,59.70708392440377,60.08389460086592,59.934602754211426,67.7851,59.67892575757571
demo,D12,116,25,67.27335,59.985299999999995,59.58565727391512,59.57110986473303,59.4735600944519,67.27335,58.53909999999992
demo,D12,117,25,67.1922,60.09915,59.30490783074717,59.48062043238009,59.39162855834961,67.1922,58.89260151515152
demo,D12,118,25,66.6897,59.41945,58.88236083668455,59.00552570642885,58.87030064315796,66.6897,58.07220000000003
demo,D12,119,25,66.2265,58.82064999999999,58.53863365440018,58.57680751151289,58.48754164123535,66.2265,58.21577272727262
demo,D12,120,25,66.08455,58.3653,58.181774018984896,58.41700972900352,58.25731811599731,66.08455,57.923057575757646
demo,D13,6,25,96.8185,84.41505000000001,84.77977657993694,84.25111190596512,84.87946363067627,96.8185,83.04060714285723
demo,D13,7,25,96.54825,83.6938,84.60241301465743,83.98086190596511,84.58813933563232,96.54825,83.76325000000001
demo,D13,8,25,96.12365,83.04690000000001,84.26821995317388,83.55626190596512,84.15323583831787,96.12365,83.93318869047631
demo,D13,9,25,95.24415,82.06975,83.44594442062859,82.66229478146116,83.1750639251709,95.24415,82.67800416666658
demo,D13,10,25,95.02884999999999,81.8994,83.03080269930467,82.44699478146114,82.9474529434204,95.02884999999999,82.66328181818179
demo,D13,11,25,94.9593,81.4991,82.83231467006337,82.34759473909882,82.61236568145752,94.9593,84.0833681818182
demo,D13,12,25,93.6482,80.61335,81.42538580253759,81.0268770357647,81.26616092987061,93.6482,81.69274545454545
demo,D13,13,25,93.28365,80.56185,81.07455513660773,80.70179478146115,80.98287161102294,93.28365,81.22889242424253
demo,D13,14,25,93.2936,80.08415,80.74402018049776,80.66060417515705,80.90122596130371,93.2936,81.1339106060605
demo,D13,15,25,92.5517,79.11195,80.24916722184079,79.95193398349197,80.1696609298706,92.5517,80.39394999999998
demo,D13,16,25,93.547,78.93894999999999,80.71251556910264,80.91473905139173,80.9854822845459,93.547,83.19634090909102
demo,D13,17,25,91.8145,78.1377,79.51968938639898,79.1695649307639,79.41814246368408,91.8145,81.44937878787884
demo,D13,18,25,90.75609999999999,77.9629,78.62932066251992,78.162305537068,78.53877765045165,90.75609999999999,79.66004696969694
demo,D13,19,25,90.323,77.6759,78.05532424598708,77.7285637215872,77.9177504043579,90.323,78.06612121212113
demo,D13,20,25,89.76855,76.18325,77.59847003447223,77.18669478146116,77.5393887374878,89.76855,76.72720151515158
demo,D13,21,25,89.3375,76.18665,77.19634563596497,76.75564478146116,77.1083387374878,89.3375,76.40199999999994
demo,D13,22,25,89.32265000000001,75.7906,76.72434070105574,76.68965417515706,76.9181375946045,89.32265000000001,75.99115757575768
demo,D13,23,25,87.8875,74.55000000000001,75.77525983360857,75.30564478146115,75.65364856719971,87.8875,72.90618181818185
demo,D13,24,25,87.51485,74.1096,75.4865809016736,74.93299478146115,75.31625972137451,87.51485,72.02732727272725
demo,D13,25,25,86.93705,73.546,74.83421538495409,74.35519478146115,74.7031985671997,86.93705,70.67004999999997
demo,D13,26,25,87.23925,73.1207,75.10351151200821,74.65739478146115,75.02954846191406,87.23925,73.96510606060608
demo,D13,27,25,86.10475,72.4911,73.45187568813625,73.52289478146115,73.87030633544921,86.10475,73.30035606060612
demo,D13,28,25,85.6599,71.97485,72.78174245941838,73.07804478146114,73.3155282043457,85.6599,72.6848696969697
demo,D13,29,25,84.74074999999999,71.72095,71.94353119505317,72.15889478146114,72.51027266693114,84.74074999999999,71.16416666666659
demo,D13,30,25,84.61215,70.3349,71.685956511207,72.03029478146115,72.26269512023926,84.61215,71.02615757575752
demo,D13,31,25,84.41505000000001,70.04445,71.31613793695672,71.81528398349198,71.96526762847901,84.41505000000001,71.39500454545457
demo,D13,32,25,83.6938,69.9695,70.72216763911854,71.10626027009751,71.4684057510376,83.6938,71.72308030303027
demo,D13,33,25,83.04690000000001,69.36515,69.80939443161614,70.43126154712834,70.59711762847901,83.04690000000001,70.55716515151518
demo,D13,34,25,82.06975,68.31150000000001,68.98564985309187,69.48789478146115,69.83311193084717,82.06975,68.57428787878791
demo,D13,35,25,81.8994,68.2256,68.7240479402652,69.30794482312781,69.52150083007812,81.8994,67.85294545454549
demo,D13,36,25,81.4991,67.88335,68.55398555135577,68.91724478146115,69.21564033660889,81.4991,68.38601666666666
demo,D13,37,25,80.61335,66.8971,67.38829275427197,68.03149478146115,68.3489571472168,80.61335,67.07440303030302
demo,D13,38,25,80.56185,66.8635,67.0657390167058,67.97999478146116,68.18155520019532,80.56185,67.44945606060604
demo,D13,39,25,80.08415,66.0242,66.61964865969416,67.45115417515704,67.58708064117431,80.08415,66.75984696969694
demo,D13,40,25,79.11195,65.702,65.92290138147983,66.53009478146114,66.82311924285888,79.11195,65.4467681818182
demo,D13,41,25,78.93894999999999,64.3416,66.1446076222367,66.35709478146114,66.65549033660888,78.93894999999999,66.03520757575757
demo,D13,42,25,78.1377,64.0405,65.10878861743478,65.55584478146115,65.85223285217285,78.1377,65.36012424242422
demo,D13,43,25,77.9629,63.77605,64.60017448790873,65.38104478146116,65.51089365997315,77.9629,65.67862727272724
demo,D13,44,25,77.6759,62.902899999999995,64.08158191710288,65.04290417515705,65.1322980102539,77.6759,65.40558939393947
demo,D13,45,25,76.18325,61.76235,63.11601270725322,63.60139478146115,63.88265948486328,76.18325,62.93902272727266
demo,D13,46,25,76.18665,61.83685,62.93906751912537,63.60479478146115,63.85362120666504,76.18665,63.03814242424249
demo,D13,47,25,75.7906,60.8264,62.51850157714872,63.174961547128326,63.27639978942871,75.7906,62.331327272727115
demo,D13,48,25,74.55000000000001,60.1541,61.52160982930713,61.96814478146116,62.23603801727296,74.55000000000001,60.46384090909108
demo,D13,49,25,74.1096,59.431250000000006,61.07651227585696,61.52774478146115,61.79563801727295,74.1096,59.82161515151522
demo,D13,50,25,73.546,59.72,60.32664077031161,60.96414478146116,61.220919128417975,73.546,58.477780303030265
demo,D13,51,25,73.1207,58.524750000000004,60.11977119560791,60.53884478146115,60.80673801727295,73.1207,58.0906090909091
demo,D13,52,25,72.4911,58.28645,59.358503452143424,59.909244781461155,60.17713801727295,72.4911,57.0682818181818
demo,D13,53,25,71.97485,57.770500000000006,58.82956525346077,59.392994781461155,59.66088801727295,71.97485,56.875084848484825
demo,D13,54,25,71.72095,57.054700000000004,58.25858887825008,59.139094781461154,59.43942629547119,71.72095,57.9342378787879
demo,D13,55,25,70.3349,56.503550000000004,56.9832729513076,57.72087962382208,58.020938017272954,70.3349,55.28795303030299
demo,D13,56,25,70.04445,55.936350000000004,56.783611739138365,57.45067697027068,57.725645259094236,70.04445,55.119093939393956
demo,D13,57,25,69.9695,55.26995,56.37580083987151,57.344616874417305,57.6796879119873,69.9695,56.26471969696973
demo,D13,58,25,69.36515,54.406,55.54799091297656,56.74026687441731,56.921091581726074,69.36515,55.75313484848486
demo,D13,59,25,68.31150000000001,53.78385,54.568398614785224,55.71175690306639,55.99753801727296,68.31150000000001,54.192621212121146
demo,D13,60,25,68.2256,53.41074999999999,54.291666932532394,55.60071687441731,55.91163801727295,68.2256,54.30038787878792
demo,D13,61,25,67.88335,52.8071,53.8133915039288,55.2584668744173,55.42913971862792,67.88335,54.58850909090906
demo,D13,62,25,66.8971,52.375499999999995,52.89162313530806,54.292935136399706,54.56146672210693,66.8971,53.425486363636395
demo,D13,63,25,66.8635,51.978049999999996,52.69614550163296,54.24604058102716,54.387814880371096,66.8635,54.00403030303034
demo,D13,64,25,66.0242,51.150600000000004,52.048532319564366,53.394895107750635,53.66949991149902,66.0242,53.75810151515147
demo,D13,65,25,65.702,50.203149999999994,51.2596693891451,52.990960146360756,53.12342009735107,65.702,53.00611363636362
demo,D13,66,25,64.3416,49.1901,50.437370864541435,51.690267131008724,51.91302925262451,64.3416,50.28066060606063
demo,D13,67,25,64.0405,49.01085,50.201488579096505,51.38916713100872,51.611929252624506,64.0405,49.807136363636346
demo,D13,68,25,63.77605,48.2344,49.933138039819895,51.10915118283663,51.323578266906736,63.77605,49.799065151515194
demo,D13,69,25,62.902899999999995,47.8139,49.19851812880792,50.17704195579235,50.47432925262451,62.902899999999995,47.929218181818136
demo,D13,70,25,61.76235,47.50005,48.31524094947493,49.02150311898679,49.331771768188474,61.76235,45.732478787878776
demo,D13,71,25,61.83685,46.846149999999994,48.26099701561496,49.10581403565346,49.38437826690674,61.83685,46.24052424242423
demo,D13,72,25,60.8264,46.77085,47.30320109764309,48.07029745247574,48.38098927154541,60.8264,44.474256060606145
demo,D13,73,25,60.1541,46.4795,46.65946348869116,47.39799745247575,47.70868927154541,60.1541,43.91297121212133
demo,D13,74,25,59.431250000000006,45.56855,45.84826926685503,46.66553363875026,46.974720382690435,59.431250000000006,42.949749999999966
demo,D13,75,25,59.72,44.60015,45.6628033024079,46.954283638750255,47.250688285827636,59.72,44.85274242424247
demo,D13,76,25,58.524750000000004,44.1003,44.403503849874404,45.75903363875026,46.05543828582764,58.524750000000004,43.187242424242505
demo,D13,77,25,58.28645,44.0991,44.033820237416705,45.52073363875026,45.79870566864014,58.28645,43.41458636363654
demo,D13,78,25,57.770500000000006,42.22745,43.48382755867722,45.00478363875026,45.313970382690435,57.770500000000006,43.96361363636369
demo,D13,79,25,57.054700000000004,41.80135,42.79490394581707,44.28898363875026,44.56695566864014,57.054700000000004,43.70131363636365
demo,D13,80,25,56.503550000000004,41.3179,41.77612031926117,43.73783363875026,44.03423828582764,56.503550000000004,42.72336060606051
demo,D13,81,25,55.936350000000004,40.5175,41.307584301990985,43.17063363875026,43.453439843750004,55.936350000000004,42.67364545454551
demo,D13,82,25,55.26995,39.7892,40.68083991749073,42.50423363875026,42.79498776550293,55.26995,41.71995000000003
demo,D13,83,25,54.406,39.59735,39.96632455308091,41.640283638750255,41.918255668640136,54.406,39.953863636363685
demo,D13,84,25,53.78385,38.552550000000004,39.294482147764654,41.01813363875026,41.31528692016602,53.78385,38.118289393939406
demo,D13,85,25,53.41074999999999,37.7751,39.1104268406426,40.64503363875025,40.9469066543579,53.41074999999999,38.215575757575856
demo,D13,86,25,52.8071,37.27865,38.423777724601266,40.041383638750254,40.319355668640135,52.8071,37.17896363636371
demo,D13,87,25,52.375499999999995,36.9242,37.93681950039371,39.60978363875025,39.90965203094482,52.375499999999995,37.06131060606047
demo,D13,88,25,51.978049999999996,36.0756,37.53409045610114,39.21233363875025,39.4882981842041,51.978049999999996,37.3671106060606
demo,D13,89,25,51.150600000000004,35.682,36.723933887101154,38.38488363875026,38.68203692016602,51.150600000000004,36.676857575757545
demo,D13,90,25,50.203149999999994,35.3072,36.07001014344975,37.43743363875025,37.71540566864013,50.203149999999994,35.44516515151521
demo,D13,91,25,49.1901,34.67515,35.048072758923176,36.42438363875026,36.72153692016602,49.1901,33.73031969696973
demo,D13,92,25,49.01085,33.679500000000004,34.69344785261318,36.245133638750254,36.5210981842041,49.01085,33.538493939393916
demo,D13,93,25,48.2344,32.86065,34.00905207449501,35.46868363875026,35.76583692016602,48.2344,32.14745303030302
demo,D13,94,25,47.8139,32.45235,33.46376044002417,35.04818363875025,35.34332943572998,47.8139,31.372218181818102
demo,D13,95,25,47.50005,32.1941,32.991074999510815,34.73433363875026,35.02947943572998,47.50005,31.462898484848463
demo,D13,96,25,46.846149999999994,31.63565,32.43560804981044,34.08043363875025,34.37758692016601,46.846149999999994,31.106884848484825
demo,D13,97,25,46.77085,30.8454,31.915706051030657,34.00513363875026,34.30228692016602,46.77085,32.313804545454495
demo,D13,98,25,46.4795,30.46975,31.46067791556934,33.71378363875026,33.99187010955811,46.4795,33.943340909090935
demo,D13,99,25,45.56855,29.997049999999998,30.396281933650172,32.787119653933445,33.08092010955811,45.56855,33.998216666666714
demo,D13,100,25,44.60015,28.70145,29.691785633985322,31.81871965393344,32.112520109558105,44.60015,32.78754393939397
demo,D13,101,25,44.1003,28.65965,28.897264410289853,31.334583638750253,31.47451131134033,44.1003,31.373269696969665
demo,D13,102,25,44.0991,28.639,28.905939845585497,31.310686388575185,31.39205063018799,44.0991,31.699622727272768
demo,D13,103,25,42.22745,28.2376,27.68581703348539,29.461733638750253,29.739705668640134,42.22745,27.797601515151424
demo,D13,104,25,41.80135,26.523000000000003,27.316698313492783,29.035633638750255,29.332786920166015,41.80135,25.87953939393944
demo,D13,105,25,41.3179,25.0812,27.042182546191118,28.552183638750257,28.849336920166017,41.3179,24.543778787878768
demo,D14,6,25,93.5632,91.2684,91.85913306307785,89.13366271763189,89.31377315826415,93.5632,90.96737857142867
demo,D14,7,25,93.52515,91.24785,92.04066446269546,89.08050145643683,89.27079456939697,93.52515,91.40988214285724
demo,D14,8,25,93.3561,91.62835,91.94234486766831,88.94895912078621,89.11196128234863,93.3561,91.26514761904764
demo,D14,9,25,93.11540000000001,91.78855,91.66987500237097,88.70130986602432,88.8458654121399,93.11540000000001,90.77402499999992
demo,D14,10,25,93.1151,92.9481,91.59080008128299,88.70359845698127,88.85125646362305,93.1151,90.77353939393942
demo,D14,11,25,92.9691,91.9785,91.50561716503131,88.54885949864793,88.63569021377563,92.9691,89.83721363636371
demo,D14,12,25,92.7543,91.45955000000001,91.59820454470403,88.51157010996128,88.62467801742554,92.7543,89.86602727272725
demo,D14,13,25,93.44405,91.254,92.18917552070249,88.99830099798422,89.06333367614747,93.44405,91.99899696969709
demo,D14,14,25,93.23505,90.9043,91.96450699458029,88.80726582477475,88.82254008178711,93.23505,92.58349696969698
demo,D14,15,25,92.82065,91.11175,91.38458827928459,88.39527003198127,88.40814008178711,92.82065,91.38077121212125
demo,D14,16,25,92.9473,91.3698,91.69215074109832,88.49492605286059,88.5608926246643,92.9473,91.79904242424247
demo,D14,17,25,93.59809999999999,91.31365,92.20024629230238,89.1504057663808,89.1855900817871,93.59809999999999,93.7521378787879
demo,D14,18,25,93.4147,91.0973,92.0157914933132,88.96700576638081,89.0021900817871,93.4147,94.31708636363635
demo,D14,19,25,92.90835,91.11200000000001,91.6124989568374,88.46405083697712,88.53767014465332,92.90835,93.44968333333333
demo,D14,20,25,92.83145,91.2606,91.5347099600246,88.4123874220548,88.42346574325562,92.83145,92.96910909090909
demo,D14,21,25,92.52665,90.8299,91.35108397341456,88.10950633198127,88.11866574325562,92.52665,91.6876196969697
demo,D14,22,25,92.31895,91.14705,91.2323946766407,87.85183351503143,87.88404494781494,92.31895,89.99607878787879
demo,D14,23,25,92.79785000000001,90.4482,91.86177009721789,88.35700535121666,88.352266179657,92.79785000000001,90.92569090909095
demo,D14,24,25,92.51225,90.5734,91.58706300104568,88.11687270242795,88.06375508880615,92.51225,90.54883333333325
demo,D14,25,25,92.00104999999999,90.38015,91.14909944775371,87.617150852046,87.53097820739745,92.00104999999999,88.77764848484847
demo,D14,26,25,92.3192,90.69115,91.43778402228638,87.92668007401211,87.8873767463684,92.3192,88.7291015151516
demo,D14,27,25,92.36720000000001,90.07775,91.71899379919925,88.07840444299036,88.01605377883912,92.36720000000001,89.75085909090913
demo,D14,28,25,91.41995,90.2142,90.97944207781003,87.22924244976826,87.35842799301147,91.41995,88.55299545454542
demo,D14,29,25,91.7045,89.6813,90.85022053642508,87.34025099274832,87.35335377883911,91.7045,88.73550757575758
demo,D14,30,25,92.0224,90.34585,90.7755321240421,87.57017241786816,87.52623520126343,92.0224,89.62150606060604
demo,D14,31,25,91.2684,90.46975,90.25841090514601,86.95850721815128,86.90781431045532,91.2684,88.14458939393944
demo,D14,32,25,91.24785,90.29695,90.18883890993496,86.90138490045632,86.90150314483643,91.24785,87.40822121212123
demo,D14,33,25,91.62835,90.19545,90.4815362615335,87.30411708033283,87.25703356704712,91.62835,88.71450909090912
demo,D14,34,25,91.78855,90.13125,90.2947573715084,87.33854010103401,87.27490768890381,91.78855,89.89734545454544
demo,D14,35,25,92.9481,90.017,90.76812478279234,88.49608565209701,88.4245494895935,92.9481,93.02803939393941
demo,D14,36,25,91.9785,89.91890000000001,90.16363509671336,87.52453534283752,87.46516620254516,91.9785,92.95066666666663
demo,D14,37,25,91.45955000000001,89.86565,89.65592006512266,87.08191592754677,87.01634321289063,91.45955000000001,92.79952727272729
demo,D14,38,25,91.254,89.3925,89.41878917848008,86.81596995722498,86.74613933944703,91.254,91.3777878787879
demo,D14,39,25,90.9043,89.45625,89.40271019164634,86.47452465237447,86.3903281944275,90.9043,89.8595727272727
demo,D14,40,25,91.11175,89.46435000000001,89.53126647457017,86.74480310078158,86.62042176055908,91.11175,89.95371212121219
demo,D14,41,25,91.3698,89.26944999999999,89.5381785559984,86.96728224480916,86.87215605239868,91.3698,89.46962575757577
demo,D14,42,25,91.31365,88.82695000000001,89.83028022050902,86.89075635490768,86.78278003921508,91.31365,88.52979393939393
demo,D14,43,25,91.0973,88.85294999999999,89.90611381132044,86.62019890010896,86.5833281944275,91.0973,87.74896666666667
demo,D14,44,25,91.11200000000001,89.2189,89.97888354934251,86.64259587506793,86.5980281944275,91.11200000000001,87.64715909090911
demo,D14,45,25,91.2606,89.34795,90.33581541250516,86.98698127163937,87.04553928909301,91.2606,90.01948636363629
demo,D14,46,25,90.8299,89.0052,89.55093137863174,86.43004649455074,86.41327688446044,90.8299,90.12055909090911
demo,D14,47,25,91.14705,89.75795,89.56326168720601,86.67228983300346,86.63258991317748,91.14705,90.8851030303029
demo,D14,48,25,90.4482,90.04965,89.21829447582697,85.99679524798323,85.90243460006714,90.4482,89.43278333333342
demo,D14,49,25,90.5734,88.91375000000001,89.19197066200157,86.10210088561838,86.02763460006715,90.5734,88.63658939393942
demo,D14,50,25,90.38015,89.0933,89.15034557009237,85.888553883248,85.83438460006714,90.38015,87.70444545454548
demo,D14,51,25,90.69115,88.95125,89.51053842552612,86.2255444704459,86.15750723114013,90.69115,88.35242272727274
demo,D14,52,25,90.07775,88.7535,89.09978231041524,85.74487128390315,85.68364790344238,90.07775,87.35161363636362
demo,D14,53,25,90.2142,88.80335000000001,88.85086892097988,85.76624419476339,85.69986246032715,90.2142,87.30065454545448
demo,D14,54,25,89.6813,88.42410000000001,88.54007524184178,85.33142728363524,85.36316378479003,89.6813,86.14576969696962
demo,D14,55,25,90.34585,88.83145,89.07869810440634,85.91503116835217,85.81272936782837,90.34585,87.77575151515148
demo,D14,56,25,90.46975,88.6425,88.72463310837053,85.98878597861221,85.90829475021363,90.46975,88.5934015151515
demo,D14,57,25,90.29695,87.9267,88.55005691450403,85.80358685815196,85.76382936782836,90.29695,89.51643484848486
demo,D14,58,25,90.19545,88.20354999999999,88.38028270551176,85.68551422702868,85.6883093635559,90.19545,89.46521515151512
demo,D14,59,25,90.13125,87.5675,88.46055272738384,85.57999850413434,85.60158834457397,90.13125,89.64900757575751
demo,D14,60,25,90.017,88.4127,88.6760488761832,85.49695262784661,85.47806576919555,90.017,89.43885606060613
demo,D14,61,25,89.91890000000001,87.9478,88.60644309032794,85.39075186096834,85.36313580169679,89.91890000000001,89.73946060606065
demo,D14,62,25,89.86565,88.2094,88.29231845893288,85.31187956859195,85.30988580169678,89.86565,89.22398333333336
demo,D14,63,25,89.3925,87.69605,88.01718580859523,84.86773107780247,84.85925682067871,89.3925,87.935090909091
demo,D14,64,25,89.45625,87.09599999999999,87.92355525489607,84.91224325324819,84.92300682067871,89.45625,86.63086363636359
demo,D14,65,25,89.46435000000001,88.36795,88.23832875754358,84.90949655326747,84.9185292869568,89.46435000000001,86.45781212121227
demo,D14,66,25,89.26944999999999,87.53985,88.1794756566173,84.6875141625925,84.8301280052185,89.26944999999999,86.28960909090915
demo,D14,67,25,88.82695000000001,87.1241,87.77238744602774,84.33794172149436,84.49611370391847,88.82695000000001,85.34612424242432
demo,D14,68,25,88.85294999999999,87.69145,87.75046313444228,84.35343876348688,84.52211370391845,88.85294999999999,85.18288181818173
demo,D14,69,25,89.2189,87.88185,87.92517493282074,84.62133047965601,84.66738823547364,89.2189,86.15843030303026
demo,D14,70,25,89.34795,87.1337,87.92582451042146,84.68838461816782,84.80558826370239,89.34795,87.15910909090903
demo,D14,71,25,89.0052,87.08785,87.58007304918154,84.4169016925494,84.5011716796875,89.0052,87.25984393939397
demo,D14,72,25,89.75795,87.1121,88.00129110697328,85.14681900087055,85.22200553817748,89.75795,89.67068484848487
demo,D14,73,25,90.04965,86.63035,87.702744527663,85.41870264026932,85.49118451919556,90.04965,91.26230151515152
demo,D14,74,25,88.91375000000001,86.67925,87.13569419842594,84.26989988091135,84.33227521896363,88.91375000000001,89.7844772727273
demo,D14,75,25,89.0933,87.34375,87.26378114400796,84.43028200529527,84.53483451919556,89.0933,90.04483787878797
demo,D14,76,25,88.95125,86.69215,87.23799819185386,84.3227757402312,84.42408983230591,88.95125,89.5775000000001
demo,D14,77,25,88.7535,86.40305000000001,86.87622503128215,84.10006368693865,84.22682811355591,88.7535,88.1437272727274
demo,D14,78,25,88.80335000000001,86.4411,87.1805145300669,84.17732551028028,84.25171568832398,88.80335000000001,87.09112272727279
demo,D14,79,25,88.42410000000001,86.82079999999999,86.96796422863824,83.8158413944908,83.87246568832398,88.42410000000001,85.71720606060615
demo,D14,80,25,88.83145,85.82835,87.32293637355292,84.1733768031186,84.30477811355591,88.83145,86.14129848484846
demo,D14,81,25,88.6425,86.4196,87.29924073036344,83.96974144237487,84.06834466934204,88.6425,85.29669696969707
demo,D14,82,25,87.9267,87.0038,87.17081003996257,83.42462161877243,83.70457733078003,87.9267,84.31364696969696
demo,D14,83,25,88.20354999999999,86.7963,87.29437017050967,83.70695675308616,84.00394834976196,88.20354999999999,85.74186060606063
demo,D14,84,25,87.5675,86.28065000000001,86.48637710719483,82.97176079673666,83.23666370391845,87.5675,84.05609090909088
demo,D14,85,25,88.4127,86.4252,86.89254862552868,83.73967441112487,83.81553536911011,88.4127,85.71132121212132
demo,D14,86,25,87.9478,86.34385,86.61961507538638,83.3225497283032,83.42808182983399,87.9478,85.39198939393938
demo,D14,87,25,88.2094,85.83539999999999,86.72753977527901,83.51959186727791,83.63524466934204,88.2094,86.13037727272717
demo,D14,88,25,87.69605,86.0719,86.38371498745482,83.07367348951804,83.2567280052185,87.69605,85.64175454545448
demo,D14,89,25,87.09599999999999,86.2522,85.98962762366273,82.52966054112593,82.79337577438353,87.09599999999999,83.9516439393939
demo,D14,90,25,88.36795,85.25755000000001,86.69471378341883,83.68989120286645,83.83127931518554,88.36795,86.94938181818186
demo,D14,91,25,87.53985,85.7306,85.95859432763179,82.91782810101888,83.11735797271729,87.53985,86.54338030303029
demo,D14,92,25,87.1241,85.5869,85.34982652430972,82.39847528288075,82.4528205696106,87.1241,85.12393333333321
demo,D14,93,25,87.69145,85.43015,85.69568590305988,82.99730428914097,83.12607896347046,87.69145,86.16587424242428
demo,D14,94,25,87.88185,85.32419999999999,85.65254387505709,83.1761221119827,83.28468536911011,87.88185,86.18559999999994
demo,D14,95,25,87.1337,85.3098,85.5133361045225,82.51856421242829,82.66264830703736,87.1337,85.55998030303034
demo,D14,96,25,87.08785,85.25540000000001,85.29539480435857,82.43517246477656,82.46222343597412,87.08785,85.18688030303028
demo,D14,97,25,87.1121,85.4166,85.49084379223524,82.43443491819528,82.69529902420044,87.1121,85.61353939393932
demo,D14,98,25,86.63035,85.74065,85.20914657712748,81.99695988452292,82.11122215423585,86.63035,84.35419848484861
demo,D14,99,25,86.67925,84.86795000000001,84.90863273168637,81.94243390438086,82.05708241271972,86.67925,83.01504545454543
demo,D14,100,25,87.34375,84.5893,85.74460043162333,82.66055688854063,82.81035327911377,87.34375,85.44383333333333
demo,D14,101,25,86.69215,84.6194,84.97291736105117,81.96347413618803,82.0579456123352,86.69215,84.59817272727273
demo,D14,102,25,86.40305000000001,84.75925,84.78595565890964,81.68472131455243,81.74929528884888,86.40305000000001,83.28474696969695
demo,D14,103,25,86.4411,84.38875,84.97878202857825,81.7927934166706,81.91339433059693,86.4411,83.51444090909091
demo,D14,104,25,86.82079999999999,84.80385,85.13877476271999,82.12749527938131,82.28740327911376,86.82079999999999,85.29978484848483
demo,D14,105,25,85.82835,84.56855,84.3229602454517,81.18247591742413,81.14988987884522,85.82835,83.43425151515152
demo,D14,106,25,86.4196,84.70195000000001,84.60855145076367,81.7050340615682,81.78885458908081,86.4196,84.27781212121216
demo,D14,107,25,87.0038,84.08645,84.76204952562483,82.2552491823266,82.34126099472046,87.0038,86.15387575757578
demo,D14,108,25,86.7963,83.9479,84.63329519272513,82.05154739487722,82.13376099472046,86.7963,86.18518636363633
demo,D14,109,25,86.28065000000001,84.4571,84.21686125853891,81.53183215107661,81.61811099472047,86.28065000000001,85.2364
demo,D14,110,25,86.4252,84.07415,84.73800422689696,81.77594616647346,81.78530456085205,86.4252,86.37321515151514
demo,D14,111,25,86.34385,83.89325,84.33309502132393,81.6305272198266,81.68131099472046,86.34385,86.36554696969698
demo,D14,112,25,85.83539999999999,84.0823,84.11589424853193,81.03556523064509,80.91910685577392,85.83539999999999,84.86114999999997
demo,D14,113,25,86.0719,83.98975,84.25935175449123,81.3180584010766,81.41505204620361,86.0719,84.65963484848488
demo,D14,114,25,86.2522,83.33305,84.33197933303016,81.4983489428182,81.62714564056397,86.2522,85.39249545454551
demo,D14,115,25,85.25755000000001,84.0436,83.8202500227744,80.42748112863669,80.39036869888307,85.25755000000001,82.11228484848482
demo,D14,116,25,85.7306,83.42335,84.30831802558535,80.99833382509838,80.8316251045227,85.7306,82.10322878787868
demo,D14,117,25,85.5869,83.97465,84.33755399743764,80.9608417289118,80.90843987884521,85.5869,82.46392272727273
demo,D14,118,25,85.43015,82.98265,84.24071923999384,80.72096450857381,80.76737972869873,85.43015,82.6813469696969
demo,D14,119,25,85.32419999999999,83.39595,83.98120501472637,80.55179466514464,80.49535211486815,85.32419999999999,82.35966212121201
demo,D14,120,25,85.3098,83.1629,83.79512797623477,80.57592130754183,80.55565723876953,85.3098,82.64064090909096
demo,D14,121,25,85.25540000000001,82.5438,83.73606641443564,80.60566535132324,80.50125723876954,85.25540000000001,83.00985454545444
demo,D14,122,25,85.4166,83.25150000000001,83.56179731368994,80.6711805435223,80.53331495437622,85.4166,83.29690303030308
demo,D14,123,25,85.74065,82.3944,83.58069192916936,81.01149348749551,80.85736495437622,85.74065,84.70976363636365
demo,D14,124,25,84.86795000000001,82.80155,83.1794856633606,80.18496130638688,80.20517972869874,84.86795000000001,84.13670757575763
demo,D14,125,25,84.5893,84.31985,82.78638287329218,79.80274552103387,79.6903251045227,84.5893,82.53944393939395
demo,D14,126,25,84.6194,82.56465,83.00291170255714,79.82191341946509,79.84956738891601,84.6194,82.2828924242424
demo,D14,127,25,84.75925,82.3697,82.96731800974055,79.93135109045085,79.83726580429077,84.75925,82.42402272727273
demo,D14,128,25,84.38875,82.798,82.63238203503687,79.59624315327461,79.61891738891602,84.38875,81.53912878787884
demo,D14,129,25,84.80385,82.39999999999999,82.98404508367494,79.993548741657,79.91056615600586,84.80385,82.1448727272727
demo,D14,130,25,84.56855,82.27015,82.55817994352874,79.73112150624033,79.65225685577393,84.56855,81.91303484848484
demo,D14,131,25,84.70195000000001,82.69095,82.72488851070081,79.86452150624034,79.78565685577394,84.70195000000001,82.36576060606069
demo,D14,132,25,84.08645,81.8749,82.67852527880636,79.31559777180827,79.41368093032837,84.08645,81.66664696969698
demo,D14,133,25,83.9479,82.00375,82.54559915972308,79.23951375051642,79.3969704536438,83.9479,82.19871060606064
demo,D14,134,25,84.4571,82.9728,82.53101072804942,79.59974422607716,79.56690939865112,84.4571,83.16164545454549
demo,D14,135,25,84.07415,81.6048,82.13399348197288,79.23248536298387,79.15216580429077,84.07415,82.37030909090909
demo,D14,136,25,83.89325,82.42325000000001,82.16345775035845,79.05965397965053,78.97126580429077,83.89325,81.74061363636362
demo,D14,137,25,84.0823,81.74175,82.15725686028559,79.24046767965054,79.16031580429078,84.0823,82.1917924242425
demo,D14,138,25,83.98975,81.9852,82.15642985742089,79.13330549996356,79.09955939865112,83.98975,81.822803030303
demo,D14,139,25,83.33305,81.9005,82.08942887861957,78.60613546797484,78.65458987884521,83.33305,80.80690606060593
demo,D14,140,25,84.0436,82.55355,81.97155245175512,79.20864264084558,79.1446251045227,84.0436,82.18072121212117
demo,D14,141,25,83.42335,81.32665,81.78642978482003,78.65352573760008,78.70728459320068,83.42335,81.75934999999997
demo,D14,142,25,83.97465,81.3731,81.90796997810332,79.14105397965054,79.08136615600586,83.97465,82.62292272727271
demo,D14,143,25,82.98265,81.5153,81.30210294074024,78.18688946964257,78.08900042190552,82.98265,80.39343030303026
demo,D14,144,25,83.39595,80.92099999999999,81.6277108548446,78.5921208529759,78.63180844039917,83.39595,81.27399545454544
demo,D14,145,25,83.1629,80.7713,81.38855047717261,78.3524358651981,78.29225972213744,83.1629,80.87372575757576
demo,D14,146,25,82.5438,81.4928,80.97583100872542,77.75530439289774,77.87103093032837,82.5438,79.21781515151515
demo,D14,147,25,83.25150000000001,80.7422,81.43908655544453,78.41520565809184,78.35821615600587,83.25150000000001,80.57775757575753
demo,D14,148,25,82.3944,82.12115,81.08991284716689,77.66774807821484,77.7742589706421,82.3944,79.3016348484849
demo,D14,149,25,82.80155,80.732,80.91575876877258,77.94510549996356,77.91705045013428,82.80155,79.23390606060624
demo,D14,150,25,84.31985,80.6601,81.79732561023346,79.47727408909748,79.40355685577393,84.31985,83.69304696969706
demo,D14,151,25,82.56465,81.05135,80.5996686854521,77.73968382125872,77.67100042190552,82.56465,81.36777121212133
demo,D14,152,25,82.3697,80.51129999999999,80.69480243314473,77.63135065710372,77.74386791915893,82.3697,81.51595000000003
demo,D14,153,25,82.798,80.34434999999999,80.53079718672343,77.92515085277019,77.87601580429077,82.798,81.70443939393944
demo,D14,154,25,82.39999999999999,80.28495,80.53860154529136,77.57495913792538,77.50065937042235,82.39999999999999,81.26868939393935
demo,D14,155,25,82.27015,80.12915000000001,80.50894551654484,77.43711520459206,77.37610083236694,82.27015,80.83740757575738
demo,D14,156,25,82.69095,79.99340000000001,80.577072691858,77.85735397965054,77.78465565414429,82.69095,80.7692909090908
demo,D14,157,25,81.8749,79.95875,80.19960817854053,77.11432034559832,77.19643987884521,81.8749,79.48643787878784
demo,D14,158,25,82.00375,80.5216,80.02803866359037,77.14912522148809,77.14186016082763,82.00375,78.31284090909084
demo,D14,159,25,82.9728,80.15005,80.94478022274305,78.11635549996356,78.09829924850465,82.9728,80.09783787878796
demo,D14,160,25,81.6048,79.7469,80.47214125426599,77.1270327296752,77.25473000030517,81.6048,80.15893636363641
demo,D14,161,25,82.42325000000001,80.0587,80.19239014516333,77.58965397965055,77.5169556541443,82.42325000000001,81.4199621212121
demo,D14,162,25,81.74175,79.2017,79.93952539194429,76.88662675853942,76.81976580429077,81.74175,79.96965151515164
demo,D14,163,25,81.9852,80.0041,80.21848605960635,77.12482647972965,77.09500939865113,81.9852,80.68038939393945
demo,D14,164,25,81.9005,79.8934,79.88605764252458,77.04520907520609,77.0015251045227,81.9005,80.53044696969702
demo,D14,165,25,82.55355,80.08915,80.50794885722956,77.70649537520609,77.63156580429077,82.55355,81.94372424242432
demo,D15,6,25,98.68205,93.278,93.7832400741255,93.48791453782047,93.48192049102784,98.68205,95.09151428571437
demo,D15,7,25,98.2959,92.40395,93.53867444060373,93.06093823640872,93.11303104248047,98.2959,94.78563214285724
demo,D15,8,25,97.55055,92.22155,92.53135082191696,92.51835041261168,92.68934489898682,97.55055,92.81343690476206
demo,D15,9,25,97.64895,92.79615,92.46278160771992,92.52200849200479,92.59096374053955,97.64895,92.81911666666656
demo,D15,10,25,97.3126,92.0231,92.08782791068093,92.18324686728289,92.36141191253662,97.3126,92.24034999999999
demo,D15,11,25,97.54365,91.61685,92.39972353226699,92.3792761950103,92.37408146133423,97.54365,92.56901363636369
demo,D15,12,25,97.01825,91.27159999999999,91.93832540184371,91.87829760681049,92.01424123001098,97.01825,91.71528030303021
demo,D15,13,25,96.89595,91.31240000000001,91.86912196699998,91.78157900986231,91.99401203842163,96.89595,92.03779848484848
demo,D15,14,25,96.648,91.57634999999999,91.49036289703427,91.52055647857064,91.68117022323608,96.648,91.81947727272711
demo,D15,15,25,96.04665,91.09819999999999,90.78485371795998,90.91878619165718,91.03868157424927,96.04665,89.95756666666665
demo,D15,16,25,96.6973,90.7151,91.49148849559205,91.51735616187318,91.6300826499939,96.6973,91.89505757575759
demo,D15,17,25,96.25845,90.90465,90.9942791626985,91.14705111568162,91.27776190490722,96.25845,92.10247272727281
demo,D15,18,25,95.6187,90.6138,90.30015527722956,90.45795796308539,90.58295199508667,95.6187,90.61176060606066
demo,D15,19,25,95.6828,90.06174999999999,90.41378828457955,90.5187034073017,90.65304011611939,95.6828,90.66171666666668
demo,D15,20,25,95.699,90.5603,90.28781532550128,90.50959122327428,90.47959816360473,95.699,90.72108333333331
demo,D15,21,25,95.20415,89.41865,90.00583060047254,90.09415075505461,90.27590874710083,95.20415,90.46865757575766
demo,D15,22,25,95.4344,89.58725,89.95901783337338,90.21021788802581,90.19643823089599,95.4344,91.08858181818186
demo,D15,23,25,95.62190000000001,88.90435,90.05358644222599,90.3575616140912,90.36263553085328,95.62190000000001,92.19755909090912
demo,D15,24,25,94.48715,89.05705,89.22676046659669,89.35897955119363,89.44527129974365,94.48715,90.4097257575757
demo,D15,25,25,94.12795,88.4751,88.8181959131355,88.94062957084638,88.9607947341919,94.12795,88.56017727272723
demo,D15,26,25,93.78295,88.45100000000001,88.77224267220137,88.70301905050177,88.78839309616089,93.78295,87.92021515151517
demo,D15,27,25,93.19205000000001,88.79209999999999,88.19205006395342,88.05813476515611,88.21896555023194,93.19205000000001,86.38030000000002
demo,D15,28,25,94.00625000000001,88.12259999999999,88.60960051597719,88.77211519685144,88.74839458465577,94.00625000000001,87.21871969696976
demo,D15,29,25,93.30085,87.74159999999999,88.12921415560332,88.08680280516624,88.1351743598938,93.30085,86.1710848484849
demo,D15,30,25,93.4439,87.1272,88.0530692967684,88.01701701104706,88.12634791030884,93.4439,86.91577121212119
demo,D15,31,25,93.278,87.17665,87.88616412712034,87.75504837287917,87.8011990814209,93.278,86.98389393939405
demo,D15,32,25,92.40395,87.83735,87.33759227286824,87.00162897555111,87.04164054412841,92.40395,86.11941212121204
demo,D15,33,25,92.22155,86.90605000000001,87.00378712854106,86.71811686066825,86.99523688583373,92.22155,86.9286712121212
demo,D15,34,25,92.79615,86.65775,86.98104573249739,86.92579453570258,87.05189350357055,92.79615,88.41763484848485
demo,D15,35,25,92.0231,86.104,86.25844787306183,86.32524284090029,86.48848162231445,92.0231,87.41854696969702
demo,D15,36,25,91.61685,86.41525,86.00199347814416,85.95720640543841,86.20002613601685,91.61685,86.29511515151509
demo,D15,37,25,91.27159999999999,86.13095,85.56052349592846,85.60827095704632,85.67811178359985,91.27159999999999,84.43344848484848
demo,D15,38,25,91.31240000000001,85.47635,85.88268716727482,85.62321450688307,85.87496961822511,91.31240000000001,84.95242272727272
demo,D15,39,25,91.57634999999999,85.35810000000001,85.6860558446025,85.78552606524158,85.89031579742431,91.57634999999999,85.69513030303021
demo,D15,40,25,91.09819999999999,84.7684,85.27757267505548,85.36147884411244,85.65144602127074,91.09819999999999,85.80470757575756
demo,D15,41,25,90.7151,85.34175,85.06491193399498,85.04558966307418,85.27492971191407,90.7151,85.92124393939399
demo,D15,42,25,90.90465,84.13325,84.87334333121376,85.02777587481583,85.19015243377686,90.90465,86.188793939394
demo,D15,43,25,90.6138,84.0684,84.57960302625193,84.72722660016825,84.66350932006836,90.6138,85.72966363636363
demo,D15,44,25,90.06174999999999,83.93535,84.45316363315882,84.38198013410017,84.54923350143432,90.06174999999999,85.70140151515147
demo,D15,45,25,90.5603,83.22295,84.49128130921251,84.6478203992561,84.55097258834839,90.5603,86.94376969696961
demo,D15,46,25,89.41865,83.648,83.70196943894734,83.69826347237681,83.74174579849243,89.41865,84.75533181818179
demo,D15,47,25,89.58725,83.5351,83.89184313997653,83.73921046403974,83.73559976196289,89.58725,84.19775757575752
demo,D15,48,25,88.90435,82.97919999999999,83.73824960440818,83.30189633737773,83.28408928451537,88.90435,82.43586515151529
demo,D15,49,25,89.05705,81.92505,83.70560505180981,83.44127661012843,83.31355835037232,89.05705,82.8874287878788
demo,D15,50,25,88.4751,82.4106,83.09961638891568,82.83690848778036,82.71512742767334,88.4751,81.77728181818178
demo,D15,51,25,88.45100000000001,81.82034999999999,82.92617014112851,82.76936455645793,82.75133588409425,88.45100000000001,81.34850000000002
demo,D15,52,25,88.79209999999999,81.8069,82.9688272525275,82.97347463393326,83.0828485961914,88.79209999999999,82.7520621212121
demo,D15,53,25,88.12259999999999,82.17635,82.55786427127312,82.37556438692809,82.30328170547484,88.12259999999999,82.38748636363624
demo,D15,54,25,87.74159999999999,80.76105,82.08901161073427,81.96335740214906,81.86395355377196,87.74159999999999,81.62669090909093
demo,D15,55,25,87.1272,80.9967,81.93191399529562,81.18896709157504,81.23184382171631,87.1272,81.32866969696968
demo,D15,56,25,87.17665,81.24025,81.47023275199105,81.34470746947744,81.17151684799194,87.17665,80.89951363636361
demo,D15,57,25,87.83735,80.5302,81.69201389777817,81.79474134525684,81.56129943237305,87.83735,82.94295606060615
demo,D15,58,25,86.90605000000001,80.7928,80.96090030896804,80.84489017430401,80.8040016029358,86.90605000000001,81.51655000000004
demo,D15,59,25,86.65775,82.223,80.94932415222829,80.74093283639294,80.55097614669799,86.65775,81.2945984848484
demo,D15,60,25,86.104,80.10005,80.36287534999786,80.23194037693885,80.07320299530029,86.104,79.76922727272736
demo,D15,61,25,86.41525,80.0146,80.36384545511308,80.4815877764258,80.46639364624023,86.41525,80.2116363636364
demo,D15,62,25,86.13095,79.6301,80.22641098864162,80.09029132334582,80.01395228118896,86.13095,80.85620757575765
demo,D15,63,25,85.47635,79.27720000000001,79.55589514978377,79.47847427309753,79.4304458404541,85.47635,79.92841818181824
demo,D15,64,25,85.35810000000001,79.3545,79.43774290768314,79.34264128353266,79.31184059677125,85.35810000000001,79.5426227272727
demo,D15,65,25,84.7684,79.29310000000001,78.95020515667795,78.86460917399822,78.75190143432617,84.7684,77.57951363636373
demo,D15,66,25,85.34175,77.9623,79.17455858034735,79.12602486048368,79.00925001907349,85.34175,78.35850000000005
demo,D15,67,25,84.13325,78.20215,78.73500273558165,78.10518407025508,78.18856597137452,84.13325,77.36487878787887
demo,D15,68,25,84.0684,77.94485,78.33433636062944,78.0408679162446,77.9560028060913,84.0684,76.99676363636364
demo,D15,69,25,83.93535,77.5737,78.0303551511241,77.55041788576696,77.69820171508789,83.93535,76.82507727272726
demo,D15,70,25,83.22295,77.74105,77.59118545522807,76.83379474761607,76.94977952880859,83.22295,75.00463939393939
demo,D15,71,25,83.648,77.26769999999999,77.61789429838208,77.23006512723626,77.42030024337768,83.648,76.2930606060606
demo,D15,72,25,83.5351,77.51175,77.40265425064294,77.15998300094498,77.27147771606445,83.5351,77.25430454545463
demo,D15,73,25,82.97919999999999,77.00735,76.639668356176,76.55471514793842,76.71104156417846,82.97919999999999,76.7101242424243
demo,D15,74,25,81.92505,76.8294,76.11302119071273,75.541781261075,75.67719385986328,81.92505,74.78984545454537
demo,D15,75,25,82.4106,75.8026,76.05486524897765,75.93225455358635,76.01718407211304,82.4106,75.12886515151523
demo,D15,76,25,81.82034999999999,75.6625,75.84070388084596,75.38307481765125,75.48304016265868,81.82034999999999,75.25726666666668
demo,D15,77,25,81.8069,76.8967,75.5271215807678,75.32513675724579,75.38097522201538,81.8069,74.99705151515163
demo,D15,78,25,82.17635,75.7841,75.48037169288172,75.39072403421241,75.51743066558838,82.17635,76.220403030303
demo,D15,79,25,80.76105,75.98975,74.63346339357113,74.30467796034642,74.3206637046814,80.76105,74.08064848484845
demo,D15,80,25,80.9967,74.58709999999999,74.36454718530739,74.46231468523058,74.4799239151001,80.9967,73.68776060606048
demo,D15,81,25,81.24025,74.2722,74.61929159294597,74.69314561588065,74.71463192367554,81.24025,75.01792424242429
demo,D15,82,25,80.5302,75.17425,74.33528073560359,73.96023512385804,74.20921754379272,80.5302,74.96769242424249
demo,D15,83,25,80.7928,74.04505,74.07150593806503,74.14192069773353,74.39632945327759,80.7928,76.23227727272733
demo,D15,84,25,82.223,73.98565,74.46971986162602,75.78007644712044,75.5490064125061,82.223,79.52036363636361
demo,D15,85,25,80.10005,73.2231,73.45140464981728,73.9062559583141,73.93473675613403,80.10005,77.07933030303043
demo,D15,86,25,80.0146,73.59135,73.42195215490055,73.63904474650803,73.70175190887451,80.0146,76.275690909091
demo,D15,87,25,79.6301,72.50935,73.36116258328006,73.5051552273424,73.47263215789795,79.6301,75.17346363636358
demo,D15,88,25,79.27720000000001,72.48525000000001,73.16462409881298,73.10224562805828,73.22280050964356,79.27720000000001,74.89699545454546
demo,D15,89,25,79.3545,72.2967,72.8220441400677,73.10980265135987,72.67700356674194,79.3545,73.67583333333334
demo,D15,90,25,79.29310000000001,72.31855,72.93780858895036,73.14401836538487,72.89961111602784,79.29310000000001,73.05122121212132
demo,D16,6,25,97.13765,87.9503,88.27530433458338,88.70037652665064,88.84673164978027,97.13765,88.96532857142857
demo,D16,7,25,96.9579,87.7977,88.00575596833843,88.48861891707884,88.70921511688232,96.9579,88.88584642857143
demo,D16,8,25,96.89320000000001,86.5559,88.06257674889551,88.51173591631698,89.22618254013062,96.89320000000001,89.40080416666675
demo,D16,9,25,96.17599999999999,88.1991,87.28368863296109,87.8711398480634,88.2606915245056,96.17599999999999,88.25827083333327
demo,D16,10,25,96.0211,86.90535,87.05824022600882,87.67398173671859,88.03426022872925,96.0211,88.10748636363638
demo,D16,11,25,95.46114999999999,86.79535,86.46374596405226,87.0409632866388,87.11012727966308,95.46114999999999,87.01502121212125
demo,D16,12,25,94.9129,85.62805,85.77206261060047,86.33118564996398,85.92630007781982,94.9129,85.28889999999998
demo,D16,13,25,94.66735,85.53144999999999,85.85752633962139,86.18101466005025,85.74574679718017,94.66735,85.9760545454545
demo,D16,14,25,94.26805,85.01530000000001,85.00426394151317,85.72267567171097,85.12611560516358,94.26805,84.95357272727271
demo,D16,15,25,94.1652,84.7619,84.94614696007041,85.65708861563859,85.090248828125,94.1652,84.91376060606063
demo,D16,16,25,93.66675,84.14745,84.44016396751263,85.13672396513805,84.591798828125,93.66675,84.14165909090919
demo,D16,17,25,93.03495000000001,84.40335,83.94860617926264,84.08934118565409,83.82591412658692,93.03495000000001,83.12686666666669
demo,D16,18,25,92.84360000000001,83.2533,83.68780551375445,83.92395102696153,83.68896361694337,92.84360000000001,83.37253181818193
demo,D16,19,25,92.08800000000001,83.8707,82.80493406949296,83.02877598532447,82.84622925567628,92.08800000000001,82.05540151515164
demo,D16,20,25,92.12455,83.04395,82.79524430236522,82.96004807647921,82.86439336853027,92.12455,82.56088333333341
demo,D16,21,25,91.81315,82.52825,82.33578242805606,82.8143633422568,82.586756300354,91.81315,82.54130151515152
demo,D16,22,25,91.98685,81.5729,82.24839502731018,82.85585642089384,82.68912336883545,91.98685,83.4353878787879
demo,D16,23,25,91.47915,81.76355,81.75898029463157,82.32843275414065,82.25853461303711,91.47915,83.43318787878789
demo,D16,24,25,90.39345,81.2766,80.87780407139071,81.23890921547655,81.11112234802246,90.39345,81.67310909090897
demo,D16,25,25,91.0114,80.06345,81.22847455412841,81.91614420049453,81.61145378723144,91.0114,83.46204393939391
demo,D16,26,25,90.02405,79.8811,80.31156721030558,80.86730929291372,80.71804166107178,90.02405,82.4242393939394
demo,D16,27,25,89.51464999999999,80.0121,79.67923118634373,80.27182003486382,80.1969419845581,89.51464999999999,81.22059696969694
demo,D16,28,25,89.15825,79.4663,79.7062953703838,79.96033520063952,79.8405419845581,89.15825,80.43179545454541
demo,D16,29,25,88.72545,78.9521,78.98693222989687,79.51939935904738,79.4077419845581,88.72545,78.83385151515154
demo,D16,30,25,89.01575000000001,79.03065000000001,79.28191464017195,79.7205521424675,79.64704997253419,89.01575000000001,79.43474242424243
demo,D16,31,25,87.9503,78.04100000000001,78.48241970930718,78.72615395761503,78.65507390289306,87.9503,77.65005757575766
demo,D16,32,25,87.7977,77.7679,78.42399246472198,78.61687379508346,78.51971347351075,87.7977,78.03019242424243
demo,D16,33,25,86.5559,77.30799999999999,77.51258135481973,77.29074206093438,77.26734008636474,86.5559,76.05103636363638
demo,D16,34,25,88.1991,77.252,78.05217395856408,78.89440138599129,78.51457927856445,88.1991,78.88000151515156
demo,D16,35,25,86.90535,76.17914999999999,77.40729358990943,77.68453900406203,77.572905809021,86.90535,78.70268333333343
demo,D16,36,25,86.79535,76.14104999999999,76.88285222410536,77.540520898396,77.42649070892334,86.79535,79.15778939393932
demo,D16,37,25,85.62805,75.3681,75.94889716565098,76.35633715401715,76.27966037445069,85.62805,77.09321666666668
demo,D16,38,25,85.53144999999999,75.3849,75.75351189375027,76.23153372472542,76.15353652496337,85.53144999999999,76.55137424242425
demo,D16,39,25,85.01530000000001,76.21095,75.28312689889688,75.4940259341571,75.21819325714112,85.01530000000001,75.26383787878784
demo,D16,40,25,84.7619,74.88645000000001,75.26872269511324,75.45914031616707,75.312605909729,84.7619,75.50162727272736
demo,D16,41,25,84.14745,74.03755,74.46070612140042,74.81524299984522,74.5699525177002,84.14745,74.05377575757579
demo,D16,42,25,84.40335,74.00670000000001,74.45006533052393,75.04684844514578,74.8258525177002,84.40335,74.72327424242427
demo,D16,43,25,83.2533,73.38130000000001,73.4361664642212,73.83556751955227,73.58630590515136,83.2533,71.37749696969694
demo,D16,44,25,83.8707,73.43465,74.12163178548815,74.43669705157274,74.36520492858887,83.8707,74.3805333333334
demo,D16,45,25,83.04395,72.57605000000001,73.10256854705182,73.60799078391962,73.261816897583,83.04395,73.96741969696964
demo,D16,46,25,82.52825,71.31115,72.6191424933649,72.93608746499888,72.79563739013672,82.52825,74.14891666666661
demo,D16,47,25,81.5729,72.0588,71.76289689290529,71.99295650776553,71.80800646820069,81.5729,71.93557424242411
demo,D16,48,25,81.76355,71.23925,71.82790319460615,72.14115319365027,71.95893497924804,81.76355,72.1960424242425
demo,D16,49,25,81.2766,71.47909999999999,71.158669641645,71.576912227367,71.47080146942139,81.2766,71.3964257575758
demo,D16,50,25,80.06345,70.6489,70.63540842174079,70.43557906872243,70.20957770080567,80.06345,68.92691969696959
demo,D16,51,25,79.8811,69.70524999999999,70.21791002202369,70.2154903228556,70.00164824829102,79.8811,67.63924393939394
demo,D16,52,25,80.0121,69.73885,70.24971358228474,70.3370479847207,70.15822770080567,80.0121,68.56288787878782
demo,D16,53,25,79.4663,69.45995,69.25046928467945,69.64635488211398,69.38671397094727,79.4663,67.47939090909081
demo,D16,54,25,78.9521,68.99125000000001,69.20176947573567,69.196394935764,68.85563393554688,78.9521,67.90288787878796
demo,D16,55,25,79.03065000000001,68.28415,68.89922248163758,69.25374491254215,68.90190301361085,79.03065000000001,69.13881666666671
demo,D16,56,25,78.04100000000001,68.3425,67.83395812262935,68.23577140287013,67.94453393554689,78.04100000000001,68.31367424242428
demo,D16,57,25,77.7679,67.32605000000001,67.30815112279177,67.91236122569023,67.5994315246582,77.7679,67.60019545454551
demo,D16,58,25,77.30799999999999,68.28144999999999,66.67859539642242,67.4902527190625,67.21153393554687,77.30799999999999,67.54356060606057
demo,D16,59,25,77.252,66.74335,66.88728139167996,67.3943295452689,67.12325301361084,77.252,68.35304545454537
demo,D16,60,25,76.17914999999999,66.45115,65.63767886082466,66.35822364925818,66.0402053741455,76.17914999999999,65.88036212121212
demo,D16,61,25,76.14104999999999,65.8429,65.70776066998285,66.24932716085765,65.9725815246582,76.14104999999999,65.26361818181816
demo,D16,62,25,75.3681,65.88589999999999,65.16408529995941,65.60472420177038,65.27163393554687,75.3681,64.20968333333342
demo,D16,63,25,75.3849,65.1823,64.92407220912987,65.60368293173715,65.25615301361084,75.3849,64.46601363636364
demo,D16,64,25,76.21095,64.6922,65.03739555713574,66.2195301486478,65.8764830657959,76.21095,67.03781363636358
demo,D16,65,25,74.88645000000001,64.3226,64.24969227688706,65.02797818768035,64.75770301361085,74.88645000000001,66.6144954545455
demo,D16,66,25,74.03755,64.0389,63.32055187659117,63.82939179514117,63.62303259735107,74.03755,65.11558787878795
demo,D16,67,25,74.00670000000001,63.46505,63.38114577052067,64.0421230540822,63.83823152465821,74.00670000000001,65.15066212121212
demo,D16,68,25,73.38130000000001,62.4231,62.653690881975535,63.49798657551125,63.25255301361085,73.38130000000001,64.11162575757584
demo,D16,69,25,73.43465,62.865249999999996,62.909422722788634,63.53526180168508,63.39228015747071,73.43465,64.92066515151518
demo,D16,70,25,72.57605000000001,62.14615,62.00405582860246,62.63318211642394,62.53368015747071,72.57605000000001,63.01562575757581
demo,D16,71,25,71.31115,61.8869,61.34448052113155,61.536345493659226,61.21468393554687,71.31115,60.007771212121256
demo,D16,72,25,72.0588,61.13025,61.345249076020245,61.98323681580481,61.52502467041016,72.0588,60.20734545454563
demo,D16,73,25,71.23925,60.27395,61.04724570783766,61.277988053555816,60.96079140472412,71.23925,58.752969696969785
demo,D16,74,25,71.47909999999999,59.70755,61.426646838990976,61.76901037440856,61.50873256835936,71.47909999999999,61.31806969696967
demo,D16,75,25,70.6489,59.67654999999999,60.01427616964138,60.84908139474063,60.67853256835937,70.6489,60.90742272727274
demo,D16,76,25,69.70524999999999,59.68305,59.22792221526484,59.924102586946255,59.60878393554687,69.70524999999999,58.96580303030301
demo,D16,77,25,69.73885,60.6412,59.320039592727234,59.941332276397326,59.642383935546874,69.73885,59.30865303030312
demo,D16,78,25,69.45995,58.7526,58.85465152446761,59.61598583419667,59.331203013610846,69.45995,59.20963939393938
demo,D16,79,25,68.99125000000001,57.91245000000001,58.43860097528273,59.12580886284938,58.891217193603524,68.99125000000001,59.558893939393926
demo,D16,80,25,68.28415,57.5584,57.67987909393219,58.168098893262865,57.89834677734375,68.28415,58.62100606060589
demo,D16,81,25,68.3425,57.76675,57.265083445664146,58.1183146314571,57.75146511077881,68.3425,57.7205454545455
demo,D16,82,25,67.32605000000001,56.5295,56.922475251450784,57.52037978986622,57.229583935546884,67.32605000000001,56.50489090909099
demo,D16,83,25,68.28144999999999,58.064499999999995,57.20228783731079,58.10820076650302,57.6904151107788,68.28144999999999,58.63215454545465
demo,D16,84,25,66.74335,56.6122,56.155646550067225,56.73477969904657,56.3675069519043,66.74335,57.464562121212126
demo,D16,85,25,66.45115,56.25215,55.55301519423219,56.403501534509104,56.04302602996826,66.45115,57.195824242424386
demo,D16,86,25,65.8429,55.28775,54.87222211078785,56.00258825086128,55.693346701049805,65.8429,55.48090000000005
demo,D16,87,25,65.88589999999999,54.6322,54.842590607792616,55.65629326965625,55.45057628479003,65.88589999999999,55.7022712121211
demo,D16,88,25,65.1823,54.4021,54.335791306206985,54.88112848297362,54.77887764434814,65.1823,54.92031515151517
demo,D16,89,25,64.6922,54.127700000000004,54.21984988139827,54.195206193646456,54.30639677734375,64.6922,54.19863181818179
demo,D16,90,25,64.3226,53.219249999999995,53.634011066667256,54.1762135347123,54.15033685455322,64.3226,53.217690909090976
demo,D16,91,25,64.0389,52.6428,53.31670137533691,54.20424002015325,53.938867193603514,64.0389,53.23350606060608
demo,D16,92,25,63.46505,52.446099999999994,52.64311426258622,52.970993627059286,53.01853682403564,63.46505,51.78668636363629
demo,D16,93,25,62.4231,51.85705,52.32127647137118,52.33989070091958,52.323067193603514,62.4231,51.21325909090903
demo,D16,94,25,62.865249999999996,52.0179,51.90052939742458,52.29199812992813,52.429926284790035,62.865249999999996,51.93862121212109
demo,D16,95,25,62.14615,51.017,51.34097242599812,52.02338229444453,52.02849806060791,62.14615,51.21032424242425
demo,D16,96,25,61.8869,50.7863,50.64925089199077,51.519614506580176,51.47877602996826,61.8869,50.879149999999996
demo,D16,97,25,61.13025,50.6076,50.499903192893186,50.831993695981396,50.75440695190429,61.13025,50.28923484848483
demo,D16,98,25,60.27395,50.2511,49.5270459719368,49.82607626575944,49.859386820983886,60.27395,48.70042727272735
demo,D16,99,25,59.70755,49.4836,49.173735336376964,49.283724013220734,49.31055731658935,59.70755,47.29970151515156
demo,D16,100,25,59.67654999999999,49.0896,48.99708766972854,49.20001300290665,49.24436768798827,59.67654999999999,47.28660303030307
demo,D16,101,25,59.68305,48.2219,48.55883093930984,49.02891944379141,49.257297360229494,59.68305,48.25492878787877
demo,D16,102,25,60.6412,48.386,48.75731579221242,49.60126048312736,49.50397866363525,60.6412,51.845010606060626
demo,D16,103,25,58.7526,48.00965,47.3661721152597,47.822857907769276,47.78049878845215,58.7526,49.13210757575755
demo,D16,104,25,57.91245000000001,46.62035,47.04354191849573,46.90400440758201,46.84606186981202,57.91245000000001,48.171184848484884
demo,D16,105,25,57.5584,47.26065,46.34640580375601,46.50720628787026,46.4855821975708,57.5584,47.51591515151515
demo,D16,106,25,57.76675,46.0713,46.43229130457136,46.6722793656041,46.69041123199463,57.76675,48.665303030303065
demo,D16,107,25,56.5295,46.009,45.23130497381164,45.485748080394444,45.41305731964111,56.5295,46.6693787878788
demo,D16,108,25,58.064499999999995,45.40245,46.161024177658305,46.833275119253344,46.46157279205322,58.064499999999995,49.50588636363649
demo,D16,109,25,56.6122,44.909,45.01870690914913,45.376456684193826,45.20190642089844,56.6122,47.10021515151525
demo,D16,110,25,56.25215,44.4125,44.98967119063569,45.140214079655735,45.002817572021485,56.25215,46.18213484848497
demo,D16,111,25,55.28775,43.7235,44.443705816973974,44.23860332015745,44.15413164520264,55.28775,44.393143939393944
demo,D16,112,25,54.6322,43.7246,44.42562622550804,43.86965829833296,43.659433123779294,54.6322,44.947896969696956
demo,D16,113,25,54.4021,43.02725,43.410241090098,43.36685096645523,43.14356270751953,54.4021,44.28756969696967
demo,D16,114,25,54.127700000000004,42.26525,42.83860614993923,42.94399402004805,42.797160296630864,54.127700000000004,43.12684393939401
demo,D16,115,25,53.219249999999995,41.892,42.417981078873964,42.22446107928755,41.98292664337158,53.219249999999995,40.6500833333333
demo,D16,116,25,52.6428,41.358650000000004,42.29012145894134,41.619889770721954,41.37771668701172,52.6428,39.38139848484848
demo,D16,117,25,52.446099999999994,41.1323,41.7771770004441,41.33892584227608,41.12257457122802,52.446099999999994,37.71486515151507
demo,D16,118,25,51.85705,40.9779,41.622971561025196,40.829367454779884,40.59196668701172,51.85705,38.648459090909085
demo,D16,119,25,52.0179,40.16115,41.116967177935756,40.98680319126628,40.752816687011716,52.0179,40.01183939393925
demo,D16,120,25,51.017,40.2087,40.2846534047882,39.95286943441084,39.725755493164066,51.017,39.640734848484925
demo,D16,121,25,50.7863,39.42125,39.80261112303316,39.70495829313296,39.521216687011716,50.7863,39.70431515151511
demo,D16,122,25,50.6076,38.9106,39.15795285558257,39.370289702934826,39.284074571228025,50.6076,39.847706060606086
demo,D16,123,25,50.2511,38.542300000000004,38.664021354607044,38.954506446483265,38.92757457122803,50.2511,40.1632363636363
demo,D16,124,25,49.4836,38.49505,37.82800493835951,38.26029749922411,38.21851668701172,49.4836,39.821721212121226
demo,D16,125,25,49.0896,37.2038,37.2804236456691,37.93434532766349,37.766074571228025,49.0896,39.209653030303066
demo,D16,126,25,48.2219,37.6502,36.71343453365619,37.12542710999799,36.93065549316406,48.2219,37.231316666666686
demo,D16,127,25,48.386,36.97885,37.11606294830801,37.18928717277623,37.06247457122803,48.386,37.52038636363644
demo,D16,128,25,48.00965,36.2213,36.36315845018136,36.48219928186805,36.50607753601074,48.00965,37.00438484848494
demo,D16,129,25,46.62035,36.119099999999996,35.435576923365645,35.23328874800262,35.152350541687014,46.62035,35.01489545454545
demo,D16,130,25,47.26065,35.203250000000004,35.39333440038452,36.03537555424468,35.88345559539795,47.26065,35.895596969697024
demo,D16,131,25,46.0713,34.921,34.73165910085541,34.981275271083454,34.76610800628662,46.0713,34.07859545454562
demo,D16,132,25,46.009,34.20755,34.43347661667809,34.66997150498611,34.54100054168701,46.009,34.434643939393865
demo,D16,133,25,45.40245,34.19405,34.267103373120946,34.292008927541346,34.09725800628662,45.40245,34.21867727272729
demo,D16,134,25,44.909,33.225500000000004,33.6633490780565,33.78818878358221,33.60380800628662,44.909,33.63304545454559
demo,D16,135,25,44.4125,32.95525,33.26328275782892,33.22419985896774,33.095771408081056,44.4125,33.09689393939389
demo,D16,136,25,43.7235,32.706849999999996,32.54364700794751,32.17171258624502,32.24396394348145,43.7235,31.39983333333335
demo,D16,137,25,43.7246,32.3494,32.47001548672782,32.17599631171544,32.24506394348145,43.7246,32.03102424242429
demo,D16,138,25,43.02725,31.3199,31.882623831406704,31.460362254757456,31.547713943481448,43.02725,31.798128787878802
demo,D16,139,25,42.26525,31.32295,31.04222848638934,30.58951886219625,30.586210998535158,42.26525,29.65581060606049
demo,D16,140,25,41.892,30.3326,30.85640477774772,30.347972667712092,30.21296099853516,41.892,29.780159090909123
demo,D16,141,25,41.358650000000004,29.5117,29.972976641980907,29.793985594077768,29.67961099853516,41.358650000000004,28.661725757575756
demo,D16,142,25,41.1323,29.46145,29.757384101654488,29.571645532019026,29.453260998535157,41.1323,28.8658757575757
demo,D16,143,25,40.9779,29.464800000000004,29.377728340594018,29.35207746425457,29.298860998535154,40.9779,29.398301515151402
demo,D16,144,25,40.16115,28.73865,28.727902861803656,28.581624010943834,28.482110998535155,40.16115,28.67298333333332
demo,D16,145,25,40.2087,28.1092,28.337817498288384,28.428571136818476,28.353256045532227,40.2087,29.488048484848537
