dataset,battery_id,cycle,horizon,soh,y_true,linear_regression,random_forest,xgboost,persistence (no model),linear extrapolation (no model)
demo,D01,6,50,98.18424999999999,87.86675000000001,87.06159684381723,87.12931511963579,87.3917237548828,98.18424999999999,87.93024999999997
demo,D01,7,50,97.86645,88.18045,86.80143145342812,87.28790197331054,87.16853778381348,97.86645,88.22028928571419
demo,D01,8,50,97.7702,87.25444999999999,87.05566382419971,86.64811446395588,86.32640288848877,97.7702,88.78011071428598
demo,D01,9,50,97.33185,87.5865,86.51267882544049,86.16512788079388,85.92121882019043,97.33185,87.78609999999973
demo,D01,10,50,97.66285,86.5726,87.09402294797809,86.54131105079368,86.13685283813477,97.66285,89.25762272727277
demo,D01,11,50,97.44245000000001,86.758,86.99935568958902,86.31396988391387,85.89788956756593,97.44245000000001,89.03707121212146
demo,D01,12,50,97.0379,86.6879,86.58330156582987,85.95687962917991,86.23083498992919,97.0379,89.52667272727258
demo,D01,13,50,97.1642,86.59515,86.76449814597123,86.09631863789716,86.30809419555663,97.1642,91.740715151515
demo,D01,14,50,96.77325,86.41244999999999,86.1326888920099,85.63548638224252,85.10855426025391,96.77325,89.97988636363631
demo,D01,15,50,96.18130000000001,86.8229,85.47879593280359,84.38184391767368,84.59573538665772,96.18130000000001,87.14760303030309
demo,D01,16,50,96.3549,85.6529,85.71304992282667,84.96361682518024,84.79511987915039,96.3549,87.43982424242458
demo,D01,17,50,95.76095,85.3974,85.04265505103325,83.96449939132216,84.31634417266845,95.76095,85.3939954545455
demo,D01,18,50,96.11575,85.57175000000001,85.33976163914647,84.40808177593661,84.49059359741211,96.11575,86.21978030303056
demo,D01,19,50,95.64,85.0348,84.86931742249371,83.82893818623565,84.02234424591065,95.64,84.45904545454557
demo,D01,20,50,95.40155,84.48689999999999,84.7343886516252,83.67098194694864,83.95951718597412,95.40155,84.41398939393923
demo,D01,21,50,95.05405,84.3067,84.34845321921289,83.19534549482776,83.61201718597412,95.05405,83.94797424242442
demo,D01,22,50,95.4257,84.14755000000001,84.44045112213547,83.54376963077023,84.05875377960206,95.4257,85.31371515151517
demo,D01,23,50,94.8125,84.3488,83.96766019494623,82.95675685695458,83.41936874389648,94.8125,85.42033333333337
demo,D01,24,50,94.52965,84.0183,83.51622412911583,82.69677530454501,83.23274257507325,94.52965,85.20799848484835
demo,D01,25,50,94.3511,83.95825,83.21664959148032,82.44603180124619,82.74998000488281,94.3511,83.99960000000006
demo,D01,26,50,94.41445,83.3981,83.27318354850715,82.53053731525242,82.73547680206299,94.41445,84.89375303030316
demo,D01,27,50,94.16175,83.34865,83.03899257963242,82.1419090188354,82.2070438079834,94.16175,83.97887121212132
demo,D01,28,50,93.97275,83.26315,82.88613947075366,82.01911199503432,82.22220259094239,93.97275,84.76411363636365
demo,D01,29,50,93.77435,82.75675,82.40076480581247,81.7980848160284,81.87087709960937,93.77435,84.7118196969697
demo,D01,30,50,94.0832,82.76025,82.55914627564812,82.03295741013748,81.94897987670899,94.0832,86.34495757575758
demo,D01,31,50,93.77145,82.19794999999999,82.29743517234041,81.80556828789767,81.56851954956055,93.77145,86.147934848485
demo,D01,32,50,92.87655000000001,82.06054999999999,81.84866284555527,80.92501407553117,80.90538052825929,92.87655000000001,84.94329242424237
demo,D01,33,50,92.58005,81.82755,81.36283883063922,80.60771609268986,80.60888052825928,92.58005,83.0293530303031
demo,D01,34,50,92.80235,81.3555,81.37575767687562,80.70912092129683,80.62199302062989,92.80235,82.65065303030303
demo,D01,35,50,92.74915,81.6322,81.39413202072826,80.5664477959127,80.59485693969727,92.74915,82.30304393939413
demo,D01,36,50,92.1686,81.1168,81.17057476820855,80.08740071610565,79.89904109344482,92.1686,81.02681212121196
demo,D01,37,50,91.7426,81.0325,80.90902066136144,79.48785587947985,79.33899358520507,91.7426,79.26210000000012
demo,D01,38,50,91.5386,80.94375000000001,80.69465912238292,79.30127619592301,79.14863017425537,91.5386,77.99917575757574
demo,D01,39,50,91.77195,80.70389999999999,80.57251588493949,79.45788482528876,79.36577057189942,91.77195,78.62391969696954
demo,D01,40,50,91.59005,80.53960000000001,80.51225410547683,79.31342096110775,79.18644358520508,91.59005,80.58039848484847
demo,D01,41,50,91.3199,80.08015,80.14812503676552,78.96707794946882,78.91629358520508,91.3199,82.18368787878795
demo,D01,42,50,90.74664999999999,79.7521,79.12251358652325,78.37353918232627,78.24555327453612,90.74664999999999,80.42325606060592
demo,D01,43,50,90.8048,79.62415,79.33823152009536,78.37136834913011,78.18722149353027,90.8048,79.75533030303018
demo,D01,44,50,90.5586,78.91055,79.2601143387365,78.16421361278987,78.05522113189697,90.5586,79.92850909090902
demo,D01,45,50,90.3771,78.7509,79.00782469840266,77.99902083919557,77.96351147613525,90.3771,80.85390303030279
demo,D01,46,50,90.3604,79.6862,78.60390041192089,77.96271859561135,77.98132018127441,90.3604,81.40099090909098
demo,D01,47,50,89.95309999999999,78.42145000000001,78.38229405310751,77.65600072308595,77.67560270843505,89.95309999999999,80.12253939393912
demo,D01,48,50,89.87625,78.60780000000001,78.16966475174117,77.49691349196394,77.61188957214355,89.87625,79.36949242424265
demo,D01,49,50,89.479,77.98315,77.98550460306214,77.14907037513055,77.30023851776123,89.479,78.99795454545446
demo,D01,50,50,89.33109999999999,77.9079,77.69145222754067,76.98227384348617,77.02666045532226,89.33109999999999,79.25573636363629
demo,D01,51,50,89.21900000000001,78.17735,77.54935151692192,76.90152905504749,76.9653026046753,89.21900000000001,79.71215151515165
demo,D01,52,50,88.37724999999999,77.4466,76.48795209204225,76.18270425247032,75.98552255249022,88.37724999999999,76.50567424242413
demo,D01,53,50,89.82825,77.5403,77.65259511152526,77.4484489365191,77.19438941192627,89.82825,81.17905303030292
demo,D01,54,50,88.24159999999999,76.80415,76.67333811674324,75.86053966950364,75.81757351074218,88.24159999999999,78.25873636363642
demo,D01,55,50,87.97455,76.7875,76.47109483687258,75.67258222666071,75.66888784484863,87.97455,76.72894393939377
demo,D01,56,50,87.86675000000001,76.32865,76.36808184809308,75.45668907176866,75.23694157409669,87.86675000000001,76.46482575757585
demo,D01,57,50,88.18045,76.27615,76.18668585304778,75.71521269973516,75.48677495880126,88.18045,77.63138939393939
demo,D01,58,50,87.25444999999999,76.3938,75.48323300729328,74.58284571964123,74.63125721282958,87.25444999999999,75.85096515151517
demo,D01,59,50,87.5865,75.38705,75.5877721712113,75.00729139511188,74.99919016265869,87.5865,76.49898484848472
demo,D01,60,50,86.5726,75.79875,74.84414377449403,73.91890697918053,73.90104734191894,86.5726,73.6898424242425
demo,D01,61,50,86.758,75.5026,74.89122847661814,73.9852298896037,74.12819157409668,86.758,73.88378787878787
demo,D01,62,50,86.6879,75.01554999999999,74.35515884539639,73.90191073409082,73.83445113220215,86.6879,72.31673333333339
demo,D01,63,50,86.59515,74.52215,74.69846606579333,73.89419914130464,74.10594082489014,86.59515,76.33458939393957
demo,D01,64,50,86.41244999999999,74.7395,73.93927956868419,73.5950003320704,73.56324307556152,86.41244999999999,76.43484393939391
demo,D01,65,50,86.8229,74.3205,74.20956603585769,74.08037336286728,73.85180968322754,86.8229,78.46606666666673
demo,D01,66,50,85.6529,74.31035,73.40379630519394,72.80218606292347,72.95178439178467,85.6529,76.0645666666668
demo,D01,67,50,85.3974,74.008,73.2916642415858,72.63292621856421,72.66401109924317,85.3974,76.26814242424255
demo,D01,68,50,85.57175000000001,74.2425,72.99130514455598,72.6688674168306,72.59336026000977,85.57175000000001,75.9770984848484
demo,D01,69,50,85.0348,73.4504,72.8498489021286,72.16245344873768,72.17001671295166,85.0348,75.6369969696969
demo,D01,70,50,84.48689999999999,72.975,72.03337880404278,71.62448329184903,71.65980782928466,84.48689999999999,71.95849090909087
demo,D01,71,50,84.3067,73.0954,72.27220978612534,71.44117894096664,71.33626867218018,84.3067,70.0382909090911
demo,D01,72,50,84.14755000000001,72.86685,72.05547142372944,71.26647604869363,71.14290179138185,84.14755000000001,68.95706515151527
demo,D01,73,50,84.3488,72.96755,72.25845627368881,71.40328636936671,71.37836867218017,84.3488,70.0155424242424
demo,D01,74,50,84.0183,72.5689,71.93799689206486,71.08548271071862,70.91595167236328,84.0183,70.39333030303031
demo,D01,75,50,83.95825,72.1837,71.84403289517003,71.08098101715936,70.9517278213501,83.95825,73.69696212121234
demo,D01,76,50,83.3981,72.27355,70.91997337739873,70.37866194645764,70.30858240661621,83.3981,72.80896363636377
demo,D01,77,50,83.34865,71.23555,70.55867599445811,70.21855302821311,70.23950483551026,83.34865,72.81168030303043
demo,D01,78,50,83.26315,71.15755,70.92397960083582,70.28191993136855,70.1736324066162,83.26315,74.36799848484854
demo,D01,79,50,82.75675,70.82845,70.18149323999596,69.76707287997417,69.66723240661621,82.75675,73.73164393939392
demo,D01,80,50,82.76025,70.74615,69.89430053354047,69.6867821598349,69.40045347595215,82.76025,73.16903787878763
demo,D01,81,50,82.19794999999999,70.2064,69.47906549518093,69.15314600325979,69.08880483551025,82.19794999999999,70.95287424242427
demo,D01,82,50,82.06054999999999,70.566,69.65451738027157,69.01086538764197,68.95140483551025,82.06054999999999,69.53441363636362
demo,D01,83,50,81.82755,70.06445,69.37161883170327,68.79180247601215,68.72956950073242,81.82755,69.32058030303031
demo,D01,84,50,81.3555,69.44525,69.0848142128376,68.37381059751321,68.31774784851075,81.3555,68.0066515151514
demo,D01,85,50,81.6322,69.3369,68.92678777643124,68.50572806002397,68.59231447906494,81.6322,69.60976060606086
demo,D01,86,50,81.1168,69.49035,68.41629005684754,68.01550140606686,68.06845157318115,81.1168,68.55769393939399
demo,D01,87,50,81.0325,69.40214999999999,68.3264485292694,67.91096802596978,67.98366901397705,81.0325,68.92459090909071
demo,D01,88,50,80.94375000000001,69.50385,68.13149991877843,67.80052405240406,67.89491901397706,80.94375000000001,70.16371969696982
demo,D01,89,50,80.70389999999999,69.5328,67.74055840296151,67.55124262386204,67.66144146575927,80.70389999999999,70.31530909090908
demo,D01,90,50,80.53960000000001,68.53645,67.94364895232209,67.3431802712092,67.52316723785401,80.53960000000001,71.35017575757587
demo,D01,91,50,80.08015,67.8684,67.2464208686402,66.86505429549558,67.06998001708985,80.08015,70.3083621212122
demo,D01,92,50,79.7521,67.2785,67.15391653100083,66.53861901697226,66.7445030303955,79.7521,69.32878181818194
demo,D01,93,50,79.62415,67.75099999999999,67.1052135747024,66.32609711443847,66.6032349685669,79.62415,68.82274090909092
demo,D01,94,50,78.91055,67.179,66.38254415768714,65.71683064363596,65.93039691619873,78.91055,65.54676212121203
demo,D01,95,50,78.7509,67.0502,66.26491092051451,65.68764402761927,65.84398624267578,78.7509,64.79344545454555
demo,D01,96,50,79.6862,66.7428,66.67470403034284,66.39129729943309,66.59450898284912,79.6862,67.71413939393943
demo,D01,97,50,78.42145000000001,66.63544999999999,65.91803934688832,65.21547463023587,65.51417480010987,78.42145000000001,65.57149545454537
demo,D01,98,50,78.60780000000001,66.74849999999999,65.85712795239924,65.33056243616116,65.70052480010987,78.60780000000001,66.6748000000002
demo,D01,99,50,77.98315,66.22645,65.37225252198637,64.7420958247829,64.92250108184814,77.98315,65.87974090909084
demo,D01,100,50,77.9079,65.8821,65.25677414446662,64.48708453310356,64.71844401397705,77.9079,66.53012727272738
demo,D01,101,50,78.17735,65.36905,65.06990476639844,64.67296798203982,65.02324290618897,78.17735,68.32354696969695
demo,D01,102,50,77.4466,64.92710000000001,64.52258791949441,64.06348610524523,64.35769085083008,77.4466,67.1835242424242
demo,D01,103,50,77.5403,65.03305,64.46372562977666,64.18952134325426,64.59372864990235,77.5403,68.09426969696952
demo,D01,104,50,76.80415,64.9119,63.870947406227685,63.48232766393207,63.65234221496583,76.80415,65.05175606060617
demo,D01,105,50,76.7875,65.20725,63.94392030198508,63.373486781402946,63.46237812042236,76.7875,63.42777272727272
demo,D01,106,50,76.32865,64.46445,63.85737156454245,62.96385084103151,63.168244841003414,76.32865,64.41778636363628
demo,D01,107,50,76.27615,64.4684,63.1665053757338,62.8883323632308,63.096421492004396,76.27615,63.490013636363685
demo,D01,108,50,76.3938,63.771699999999996,63.48272221215353,62.85569620955801,63.07173369293213,76.3938,64.97460303030313
demo,D01,109,50,75.38705,63.3136,62.34104339094208,61.905967108852415,62.06498369293213,75.38705,61.848762121212296
demo,D01,110,50,75.79875,63.1268,62.831536357521394,62.29725178418661,62.40742404937744,75.79875,62.58675000000012
demo,D01,111,50,75.5026,62.945750000000004,62.541635577444154,62.09148428311596,62.19112996826172,75.5026,63.98564545454551
demo,D01,112,50,75.01554999999999,63.548550000000006,61.88824465328577,61.52586631664407,61.64385162048339,75.01554999999999,63.050549999999944
demo,D01,113,50,74.52215,62.40995,61.62124705145678,61.03878148679217,61.25109763946533,74.52215,62.54916515151511
demo,D01,114,50,74.7395,62.653999999999996,61.585616852848375,61.14635715932037,61.39308448028565,74.7395,62.72665151515176
demo,D01,115,50,74.3205,61.87735,61.16928165021857,60.76888717178152,61.030349357604976,74.3205,62.32086363636348
demo,D01,116,50,74.31035,62.17315,61.19362996994748,60.76659606356661,60.91902404937744,74.31035,62.26189545454548
demo,D01,117,50,74.008,61.75429999999999,60.83193326855595,60.47978582508722,60.64476452636718,74.008,62.1343484848483
demo,D01,118,50,74.2425,61.3367,60.90911138547209,60.653416270763856,60.85963695526124,74.2425,64.9500000000001
demo,D01,119,50,73.4504,61.11600000000001,59.955825444783244,59.7932717953982,60.05907404937744,73.4504,62.52676363636345
demo,D01,120,50,72.975,60.676050000000004,59.811288289538226,59.4360942088067,59.62466201782226,72.975,61.66974242424247
demo,D02,6,50,96.0511,84.35979999999999,85.59700729971189,85.23801948983088,85.34808085784913,96.0511,87.28888571428571
demo,D02,7,50,95.4213,83.96545,84.03795036250452,83.64520915023931,84.49670893554688,95.4213,84.30737142857167
demo,D02,8,50,94.90079999999999,84.2805,82.83814077619286,83.10089139525658,83.48734117584227,94.90079999999999,81.5644011904764
demo,D02,9,50,94.74719999999999,83.744,82.45518107979949,82.9743305170813,83.15553854675292,94.74719999999999,80.75074166666641
demo,D02,10,50,94.79005000000001,82.95275,82.74956161618304,82.86165064951521,83.14393851165772,94.79005000000001,81.3378681818181
demo,D02,11,50,94.36135,83.30145,82.36097377930467,82.44857795732344,82.72905248413086,94.36135,79.20877424242451
demo,D02,12,50,95.53625,82.62105,84.56525227371746,83.90387766347767,84.37012851715087,95.53625,83.88261363636352
demo,D02,13,50,94.1657,82.43325,83.15558811356486,82.3523201864612,82.95521454162598,94.1657,84.35763939393938
demo,D02,14,50,94.80085,82.45295,83.64182669216886,83.6777801466717,83.73899849853515,94.80085,87.35807727272709
demo,D02,15,50,93.34915000000001,81.96329999999999,81.99329400420785,81.854265720127,82.14558154144288,93.34915000000001,84.13771060606072
demo,D02,16,50,93.71255,82.13025,82.41719004749284,82.24119042450086,82.38640578155517,93.71255,85.63067121212144
demo,D02,17,50,93.09315000000001,81.38119999999999,81.4942477086444,81.18846215548501,81.52095113220216,93.09315000000001,83.76952878787884
demo,D02,18,50,93.06265,81.17855,81.37017781203917,81.05013699379155,81.45156506195069,93.06265,82.09010454545472
demo,D02,19,50,93.03139999999999,80.91755,81.50538514516631,81.01075617709628,81.33926228179931,93.03139999999999,80.9267333333332
demo,D02,20,50,92.0688,80.69454999999999,80.65244767998074,80.06690217542685,80.53435137634277,92.0688,77.38945151515156
demo,D02,21,50,92.6141,80.9434,81.10575051689929,80.52608338455038,81.12240554962158,92.6141,77.06749393939386
demo,D02,22,50,92.8898,80.55125,81.78856081561997,80.83124176786735,81.34295074920654,92.8898,82.20311818181813
demo,D02,23,50,91.95795,80.6241,80.46035364888773,79.85630987606089,80.41110074920654,91.95795,80.6251924242424
demo,D02,24,50,91.94630000000001,80.5395,80.62851109165666,79.84796103905197,80.17660948638917,91.94630000000001,83.39089090909074
demo,D02,25,50,91.94945,79.29765,80.01087757918741,80.22889449690398,80.1896786529541,91.94945,83.0710106060607
demo,D02,26,50,91.3657,79.37525,79.65857331023082,79.3312089269193,79.64417766876221,91.3657,82.63182121212134
demo,D02,27,50,91.0128,78.74805,79.22249113158628,79.07925864239884,79.28300072937012,91.0128,80.81869393939402
demo,D02,28,50,90.2759,78.61405,78.92302070315216,78.33124586327813,78.45827018585204,90.2759,77.77099090909101
demo,D02,29,50,90.92179999999999,78.4043,79.4125016358435,78.96767822566942,79.15533481292724,90.92179999999999,79.45240606060601
demo,D02,30,50,91.0897,78.02175,79.2676200227758,79.29613433436978,78.91258932800292,91.0897,79.18360909090909
demo,D02,31,50,89.96549999999999,77.76849999999999,78.69506703097946,78.12656048547306,78.07791149902343,89.96549999999999,76.9677727272729
demo,D02,32,50,90.07625,77.7855,78.83804743611122,78.26249766208053,78.18866149902344,90.07625,78.813143939394
demo,D02,33,50,89.63155,77.2081,77.9570411046714,77.71584779865394,77.74396149902344,89.63155,77.48926212121214
demo,D02,34,50,89.41584999999999,77.5697,77.88335765153214,77.41127425274152,77.59822018585204,89.41584999999999,77.17721363636373
demo,D02,35,50,89.5234,76.78525,77.93949913177654,77.62321084925091,77.70577018585205,89.5234,79.02583939393942
demo,D02,36,50,88.70655,77.64655,76.97595531442393,76.83909881139425,76.87379681854247,88.70655,77.24679242424226
demo,D02,37,50,89.18825,76.411,77.5198833192912,77.25282426716227,77.12923472595214,89.18825,78.51529545454558
demo,D02,38,50,88.22015,76.31035,76.50574932381257,76.27879882125356,76.15798473968506,88.22015,74.34318030303032
demo,D02,39,50,88.2055,75.64205000000001,77.00548420018006,76.0794280069722,76.17298352050781,88.2055,74.4834696969696
demo,D02,40,50,88.74549999999999,76.28395,77.08415186999501,76.31422507594887,76.69196739959716,88.74549999999999,78.8570454545456
demo,D02,41,50,88.27055,75.8491,76.4130671000231,75.83972147632446,76.07172893218994,88.27055,78.59374696969698
demo,D02,42,50,87.72485,75.34305,75.96277144282611,75.28388499906046,75.61220103607178,87.72485,78.16783484848497
demo,D02,43,50,87.17605,74.59025,75.42378137629689,74.73376248745834,75.06340103607178,87.17605,76.18485303030316
demo,D02,44,50,87.06155,74.7974,75.2932376307625,74.61331890106182,74.94890103607177,87.06155,75.09308030303049
demo,D02,45,50,87.00395,74.1373,74.97037673634695,74.50780497683817,74.89130103607178,87.00395,75.68646515151514
demo,D02,46,50,86.7543,74.6516,74.6774286747206,74.42346370351785,74.60276496582031,86.7543,74.21104242424252
demo,D02,47,50,86.47635,74.1944,74.88270279299125,74.07468940181003,74.36370103607177,86.47635,74.73812272727253
demo,D02,48,50,86.2544,73.71865,74.16723203807089,73.88347221389792,74.10286496582032,86.2544,73.13246060606099
demo,D02,49,50,85.9589,72.69704999999999,74.03682310006963,73.56463432605541,73.84625103607178,85.9589,71.78986969696986
demo,D02,50,50,85.95795000000001,72.87055,74.28889600027551,73.65338800377988,73.89166677398683,85.95795000000001,73.9008136363636
demo,D02,51,50,85.3859,73.1091,73.679620856312,72.9819359153213,73.27325103607178,85.3859,73.98677878787885
demo,D02,52,50,85.5733,73.00345,73.36327603868665,73.07367808847278,73.44071828918457,85.5733,75.27255757575753
demo,D02,53,50,85.1788,72.7088,72.54351135486834,72.70061233992696,73.01560915832519,85.1788,74.37516363636354
demo,D02,54,50,84.75675,71.6345,72.47081149167596,72.47081197831756,72.63244522857666,84.75675,73.12796212121211
demo,D02,55,50,84.3243,71.9382,72.44180304887236,72.13630847167589,72.19999522857665,84.3243,71.89579999999998
demo,D02,56,50,84.35979999999999,71.8877,72.1800645507373,72.32693816651296,72.19076885681152,84.35979999999999,72.02026969696966
demo,D02,57,50,83.96545,70.82045000000001,71.85046638541401,71.8245300259444,71.84114522857666,83.96545,71.16410151515153
demo,D02,58,50,84.2805,71.0501,71.99643147180944,72.2436189269195,72.1173091583252,84.2805,72.65848484848485
demo,D02,59,50,83.744,70.8688,71.4702363867286,71.7199040888276,71.61695913696289,83.744,72.04943939393915
demo,D02,60,50,82.95275,70.4302,70.98136979781725,70.96176823284243,70.73406580352783,82.95275,70.36688636363643
demo,D02,61,50,83.30145,69.6982,70.90898316149283,71.2683644484162,71.08712790985108,83.30145,70.6897833333333
demo,D02,62,50,82.62105,69.88915,70.34464132805566,70.62586832632553,70.49674522857666,82.62105,70.0159136363638
demo,D02,63,50,82.43325,69.62135,70.10405271536531,70.43131482303109,70.30894522857666,82.43325,69.79670454545467
demo,D02,64,50,82.45295,69.4074,69.75075827119976,70.44782134093668,70.32864522857666,82.45295,70.09585909090913
demo,D02,65,50,81.96329999999999,69.01469999999999,69.62798215963869,70.0227987124643,69.78142381744384,81.96329999999999,68.50499696969696
demo,D02,66,50,82.13025,68.78235000000001,69.61674704785123,70.19256473929129,70.00594522857666,82.13025,69.57529545454548
demo,D02,67,50,81.38119999999999,68.6345,68.91161809230329,69.53618960187255,69.25415913696288,81.38119999999999,67.72347272727272
demo,D02,68,50,81.17855,68.50995,68.79963806983659,69.30986447544606,69.12006592254639,81.17855,68.48174696969693
demo,D02,69,50,80.91755,69.1005,68.38525664186757,69.04898046417904,68.61405173187256,80.91755,68.56148939393937
demo,D02,70,50,80.69454999999999,67.71485,67.95549589923877,68.70230853103291,68.39378782348632,80.69454999999999,67.14654999999998
demo,D02,71,50,80.9434,67.59515,68.2120858607829,68.73333086800255,68.81909522857666,80.9434,69.41308181818188
demo,D02,72,50,80.55125,66.7205,67.57901458636452,68.48684253693484,68.41866828918457,80.55125,69.13023484848499
demo,D02,73,50,80.6241,67.16885,67.74121479502274,68.69541432162225,68.4609091583252,80.6241,70.13949393939406
demo,D02,74,50,80.5395,67.9752,67.61121475458091,68.5620785970615,68.3763091583252,80.5395,71.92269696969687
demo,D02,75,50,79.29765,66.4945,66.60839362579115,67.29899867123433,67.17334522857666,79.29765,68.68928636363657
demo,D02,76,50,79.37525,66.4987,66.74197434220125,67.3936620668725,67.25094522857665,79.37525,69.15900757575776
demo,D02,77,50,78.74805,65.35215,66.14499306488726,66.84583118812718,66.6210091369629,78.74805,66.3862469696973
demo,D02,78,50,78.61405,65.07300000000001,66.11522856220992,66.72668518235518,66.48974522857667,78.61405,64.66158030303046
demo,D02,79,50,78.4043,65.47404999999999,65.76200972178096,66.46314692296598,66.3321211593628,78.4043,62.97336060606076
demo,D02,80,50,78.02175,65.1162,65.32029868502902,66.05927773440223,65.82237961578369,78.02175,60.84887121212098
demo,D02,81,50,77.76849999999999,64.8955,65.38311980201706,65.87736240100556,65.67669358825682,77.76849999999999,60.612378787878896
demo,D02,82,50,77.7855,65.0502,65.07027581811124,65.7978117687606,65.58612961578369,77.7855,61.309515151515214
demo,D02,83,50,77.2081,64.4948,64.885241080929,65.18741780653583,65.07282320556641,77.2081,61.75656969696969
demo,D02,84,50,77.5697,64.3003,64.93623423664354,65.38311769183737,65.26893782348633,77.5697,65.91710909090904
demo,D02,85,50,76.78525,63.89035,63.62763426766284,64.68623177658444,64.48448782348633,76.78525,64.45256818181824
demo,D02,86,50,77.64655,63.391149999999996,64.3316110039122,65.44522552956903,65.40230637817383,77.64655,68.76411060606075
demo,D02,87,50,76.411,62.561049999999994,63.09766101421271,64.19767459774508,64.11023782348633,76.411,66.56615151515143
demo,D02,88,50,76.31035,63.14769999999999,63.17379204959228,64.08559009323773,64.00958782348633,76.31035,66.19831969696976
demo,D02,89,50,75.64205000000001,63.9493,62.739504584826044,63.45859444829925,63.34128782348634,75.64205000000001,64.1372166666668
demo,D02,90,50,76.28395,62.556400000000004,62.75666658764874,64.03803287380492,63.94430175323487,76.28395,65.53587424242441
demo,D02,91,50,75.8491,61.82164999999999,62.62253425305087,63.79774478976837,63.6859091583252,75.8491,64.88087272727269
demo,D02,92,50,75.34305,62.009800000000006,62.28898460437408,63.15739273490855,62.95940112762452,75.34305,63.99447424242422
demo,D02,93,50,74.59025,61.787650000000006,61.599391640237215,62.397191454907095,62.20660112762451,74.59025,60.36384090909099
demo,D02,94,50,74.7974,61.7186,61.92337731198502,62.52835820680548,62.41375112762451,74.7974,61.05002121212102
demo,D02,95,50,74.1373,60.709199999999996,61.093088249480644,61.7263569508174,61.48213242034912,74.1373,58.134027272727224
demo,D02,96,50,74.6516,60.624849999999995,61.83776707913989,62.28286539507988,62.27659809265137,74.6516,62.27088787878779
demo,D02,97,50,74.1944,60.6374,60.99241900658496,61.74011233936499,61.467425512695314,74.1944,61.88596060606059
demo,D02,98,50,73.71865,60.150499999999994,60.930165032680506,61.336759997079895,61.156477110290524,73.71865,61.19287727272719
demo,D02,99,50,72.69704999999999,59.5178,60.2408876157671,60.27426295717083,60.23626890258788,72.69704999999999,56.51082272727264
demo,D02,100,50,72.87055,59.6967,60.316993919446325,60.35834200120579,60.29740508728027,72.87055,57.42156515151528
demo,D02,101,50,73.1091,59.46495,60.206358948666804,60.644278737864525,60.306737557983396,73.1091,59.66717575757561
demo,D02,102,50,73.00345,59.0364,59.715800008497155,60.451407145499076,60.264819705200196,73.00345,61.254222727272676
demo,D02,103,50,72.7088,59.74665,59.278537106631276,60.20154170426594,59.91819540863037,72.7088,60.75728484848487
demo,D02,104,50,71.6345,58.3687,58.660405540610945,59.09208173139494,58.92901942443848,71.6345,58.38156060606076
demo,D02,105,50,71.9382,58.6074,58.58859372453367,59.33951277268966,59.117829325866694,71.9382,57.92868484848487
demo,D02,106,50,71.8877,57.611000000000004,58.68654592329668,59.26349968142468,59.09149829406738,71.8877,60.031003030303
demo,D02,107,50,70.82045000000001,57.42195,57.81252906742859,57.97172434481764,57.788842372131356,70.82045000000001,58.3569803030303
demo,D02,108,50,71.0501,57.318000000000005,57.56662150685554,57.44758610992929,57.5173212600708,71.0501,59.06516060606077
demo,D02,109,50,70.8688,57.294650000000004,57.22768887367208,58.06794381424341,57.60589678649902,70.8688,57.079906060606305
demo,D02,110,50,70.4302,56.29765,57.12782047581328,57.58623166672839,57.188501734924316,70.4302,55.32753333333363
demo,D02,111,50,69.6982,56.06934999999999,56.90833155058672,56.84138186002401,56.71931530303955,69.6982,53.559563636363634
demo,D02,112,50,69.88915,55.56635,56.88785690016009,57.109292506944314,56.75229678192139,69.88915,54.9503621212122
demo,D02,113,50,69.62135,55.90235,56.59117543591742,56.82611137905054,56.51139039764405,69.62135,56.05733484848478
demo,D02,114,50,69.4074,55.271550000000005,55.76428942254063,56.57802574899364,56.23161970367431,69.4074,54.92483939393945
demo,D02,115,50,69.01469999999999,55.2059,55.91644090762813,56.23007143312977,55.83891970367431,69.01469999999999,54.904684848484784
demo,D02,116,50,68.78235000000001,55.2335,55.74203882937816,56.06135239377564,55.58949416503907,68.78235000000001,56.014683333333224
demo,D02,117,50,68.6345,54.55615,55.24914817908687,55.888563163685596,55.44498107147217,68.6345,55.13048484848485
demo,D02,118,50,68.50995,54.53115,55.327653179190236,55.79969574865635,55.25078328247071,68.50995,56.020222727272824
demo,D02,119,50,69.1005,54.0848,55.54857172467081,56.36406934269237,56.32298363494873,69.1005,60.17080303030287
demo,D02,120,50,67.71485,54.0887,54.342364362369786,54.85616298298651,54.61118464813232,67.71485,58.17583484848505
demo,D03,6,50,98.8142,83.90615,83.65491798822484,81.26399594287932,83.46959836883545,98.8142,84.63277142857169
demo,D03,7,50,98.409,83.23445000000001,83.01016031578706,80.8665120639929,82.8065419998169,98.409,83.97310714285724
demo,D03,8,50,97.9932,83.1409,82.36390329756352,80.4470851275689,81.52075737304688,97.9932,82.92177142857174
demo,D03,9,50,97.40395,82.706,81.36693364617965,79.11122655891907,79.4096758605957,97.40395,81.07653333333285
demo,D03,10,50,97.43895,83.04855,81.5676550620077,79.60003358141455,80.00244754333497,97.43895,81.45816212121213
demo,D03,11,50,96.99185,82.7449,81.02805956903495,79.14726869459814,79.3466969543457,96.99185,80.29425909090895
demo,D03,12,50,96.51615,81.84275,80.51839532938128,78.18091795240888,78.4956536315918,96.51615,78.92760454545456
demo,D03,13,50,96.51405,81.526,80.78125783561832,78.68813258406004,79.17809724121093,96.51405,80.7383530303032
demo,D03,14,50,96.1559,81.07215,80.14218542606216,78.31698358141455,78.81118678894043,96.1559,79.93780909090891
demo,D03,15,50,96.36105,81.19285,80.57905241758768,78.82007902876981,79.90950046997071,96.36105,81.70762575757585
demo,D03,16,50,96.08085,80.43860000000001,80.31458619889075,78.52192305760941,80.69040810546875,96.08085,83.39325909090935
demo,D03,17,50,95.34270000000001,80.08655,79.51998387885963,77.79796140323376,79.90697383422852,95.34270000000001,82.9137151515152
demo,D03,18,50,95.248,80.1816,79.29781531565314,77.68427068957168,79.6333988647461,95.248,83.29171212121206
demo,D03,19,50,94.4797,79.4011,78.50262587906907,76.88470511788492,78.43721762390136,94.4797,80.60033636363639
demo,D03,20,50,94.59885,79.2252,78.68651146973016,77.03670220342448,78.7969004989624,94.59885,81.01030454545473
demo,D03,21,50,94.57575,78.43554999999999,78.63899520976439,76.9996119418826,79.01786959838867,94.57575,81.44596212121206
demo,D03,22,50,94.41145,78.794,78.4811964771565,76.86494628973708,78.77668914337158,94.41145,81.17096515151518
demo,D03,23,50,93.65695000000001,78.8373,77.82562655769158,76.10381279469064,78.30839538879395,93.65695000000001,79.51661666666664
demo,D03,24,50,93.89235000000001,78.1431,78.05035997000377,76.3366135352774,78.30275706634522,93.89235000000001,80.0319106060604
demo,D03,25,50,92.82705,78.03645,77.36155580805945,75.29224504815735,77.56642225341797,92.82705,78.39682272727268
demo,D03,26,50,92.61155,77.0147,77.05815723823524,75.078172907202,77.44798722534179,92.61155,78.2316257575758
demo,D03,27,50,92.9019,78.19205,76.97265903784789,75.3523812726318,77.53705949249267,92.9019,79.00624848484854
demo,D03,28,50,93.71735,76.32515,77.80591079339851,76.17453832366475,77.64076804504394,93.71735,83.6935318181819
demo,D03,29,50,92.2407,76.20875000000001,76.32672079100317,74.68573588379694,76.52048038787842,92.2407,80.42815454545465
demo,D03,30,50,91.78115,76.1772,76.09679921242383,74.17908209937951,76.38824857940673,91.78115,78.68069545454559
demo,D03,31,50,90.83445,75.64395,75.53140782334047,73.2241822948721,75.64144920654297,90.83445,75.49487424242434
demo,D03,32,50,90.58515,74.857,75.32236108219992,72.98969879487208,75.4202101196289,90.58515,74.04633181818181
demo,D03,33,50,90.92885000000001,74.5531,75.27051648971722,73.31955446812952,75.45754701385499,90.92885000000001,73.93212272727281
demo,D03,34,50,90.47995,74.19955,74.81578627285823,72.89324176733587,75.45345215911865,90.47995,74.23910151515162
demo,D03,35,50,89.95215,75.16335,74.26764121428221,72.35377063560827,74.69911350097657,89.95215,71.54484696969715
demo,D03,36,50,89.99935,74.56405000000001,74.20021273813246,72.41063065980978,74.37758200225831,89.99935,70.57835000000004
demo,D03,37,50,89.70925,74.01835,73.95172130921733,72.16366644514196,74.49472191619873,89.70925,71.03435606060611
demo,D03,38,50,89.65235,72.705,74.06027560813338,72.11613956657054,74.4252706085205,89.65235,76.22148636363634
demo,D03,39,50,89.10355,73.36375000000001,72.90533804729587,71.56358379867731,73.49282555084228,89.10355,76.96145909090907
demo,D03,40,50,89.1239,72.8815,72.71340960704512,71.54455378123835,73.44077831878663,89.1239,78.69555151515148
demo,D03,41,50,88.4499,71.7996,71.98053767705329,70.84451025275216,72.7785771774292,88.4499,76.35190000000003
demo,D03,42,50,88.1043,71.83435,71.63483937842027,70.49952884003073,72.41524169616699,88.1043,74.00828484848478
demo,D03,43,50,88.1489,71.91555,71.908031034091,70.55343965266691,72.61846539154052,88.1489,74.82571818181815
demo,D03,44,50,87.2261,71.4131,70.83475979753412,69.69586938612167,71.01223090515137,87.2261,72.34750909090914
demo,D03,45,50,88.05330000000001,70.5158,71.35469212822966,70.45490899545403,71.96027479248048,88.05330000000001,74.08799696969695
demo,D03,46,50,87.0102,70.75185,70.78984385410398,69.41350829441882,71.6032643081665,87.0102,72.42151818181826
demo,D03,47,50,86.69985,69.5869,70.55148851860142,69.1095124636496,71.34906379089355,86.69985,71.48598636363609
demo,D03,48,50,86.43045000000001,69.82034999999999,70.18698326432373,68.87356351888147,70.97607282562257,86.43045000000001,71.49088939393967
demo,D03,49,50,86.5227,69.8871,70.21376591458437,68.94212242299025,70.71867339630127,86.5227,72.23236666666665
demo,D03,50,50,85.88335000000001,69.2093,69.5022869574972,68.32646351888147,70.60377846679688,85.88335000000001,72.13054696969697
demo,D03,51,50,84.84945,68.71159999999999,68.49755003852673,67.35997739906801,68.5513714630127,84.84945,68.53175303030304
demo,D03,52,50,85.4367,68.7851,68.82068878552595,67.90100336094922,68.9835635559082,85.4367,69.18579090909083
demo,D03,53,50,84.5975,68.46725,68.5817627689994,67.05068508689388,69.31187358856201,84.5975,67.89004545454534
demo,D03,54,50,84.41535,68.2239,68.13905320772459,66.82539930156169,69.0414076248169,84.41535,65.83094090909105
demo,D03,55,50,83.6823,67.7487,67.95194200226614,66.15318072931812,68.27767315368652,83.6823,65.68252727272731
demo,D03,56,50,83.90615,67.46585,67.34509215785832,66.38778187293907,67.62662996520996,83.90615,66.27360454545466
demo,D03,57,50,83.23445000000001,67.01585,66.66791963640908,65.62029130618691,66.56735672302247,83.23445000000001,64.9839651515151
demo,D03,58,50,83.1409,66.5297,66.67079863615739,65.54697049399402,66.65583453979492,83.1409,65.21958181818187
demo,D03,59,50,82.706,66.13045,66.29362239140558,64.86305195489913,65.64039865112305,82.706,66.22892424242427
demo,D03,60,50,83.04855,65.68549999999999,66.0312332626544,65.17010910520492,65.62970005493165,83.04855,69.13192878787888
demo,D03,61,50,82.7449,65.04554999999999,65.5583445787261,65.11746167776903,65.40096307983399,82.7449,68.8323242424243
demo,D03,62,50,81.84275,64.77475,65.10881359266,64.04615492873957,64.70534460449218,81.84275,68.70679545454558
demo,D03,63,50,81.526,64.62835,64.56214433038974,63.63663033833279,64.29438684082031,81.526,67.68362121212135
demo,D03,64,50,81.07215,64.4365,64.0988264748102,63.21345146568697,63.57770038452148,81.07215,66.53992272727268
demo,D03,65,50,81.19285,64.44695,64.01562132329131,63.25719313959661,63.49338901672364,81.19285,65.88263787878792
demo,D03,66,50,80.43860000000001,63.6523,63.51463870540073,62.553205688838844,62.985581811523446,80.43860000000001,64.54828181818183
demo,D03,67,50,80.08655,63.61555,63.141061017175744,62.15952343507027,62.28965211181641,80.08655,62.518534848484826
demo,D03,68,50,80.1816,63.287499999999994,63.25679264889407,62.39829327675518,62.52580967102051,80.1816,62.79109999999998
demo,D03,69,50,79.4011,62.543000000000006,62.494562748161115,61.51833828754758,61.706062158203125,79.4011,60.403327272727324
demo,D03,70,50,79.2252,62.439049999999995,62.62501940295343,61.43739154422863,61.81383830566406,79.2252,61.28523030303035
demo,D03,71,50,78.43554999999999,61.83535,61.704417313573764,60.045917159285565,60.560239102172844,78.43554999999999,60.704807575757584
demo,D03,72,50,78.794,61.95230000000001,61.55818911135787,60.968345738954156,60.9471925201416,78.794,61.85463636363657
demo,D03,73,50,78.8373,61.3932,61.44326288828334,60.992660349867556,61.17626255493164,78.8373,63.599300000000234
demo,D03,74,50,78.1431,60.49165,60.87888004097379,60.34103761573218,60.683993554687504,78.1431,62.829872727272615
demo,D03,75,50,78.03645,60.5431,60.922789877052615,60.45050391705982,61.34848079223633,78.03645,64.53464696969714
demo,D03,76,50,77.0147,60.634449999999994,59.796037687213754,59.185815415417096,59.63700300903321,77.0147,61.93653333333351
demo,D03,77,50,78.19205,59.73055000000001,60.620206309421135,60.717432373113695,60.934887905883784,78.19205,65.65006515151529
demo,D03,78,50,76.32515,59.56365,59.0623537661149,58.06961193872489,59.21224640502929,76.32515,62.69281666666677
demo,D03,79,50,76.20875000000001,59.2371,58.939923938564476,57.783899206058265,58.5189764404297,76.20875000000001,60.90418939393946
demo,D03,80,50,76.1772,58.40585,58.6866038751904,58.392323835127826,58.64232222290039,76.1772,60.462790909090664
demo,D03,81,50,75.64395,58.51305,58.3473761948891,57.79191350088688,57.85133601684571,75.64395,57.28048030303049
demo,D03,82,50,74.857,57.584250000000004,57.870232932027974,57.00101944791018,56.98837626647949,74.857,54.58495454545467
demo,D03,83,50,74.5531,57.456799999999994,57.578334955653176,55.90028963274142,56.46635950622559,74.5531,54.07405454545464
demo,D03,84,50,74.19955,57.608850000000004,56.83811256303201,55.53405081423493,56.029820767211916,74.19955,52.83176212121207
demo,D03,85,50,75.16335,57.0343,57.60547388260031,57.2937380736237,57.166693582153314,75.16335,57.56989545454568
demo,D03,86,50,74.56405000000001,56.4766,56.80663096985155,56.71904521067959,56.598077099609384,74.56405000000001,57.445913636363855
demo,D03,87,50,74.01835,56.342150000000004,56.736842638645484,56.166077129609775,56.64954125366211,74.01835,61.29700151515123
demo,D03,88,50,72.705,55.82995,55.042800429502265,54.03855405620527,54.605150299072264,72.705,57.10509090909093
demo,D03,89,50,73.36375000000001,55.491049999999994,55.551197589683014,55.425143152792444,55.26885368347169,73.36375000000001,58.487901515151535
demo,D03,90,50,72.8815,55.32315,55.19862847404324,54.236033143305065,54.944694274902346,72.8815,59.03356060606062
demo,D03,91,50,71.7996,54.5463,54.130330238724724,53.10206397857369,53.60348259887695,71.7996,56.24882727272735
demo,D03,92,50,71.83435,54.41454999999999,53.85257735666292,53.16412830609663,53.47071016845703,71.83435,54.38225909090907
demo,D03,93,50,71.91555,53.9462,54.074330033568,53.21686555071181,53.27618957214355,71.91555,53.60250454545455
demo,D03,94,50,71.4131,53.20120000000001,53.68557463140577,53.4269970527401,53.21268724975586,71.4131,51.2887969696968
demo,D03,95,50,70.5158,53.0373,53.193668764691395,51.88644248703757,52.364614010620116,70.5158,51.0344818181818
demo,D03,96,50,70.75185,53.42,52.96554885193022,52.142392315085914,52.54381929931641,70.75185,53.37631969696962
demo,D03,97,50,69.5869,52.700599999999994,51.81996285059056,50.80729614812081,51.19185567321777,69.5869,51.63144545454538
demo,D03,98,50,69.82034999999999,51.8233,51.63185197480772,51.12360879585339,51.411004373168936,69.82034999999999,50.22954696969697
demo,D03,99,50,69.8871,51.393,51.9546619618891,51.22759923187925,51.72967507324219,69.8871,52.78710000000002
demo,D03,100,50,69.2093,51.45570000000001,51.348857823425305,50.56417667617792,50.984511334228515,69.2093,53.25111818181831
demo,D04,6,50,95.78515,80.35210000000001,77.81736983470967,75.97594629572032,77.69161553039551,95.78515,77.52322142857172
demo,D04,7,50,95.66145,79.8975,77.49398955420176,75.83940353390373,77.5806337310791,95.66145,77.08636071428582
demo,D04,8,50,95.612,79.07560000000001,77.81141538760572,76.21431459904423,77.53101969909667,95.612,78.24830952380965
demo,D04,9,50,95.04625,79.5244,77.20200506556807,75.64856459904424,77.13034881591797,95.04625,77.51962499999988
demo,D04,10,50,94.8536,78.82114999999999,77.07616917347352,75.45591459904423,77.43455932006836,94.8536,77.67461515151517
demo,D04,11,50,94.77,78.1992,77.3223550620061,75.41025613455352,77.87659408569336,94.77,76.32365151515162
demo,D04,12,50,94.23169999999999,77.76849999999999,77.24741718260552,74.90496270696322,77.8490915863037,94.23169999999999,78.2908515151513
demo,D04,13,50,94.1013,77.6994,76.85431391003502,77.11129388022313,78.19791197662353,94.1013,79.1906787878788
demo,D04,14,50,94.20695,76.77380000000001,77.09650296749629,80.10676031835997,78.85154228515626,94.20695,81.22775303030294
demo,D04,15,50,93.37174999999999,77.13715,76.13117870065902,79.33545307960708,77.43939030456542,93.37174999999999,80.64967424242423
demo,D04,16,50,93.4699,76.29265,76.21683299236247,79.35161561873869,77.90538393249511,93.4699,80.6222030303031
demo,D04,17,50,92.97535,76.3408,75.7377232777453,78.80587606007583,77.82714996490479,92.97535,79.64410757575757
demo,D04,18,50,92.0576,75.7234,74.93374877791824,76.87583269313544,75.85448453674316,92.0576,77.20296363636368
demo,D04,19,50,91.8561,75.4502,74.63212393727677,75.86801559438727,75.7239092956543,91.8561,75.19687272727273
demo,D04,20,50,92.708,75.5209,75.36005513895229,78.46640415508988,77.01120072174072,92.708,77.85880303030311
demo,D04,21,50,91.3048,74.77865,74.12634346337435,77.10692611431281,75.42503067474365,91.3048,75.46042121212133
demo,D04,22,50,91.21975,75.04165,73.96107927295554,75.9594534378054,74.5268731842041,91.21975,74.45402272727287
demo,D04,23,50,91.1157,74.5376,73.92279535580793,76.89063380606032,75.25450443572998,91.1157,74.53560909090918
demo,D04,24,50,90.9913,73.87505,73.8225739132055,76.69909474485465,75.1378482711792,90.9913,76.41919393939386
demo,D04,25,50,90.38965,73.40715,73.0185415320868,76.03418146034744,74.01696552124024,90.38965,75.34954393939397
demo,D04,26,50,89.84495,73.31345,72.56819304540078,74.52843000792016,73.03067616577148,89.84495,74.98579848484853
demo,D04,27,50,89.03444999999999,73.044,72.15946918025716,73.6818149534582,72.15273231811523,89.03444999999999,72.69423787878783
demo,D04,28,50,89.35985,72.10035,71.91911846719233,74.00417061499722,72.24003989562988,89.35985,71.75528939393939
demo,D04,29,50,89.025,71.96975,71.68845940870985,73.6773494113395,71.89205017089844,89.025,70.20619696969698
demo,D04,30,50,88.74980000000001,71.08945,71.79543074356249,73.41231114638518,71.8776133392334,88.74980000000001,72.52169393939396
demo,D04,31,50,89.0036,71.6155,71.24926909015659,73.74837098151656,71.92754256591797,89.0036,73.77994848484863
demo,D04,32,50,88.41980000000001,72.4567,70.73381567093134,73.0533237486434,71.24666424255372,88.41980000000001,73.71958787878808
demo,D04,33,50,87.95819999999999,70.5859,70.47079924260927,73.48936409643724,70.83737518615722,87.95819999999999,73.87262424242437
demo,D04,34,50,87.10825,69.56515,69.68888054749682,70.8833299378973,69.99936518859863,87.10825,72.81823484848495
demo,D04,35,50,86.91635,70.02555000000001,69.19257338965062,69.75728776392963,69.79630719909667,86.91635,72.2463954545457
demo,D04,36,50,86.7143,69.2113,68.96733198053711,69.58303123845891,69.48995956115722,86.7143,71.40272424242431
demo,D04,37,50,86.18185,68.9226,68.31162114390368,66.92573833183248,68.20297197875976,86.18185,67.97221363636362
demo,D04,38,50,86.23555,68.9481,68.47509592534739,66.97487056516582,68.34631736450196,86.23555,68.08782272727251
demo,D04,39,50,85.8626,68.47445,68.2435903239705,68.50182327128604,68.27193418273926,85.8626,67.53699393939388
demo,D04,40,50,85.0984,67.88905,67.4312984955522,65.8613540465991,67.32386195983887,85.0984,65.510006060606
demo,D04,41,50,85.45255,67.47745,67.86198001273637,68.09129098232023,67.99917322998047,85.45255,68.62620151515159
demo,D04,42,50,86.20995,68.63045,68.02641880925069,70.49873362804492,68.90876248474122,86.20995,74.4174348484851
demo,D04,43,50,83.90965,66.8215,66.09115300378718,66.66023584100382,66.77817073669434,83.90965,70.67805909090916
demo,D04,44,50,84.0793,66.24674999999999,65.77303519158907,64.78841666617286,66.10405929260254,84.0793,69.49181515151533
demo,D04,45,50,83.84465,66.11435,65.77282823403684,66.59799400584404,66.59080097045899,83.84465,68.45737727272721
demo,D04,46,50,83.717,65.9501,65.46077047207642,66.39240442693401,66.40380572509765,83.717,68.36993939393928
demo,D04,47,50,84.35185,65.4283,65.84280070025329,68.44537695160949,66.74773356018066,84.35185,70.8181227272725
demo,D04,48,50,83.00110000000001,64.6907,65.0896165263199,67.10322226642431,65.77635901794434,83.00110000000001,68.88493333333362
demo,D04,49,50,82.47155000000001,65.0439,64.68882380810442,66.48129329557958,65.30991174011231,82.47155000000001,67.04582272727284
demo,D04,50,50,81.6829,63.557399999999994,63.959169852725154,64.33750496762435,64.54163794555664,81.6829,62.304596969696924
demo,D04,51,50,82.4165,63.8765,64.6071135331607,65.72607261694276,65.11964598083496,82.4165,64.3368484848486
demo,D04,52,50,81.73615,63.4552,63.835483408080336,64.36392803304369,64.50497743835449,81.73615,67.4643469696969
demo,D04,53,50,81.41815,63.31595,62.8324825519578,63.828241102433765,63.956180624389646,81.41815,65.13064999999989
demo,D04,54,50,80.8155,63.06975,62.618012691679105,61.540413859173256,62.920694091796875,80.8155,62.9442121212122
demo,D04,55,50,80.82589999999999,62.868500000000004,62.66920458437666,61.60022775226385,62.851992529296865,80.82589999999999,62.59508181818175
demo,D04,56,50,80.35210000000001,61.94539999999999,62.49263009702868,62.859164660380884,63.196031198120124,80.35210000000001,61.87361515151523
demo,D04,57,50,79.8975,61.96325,62.359364388814264,62.3997960029202,62.79643722534179,79.8975,64.08703030303028
demo,D04,58,50,79.07560000000001,61.47365,61.18081999078218,60.640067977622095,61.14202532348634,79.07560000000001,61.88870606060607
demo,D04,59,50,79.5244,60.528499999999994,61.226591924795414,60.22337421307483,61.47287106933594,79.5244,62.79900606060595
demo,D04,60,50,78.82114999999999,61.2387,60.49443912610596,59.33262650740486,60.544075186157215,78.82114999999999,59.79661969696977
demo,D04,61,50,78.1992,59.862950000000005,60.21676532122357,58.823203147189346,59.48583063049317,78.1992,59.35903333333345
demo,D04,62,50,77.76849999999999,60.045899999999996,59.54025114713608,58.347506156481664,59.03679719543456,77.76849999999999,58.226166666666856
demo,D04,63,50,77.6994,59.66205,59.23793541020012,58.2776195366623,58.42309766235351,77.6994,58.61108181818199
demo,D04,64,50,76.77380000000001,59.2522,58.337232386580276,57.03664866196809,57.44423113708497,76.77380000000001,55.86008787878794
demo,D04,65,50,77.13715,58.64505,58.31145129373037,57.22559591284346,57.88538188781739,77.13715,57.87318030303034
demo,D04,66,50,76.29265,58.665049999999994,57.490980520420436,56.44850453043505,56.9699952758789,76.29265,57.03151363636365
demo,D04,67,50,76.3408,57.57165,57.58059762731331,56.87518959941581,57.05758352355957,76.3408,58.15875454545456
demo,D04,68,50,75.7234,57.6424,56.59256191317631,55.8305048140535,56.31545818176269,75.7234,56.352536363636375
demo,D04,69,50,75.4502,57.11485,56.50466181223112,55.61220266496376,56.120631137084956,75.4502,57.67306363636359
demo,D04,70,50,75.5209,56.702149999999996,56.025843825370586,55.64910313005778,56.08505748596191,75.5209,59.65535454545466
demo,D04,71,50,74.77865,56.65480000000001,55.364547862119366,54.88198979481294,55.35839052429199,74.77865,58.727362121212174
demo,D04,72,50,75.04165,56.46975,55.637670490725654,55.444220121292815,55.581839743041996,75.04165,60.159286363636554
demo,D04,73,50,74.5376,55.66330000000001,55.25422230051264,54.99468344812739,55.07068296203613,74.5376,60.8717818181819
demo,D04,74,50,73.87505,55.6198,54.43614545122513,54.290582262933015,54.31015437011719,73.87505,58.449731818181746
demo,D04,75,50,73.40715,55.0193,54.15919413005412,53.519012464499426,54.02195522155762,73.40715,57.914225757576034
demo,D04,76,50,73.31345,54.354800000000004,54.03247238025339,53.67226206893052,53.771099230957034,73.31345,56.94298030303054
demo,D04,77,50,73.044,54.163,53.87414789025857,53.47683091822768,53.72072538757324,73.044,57.02719696969724
demo,D04,78,50,72.10035,53.7678,53.06749182080401,52.629256938742884,52.375021554565436,72.10035,53.80368333333343
demo,D04,79,50,71.96975,53.2654,52.82385341551774,52.49865693874288,52.23414476013184,71.96975,52.32215909090917
demo,D04,80,50,71.08945,53.2192,52.46287614987155,51.26424911161242,51.3520289642334,71.08945,50.0351469696967
demo,D04,81,50,71.6155,52.7768,52.4615651351854,52.00716225894318,51.73477032470703,71.6155,50.800727272727386
demo,D04,82,50,72.4567,51.844449999999995,53.09719755699489,52.8827683876155,53.04498544616699,72.4567,56.96936666666679
demo,D04,83,50,70.5859,51.440949999999994,51.66381225030942,51.06486640528547,51.39170902099609,70.5859,55.21029393939407
demo,D04,84,50,69.56515,51.67805,50.93567286389651,50.00463355282203,50.40947601928711,69.56515,51.70387727272731
demo,D04,85,50,70.02555000000001,50.91974999999999,50.987126068431984,50.52129923042084,50.83025848083497,70.02555000000001,51.98664090909111
demo,D04,86,50,69.2113,50.868199999999995,50.34740206183535,49.65203906563727,49.48929415588378,69.2113,50.51119393939415
demo,D04,87,50,68.9226,50.6246,50.04690181399612,49.30690271854273,49.191162316894534,68.9226,50.36191818181793
demo,D04,88,50,68.9481,49.621300000000005,49.618816433437985,49.311453723036635,49.07789888916015,68.9481,49.94870606060611
demo,D04,89,50,68.47445,49.190850000000005,49.1827062550453,48.54213067409174,48.66044128723145,68.47445,49.21969242424237
demo,D04,90,50,67.88905,49.727900000000005,48.65347247496945,47.83956780607455,47.985144131469724,67.88905,45.96641363636387
demo,D05,6,50,94.6697,74.0674,74.67403590188167,77.6508742412739,76.23299536437989,94.6697,80.67191428571444
demo,D05,7,50,94.57204999999999,73.53965,74.66273249032331,77.56360964196833,75.69933118896483,94.57204999999999,81.13517500000034
demo,D05,8,50,93.99969999999999,73.54045,73.81997327348702,76.5251670785953,75.82079069824218,93.99969999999999,79.53148571428615
demo,D05,9,50,92.68650000000001,72.8725,71.30872892268859,71.51392044393266,71.74754278564454,92.68650000000001,74.3242083333331
demo,D05,10,50,93.12565000000001,72.79635,71.73769152760389,72.50849968071134,72.96648557128907,93.12565000000001,74.98018030303047
demo,D05,11,50,93.34925,71.97704999999999,72.51798988381162,73.85078089826638,73.35219494628906,93.34925,74.50461363636387
demo,D05,12,50,92.38335,71.41539999999999,71.82017889423675,72.16851915074244,71.70151482543945,92.38335,73.00697121212119
demo,D05,13,50,91.46705,70.51635,70.70812164723577,69.48655197022153,69.79325239257813,91.46705,72.67589848484849
demo,D05,14,50,91.51295,70.12620000000001,70.25225160081854,69.73910590845543,70.01827531738282,91.51295,72.0471318181817
demo,D05,15,50,90.65725,69.62135,69.20839462194022,68.32715409393904,68.31523568725586,90.65725,69.18002272727266
demo,D05,16,50,91.02265,69.84495,69.63920048257633,69.0480586284578,69.00596069946289,91.02265,70.67380151515171
demo,D05,17,50,89.97575,69.4414,68.45578032045225,67.63755452251047,67.75167277526856,89.97575,69.78493181818193
demo,D05,18,50,89.89285,69.2237,68.19679701603488,67.75215400603506,67.6573420349121,89.89285,70.51177424242421
demo,D05,19,50,89.2198,69.00775,67.27288506406575,66.83738829799806,66.87983799438477,89.2198,66.92454242424239
demo,D05,20,50,88.91825,67.88655,67.15775412342022,66.55230836903061,66.68274203491211,88.91825,66.45126515151523
demo,D05,21,50,89.13165,67.26185,67.46001201729865,67.0418461662451,67.07611945190429,89.13165,70.37021060606071
demo,D05,22,50,88.31905,67.25615,66.40229653658587,66.09281164904179,66.08354203491211,88.31905,70.38342878787873
demo,D05,23,50,87.72109999999999,66.38185,65.58190339664682,65.31249675633138,65.4855920349121,87.72109999999999,68.38940303030299
demo,D05,24,50,87.1448,65.8805,65.18286192490874,64.76384939879252,64.87607555847168,87.1448,67.26857272727244
demo,D05,25,50,86.5251,66.0848,64.40408378620404,64.12700473212584,64.2895920349121,86.5251,64.20928181818182
demo,D05,26,50,86.30825,65.38615,64.15885044018074,63.92729939879251,64.07274203491211,86.30825,64.68376515151523
demo,D05,27,50,86.31295,64.75995,63.846504715937996,63.892034393831395,63.972987994384766,86.31295,64.76016212121208
demo,D05,28,50,86.168,64.5728,63.95471838805064,63.79808507001701,63.932492034912116,86.168,66.23513636363643
demo,D05,29,50,85.2992,63.9323,62.92567514952097,62.148425417831476,63.03047555847168,85.2992,64.63079090909088
demo,D05,30,50,85.53070000000001,63.592999999999996,63.00212717247186,62.44877672205324,63.156401904296885,85.53070000000001,66.1290636363637
demo,D05,31,50,85.1022,62.78075,62.703847383053066,61.928979363101206,62.39512297363281,85.1022,68.56309393939421
demo,D05,32,50,84.16924999999999,63.19395,61.88695980181455,60.54978291501836,61.428956497192374,84.16924999999999,67.68168939393945
demo,D05,33,50,83.50565,61.9452,61.005193690988804,59.90817854325378,60.85053296508789,83.50565,65.7816803030303
demo,D05,34,50,83.71459999999999,62.13145,60.89041698569747,59.85057668941672,60.92181244812011,83.71459999999999,65.95790303030317
demo,D05,35,50,83.63335,61.696799999999996,60.91775596878431,59.633342556785905,60.57019196472167,83.63335,65.63557727272726
demo,D05,36,50,82.0613,60.99575,59.788772377799845,58.078374731189356,59.40618296508789,82.0613,60.56478484848492
demo,D05,37,50,82.0707,60.5173,59.8371411558797,58.05917221071576,59.41558296508789,82.0707,59.69065454545462
demo,D05,38,50,82.13765,60.18375,59.68188915256614,58.13852193620595,59.482532965087884,82.13765,61.14455909090896
demo,D05,39,50,80.9068,59.1295,58.613649158749595,56.883247555138084,58.251682965087895,80.9068,57.49043636363622
demo,D05,40,50,81.0926,59.245650000000005,58.66732769093684,57.06305753062828,58.437482965087895,81.0926,59.19341818181833
demo,D05,41,50,80.86975,59.017450000000004,58.47711453824024,56.778590391745425,58.18141648864746,80.86975,61.14140151515154
demo,D05,42,50,80.10655,58.9016,57.5209212045996,55.83737448803797,57.41821648864746,80.10655,59.922868181818274
demo,D05,43,50,79.82695,57.55295,57.10034662661194,55.324020330253816,57.06737892456054,79.82695,58.67563181818191
demo,D05,44,50,79.768,56.92395,57.0876323647956,55.14646852825065,57.07966648864746,79.768,60.414287878787974
demo,D05,45,50,80.29475000000001,56.5148,57.455421959819255,55.687796438858015,57.08908250427247,80.29475000000001,66.29628030303012
demo,D05,46,50,78.37405,56.6692,55.58540330303689,53.73734791114691,55.30133805541992,78.37405,61.27577727272737
demo,D05,47,50,77.80805,55.3909,55.32602701575362,53.146408693248276,54.83979209594726,77.80805,58.3323681818179
demo,D05,48,50,77.26595,54.94520000000001,54.95442953427157,52.524554418277475,54.26447561950684,77.26595,56.7409954545457
demo,D05,49,50,77.40835,55.2461,54.487908760991,52.64246421815854,54.33563805541992,77.40835,55.07219848484854
demo,D05,50,50,76.2761,54.484500000000004,53.78906112976169,51.52569309227496,52.92568953857422,76.2761,51.78040303030298
demo,D05,51,50,76.1834,54.466899999999995,53.50024426681074,51.481060327465265,53.18192561950684,76.1834,51.45159696969699
demo,D05,52,50,75.86064999999999,53.22855,52.994136775387595,50.825035044703434,52.51023953857421,75.86064999999999,50.30872575757565
demo,D05,53,50,75.24875,52.93385000000001,52.41783313189511,50.259187285393914,51.890292434692384,75.24875,48.84915909090887
demo,D05,54,50,76.13045000000001,52.22935,52.91570437247493,51.00685407361513,52.66753839416505,76.13045000000001,53.865995454545605
demo,D05,55,50,75.306,52.001450000000006,52.46128663659956,50.32925154504166,51.93684602355957,75.306,58.88859090909088
demo,D05,56,50,74.0674,50.95645,50.79116671471069,49.03087119890349,50.74161913146973,74.0674,56.740187878788
demo,D05,57,50,73.53965,51.22375,50.086473577003446,48.40526028405051,50.18065265502929,73.53965,54.58674090909096
demo,D05,58,50,73.54045,50.644149999999996,49.857937771321744,48.39898044174283,50.181452655029304,73.54045,53.74393484848484
demo,D05,59,50,72.8725,50.05805,49.59562954603724,47.864162602962786,49.54671913146973,72.8725,53.14324242424244
demo,D05,60,50,72.79635,49.485800000000005,49.15849290899483,47.70036636482541,49.33289861450196,72.79635,51.90150151515157
demo,D05,61,50,71.97704999999999,48.861349999999995,48.41794255979063,46.84037083548321,48.61805265502929,71.97704999999999,49.48209545454543
demo,D05,62,50,71.41539999999999,48.8743,47.995113388267754,46.34325974124175,48.05640265502929,71.41539999999999,47.26203636363658
demo,D05,63,50,70.51635,47.8302,47.532824862392005,45.501150745029605,47.1573526550293,70.51635,42.90704696969701
demo,D05,64,50,70.12620000000001,47.86,47.17272638422673,45.11851330170023,46.76720265502931,70.12620000000001,43.804033333333365
demo,D05,65,50,69.62135,47.853,46.39403973995143,44.56875870829716,46.262352655029304,69.62135,44.10022878787889
demo,D05,66,50,69.84495,47.1999,45.851231352718784,44.75470893420304,46.49381665344238,69.84495,45.051268181818216
demo,D05,67,50,69.4414,45.82565,45.4297693981015,44.32352215136152,46.090266653442384,69.4414,45.074460606060626
demo,D05,68,50,69.2237,45.638400000000004,45.17739624824994,44.13070520493717,45.87256665344238,69.2237,47.176230303030266
demo,D05,69,50,69.00775,45.447500000000005,44.782733313148064,43.87972927438041,45.656616653442384,69.00775,49.08050757575761
demo,D05,70,50,67.88655,44.8209,44.29405217495041,42.57348189872894,44.41746239929199,67.88655,49.11015606060609
demo,D06,6,50,94.459,86.2688,87.43523514654002,88.77038113512528,87.24355209732056,94.459,89.49321428571425
demo,D06,7,50,94.14155,85.80265,87.29624302754466,88.53526209799607,86.43834203033447,94.14155,89.6946750000002
demo,D06,8,50,93.82275,86.2407,86.6365174195488,87.82518276217804,86.10734930419922,93.82275,88.63432738095284
demo,D06,9,50,93.182,85.4892,85.20709930632111,84.06339509588871,85.58762295913697,93.182,85.85758333333317
demo,D06,10,50,93.39895,85.58645,85.53975515804369,84.18760599551575,85.84225883026123,93.39895,85.97831363636377
demo,D06,11,50,93.11495,85.4713,85.26156460835112,83.93198508567048,85.25767594451904,93.11495,84.86035909090926
demo,D06,12,50,92.88149999999999,85.6409,84.86069207838275,83.77177446175054,85.15937399291991,92.88149999999999,84.28530303030291
demo,D06,13,50,93.1953,84.8623,85.29341160269989,83.95881583338448,85.23671473770142,93.1953,85.17467878787897
demo,D06,14,50,92.72200000000001,84.59325,84.91343564654106,83.53362588636858,84.81795394134522,92.72200000000001,84.4369999999999
demo,D06,15,50,93.5711,84.17125,85.94127901536868,84.64493389012803,85.70932174072266,93.5711,86.82846363636367
demo,D06,16,50,91.55765,84.91760000000001,83.78310060726281,82.41788430303076,83.78629246368408,91.55765,83.0239984848487
demo,D06,17,50,92.19545,84.4092,84.25684996646987,83.00461837308822,84.54476564331054,92.19545,84.31046515151522
demo,D06,18,50,92.26455,84.24925,84.28189536212969,83.02279291084632,84.32643011169434,92.26455,85.33347424242424
demo,D06,19,50,92.152,84.87865,83.9453865636043,82.969390142258,84.23467498016358,92.152,84.67640909090913
demo,D06,20,50,92.1499,83.87115,84.20476172743456,82.92625125181493,84.17953018417359,92.1499,85.47147575757572
demo,D06,21,50,91.64635,83.21265,83.64660715757522,82.46047567559134,83.71965560684204,91.64635,84.20210757575764
demo,D06,22,50,91.5074,83.37395,83.5140587147009,82.28790855096024,83.58070560684205,91.5074,83.0302787878787
demo,D06,23,50,91.00465,84.07820000000001,83.20618849840184,81.83809870222211,83.12654722061157,91.00465,82.00230151515147
demo,D06,24,50,91.1896,82.97195,83.23066825472583,82.00663508567048,83.19400454483032,91.1896,81.91643333333315
demo,D06,25,50,90.71865,82.79845,83.04127744740198,81.50271621763449,82.88686718215942,90.71865,83.6493166666666
demo,D06,26,50,91.5037,82.57135,82.97086178293405,82.19453657918929,83.20023034210205,91.5037,83.79650303030311
demo,D06,27,50,90.4625,82.15745,82.44142445599968,81.19428172810073,82.48386707305909,90.4625,81.43650000000002
demo,D06,28,50,91.0854,82.88085,82.94175299189097,81.60169835067961,83.11041678466798,91.0854,83.72002121212128
demo,D06,29,50,90.39595,82.32015,82.36091793587278,80.99598288376328,82.4304467842102,90.39595,83.15034393939388
demo,D06,30,50,90.38695,81.99,82.22404169721013,80.93005128022617,82.38696192092895,90.38695,84.29384393939391
demo,D06,31,50,90.01034999999999,82.11175,81.9664433425011,80.47776653988917,81.99355865631102,90.01034999999999,83.4326075757576
demo,D06,32,50,89.47025,81.85235,81.63496011281784,80.0860245014485,81.44317613983154,89.47025,81.46321969696953
demo,D06,33,50,90.13085,81.62,81.9698511288382,80.52742502559994,81.9523545928955,90.13085,82.05497121212132
demo,D06,34,50,89.04055,81.5688,81.04361719124982,79.65503817864851,81.03439593963623,89.04055,79.06835303030311
demo,D06,35,50,89.36755,81.2292,81.18641797551933,79.80032792032246,81.33856593017578,89.36755,78.12347424242438
demo,D06,36,50,89.35895000000001,81.21555000000001,81.36971420470228,79.94959315941182,81.37988076705933,89.35895000000001,80.25522272727265
demo,D06,37,50,89.2855,81.06555,80.91856578902667,79.70997184869958,81.1231874923706,89.2855,79.95098484848472
demo,D06,38,50,88.839,80.71334999999999,80.94681047581128,79.46223046662416,80.83307482147217,88.839,80.84563636363617
demo,D06,39,50,88.34575,80.42304999999999,80.18253297263163,78.93950119305558,80.20782485198974,88.34575,79.41159848484845
demo,D06,40,50,88.49665,80.77265,80.47063662063218,79.0383428104646,80.370917578125,88.49665,80.24580151515163
demo,D06,41,50,88.3518,79.99425,79.87171527928552,78.80891061654347,80.25660518341064,88.3518,80.27951212121224
demo,D06,42,50,88.1836,80.0788,79.65893797108316,78.57753309272356,79.96599059448242,88.1836,79.03599393939396
demo,D06,43,50,88.54525,79.90915,80.11115524656024,78.97147162095311,80.45716101074218,88.54525,82.29043181818182
demo,D06,44,50,87.72855,79.42535,79.27687769553677,78.19908201520188,79.56650833587646,87.72855,79.46579242424254
demo,D06,45,50,88.0209,79.18889999999999,79.58062330345527,78.46942107775838,79.88106464233398,88.0209,80.43267272727262
demo,D06,46,50,87.81575000000001,79.14784999999999,79.34925855080648,78.18677397667776,79.48998629760743,87.81575000000001,81.13003787878787
demo,D06,47,50,87.89375,78.9288,79.43268374694816,78.26957107631065,79.59506969451904,87.89375,83.01371969696943
demo,D06,48,50,87.40259999999999,78.46125,78.6895729373486,77.80416691548722,79.26276464233398,87.40259999999999,82.34390303030334
demo,D06,49,50,87.5165,78.5252,78.7245542972813,77.885997576598,79.27052545928954,87.5165,81.8161515151515
demo,D06,50,50,87.0638,78.62219999999999,78.49577242467848,77.42542629114347,78.9169436920166,87.0638,80.49273939393942
demo,D06,51,50,87.0817,78.74355,78.84730359655347,77.52578335146966,78.72964540405273,87.0817,80.0743060606061
demo,D06,52,50,86.3361,78.35125,78.12582573885761,76.8476436951819,78.09546031341553,86.3361,77.06800909090896
demo,D06,53,50,85.8308,77.226,78.07292483750004,76.44809417320921,77.68240064697265,85.8308,75.24911818181798
demo,D06,54,50,86.5705,78.0189,78.22092957521576,76.9459526459701,78.26181755828857,86.5705,75.61537878787892
demo,D06,55,50,86.4212,77.47945,78.42232925601564,76.82072704972374,77.99563809509277,86.4212,76.36180606060614
demo,D06,56,50,86.2688,77.60295,77.90172667231354,76.70832392609687,78.00725767974853,86.2688,76.97517878787885
demo,D06,57,50,85.80265,77.28265,77.40059481591506,76.39561990944132,77.65714695587158,85.80265,77.20102878787884
demo,D06,58,50,86.2407,77.0487,77.6901089606423,76.62537127972661,77.92426609344483,86.2407,79.15592727272742
demo,D06,59,50,85.4892,76.8952,77.03800458796808,75.98339933676658,77.2526162902832,85.4892,78.9555787878787
demo,D06,60,50,85.58645,76.7382,76.90732323781228,75.9617747000638,77.32087268371582,85.58645,79.58887424242431
demo,D06,61,50,85.4713,76.9671,76.88442759473338,75.87139710001661,77.23280608062744,85.4713,80.65075454545446
demo,D06,62,50,85.6409,76.37650000000001,76.85450697098706,76.01672107631066,77.35526595916748,85.6409,80.9505969696972
demo,D06,63,50,84.8623,76.52640000000001,76.1687220548915,75.26519211433684,76.39833649139405,84.8623,76.91578484848509
demo,D06,64,50,84.59325,76.3008,76.22326189984128,75.08799813923768,76.24076052856445,84.59325,75.70938636363638
demo,D06,65,50,84.17125,76.03675,75.74127224449576,74.77534197866693,75.89398826599121,84.17125,73.89979545454557
demo,D06,66,50,84.91760000000001,75.11825,76.3634394208589,75.27991629384073,76.51572355041505,84.91760000000001,76.1496606060607
demo,D06,67,50,84.4092,75.80655,75.74754083673373,74.7845247000638,76.01727132720947,84.4092,75.02330606060592
demo,D06,68,50,84.24925,76.1909,75.84829851406427,74.78132438463739,75.91683537292481,84.24925,76.11385606060618
demo,D06,69,50,84.87865,75.3202,75.75698220076514,75.23978238037918,76.36635713806152,84.87865,78.41224090909087
demo,D06,70,50,83.87115,74.6303,75.15102663936133,74.33576011904715,75.47915457000732,83.87115,77.02019545454544
demo,D06,71,50,83.21265,74.38285,74.81047791562635,73.80996994638232,74.8415333618164,83.21265,74.8369833333334
demo,D06,72,50,83.37395,75.1474,74.92333653009703,73.96331310158823,75.09875201721191,83.37395,75.84769242424258
demo,D06,73,50,84.07820000000001,74.0832,75.04884327320772,74.4393323803792,75.61630024261476,84.07820000000001,78.10060909090915
demo,D06,74,50,82.97195,74.5297,74.3691761968232,73.42190656045486,74.37571567840577,82.97195,75.10435909090904
demo,D06,75,50,82.79845,74.03675,74.27774724855638,73.19841229647037,74.25260878295899,82.79845,72.1436166666669
demo,D06,76,50,82.57135,73.69025,74.28597571810168,73.17964903866692,74.06581010589599,82.57135,71.829743939394
demo,D06,77,50,82.15745,73.6177,73.73441977554019,72.72775037184265,73.65416649932861,82.15745,69.92755606060643
demo,D06,78,50,82.88085,73.05545,73.9907706646417,73.2622967691205,74.34202973327636,82.88085,71.96710757575771
demo,D06,79,50,82.32015,73.256,73.92682146067541,72.88562379064935,73.814610105896,82.32015,74.12071060606047
demo,D06,80,50,81.99,72.7494,73.15377860211021,72.51657736220925,73.37420677185058,81.99,73.79672727272695
demo,D06,81,50,82.11175,72.76945,73.0890877238689,72.49710838743957,73.21664654541016,82.11175,73.20178030303032
demo,D06,82,50,81.85235,72.97930000000001,72.99821870305125,72.22320284232762,73.1061513458252,81.85235,72.72310757575758
demo,D06,83,50,81.62,72.59135,72.94090408470403,72.21250849582678,73.114460105896,81.62,74.90748484848487
demo,D06,84,50,81.5688,71.88355,72.57553318200026,71.93573531775496,72.858106640625,81.5688,74.93569393939383
demo,D06,85,50,81.2292,72.39655,72.19859156552857,71.65496605458212,72.46811353607178,81.2292,74.02138181818201
demo,D06,86,50,81.21555000000001,71.95165,72.13129139148579,71.60846182446966,72.45446353607178,81.21555000000001,73.58985303030322
demo,D06,87,50,81.06555,71.6035,72.00506212958524,71.49152461276674,72.22083964996338,81.06555,72.05491363636345
demo,D06,88,50,80.71334999999999,71.80235,72.03562443153261,71.2760619573891,72.16917199096679,80.71334999999999,72.4303196969696
demo,D06,89,50,80.42304999999999,71.34009999999999,71.6322080149548,70.91674793993764,71.80725677185058,80.42304999999999,71.5205348484847
demo,D06,90,50,80.77265,70.85225000000001,71.5938184206745,71.12863136037919,71.920918699646,80.77265,72.25336212121218
demo,D06,91,50,79.99425,71.56774999999999,71.32231899341933,70.57318640173337,71.45146054077148,79.99425,70.87890151515144
demo,D06,92,50,80.0788,70.8194,71.24054780421278,70.55371462144558,71.46300677185059,80.0788,71.01664848484843
demo,D06,93,50,79.90915,70.61115,70.87865479437635,70.39295053149108,71.22225653686523,79.90915,70.73789242424238
demo,D06,94,50,79.42535,70.32475000000001,71.00014052600325,70.01409918006955,70.8674486175537,79.42535,69.69174393939372
demo,D06,95,50,79.18889999999999,70.6108,70.52779027105383,69.7538921846961,70.5579948486328,79.18889999999999,68.41514242424242
demo,D06,96,50,79.14784999999999,69.90960000000001,70.2403285577258,69.69415069343124,70.55352398071288,79.14784999999999,68.41303181818172
demo,D06,97,50,78.9288,69.41355,69.99071718601239,69.51823706693463,70.39303149108886,78.9288,68.38866363636367
demo,D06,98,50,78.46125,70.57635,69.89187952888322,69.0613467026947,69.89835899353028,78.46125,66.96165909090934
demo,D06,99,50,78.5252,69.8944,69.5695647879048,69.06696351449385,69.87776099700928,78.5252,66.63780606060608
demo,D06,100,50,78.62219999999999,69.5553,69.72243910234853,69.18897062878709,70.03741739959716,78.62219999999999,68.9270939393941
demo,D06,101,50,78.74355,69.03825,69.38686689919949,69.12680739390551,69.80588978271484,78.74355,70.28032272727273
demo,D06,102,50,78.35125,69.33555,69.19019977127361,68.78142384058643,69.61581260681152,78.35125,71.08982575757588
demo,D06,103,50,77.226,68.95655000000001,68.43474771947788,67.81778410444049,68.65030591583252,77.226,68.57901515151502
demo,D06,104,50,78.0189,68.46055,68.54783287156206,68.44521327678078,69.21525677337647,78.0189,70.16229393939402
demo,D06,105,50,77.47945,68.29889999999999,68.16783645225077,67.95419927669104,68.72113872833252,77.47945,69.0062227272728
demo,D06,106,50,77.60295,68.25535,68.18119153242506,68.04232904164189,68.74891366882325,77.60295,69.74911666666678
demo,D06,107,50,77.28265,67.71464999999999,67.8589897813802,67.74133266186234,68.48109150543213,77.28265,69.3808015151514
demo,D06,108,50,77.0487,67.77295,67.43147961225564,67.48249239233633,68.24714150543213,77.0487,67.89995757575772
demo,D06,109,50,76.8952,68.40845,67.54125418273765,67.34949434107278,68.05813621063233,76.8952,67.15018484848503
demo,D06,110,50,76.7382,66.87965,67.45588069095562,67.27705988927886,68.0358131439209,76.7382,67.27994242424255
demo,D06,111,50,76.9671,67.1357,67.58231022453447,67.43646733412557,68.31948933563233,76.9671,69.96619090909103
demo,D06,112,50,76.37650000000001,66.90805,67.0699707141118,66.92250125733442,67.68088804626466,76.37650000000001,69.99118181818189
demo,D06,113,50,76.52640000000001,67.11365,66.90165709716379,66.92602601474283,67.56592980041505,76.52640000000001,68.61147575757575
demo,D06,114,50,76.3008,66.0579,67.06316298052877,66.7567293559916,67.55778280334472,76.3008,69.30799696969707
demo,D06,115,50,76.03675,66.3026,67.04250065925257,66.45863708047264,67.14513413238525,76.03675,68.48903787878783
demo,D06,116,50,75.11825,66.07805,66.24365488638253,65.71871513303526,66.58089266967774,75.11825,65.7966590909091
demo,D06,117,50,75.80655,66.31595,66.71321374099992,66.23056624772832,66.9966544845581,75.80655,67.02647424242404
demo,D06,118,50,76.1909,65.81995,66.97546506795207,66.56620054911141,67.18003669586182,76.1909,69.11533939393935
demo,D06,119,50,75.3202,66.1767,66.111623443483,65.74900445662702,66.4705677368164,75.3202,67.58273030303016
demo,D06,120,50,74.6303,65.6412,65.8151524841373,65.22028017256329,65.99952836303711,74.6303,64.78058787878786
demo,D06,121,50,74.38285,65.12385,65.69985208847478,64.98659527561138,65.80582840118409,74.38285,63.786546969696914
demo,D06,122,50,75.1474,65.12299999999999,65.91871986974415,65.53028896356496,66.21182451477051,75.1474,65.48718787878799
demo,D06,123,50,74.0832,64.74885,65.03929171255217,64.67861121561138,65.4384827835083,74.0832,63.701290909090986
demo,D06,124,50,74.5297,64.9166,65.36021221683586,64.98854500780978,65.8273131439209,74.5297,65.37254848484842
demo,D06,125,50,74.03675,64.0626,64.9555735913059,64.58038299344551,65.30522839355469,74.03675,64.95317424242434
demo,D06,126,50,73.69025,64.0184,64.57408475706703,64.12754327449578,64.91362722778321,73.69025,61.8857045454545
demo,D06,127,50,73.6177,64.20525,64.87446927369247,64.20984006548622,64.49823321838379,73.6177,62.054109090909094
demo,D06,128,50,73.05545,64.23910000000001,63.98736984934274,63.63095418817694,64.12068513793945,73.05545,62.80714696969705
demo,D06,129,50,73.256,64.40705,63.91767514163524,63.822018707356925,64.12691732025147,73.256,63.86787878787866
demo,D06,130,50,72.7494,63.8886,63.23818203945683,63.28962385395462,63.40819917144775,72.7494,61.791187878787966
demo,D06,131,50,72.76945,63.236349999999995,63.184646971863245,63.224221386824425,63.34369640655518,72.76945,60.610934848485016
demo,D06,132,50,72.97930000000001,62.515100000000004,63.472295130712766,63.566398617357166,63.724898793029794,72.97930000000001,63.71911818181802
demo,D06,133,50,72.59135,61.9814,62.84751541824587,63.02477396199578,63.162023942565924,72.59135,62.93812272727276
demo,D06,134,50,71.88355,62.22455,62.549288461918806,62.475632571760755,62.659377407836914,71.88355,62.299398484848524
demo,D06,135,50,72.39655,62.47865,62.62322654910453,62.858858601611686,62.96722394256592,72.39655,64.24112575757569
demo,D06,136,50,71.95165,62.265800000000006,62.287441463026,62.44514550290894,62.617224073791505,71.95165,63.85064999999997
demo,D06,137,50,71.6035,62.27629999999999,61.96483670283419,62.15364344728538,62.2690740737915,71.6035,63.41928787878801
demo,D06,138,50,71.80235,61.722,62.05783352765761,62.240011704836334,62.18854136810303,71.80235,63.42380454545455
demo,D06,139,50,71.34009999999999,61.35475,61.96017256280528,61.877301398878515,61.975674340820305,71.34009999999999,62.93449393939379
demo,D06,140,50,70.85225000000001,61.363299999999995,61.31029822209508,61.38908296853798,61.517824073791516,70.85225000000001,60.561568181818146
demo,D06,141,50,71.56774999999999,61.29715,61.84784830028022,61.9510073939055,62.00433447265624,71.56774999999999,62.55997727272709
demo,D06,142,50,70.8194,61.155950000000004,61.4826405039078,61.41445615999605,61.55658929290772,70.8194,62.48138484848481
demo,D06,143,50,70.61115,60.64935,61.47738746073139,61.1585334760844,61.4606725906372,70.61115,62.3908015151514
demo,D06,144,50,70.32475000000001,60.955749999999995,61.075624289658705,60.77090197935689,61.03684621429444,70.32475000000001,60.28176515151516
demo,D06,145,50,70.6108,60.29785,61.39788319621027,61.095832989187045,61.41801092224121,70.6108,62.18004242424253
demo,D06,146,50,69.90960000000001,60.02205000000001,60.60995160704894,60.47174939485694,60.72522042236329,69.90960000000001,60.77797878787892
demo,D06,147,50,69.41355,59.918749999999996,60.39756998237248,60.01103273945941,60.28265343170166,69.41355,58.305307575757354
demo,D06,148,50,70.57635,60.2022,61.13572411192087,60.9465236800638,61.06194951782227,70.57635,62.65283484848485
demo,D06,149,50,69.8944,59.638000000000005,60.46852233410344,60.32878964928078,60.62723767700196,69.8944,62.49794545454574
demo,D06,150,50,69.5553,59.2673,60.20847422470353,59.98909239233633,60.257734539794924,69.5553,61.01110303030304
demo,D07,6,50,92.952,70.6616,70.09581101460245,66.11247134554809,68.33491358947754,92.952,68.71907142857155
demo,D07,7,50,92.1782,70.02125,68.63831966768271,64.799139661864,67.49308037109375,92.1782,65.71230714285727
demo,D07,8,50,91.96305,69.53965,68.4713083865561,65.10673407162923,67.24814330749511,91.96305,65.87578809523842
demo,D07,9,50,91.2791,68.9066,67.61159271113065,64.02815689551784,66.1693587890625,91.2791,64.82785000000013
demo,D07,10,50,91.55330000000001,68.37180000000001,68.41881001443868,64.6124093108097,66.90293989257813,91.55330000000001,67.10736060606077
demo,D07,11,50,90.6259,67.9495,67.63353293814397,63.774766893793704,65.3699414428711,90.6259,64.87868787878799
demo,D07,12,50,90.5658,67.7144,68.12037581281676,63.7146668937937,65.30060224609375,90.5658,68.13463333333331
demo,D07,13,50,90.431,67.2814,67.96032877009497,65.40585270496243,65.02036309814453,90.431,70.87871212121213
demo,D07,14,50,89.46255,66.53365,66.68801991638283,64.34312915394382,64.05659754638671,89.46255,68.26467121212116
demo,D07,15,50,89.1551,66.4001,66.80320949881593,64.02063767233344,63.779327523803715,89.1551,69.78867575757583
demo,D07,16,50,88.41395,65.6033,65.6917750786871,63.20169532544968,62.9692364074707,88.41395,68.40072272727303
demo,D07,17,50,88.25605,64.9864,65.41649542529791,63.079321145198264,62.84541309814453,88.25605,67.33638333333334
demo,D07,18,50,88.71055,64.70705,65.99674335919681,63.543978966340504,63.133989025878904,88.71055,69.78388333333335
demo,D07,19,50,87.73585,63.74865,65.09370018233129,62.555463998563646,62.389113092041015,87.73585,67.83528939393935
demo,D07,20,50,86.9855,63.7344,64.56655044074509,61.8567268250048,61.317981384277346,86.9855,67.12606060606063
demo,D07,21,50,86.44225,62.709199999999996,63.89006474246469,61.29985563668748,60.7696540222168,86.44225,64.8193712121213
demo,D07,22,50,87.3368,63.57945,64.71864613771356,61.94608153089045,61.49863471679687,87.3368,68.72537575757585
demo,D07,23,50,86.31545,61.5782,63.87075342836258,61.1008151029121,60.53056840820312,86.31545,69.4376166666667
demo,D07,24,50,85.1735,61.636,62.71329582353015,59.82672996321793,59.374313293457035,85.1735,66.18095454545437
demo,D07,25,50,85.01315000000001,61.675349999999995,62.59719018462748,59.651989209589786,59.21396329345704,85.01315000000001,65.04316515151523
demo,D07,26,50,84.12165,60.6604,61.67161909060545,58.75525709161343,58.30780341186524,84.12165,60.78263484848503
demo,D07,27,50,83.67235,60.39084999999999,61.61981487550766,58.183600709424624,57.897230218505854,83.67235,57.814001515151475
demo,D07,28,50,83.62174999999999,60.404849999999996,61.735448601857904,58.20966041880289,57.86211216735839,83.62174999999999,59.39906818181815
demo,D07,29,50,82.70960000000001,59.321,60.471916402398506,57.3241180433034,56.807742623901376,82.70960000000001,57.4700242424242
demo,D07,30,50,82.8272,58.47,60.49766454479388,57.411533941969694,56.96647268981934,82.8272,57.43650303030313
demo,D07,31,50,82.1512,58.01025,59.720280679678226,56.72017503005671,56.2240988647461,82.1512,55.475093939394114
demo,D07,32,50,81.15285,57.69685,59.09456961199985,55.68837808408746,55.281651345825196,81.15285,56.05103181818177
demo,D07,33,50,81.27865,57.004149999999996,58.52575292324738,55.808275971587456,55.332954122924804,81.27865,58.43755909090915
demo,D07,34,50,80.28365,56.52315,57.267510426068,54.70893177809985,54.3379541229248,80.28365,56.23575606060599
demo,D07,35,50,80.5394,56.481899999999996,57.47928342204019,55.04262438197706,54.56860150756836,80.5394,58.4112484848486
demo,D07,36,50,79.7978,55.9891,56.38409299878049,53.23792897718626,53.900901730346675,79.7978,57.30654242424231
demo,D07,37,50,79.96765,54.681349999999995,56.375357692538124,54.33880161282683,53.97045952453614,79.96765,58.69936212121215
demo,D07,38,50,79.27250000000001,54.423350000000006,55.88786408349825,53.636169543488734,53.29193969726563,79.27250000000001,59.4079242424241
demo,D07,39,50,78.17055,54.02215,54.6314309666601,51.4796979095391,52.249195706176764,78.17055,56.29977727272726
demo,D07,40,50,77.41915,53.832899999999995,54.15489250104618,49.758420636140535,51.50811827697754,77.41915,54.63584696969704
demo,D07,41,50,77.8698,53.4871,54.09285344841319,50.25989453744674,51.924411206054685,77.8698,56.427284848485115
demo,D07,42,50,76.7289,53.445,52.970141615642696,49.097338678270305,50.79327301635742,76.7289,52.78258181818178
demo,D07,43,50,77.1764,51.98414999999999,53.55151060082553,49.46135661073574,51.23101120605469,77.1764,55.047248484848595
demo,D07,44,50,76.1579,52.361250000000005,52.46734691381492,48.65664794040401,50.217163229370115,76.1579,52.23773333333344
demo,D07,45,50,75.97235,51.27705,52.45567210397172,48.471097940404015,50.04137503967286,75.97235,53.108077272727115
demo,D07,46,50,75.1371,50.38295,51.52999905394157,47.422056610735744,49.24084832153321,75.1371,51.34667575757564
demo,D07,47,50,74.69795,50.0317,51.595957201407764,47.123961653863525,48.84553682250977,74.69795,52.17452575757562
demo,D07,48,50,74.27035,50.137750000000004,51.000125045764285,48.465549400986625,48.3616242614746,74.27035,52.72433484848498
demo,D07,49,50,74.13935000000001,48.2579,50.37475594838941,48.45397837155462,48.151921334838875,74.13935000000001,52.5719106060606
demo,D07,50,50,73.4272,48.56545,49.777232453584155,47.74906991836977,47.43511931152344,73.4272,49.83459393939382
demo,D07,51,50,72.5418,47.957100000000004,49.28177954278916,45.69960636858204,46.623899914550776,72.5418,48.430830303030305
demo,D07,52,50,72.87015,47.875750000000004,48.95370761474196,46.05942582509161,46.91546669616699,72.87015,48.56240757575746
demo,D07,53,50,71.81895,46.97785,48.56513493918558,44.955157512240376,45.995011630249024,71.81895,48.27782878787862
demo,D07,54,50,71.29255,46.08085,47.85568683688413,43.62193628798505,45.42364779357911,71.29255,46.9343530303031
demo,D07,55,50,70.9374,45.86015,47.42937111734307,43.04320525263313,44.856446401977536,70.9374,47.12373333333317
demo,D07,56,50,70.6616,44.78985,46.97938867463025,42.88745123515636,44.672761804199226,70.6616,46.90760000000001
demo,D07,57,50,70.02125,44.5327,46.228745549608064,42.09372808901465,44.05286239624023,70.02125,45.829098484848615
demo,D07,58,50,69.53965,44.5647,45.75959477017957,41.6023129439166,43.611764944458,69.53965,45.00492272727269
demo,D07,59,50,68.9066,43.7772,45.11545641553494,41.03127069240381,42.85308551940918,68.9066,44.73322121212113
demo,D07,60,50,68.37180000000001,43.604749999999996,44.48364231949443,40.08757412428323,42.277782971191414,68.37180000000001,43.89875454545475
demo,D08,6,50,93.85025,82.64620000000001,80.70707407210934,79.44041096276653,79.45186972045899,93.85025,80.6616071428571
demo,D08,7,50,94.09345,80.49005,81.84737459713027,80.47852626571485,80.56410544128418,94.09345,83.90282500000008
demo,D08,8,50,93.3433,81.14035000000001,80.61573810849217,79.04751580716925,80.1330720336914,93.3433,82.12544285714309
demo,D08,9,50,93.56830000000001,80.36925000000001,81.12776916143171,79.92954891694939,80.05079053955079,93.56830000000001,83.36892500000009
demo,D08,10,50,92.3888,80.34455,79.1762775728866,78.08333347644032,78.88355193023682,92.3888,80.04743636363621
demo,D08,11,50,92.683,80.12285,79.5053272418615,78.3725370457338,79.0976547317505,92.683,79.50706060606089
demo,D08,12,50,92.56075,79.27145,79.69652620019122,78.14068468363674,79.21248530578613,92.56075,80.66581060606065
demo,D08,13,50,92.89500000000001,79.09345,80.12188236037233,78.57780586587505,78.98420097351075,92.89500000000001,82.58650000000021
demo,D08,14,50,91.78035,79.55945,78.98866848789999,77.36028468363673,78.49371078643799,91.78035,81.00809242424216
demo,D08,15,50,92.09009999999999,78.90690000000001,79.05781661934027,77.63908069197065,78.1847807861328,92.09009999999999,80.87706969696958
demo,D08,16,50,91.9625,78.3695,79.14729945913375,77.63062710443957,78.18383255004883,91.9625,81.20663636363653
demo,D08,17,50,91.18455,78.22915,78.40276839313238,76.862649884871,77.95185251312256,91.18455,80.71892878787875
demo,D08,18,50,91.0435,78.31585,77.96807051900988,76.721599884871,77.69389348602294,91.0435,79.74590909090908
demo,D08,19,50,90.95165,77.9927,78.03922070785026,76.64118704573379,77.67645964660645,90.95165,80.71540757575762
demo,D08,20,50,90.2174,76.99454999999999,76.8882109281138,75.895499884871,76.70992986907959,90.2174,76.69418787878789
demo,D08,21,50,90.27705,77.64615,77.16333674121543,75.7491222442409,76.87371061401367,90.27705,75.92621666666675
demo,D08,22,50,90.54729999999999,77.1667,77.36613028361762,76.21542710443956,76.95145573120116,90.54729999999999,77.15654242424237
demo,D08,23,50,90.07135,76.5516,77.1040185681757,75.76088704573378,76.79062738189697,90.07135,78.67706212121206
demo,D08,24,50,89.61670000000001,75.9599,76.4135344766859,75.3062370457338,76.19970590515138,89.61670000000001,76.97473030303003
demo,D08,25,50,89.4461,76.35315,76.30446323831653,75.11465583449913,76.1000421081543,89.4461,77.43497878787883
demo,D08,26,50,89.33405,75.899,76.13607877872676,75.00260583449914,75.9653623703003,89.33405,78.82527727272748
demo,D08,27,50,89.13835,75.03735,75.80783115411586,74.68733069197066,75.59554623565674,89.13835,78.59803181818187
demo,D08,28,50,88.4858,75.12325,75.14794911683008,74.15435583449913,75.10733434753418,88.4858,76.90420909090912
demo,D08,29,50,88.85849999999999,75.8484,75.39074592667858,74.52705583449912,75.45249890899657,88.85849999999999,78.4960454545455
demo,D08,30,50,88.53765,74.63275,74.89718239948908,74.04631372171329,74.64994705810547,88.53765,77.34036212121225
demo,D08,31,50,88.08985,74.122,74.5066205530955,73.7593697518511,74.58237986907959,88.08985,76.05331969696994
demo,D08,32,50,87.37705,73.75835,74.29356149396477,73.03726807535139,74.15371759490966,87.37705,74.78368636363625
demo,D08,33,50,87.0664,74.30839999999999,73.80784013251872,72.7266180753514,73.66679043426514,87.0664,73.4038393939395
demo,D08,34,50,87.0164,73.7465,73.74499788651629,72.45915327385852,73.54577412261963,87.0164,72.45396060606062
demo,D08,35,50,86.8738,73.6294,73.27837989341623,72.36272271465259,73.03448267822266,86.8738,72.02984545454565
demo,D08,36,50,86.0656,72.9961,72.70470264935706,71.57440080796712,72.41395529327393,86.0656,69.92141818181821
demo,D08,37,50,86.48445,73.01195,72.9624995209852,71.88394778593101,72.64761127777099,86.48445,71.51090454545451
demo,D08,38,50,86.4616,72.09485,72.78110340590585,71.96320611519354,72.31288116607666,86.4616,72.02963030303023
demo,D08,39,50,85.98695,72.1113,72.41269460944584,71.49852889562497,72.2146235305786,85.98695,73.27117727272717
demo,D08,40,50,85.34925,71.86135,71.83180971602604,70.8530543772606,71.65856186676025,85.34925,73.2813257575756
demo,D08,41,50,85.05114999999999,71.90225,71.43267938242683,70.5549543772606,71.2788235305786,85.05114999999999,73.25777121212117
demo,D08,42,50,85.1163,71.29505,70.9685368088212,70.6201043772606,71.1736673248291,85.1163,73.24078484848482
demo,D08,43,50,84.71655,70.72315,70.77558667317571,70.03976372369101,70.8483334854126,84.71655,72.00332272727259
demo,D08,44,50,84.6311,70.64095,70.71697193908528,70.01644702842187,70.7628834854126,84.6311,72.10460000000003
demo,D08,45,50,84.41380000000001,69.82935,70.27896535165661,69.72546655326148,70.3399932373047,84.41380000000001,72.45169393939395
demo,D08,46,50,84.2953,69.34609999999999,69.91498198046182,69.59699377283005,69.66377305297851,84.2953,71.37131515151512
demo,D08,47,50,83.36200000000001,70.00145,69.65633522933621,68.7789329736352,69.43592978668214,83.36200000000001,69.39984848484829
demo,D08,48,50,83.5015,69.34885,69.63303555774935,68.91843297363518,69.52110468292236,83.5015,70.69786363636379
demo,D08,49,50,83.05875,69.09165,69.05389626629585,68.47568297363519,69.07587608337403,83.05875,70.41796212121221
demo,D08,50,50,82.87044999999999,69.1277,68.73518840913185,68.28738297363518,68.79664323730468,82.87044999999999,69.52796515151509
demo,D08,51,50,82.891,69.0055,68.64957911749588,68.30793297363519,68.71058389282227,82.891,69.41150000000007
demo,D08,52,50,82.65474999999999,68.45425,68.48602242655232,68.0550325063826,68.78901208496093,82.65474999999999,69.92026515151505
demo,D08,53,50,82.51294999999999,68.5794,68.22920561842935,67.92237541833697,68.54308134002684,82.51294999999999,70.29610151515134
demo,D08,54,50,81.95115,67.85845,68.02223877916951,67.27421769985052,68.1078072189331,81.95115,69.77043787878783
demo,D08,55,50,81.52000000000001,67.50455,67.81060433162071,66.81602872939774,67.74767353057862,81.52000000000001,69.09943939393939
demo,D08,56,50,82.64620000000001,67.1918,68.39836325680233,68.00872596278641,68.67049962158204,82.64620000000001,74.4160636363637
demo,D08,57,50,80.49005,66.43945,66.43915897207738,65.61183508007491,66.71524493103027,80.49005,68.4583833333334
demo,D08,58,50,81.14035000000001,66.81685,66.89541601546519,66.54068532072732,67.27461208496095,81.14035000000001,69.28627424242424
demo,D08,59,50,80.36925000000001,65.501,66.25735224722592,64.71517876414072,66.54156178283692,80.36925000000001,66.54493181818182
demo,D08,60,50,80.34455,65.7629,66.48921887604581,64.5384115985105,66.507711277771,80.34455,65.48495909090919
demo,D08,61,50,80.12285,65.64935,65.95136386662469,64.37135680991653,66.32771068725586,80.12285,65.22269848484859
demo,D08,62,50,79.27145,65.10884999999999,65.41738246872576,63.473888180684625,65.38369269866944,79.27145,62.898904545454684
demo,D08,63,50,79.09345,64.91315,65.216766581279,63.190621760310925,64.77138273925782,79.09345,62.340874242424256
demo,D08,64,50,79.55945,65.30295000000001,65.35815348497982,63.699133519926306,65.64805397338867,79.55945,63.89751060606065
demo,D08,65,50,78.90690000000001,64.78439999999999,64.50379707838191,62.62873765420009,64.19863946380616,78.90690000000001,62.56826363636361
demo,D08,66,50,78.3695,63.9491,64.4694608803678,62.07602110896407,64.14041312408447,78.3695,65.22622727272734
demo,D08,67,50,78.22915,63.71525,63.52808472780145,61.93567110896407,63.59318942108155,78.22915,63.30324090909081
demo,D08,68,50,78.31585,63.1738,63.77637674564368,62.022371108964066,63.68002961120605,78.31585,65.38166818181817
demo,D08,69,50,77.9927,63.468849999999996,63.28762918572542,61.59395468859036,63.49953784484863,77.9927,65.31041212121208
demo,D08,70,50,76.99454999999999,62.88245,62.633414647215965,60.743128001922614,62.69482828216552,76.99454999999999,63.19992878787887
demo,D08,71,50,77.64615,62.06700000000001,63.04626426454362,61.247404688590365,63.15298784484864,77.64615,65.80758939393931
demo,D08,72,50,77.1667,62.386399999999995,62.01808941896483,60.873221108964074,62.247643107604986,77.1667,64.63963939393973
demo,D08,73,50,76.5516,62.18665,61.73030930519002,60.023447639149005,62.0466246810913,76.5516,62.34076666666671
demo,D08,74,50,75.9599,62.042249999999996,61.35902595473943,59.57148773232677,61.63558397521973,75.9599,61.54541515151513
demo,D08,75,50,76.35315,61.4293,61.21808157097576,59.96473773232677,61.609227766418456,76.35315,62.81389242424261
demo,D08,76,50,75.899,61.0371,60.800771122287344,59.48793155135438,61.37162954711914,75.899,61.75277272727291
demo,D08,77,50,75.03735,61.44195,60.09384359784502,58.59768638142177,60.116886437988285,75.03735,58.9636378787882
demo,D08,78,50,75.12325,60.544799999999995,60.32487025989204,58.70179513154906,61.04281901550293,75.12325,59.57975000000005
demo,D08,79,50,75.8484,60.45505,60.68061017971241,59.416164326189374,60.92934310760498,75.8484,63.67053636363625
demo,D08,80,50,74.63275,59.7733,59.552710511837375,58.23498799899343,60.081580604553224,74.63275,60.47752272727257
demo,D08,81,50,74.122,59.837700000000005,59.80303038300398,57.82245232090598,59.48438098144531,74.122,60.19984848484857
demo,D08,82,50,73.75835,58.889250000000004,59.10743836354342,57.44927906326244,59.40334378204345,73.75835,59.61518333333339
demo,D08,83,50,74.30839999999999,58.88205,59.35926603949204,58.00885232090597,59.69707950439452,74.30839999999999,61.45968787878799
demo,D08,84,50,73.7465,58.352599999999995,58.696765109243245,57.44695232090598,59.09589289093017,73.7465,60.04696969696977
demo,D08,85,50,73.6294,58.227549999999994,58.88535109020347,57.329852320905985,59.08043263854981,73.6294,61.4119757575759
demo,D08,86,50,72.9961,58.4778,58.41067917526353,56.69655232090598,58.47865729675293,72.9961,60.67052424242431
demo,D08,87,50,73.01195,57.61214999999999,57.89566271318833,56.71240232090598,57.78616474456787,73.01195,59.5086166666666
demo,D08,88,50,72.09485,57.704100000000004,57.22977362625787,55.775579401944874,57.456849511718744,72.09485,56.42642575757591
demo,D08,89,50,72.1113,57.6362,57.76711433851921,55.81175232090598,57.79998827819824,72.1113,58.575209090909055
demo,D08,90,50,71.86135,56.86475,57.16382811885434,55.56180232090598,57.37943834075928,71.86135,57.98865303030319
demo,D08,91,50,71.90225,56.86275,56.941276213233934,55.602702320905976,57.03649491882324,71.90225,57.78162878787894
demo,D08,92,50,71.29505,56.4152,56.33662141135809,54.975779401944884,56.81130156402588,71.29505,55.40364090909084
demo,D08,93,50,70.72315,55.98165,56.23905750244042,54.403879401944884,56.15026734771729,70.72315,54.827634848484834
demo,D08,94,50,70.64095,55.86225,55.87826070746593,54.321679401944884,56.00140646667481,70.64095,54.817025757575685
demo,D08,95,50,69.82935,55.87915,54.92974979830634,53.26578883314577,54.93126440582276,69.82935,53.35538030303044
demo,D08,96,50,69.34609999999999,54.82565,54.5375487918424,52.54742413329548,54.29235759124755,69.34609999999999,51.09619090909081
demo,D08,97,50,70.00145,54.418350000000004,54.96475242480862,53.43788883314577,55.142948565673834,70.00145,54.02787424242416
demo,D08,98,50,69.34885,54.08965,53.98088010579187,52.74374947602731,54.14851449737549,69.34885,52.639334848484864
demo,D08,99,50,69.09165,54.38185,53.67596790326548,52.36249381874249,52.827037802124025,69.09165,52.66381666666679
demo,D08,100,50,69.1277,54.110400000000006,53.68390894414323,52.27048468016187,53.92409339447022,69.1277,54.076790909091045
demo,D08,101,50,69.0055,53.298199999999994,53.47527740826874,52.40256330558246,54.05015103149414,69.0055,56.79133333333333
demo,D08,102,50,68.45425,52.505849999999995,52.555754456514734,51.59703468016187,52.985193870544435,68.45425,57.30502272727282
demo,D08,103,50,68.5794,52.6312,52.43228061974396,51.97512420471692,53.1266583770752,68.5794,58.65179393939393
demo,D08,104,50,67.85845,52.684549999999994,52.169622574801885,51.539179401944885,53.03994375915528,67.85845,58.211480303030406
demo,D08,105,50,67.50455,52.186350000000004,51.59531130665109,51.185279401944875,52.66218187408447,67.50455,56.15406515151516
demo,D08,106,50,67.1918,51.946250000000006,51.03221840867262,50.60558417229405,51.715084912109376,67.1918,53.082981818181835
demo,D08,107,50,66.43945,51.42060000000001,51.07000815897714,49.64132334390153,50.79202911682128,66.43945,51.01057121212112
demo,D08,108,50,66.81685,51.566849999999995,51.21414406181991,50.189918023744525,51.40551119384766,66.81685,51.08063787878814
demo,D08,109,50,65.501,51.050200000000004,50.39107759894212,48.67212381448978,49.23977906799317,65.501,46.545984848485006
demo,D08,110,50,65.7629,50.807449999999996,50.618489528563224,48.96422413329549,49.643633489990236,65.7629,46.59967272727303
demo,D09,6,50,95.32365,86.414,86.79234936743894,86.64856408403996,86.00120222320557,95.32365,89.83407857142858
demo,D09,7,50,95.01610000000001,86.24525,85.83172907737034,86.45171111512651,85.63997657165528,95.01610000000001,88.02851071428582
demo,D09,8,50,94.73455,85.85635,85.35987315264796,85.7271754332031,85.2234244354248,94.73455,86.53196071428566
demo,D09,9,50,95.14045,85.63589999999999,86.17813765051426,85.95632702237708,85.48073911590576,95.14045,88.27069999999982
demo,D09,10,50,94.35475,85.17694999999999,84.92476244791476,85.33063642948386,84.79213079071044,94.35475,86.39543181818192
demo,D09,11,50,94.61855,85.34455,85.45738842222991,85.46409215321682,84.8650452468872,94.61855,86.77224696969714
demo,D09,12,50,94.2363,85.0448,85.09998139899126,84.97814820428346,84.41354800109863,94.2363,86.3823757575757
demo,D09,13,50,94.08595,85.18495,84.85735677219853,84.70143236427566,84.13437948913574,94.08595,86.00654090909089
demo,D09,14,50,93.74385,84.7208,84.26709914187491,84.13778017710102,83.76391912231445,93.74385,83.60850151515126
demo,D09,15,50,93.71935,84.62045,84.58415171270572,84.18449629831441,83.92260183868409,93.71935,84.9205318181819
demo,D09,16,50,93.73785,84.43555,84.37687809192408,83.94999440611878,83.75894146118164,93.73785,85.62200151515174
demo,D09,17,50,93.63485,84.3633,84.14873927063051,83.8103012000862,83.63908049926758,93.63485,85.85698636363631
demo,D09,18,50,93.1569,84.02539999999999,83.73361042943574,83.628548889823,83.17799146118163,93.1569,84.31214242424251
demo,D09,19,50,93.19295,83.6713,83.90316998151556,83.23967784773521,83.31833528442382,93.19295,85.68876818181826
demo,D09,20,50,93.3138,83.8211,83.81344272538696,83.25957983100102,83.28860773925781,93.3138,86.04108787878793
demo,D09,21,50,92.37485,83.92075,83.00218961816536,82.11153305835911,82.21172114715576,92.37485,84.28304696969691
demo,D09,22,50,92.6975,83.4439,83.26939461818779,82.41894353520637,82.35118843078614,92.6975,84.75221212121218
demo,D09,23,50,92.2393,83.02695,82.75656611662293,82.00032449578947,82.00189994506836,92.2393,83.62233030303031
demo,D09,24,50,92.03335,82.97715,82.44110096457719,81.76232678360807,81.72255516967773,92.03335,82.161865151515
demo,D09,25,50,92.25145,82.20275000000001,82.78697737122233,81.97851263024928,81.90513843078614,92.25145,82.67526818181821
demo,D09,26,50,91.83305,82.57965,82.45221320559162,81.5685331693286,81.59564994506836,91.83305,82.36238333333331
demo,D09,27,50,91.45455,83.60155,82.09143252341168,81.27729314650696,81.29142114715576,91.45455,81.86821666666665
demo,D09,28,50,92.0393,81.94749999999999,82.34728093171839,81.79029602811342,81.69298843078613,92.0393,83.66029999999992
demo,D09,29,50,91.73989999999999,81.80444999999999,82.0720717202627,81.4676830783525,81.36416567077636,91.73989999999999,84.54918787878785
demo,D09,30,50,90.7056,81.70925,81.44493996556811,80.505947126916,80.54247114715577,90.7056,83.16582727272727
demo,D09,31,50,91.81899999999999,81.93195,81.94968388674945,81.53333073202417,81.44326567077636,91.81899999999999,85.41760606060616
demo,D09,32,50,91.10464999999999,81.76339999999999,81.53082770004849,80.83039056361545,80.74577663269042,91.10464999999999,85.30578636363637
demo,D09,33,50,90.66105,80.9586,80.94848859883801,80.42918748772219,80.30217663269043,90.66105,83.69292878787876
demo,D09,34,50,91.01615,80.88255,81.32498785242655,80.78059837444174,80.64041567077636,91.01615,84.11724090909087
demo,D09,35,50,90.5699,80.69085,80.99307927816061,80.35136933816078,80.22968240966797,90.5699,83.8666424242426
demo,D09,36,50,90.29335,80.8818,80.75223403020577,80.07968970496273,79.94703843078614,90.29335,82.6559712121213
demo,D09,37,50,89.71504999999999,80.4826,80.40314528429508,79.4551901260736,79.46048094635009,89.71504999999999,79.23785303030311
demo,D09,38,50,89.9867,80.26645,80.77649141577481,79.78599862912117,79.80657953186035,89.9867,80.41395757575752
demo,D09,39,50,89.27374999999999,80.1989,80.12691289257583,79.05307145195896,79.11062114715575,89.27374999999999,78.90705303030299
demo,D09,40,50,89.8648,79.65815,80.22091342721575,79.64821762186263,79.51848843078614,89.8648,78.36307272727288
demo,D09,41,50,89.4162,80.045,80.31410032789925,79.21979565753026,79.25307114715577,89.4162,79.77689696969699
demo,D09,42,50,88.85805,79.43375,79.69693081000212,78.61781131885994,78.69492114715577,88.85805,78.63401969696974
demo,D09,43,50,89.16239999999999,78.97565,79.54132210924837,78.926042025894,78.81608843078612,89.16239999999999,79.06659696969702
demo,D09,44,50,89.40854999999999,78.9614,79.85725745446277,79.18772480496271,79.04967663269042,89.40854999999999,82.20423181818182
demo,D09,45,50,88.4855,79.1974,79.06885939811407,78.26410274463215,78.28459896850586,88.4855,81.1420606060604
demo,D09,46,50,88.53020000000001,78.4975,78.80813284552845,78.24963692483101,78.2633771850586,88.53020000000001,81.51098787878809
demo,D09,47,50,88.04945,78.7068,78.31221390473799,77.85700808079815,77.73865516967773,88.04945,79.18423787878768
demo,D09,48,50,88.01805,78.03095,78.36740372287984,77.7150184097821,77.79289321594239,88.01805,79.13615606060631
demo,D09,49,50,87.35340000000001,77.7852,77.62720904810483,77.15314707217715,77.11599994506837,87.35340000000001,75.45876363636374
demo,D09,50,50,87.6181,78.0088,78.13325927173288,77.28305761777133,77.45497114715576,87.6181,76.56664545454531
demo,D09,51,50,87.44364999999999,77.34445,77.60054840285942,77.18439416726106,77.21849321594237,87.44364999999999,76.62590757575747
demo,D09,52,50,87.78224999999999,77.6488,77.5892846285073,77.43305006787595,77.43593843078612,87.78224999999999,77.45665909090908
demo,D09,53,50,86.5156,77.30265,76.95924195674885,76.26155036866069,76.2676227432251,86.5156,74.89416060606047
demo,D09,54,50,86.78099999999999,76.72995,77.20813843232162,76.45413392274263,76.53302274322509,86.78099999999999,77.01215151515134
demo,D09,55,50,87.06255,76.7651,76.47867650228298,76.70652584242822,76.63139002685547,87.06255,78.4297772727272
demo,D09,56,50,86.414,76.41615,76.37815690350257,76.13115689650346,76.25087114715576,86.414,78.15992424242434
demo,D09,57,50,86.24525,76.4794,76.1397714900224,75.97135859199912,76.00784994506836,86.24525,77.5896893939396
demo,D09,58,50,85.85635,76.7347,75.73479180593318,75.54063185521646,75.6083727432251,85.85635,76.72745606060599
demo,D09,59,50,85.63589999999999,75.8505,75.52394587068501,75.3888728896896,75.24025676574706,85.63589999999999,74.5270666666667
demo,D09,60,50,85.17694999999999,75.9149,75.48191627093024,74.88932347227264,74.92897274322509,85.17694999999999,72.75973787878797
demo,D09,61,50,85.34455,75.55485,75.31422644226168,74.97932707545209,75.0965727432251,85.34455,72.97403484848496
demo,D09,62,50,85.0448,75.34725,75.07361074068524,74.65331828976704,74.6779090927124,85.0448,74.30433030303034
demo,D09,63,50,85.18495,75.08265,74.66862842424365,74.77730711307032,74.63487637634277,85.18495,73.89364696969706
demo,D09,64,50,84.7208,74.66685,74.36899609353682,74.0762468421627,74.33691747741699,84.7208,73.30392121212114
demo,D09,65,50,84.62045,74.81625,74.34803145622483,74.21677304721345,74.25355909271241,84.62045,74.9914196969697
demo,D09,66,50,84.43555,74.4204,73.88275640806856,73.97717702960641,74.01335551910401,84.43555,75.40832272727276
demo,D09,67,50,84.3633,74.7632,73.59047473783492,73.85221387082883,73.922137890625,84.3633,76.37739090909093
demo,D09,68,50,84.02539999999999,74.39305,73.44304576619204,73.58458803672772,73.58423789062499,84.02539999999999,76.00350606060596
demo,D09,69,50,83.6713,73.90894999999999,73.26651951176711,73.24832724740159,73.36129481201172,83.6713,75.02252727272733
demo,D09,70,50,83.8211,73.601,72.9990057266621,73.42686920516437,73.38994002685547,83.8211,74.61482727272741
demo,D09,71,50,83.92075,73.86135,73.42357666946229,73.56037516171637,73.48959002685547,83.92075,75.80914393939406
demo,D09,72,50,83.4439,72.6981,72.89509936976637,73.06296649629233,73.1144493927002,83.4439,74.9902030303031
demo,D09,73,50,83.02695,73.4201,72.68301499845661,72.67300879683908,72.86382114715576,83.02695,74.53143484848509
demo,D09,74,50,82.97715,72.56320000000001,72.48862599490197,72.43587349718345,72.11523727264404,82.97715,74.06471060606056
demo,D09,75,50,82.20275000000001,72.67949999999999,71.73904656445794,71.70303288447194,71.43227747344972,82.20275000000001,71.48364393939414
demo,D09,76,50,82.57965,72.2281,72.0913970152085,72.24508882786566,72.2574015411377,82.57965,71.9307257575759
demo,D09,77,50,83.60155,71.91579999999999,72.97272871346006,73.32968356684557,73.22581567077637,83.60155,76.6937621212123
demo,D09,78,50,81.94749999999999,72.37475,71.37998514181493,71.61533305236311,71.76737953186034,81.94749999999999,73.60513636363643
demo,D09,79,50,81.80444999999999,72.32509999999999,71.27914850447105,71.36746396562138,71.56704994506835,81.80444999999999,71.71637424242414
demo,D09,80,50,81.70925,71.4892,71.61697739161897,71.28712568422795,71.02362587738037,81.70925,71.2465833333331
demo,D09,81,50,81.93195,71.4433,71.49240036198351,71.64015502605955,71.71351757354736,81.93195,73.31413181818189
demo,D09,82,50,81.76339999999999,71.14654999999999,71.3705756954222,71.51298727890378,71.45260516967772,81.76339999999999,74.14658181818176
demo,D09,83,50,80.9586,71.43509999999999,70.71434094952009,70.65861748232791,70.77847953186036,80.9586,71.7765242424242
demo,D09,84,50,80.88255,70.06824999999999,70.71865915103957,70.56637214507111,70.71942114715576,80.88255,71.01535303030298
demo,D09,85,50,80.69085,70.60125000000001,70.3327494163841,70.32383713930244,70.34453843078613,80.69085,68.30383484848508
demo,D09,86,50,80.8818,70.0557,70.58388363372757,70.57596231988401,70.57100516967773,80.8818,68.66837575757596
demo,D09,87,50,80.4826,69.35245,70.5998498037283,70.22138124904063,70.3657605911255,80.4826,71.78937272727252
demo,D09,88,50,80.26645,69.7362,69.76459457043241,69.90363415179193,69.95565516967774,80.26645,70.8806924242426
demo,D09,89,50,80.1989,70.1836,69.80086448270903,69.84870775903264,69.86944939270019,80.1989,70.47836969696971
demo,D09,90,50,79.65815,69.21695,69.34557860363441,69.25383909661946,69.3931811279297,79.65815,68.78380151515181
demo,D09,91,50,80.045,69.4353,69.65007801417192,69.67475816408766,69.80759994506836,80.045,71.05730303030315
demo,D09,92,50,79.43375,69.34169999999999,69.28826725265716,68.93467105668265,68.38506969451905,79.43375,71.24743181818181
demo,D09,93,50,78.97565,68.76205,68.49388366661105,68.37477576343869,68.14987389984131,78.97565,69.07058939393941
demo,D09,94,50,78.9614,68.58545000000001,68.27124269821694,68.33308801925666,67.9977426208496,78.9614,68.24702121212111
demo,D09,95,50,79.1974,67.81765,68.66325554713066,68.45564712649147,68.24374475708008,79.1974,68.8426727272727
demo,D09,96,50,78.4975,67.9006,68.10430514643969,67.88537563537831,67.44881969451905,78.4975,68.13522727272718
demo,D09,97,50,78.7068,68.17025,68.01079993747217,68.2281785189948,67.58384849243164,78.7068,69.02216363636346
demo,D09,98,50,78.03095,67.69874999999999,67.46713983921583,67.51864950860994,67.26047747344971,78.03095,67.53646515151532
demo,D09,99,50,77.7852,67.57284999999999,67.13749515865615,67.38332468900765,67.4183090927124,77.7852,66.94032121212125
demo,D09,100,50,78.0088,67.28444999999999,66.97554203961501,67.35707163466472,67.49424311523437,78.0088,67.0836939393941
demo,D09,101,50,77.34445,67.68365,66.70471360749013,66.57623609142139,66.9775590927124,77.34445,66.81635909090889
demo,D09,102,50,77.6488,66.6782,67.10964178909505,67.18278564089482,67.32655154113769,77.6488,67.9469666666666
demo,D09,103,50,77.30265,67.07005000000001,66.64117099244032,66.83758953562463,66.78809311523437,77.30265,67.03781666666652
demo,D09,104,50,76.72995,66.40925,66.0947178325257,66.17080726297289,66.3630590927124,76.72995,65.30664696969698
demo,D09,105,50,76.7651,66.65795,66.07603400491227,66.03443665844482,66.3982090927124,76.7651,66.4182515151515
demo,D09,106,50,76.41615,65.56245000000001,65.70477560114418,65.80856489876155,66.04090967407227,76.41615,65.3351954545455
demo,D09,107,50,76.4794,65.76530000000001,65.88067188192107,65.68697691581585,65.59001382293701,76.4794,66.79593030303022
demo,D09,108,50,76.7347,65.37145,65.60554210427345,65.8843057160505,65.38392142028809,76.7347,68.2420939393941
demo,D09,109,50,75.8505,65.31085,64.89847594123859,64.94295713527184,64.62087620544433,75.8505,66.10374242424247
demo,D09,110,50,75.9149,65.4149,65.05106162632624,65.09903112659457,64.74730413665772,75.9149,67.0075060606063
demo,D09,111,50,75.55485,64.94069999999999,64.57205871152522,64.61479101930286,64.31298293457031,75.55485,65.55939545454551
demo,D09,112,50,75.34725,64.9718,64.56965323128631,64.50948144204267,64.45786382293701,75.34725,65.79665909090902
demo,D09,113,50,75.08265,64.183,64.11725385857693,64.18787554992662,63.915054136657716,75.08265,65.49633181818187
demo,D09,114,50,74.66685,63.915299999999995,63.81139895171592,63.755103434772884,63.7604722076416,74.66685,63.34725909090917
demo,D09,115,50,74.81625,63.9448,63.838353177506576,63.8082272788507,63.86483589172363,74.81625,63.53837121212109
demo,D10,6,50,96.5877,84.4029,83.64691527708938,83.75289993516773,83.29708396453857,96.5877,87.51655714285695
demo,D10,7,50,96.84725,82.3541,84.52456451984823,84.00819812058054,83.23078252410889,96.84725,89.71841071428572
demo,D10,8,50,96.7261,81.9902,84.83520494431042,83.88501842406758,83.31241896972656,96.7261,90.4958321428573
demo,D10,9,50,95.01925,82.07965,81.18882214217632,81.96999591195242,80.91328629302978,95.01925,83.9341666666665
demo,D10,10,50,94.6366,82.4067,79.83044898251181,81.55162808789652,79.66834877166748,94.6366,80.64102424242434
demo,D10,11,50,95.041,81.4203,80.54015379085344,81.87840812586106,80.68310700988769,95.041,80.02893939393977
demo,D10,12,50,94.94055,81.1031,80.60569426311373,81.76007729980479,80.76637759857178,94.94055,79.6318227272728
demo,D10,13,50,94.5112,80.61675000000001,80.08546857044364,81.34860812586106,80.23165612335205,94.5112,78.64883636363629
demo,D10,14,50,94.48845,80.5257,80.15042882299431,81.29490425068444,80.06901449890137,94.48845,78.68799545454547
demo,D10,15,50,93.9385,80.1438,79.57722287375938,80.8664198515076,79.48242814636231,93.9385,78.40498484848499
demo,D10,16,50,93.5524,79.9686,78.93550787520351,80.33531938643844,79.14066637268067,93.5524,77.70467272727296
demo,D10,17,50,93.33765000000001,79.1248,78.78887618132546,80.12205009330305,78.64508408203126,93.33765000000001,79.29477121212139
demo,D10,18,50,93.1793,79.41454999999999,78.59772497269105,79.75985359011987,78.47532336883545,93.1793,82.23260303030317
demo,D10,19,50,93.2302,79.24285,78.0813490540391,79.88452849193284,78.27358550567627,93.2302,81.97857878787876
demo,D10,20,50,93.732,78.7353,78.69461326657384,80.4302642178225,78.95573867034912,93.732,83.35277272727276
demo,D10,21,50,92.36315,78.523,77.65681240637556,78.94747442675488,77.91212212982178,92.36315,81.01933181818183
demo,D10,22,50,92.35584999999999,78.01275,77.61900927917709,78.93066666721823,77.96980549774169,92.35584999999999,81.31563787878784
demo,D10,23,50,91.85915,78.01575,77.05348434622115,78.34257918225894,77.35701567687988,91.85915,79.90322575757571
demo,D10,24,50,91.98695000000001,77.47005,77.29970071603537,78.37130019431768,77.68231113739014,91.98695000000001,80.9953287878787
demo,D10,25,50,91.1084,76.80765000000001,76.39052603120153,77.63388664823133,76.75448478546143,91.1084,78.36793030303015
demo,D10,26,50,90.7748,77.0992,75.88350619470566,77.29858858114297,76.08343952636719,90.7748,75.80387575757575
demo,D10,27,50,90.93769999999999,76.06349999999999,76.02972464800847,77.31833060852894,76.33756991882323,90.93769999999999,75.14815454545453
demo,D10,28,50,90.69745,76.3387,75.84182977035063,77.13760738735218,75.9770081817627,90.69745,74.36073787878796
demo,D10,29,50,90.04575,75.8382,75.42706512707308,76.53839339786566,75.34978614044189,90.04575,73.05832575757574
demo,D10,30,50,90.4366,75.51814999999999,76.0877397302731,76.88717997937762,75.77441909942627,90.4366,77.46705454545459
demo,D10,31,50,90.3385,75.40285,75.35147437618424,76.54815673181992,75.44252202606201,90.3385,78.55366666666689
demo,D10,32,50,89.29945000000001,74.8366,74.65943761624825,75.83026416340697,74.58821399993897,89.29945000000001,77.06828333333334
demo,D10,33,50,89.66005,74.9007,74.81382686293068,75.93965099432428,74.86061533813476,89.66005,78.1627015151516
demo,D10,34,50,88.2246,74.46125,73.53469458557129,74.71704175849925,73.55647866210937,88.2246,75.30499393939398
demo,D10,35,50,88.9867,73.95575,73.67330211199327,75.19334883869361,74.0141248123169,88.9867,76.07500303030312
demo,D10,36,50,88.13045000000001,74.2386,73.13272731070997,74.60005726656654,73.24515794677735,88.13045000000001,73.06531363636353
demo,D10,37,50,88.40390000000001,73.59434999999999,73.35689186512491,74.79467487670581,73.51145348205567,88.40390000000001,74.07673333333345
demo,D10,38,50,87.54525,73.4174,72.58249707017553,74.00920686314045,72.74641901397705,87.54525,72.34908333333334
demo,D10,39,50,87.535,73.34795,72.39514900010339,73.88635465206814,72.5616752243042,87.535,71.17996969696965
demo,D10,40,50,87.0338,73.03735,72.16100662886541,73.51722729150764,71.94894778137207,87.0338,70.97749696969709
demo,D10,41,50,86.93325,72.48505,71.8805128179706,73.355903890519,71.7933402557373,86.93325,72.63674999999992
demo,D10,42,50,87.26635,71.9137,71.70012146586912,73.33442154787393,71.76617070922852,87.26635,74.23839545454558
demo,D10,43,50,87.2158,71.2685,71.72011428853438,73.27630440751489,72.14848013000488,87.2158,77.75270909090908
demo,D10,44,50,86.7885,71.4519,70.96778820689812,72.84426198886396,71.26215665435791,86.7885,76.42143939393941
demo,D10,45,50,85.75775,71.41024999999999,70.73799591518323,72.02762883297186,70.83800646209717,85.75775,75.08628030303022
demo,D10,46,50,86.0385,70.87965,70.47858094634267,72.01295918727865,70.75508325195312,86.0385,74.93107575757575
demo,D10,47,50,84.82015000000001,69.43105,69.89674980437891,70.99870594631386,69.76741753234865,84.82015000000001,72.13334696969686
demo,D10,48,50,84.93815000000001,70.41605,69.67253839236145,70.94980036271087,69.75700147094727,84.93815000000001,70.30358939393962
demo,D10,49,50,84.57894999999999,70.1246,69.58661426053168,70.73332594967002,69.48035151977538,84.57894999999999,68.5628893939394
demo,D10,50,50,84.91615,69.4445,69.4695863718687,70.85376382650432,69.57564153900147,84.91615,68.55910454545447
demo,D10,51,50,84.2249,69.5206,68.99398845429597,70.11401683454427,69.11782430877686,84.2249,66.58990000000011
demo,D10,52,50,83.2568,69.10125000000001,68.47213171144497,69.39410028548632,68.01035243682861,83.2568,64.45533030303017
demo,D10,53,50,83.20355,68.3955,68.22478699794763,69.36250097115841,67.95015968780518,83.20355,65.35191363636343
demo,D10,54,50,83.00555,68.67045,67.75602462631159,68.08400890138523,67.2529922454834,83.00555,66.57108030303033
demo,D10,55,50,83.30175,67.5962,67.50473971566737,68.39010992621976,67.33372383880615,83.30175,67.94912878787872
demo,D10,56,50,84.4029,67.64625,68.3645647700855,70.16322625796073,68.88999392547608,84.4029,75.55958181818178
demo,D10,57,50,82.3541,67.30285,66.37172531466992,68.00626997060213,66.79335762176514,82.3541,71.3625545454545
demo,D10,58,50,81.9902,66.78840000000001,66.35469145776702,67.91681791719053,66.5013951828003,81.9902,69.74588181818197
demo,D10,59,50,82.07965,66.81280000000001,66.29422781568339,67.69965141179429,66.68241508331299,82.07965,69.41581666666659
demo,D10,60,50,82.4067,66.79995,66.8437661550294,68.11994537764417,67.27721296234131,82.4067,72.85403333333349
demo,D10,61,50,81.4203,66.4659,65.58695516857311,67.19007184400564,66.2913765838623,81.4203,71.50533030303038
demo,D10,62,50,81.1031,65.99295,65.18854492001799,66.76295369555996,65.77718084869385,81.1031,68.43349393939411
demo,D10,63,50,80.61675000000001,64.95094999999999,64.83921296520889,66.381064626849,65.29166054534913,80.61675000000001,64.99387121212136
demo,D10,64,50,80.5257,64.74235,64.74172828278624,66.28886953652417,65.21551742858887,80.5257,62.60898787878772
demo,D10,65,50,80.1438,64.87595,64.63922709302398,65.19066597195688,64.29930708770752,80.1438,61.381981818181885
demo,D10,66,50,79.9686,64.49835,64.7685036198545,65.0217150539658,64.15825530395507,79.9686,65.46826666666671
demo,D10,67,50,79.1248,64.0413,63.53325867887463,64.0931890315373,63.09333065490722,79.1248,62.442799999999835
demo,D10,68,50,79.41454999999999,64.44395,63.635451131911935,65.2200836128431,64.04572027282714,79.41454999999999,62.08526212121198
demo,D10,69,50,79.24285,63.58535,63.72823328881228,65.1776279582168,63.894031221008305,79.24285,62.65716818181812
demo,D10,70,50,78.7353,63.397099999999995,63.10591543426494,64.70428771580055,63.19666379241943,78.7353,64.31843636363641
demo,D10,71,50,78.523,64.37675,62.8929665272764,64.41818303213155,63.1786978225708,78.523,64.6330454545455
demo,D10,72,50,78.01275,62.61115,62.13790669349777,63.882318499114575,62.28956159973144,78.01275,63.956719696969984
demo,D10,73,50,78.01575,63.051449999999996,62.01715382597611,63.67614354636389,62.618515083312985,78.01575,64.05359848484852
demo,D10,74,50,77.47005,61.6711,61.492798491159334,62.49609274782827,61.191672467041016,77.47005,63.386368181818106
demo,D10,75,50,76.80765000000001,61.45,61.18360958487231,61.82903389219219,60.63953438415528,76.80765000000001,61.37480151515182
demo,D10,76,50,77.0992,61.0272,61.18196472439682,62.116390136131265,61.177327861022945,77.0992,62.550230303030474
demo,D10,77,50,76.06349999999999,61.456599999999995,59.870463598997944,58.41215940214926,58.92375619506835,76.06349999999999,58.50013636363657
demo,D10,78,50,76.3387,60.9058,60.11426403653296,58.581532608260886,58.89457387084961,76.3387,59.332654545454545
demo,D10,79,50,75.8382,60.17885,59.68749667583429,58.13499520006143,58.57819786376953,75.8382,59.316290909090995
demo,D10,80,50,75.51814999999999,59.7594,59.25686290916484,57.82325541727245,58.209632543945304,75.51814999999999,58.97910454545435
demo,D10,81,50,75.40285,60.1101,59.42066838591451,57.7579865292758,58.194493142700196,75.40285,59.77433484848497
demo,D10,82,50,74.8366,59.4788,58.7058822922447,57.09235268160071,57.424328500366215,74.8366,58.76446363636366
demo,D10,83,50,74.9007,59.4686,58.47821520075426,57.16632272746223,57.37247886962891,74.9007,60.49470000000018
demo,D10,84,50,74.46125,58.70225,58.15434692256025,56.68169331324893,57.29477088928223,74.46125,60.59179545454548
demo,D10,85,50,73.95575,58.548100000000005,57.60839703543277,56.290491836232356,56.67299319458007,73.95575,58.85971969696978
demo,D10,86,50,74.2386,58.15865,58.04116559469206,56.87550830882543,57.391514047241216,74.2386,61.387660606060784
demo,D10,87,50,73.59434999999999,57.554899999999996,57.115472230156755,56.41747514787063,56.26259531555175,73.59434999999999,59.51281969696944
demo,D10,88,50,73.4174,57.372,57.17122786377071,56.40154850496247,56.56405222167969,73.4174,60.036475757575765
demo,D10,89,50,73.34795,56.73264999999999,56.98855027315378,57.85652801946643,57.00310518188476,73.34795,60.58037424242413
demo,D10,90,50,73.03735,56.90845,56.67554739226672,57.738086555540285,56.94527274475098,73.03735,60.4784409090909
demo,D10,91,50,72.48505,56.66045,56.28807266513129,57.38939981130939,56.06580332641602,72.48505,59.74771666666666
demo,D10,92,50,71.9137,56.40055,55.527558218553565,56.48139038343166,55.57813634033204,71.9137,57.32057878787877
demo,D10,93,50,71.2685,55.974500000000006,55.21220852404021,53.996487031730894,53.764221817016605,71.2685,55.04507575757579
demo,D10,94,50,71.4519,55.40665,55.1176572001034,54.83901749248577,55.151721472167964,71.4519,54.8348545454544
demo,D10,95,50,71.41024999999999,55.5809,55.113784640941304,55.93144542661872,54.98311071777343,71.41024999999999,54.42484090909079
demo,D10,96,50,70.87965,55.052800000000005,54.71327303457485,55.69129536994629,54.73271358337402,70.87965,54.56434696969696
demo,D10,97,50,69.43105,54.87105,53.684279098262536,51.95212350722501,52.377016720581054,69.43105,49.72335303030285
demo,D10,98,50,70.41605,54.5588,54.332208990034815,53.039443131651,53.182378811645506,70.41605,51.93570151515158
demo,D10,99,50,70.1246,53.754250000000006,53.98144581013973,53.56609029901331,53.87004143676758,70.1246,53.66423636363631
demo,D10,100,50,69.4445,53.576449999999994,53.08072477967555,52.024785066700666,52.30451014709473,69.4445,54.06751515151535
demo,D10,101,50,69.5206,53.36015,53.0494484672639,52.909973320679136,53.18594996032715,69.5206,55.77102424242419
demo,D10,102,50,69.10125000000001,52.45035,52.542154675895766,51.60949242886236,52.2337306213379,69.10125000000001,55.727537878788
demo,D10,103,50,68.3955,52.1239,51.921036955457566,50.840590918324224,51.206872756958006,68.3955,53.02672727272721
demo,D10,104,50,68.67045,51.7387,52.0397535296495,51.1565005406636,51.367229251098635,68.67045,54.40902575757575
demo,D10,105,50,67.5962,51.7621,51.185681254186235,50.04825938616905,50.24532986755371,67.5962,53.05924545454543
demo,D11,6,50,91.59140000000001,74.9384,73.82229358517391,76.46358638372921,77.12215504302979,91.59140000000001,78.39168571428603
demo,D11,7,50,91.71325,74.483,74.10291565824959,76.54960575802542,77.0751188583374,91.71325,78.57003571428572
demo,D11,8,50,91.11955,74.51015,73.00994239492519,75.28584916908605,75.67335058288575,91.11955,76.62139523809559
demo,D11,9,50,91.32915,73.38974999999999,73.46044141071161,76.20165252041402,76.44722346343994,91.32915,77.86389999999989
demo,D11,10,50,91.8993,73.13300000000001,74.93853864073827,76.82436006988041,77.19900073699951,91.8993,81.24931515151515
demo,D11,11,50,90.50645,72.74249999999999,72.94627064905161,75.67098077297294,76.39146167297363,90.50645,79.42646515151525
demo,D11,12,50,89.75595,72.32300000000001,71.55188549305815,74.6572374246206,74.85469534606933,89.75595,74.90511666666659
demo,D11,13,50,90.55290000000001,71.46265000000001,72.81518378220247,75.56705808178081,75.78637663879395,90.55290000000001,76.14041515151531
demo,D11,14,50,89.5957,72.09689999999999,72.00765244532869,74.74864706691066,74.91898128814697,89.5957,76.89403333333317
demo,D11,15,50,89.0709,72.03665000000001,70.94022348840367,74.15260314994727,73.96453956451415,89.0709,74.9942181818182
demo,D11,16,50,88.69505,70.98375,70.3716228642295,73.53475750186256,72.87179827575683,88.69505,72.04011060606075
demo,D11,17,50,88.28385,70.1294,70.09290399125621,71.92310759220219,72.14163999328613,88.28385,70.09072878787877
demo,D11,18,50,87.88725,70.3647,69.41976763437327,71.54475289809204,71.27320008850097,87.88725,67.1737348484848
demo,D11,19,50,87.54335,69.5647,69.30307669736158,71.18673467643164,70.95650650939942,87.54335,66.02916818181824
demo,D11,20,50,87.9464,69.0807,69.75127592717332,71.58941039787578,71.33161003723144,87.9464,70.92570303030308
demo,D11,21,50,86.93889999999999,69.10035,68.20097984809573,70.51237561664877,70.24049187316893,86.93889999999999,69.4168242424243
demo,D11,22,50,86.12645,68.4517,67.13934715590855,69.78137965714518,69.28609508056641,86.12645,65.54770757575758
demo,D11,23,50,86.07495,68.10885,67.41144331646188,69.65356983566812,69.15097691650391,86.07495,67.15528333333346
demo,D11,24,50,86.3614,67.95125,67.2875507652011,69.91739579419425,69.56081520690918,86.3614,69.4052787878787
demo,D11,25,50,85.66460000000001,67.75765,66.37862251891502,69.24321983566813,68.74062691650391,85.66460000000001,68.98250909090908
demo,D11,26,50,85.35625,67.78285,66.04797595815836,68.99212020971393,68.37171669006348,85.35625,68.91882575757587
demo,D11,27,50,85.4025,66.45425,65.59602113912959,68.92195402037038,68.2264974975586,85.4025,69.98872727272732
demo,D11,28,50,84.4725,66.37465,64.61387655362408,68.0737613254073,67.48796669006347,84.4725,67.97028787878784
demo,D11,29,50,84.54845,66.1448,64.87488707205793,68.17830775688574,67.38259459228516,84.54845,68.0881469696971
demo,D11,30,50,83.81045,66.0366,64.28731288908602,67.40932943119697,66.90496293945313,83.81045,68.5379196969697
demo,D11,31,50,83.8347,64.89049999999999,63.833587188105305,67.37130404834252,66.96179808349609,83.8347,68.96438181818189
demo,D11,32,50,83.1948,64.73,62.91279587539908,66.62706654885329,66.08733425598145,83.1948,66.15467878787862
demo,D11,33,50,82.88895,64.79105,62.84581013869865,66.40279556924514,65.95877231140136,82.88895,64.44998030303037
demo,D11,34,50,82.85575,64.6425,63.06931860788325,66.33725643200623,65.95026293945313,82.85575,65.81312878787884
demo,D11,35,50,83.9421,63.36429999999999,63.85022753906337,67.30001631718707,66.12063546142578,83.9421,71.06056969696982
demo,D11,36,50,81.85405,63.05165,62.146409614481925,65.17275570684535,64.99243768005371,81.85405,67.45503484848467
demo,D11,37,50,81.40785000000001,62.998050000000006,61.751618565890524,64.6782694151434,64.48567745361329,81.40785000000001,66.55115303030306
demo,D11,38,50,81.6739,62.3202,61.947382718661785,64.90904521427134,64.54649674072266,81.6739,66.40611212121209
demo,D11,39,50,81.0149,61.875,61.39911264819044,64.33918345149279,64.22103479614258,81.0149,65.48803636363618
demo,D11,40,50,80.36385,61.7847,60.61051644565357,63.67036059460025,63.500179650878906,80.36385,62.483865151515175
demo,D11,41,50,79.92755,61.7842,60.52976695854269,63.245473223026764,62.97826640014648,79.92755,60.67421666666671
demo,D11,42,50,80.0724,60.533950000000004,60.27855088927464,63.444533569690236,63.0756901763916,80.0724,60.07573333333342
demo,D11,43,50,79.4402,60.9831,59.849791803366315,62.82478347790112,62.46296992797852,79.4402,57.84888181818178
demo,D11,44,50,78.99635,59.967400000000005,59.46804563588414,62.10878745775568,62.03599042663575,78.99635,56.57936515151528
demo,D11,45,50,78.71894999999999,59.8492,59.747968174788454,61.83345318076114,61.74171992797851,78.71894999999999,60.67994999999992
demo,D11,46,50,78.42405,59.82775,58.378071957506705,61.50831766742976,61.44681992797851,78.42405,60.16414090909094
demo,D11,47,50,77.9432,59.052499999999995,57.75169715789956,60.74383298680074,60.96596992797852,77.9432,58.74242727272711
demo,D11,48,50,77.958,58.4695,57.72397584765719,60.723999110527295,60.99091702270508,77.958,60.843348484848704
demo,D11,49,50,77.61065,58.377449999999996,57.246885309600344,60.40542293386888,60.63341992797852,77.61065,61.69019545454543
demo,D11,50,50,77.56805,57.71275,56.936751141217584,60.212210497346916,60.262307736206054,77.56805,62.6186257575756
demo,D11,51,50,76.91485,57.523199999999996,56.23265884964037,59.45595878624613,59.64858222351074,76.91485,61.39509242424236
demo,D11,52,50,76.1387,56.90690000000001,56.027577016931005,58.90669783709801,59.1501631652832,76.1387,60.24054848484835
demo,D11,53,50,75.9762,56.82755,55.37158925481545,58.713217695971416,58.99781026000977,75.9762,59.53319999999993
demo,D11,54,50,75.70265,55.7513,55.04088116084347,58.407055655707524,58.65339081420899,75.70265,58.58864999999993
demo,D11,55,50,75.3385,55.46529999999999,54.771095603158805,57.98705962042552,58.34890458679199,75.3385,57.631878787878776
demo,D11,56,50,74.9384,54.94584999999999,54.58721563033473,57.67206082374364,57.96001026000977,74.9384,56.61373333333329
demo,D11,57,50,74.483,54.95025,53.988937976693585,57.12847370462404,57.493404586791996,74.483,54.807969696969806
demo,D11,58,50,74.51015,54.106350000000006,54.00829087893079,57.11515585690731,57.52055458679199,74.51015,55.70522575757566
demo,D11,59,50,73.38974999999999,53.955149999999996,53.11613841385542,55.98763155647839,56.37651300048827,73.38974999999999,53.331068181818026
demo,D11,60,50,73.13300000000001,53.95435,53.149660806799474,55.76352818894634,56.11976300048829,73.13300000000001,53.53645454545463
demo,D11,61,50,72.74249999999999,53.799850000000006,52.42490390670781,55.38825760078489,55.71901481628417,72.74249999999999,53.05366666666664
demo,D11,62,50,72.32300000000001,52.654500000000006,52.021419894056685,54.94285735982808,55.289367721557625,72.32300000000001,51.33931818181834
demo,D11,63,50,71.46265000000001,52.16094999999999,51.23319537241792,54.1018370899624,54.478488623046886,71.46265000000001,48.608589393939496
demo,D11,64,50,72.09689999999999,52.2161,51.599037231003976,54.74265760078489,55.06326772155761,72.09689999999999,50.925884848484884
demo,D11,65,50,72.03665000000001,52.2417,51.325828646186324,54.625425748682446,54.91981154479981,72.03665000000001,53.355831818181926
demo,D11,66,50,70.98375,51.29435,50.23000314912237,53.621614615722265,53.95011772155762,70.98375,52.58903787878796
demo,D11,67,50,70.1294,50.91055,49.59768649718135,52.76023549766671,53.116163000488285,70.1294,50.569506060605946
demo,D11,68,50,70.3647,50.90175,49.63388658834297,52.9697312020828,53.33159414978027,70.3647,53.01039696969702
demo,D11,69,50,69.5647,50.36985000000001,48.577242287881504,52.1697312020828,52.51236616821289,69.5647,51.01189696969692
demo,D11,70,50,69.0807,49.8253,47.973502963569096,51.711631443039614,52.038513262939446,69.0807,49.471775757575884
demo,D11,71,50,69.10035,49.1137,47.90184477969956,51.73128144303963,52.0480161682129,69.10035,49.64316818181819
demo,D11,72,50,68.4517,49.015350000000005,47.29892609571968,51.07606093221711,51.409513262939456,68.4517,48.18624545454559
demo,D11,73,50,68.10885,48.05995,46.86495975525242,50.65253326621912,51.05296087036133,68.10885,45.5784863636366
demo,D11,74,50,67.95125,47.870200000000004,46.974678316203985,50.54404540743994,50.89891616821289,67.95125,46.87293181818172
demo,D11,75,50,67.75765,48.075250000000004,46.887498726655394,50.350445407439935,50.70531616821289,67.75765,49.915059090909295
demo,D11,76,50,67.78285,47.62435,46.348241756101686,50.34711324130292,50.647309991455074,67.78285,52.328380303030336
demo,D11,77,50,66.45425,46.95245,45.01551806081301,49.066375137574255,49.40191616821289,66.45425,48.85655303030316
demo,D11,78,50,66.37465,45.82925,45.203595195840435,48.986775137574256,49.32284259643555,66.37465,49.42833181818176
demo,D11,79,50,66.1448,45.631949999999996,44.759350826892764,48.72385273985753,49.0699823425293,66.1448,48.97454242424244
demo,D11,80,50,66.0366,45.37635,44.61211799539163,48.48616641130298,48.835365182495124,66.0366,48.80664545454526
demo,D11,81,50,64.89049999999999,45.1139,43.76343458816682,47.483295407439925,47.83816616821288,64.89049999999999,46.38553030303029
demo,D11,82,50,64.73,44.375,43.427582068079005,47.32279540743994,47.68781326293946,64.73,44.901545454545484
demo,D11,83,50,64.79105,44.2604,43.59008771392712,47.33473326621912,47.66491703491211,64.79105,44.91835303030324
demo,D11,84,50,64.6425,44.448100000000004,43.15160125678421,47.20076361956879,47.496711807250975,64.6425,45.8058787878789
demo,D11,85,50,63.36429999999999,43.6212,42.08597261634472,45.97329268995627,46.322113262939446,63.36429999999999,43.437724242424466
demo,D11,86,50,63.05165,43.14915,42.20044854337567,45.65130233043247,45.99931616821289,63.05165,43.929074242424406
demo,D11,87,50,62.998050000000006,42.3602,41.51566781441278,45.58395966285006,45.9232323425293,62.998050000000006,42.97201969696958
demo,D11,88,50,62.3202,41.75525,40.84807958896427,44.93714028652221,45.272644076538086,62.3202,41.37136666666673
demo,D11,89,50,61.875,41.4594,40.72271949257802,44.49194028652221,44.82797050476074,61.875,40.48025757575748
demo,D11,90,50,61.7847,40.90445,40.74924926290967,44.39389460334249,44.73714407653809,61.7847,41.924866666666844
demo,D11,91,50,61.7842,41.010600000000004,40.14339395508931,44.30739293220911,44.61369447631836,61.7842,42.214487878787935
demo,D11,92,50,60.533950000000004,40.6826,39.092055876697074,43.10388084390308,43.48214259643555,60.533950000000004,39.192192424242364
demo,D11,93,50,60.9831,39.8566,39.64517963092266,43.55303084390307,43.93129259643555,60.9831,41.84081212121225
demo,D11,94,50,59.967400000000005,39.7688,38.65086938483616,42.53733084390308,42.915066168212896,59.967400000000005,42.06717272727252
demo,D11,95,50,59.8492,39.742850000000004,37.86991947205634,42.419130843903076,42.713248004150394,59.8492,41.441396969697
demo,D11,96,50,59.82775,40.5728,37.836841556980936,42.32926889251099,42.60859182739258,59.82775,41.94206818181813
demo,D11,97,50,59.052499999999995,38.687149999999995,37.18848431648266,41.60845129960482,42.01031326293945,59.052499999999995,41.349833333333265
demo,D11,98,50,58.4695,37.9797,36.61775709323646,41.025451299604825,41.360035354614254,58.4695,39.491590909090995
demo,D11,99,50,58.377449999999996,37.82915,36.43463567853219,40.933401299604824,41.33526326293945,58.377449999999996,38.72301060606061
demo,D11,100,50,57.71275,37.58835,35.94398077527944,40.26870129960483,40.60328535461426,57.71275,37.38768939393948
demo,D12,6,50,97.3784,84.6582,82.63074606336517,81.41584462546876,81.60899463500976,97.3784,83.0906142857144
demo,D12,7,50,96.7451,84.63454999999999,81.85828154393118,80.41480799362776,80.92611215362548,96.7451,81.99376071428541
demo,D12,8,50,97.0603,83.8989,82.88139847127086,81.09774462546876,81.0998860671997,97.0603,84.65842500000024
demo,D12,9,50,95.80785,83.0952,80.8811931914353,79.36430044525096,79.52899944458008,95.80785,81.15434999999978
demo,D12,10,50,95.5419,83.52834999999999,80.36508704981526,78.89770522970507,78.55556996765137,95.5419,79.8160818181818
demo,D12,11,50,96.08529999999999,82.79990000000001,81.30880302665473,80.12274462546875,80.32043984680175,96.08529999999999,81.22019393939414
demo,D12,12,50,95.30675,82.38985,80.70559462250658,78.97645799362776,79.32240742492675,95.30675,81.90091666666657
demo,D12,13,50,95.9276,82.92439999999999,81.30457848646067,79.96504462546876,79.79493055114746,95.9276,84.47150909090917
demo,D12,14,50,95.47685,82.3672,80.83768319841083,79.49157680110979,79.20589205322266,95.47685,84.22130454545452
demo,D12,15,50,95.3118,82.17795,80.84916506860179,79.33662614140036,79.36432170562745,95.3118,84.97830000000002
demo,D12,16,50,94.8597,81.74755,80.46556078190791,78.88452614140036,79.24659231872559,94.8597,85.6219575757579
demo,D12,17,50,94.07565,81.3092,79.50295667948771,78.12071742546877,78.27591206970214,94.07565,83.21083181818182
demo,D12,18,50,94.9988,80.9787,80.54518526031887,79.03624462546877,79.41274329071045,94.9988,87.69310303030299
demo,D12,19,50,94.31335,81.02125,79.61004117393907,78.33823119034832,78.2547333618164,94.31335,85.77192575757587
demo,D12,20,50,93.16980000000001,80.85175,78.68176505045986,77.14038796516319,77.72559566955567,93.16980000000001,80.29313333333354
demo,D12,21,50,93.84915000000001,80.21549999999999,79.42237099663812,77.82897850892597,78.3739007095337,93.84915000000001,81.73898333333352
demo,D12,22,50,93.32775,80.58125000000001,78.8195273548331,77.30569694105512,77.79344442749023,93.32775,79.3221590909092
demo,D12,23,50,92.85624999999999,79.62335,78.81259283152153,76.8126460580203,77.46215171813964,92.85624999999999,78.93821969696964
demo,D12,24,50,92.76325,78.9869,78.50154982603797,76.71379157742412,77.25818503570557,92.76325,79.03806818181805
demo,D12,25,50,92.5209,78.61075,78.14827308167543,76.3715262500902,77.05403732147217,92.5209,79.42205151515155
demo,D12,26,50,92.0705,78.3425,77.63103476064266,76.0563778858515,76.55932293701171,92.0705,78.55407575757583
demo,D12,27,50,92.30810000000001,78.4459,77.74749282624566,76.27126006149254,76.65934301910401,92.30810000000001,78.09902424242426
demo,D12,28,50,92.0462,78.22115,77.76426839043165,75.73550681166266,76.73501320953369,92.0462,80.57860909090914
demo,D12,29,50,92.05685,78.2158,77.35117765954041,75.89402693149236,76.64543585357666,92.05685,82.86441060606066
demo,D12,30,50,90.9434,77.72225,76.19712811748342,74.78042226103783,75.47314605560302,90.9434,78.54517272727266
demo,D12,31,50,91.26145,77.70315,76.78932239182438,75.08674078149237,75.98355884094238,91.26145,80.1386772727275
demo,D12,32,50,90.00845,77.1825,75.54219217351283,73.70345662180429,74.58559653015136,90.00845,76.57416212121205
demo,D12,33,50,91.5816,76.89155,76.55605269190625,75.4110481275151,75.79249458465576,91.5816,80.56623636363636
demo,D12,34,50,90.3262,76.4322,75.43312252851956,74.14787065706055,74.94030617828369,90.3262,78.76845757575764
demo,D12,35,50,89.5994,76.74980000000001,74.72926351225219,73.30278211967253,73.98314519348145,89.5994,76.18626363636382
demo,D12,36,50,89.88295,75.58065,74.83732605442634,73.59208684565822,74.19919317169189,89.88295,75.65701060606044
demo,D12,37,50,89.32515,75.84715,74.40331260855999,72.99037717294512,73.72941063537597,89.32515,74.88292272727263
demo,D12,38,50,88.911,75.4185,74.17508267888073,72.56896822374493,73.52764009094238,88.911,74.0578333333332
demo,D12,39,50,89.10470000000001,75.42325,74.22000043348638,72.76992717294513,73.51220408172608,89.10470000000001,76.30448787878788
demo,D12,40,50,88.23045,74.89785,73.26564891978586,71.84729847442745,72.66171583099366,88.23045,73.17655606060607
demo,D12,41,50,88.55675,75.67819999999999,73.60302930472066,72.20832127716447,72.92733067321777,88.55675,74.84346212121218
demo,D12,42,50,87.4405,74.25345,72.29152273916053,71.00453060428316,71.81693527984619,87.4405,69.48604545454546
demo,D12,43,50,87.8595,74.4654,73.31704946348516,71.44860882624377,72.2576409072876,87.8595,73.60677272727276
demo,D12,44,50,87.52499999999999,73.76175,72.46837262791405,71.08726543080596,71.76227798461913,87.52499999999999,74.1328787878788
demo,D12,45,50,87.0874,74.06505,71.64509116547717,70.69883890909124,71.34205393066406,87.0874,72.63746060606036
demo,D12,46,50,87.1031,73.26855,71.9123370234658,70.70870291880067,71.39323538360595,87.1031,74.10575151515152
demo,D12,47,50,86.69865,72.9057,71.24853446052613,70.26091543080597,70.93592798461914,86.69865,73.87627121212103
demo,D12,48,50,86.77470000000001,72.56745,71.17343563881953,70.36560797053208,70.83831389160157,86.77470000000001,74.54601818181831
demo,D12,49,50,86.36155,72.49175,70.86205897875396,69.89721419667897,70.59195199279785,86.36155,75.54018636363637
demo,D12,50,50,86.06395,71.85695,70.38197344712515,69.59347388741972,70.1422314025879,86.06395,74.58661666666659
demo,D12,51,50,85.7498,71.7878,70.31592195029131,69.34249860606919,70.0175879333496,85.7498,75.16042121212122
demo,D12,52,50,85.25415,71.4567,69.58858931081183,68.79129668741972,69.33603247680664,85.25415,72.18130151515139
demo,D12,53,50,85.0383,71.26155,69.80239735617343,68.56782388741972,69.26697393493653,85.0383,71.61502727272719
demo,D12,54,50,84.9358,70.9783,69.75156784879272,68.47794237148813,69.20358793334961,84.9358,71.47737575757589
demo,D12,55,50,84.54129999999999,70.7028,69.22999609195195,68.0708238874197,68.8042051208496,84.54129999999999,70.08236060606058
demo,D12,56,50,84.6582,70.31915,69.38685488140965,68.18623492707005,68.84126159973144,84.6582,71.11298787878783
demo,D12,57,50,84.63454999999999,70.46940000000001,68.91512211977974,68.15582092359782,68.64768495635985,84.63454999999999,72.07215606060622
demo,D12,58,50,83.8989,69.83315,68.83380466494194,67.42801719929227,68.13386723175049,83.8989,71.81747575757576
demo,D12,59,50,83.0952,70.19539999999999,68.25347134232089,66.61647092359783,67.39930194396973,83.0952,69.66857878787872
demo,D12,60,50,83.52834999999999,69.1354,68.20155567459322,67.04962092359781,67.7058059020996,83.52834999999999,70.92545606060612
demo,D12,61,50,82.79990000000001,69.1145,67.61479979352745,66.32879372359783,67.0348672317505,82.79990000000001,69.52361212121224
demo,D12,62,50,82.38985,68.315,67.24555188658502,65.91874372359781,66.72918448791503,82.38985,67.45750151515166
demo,D12,63,50,82.92439999999999,68.65865,67.43770130333414,66.46591220766622,67.05056729736327,82.92439999999999,68.81029393939399
demo,D12,64,50,82.3672,67.7323,67.24672325602339,65.89609372359782,66.59587393493652,82.3672,68.49118484848489
demo,D12,65,50,82.17795,67.7851,66.70921317007623,65.71946220766623,66.37188825531005,82.17795,68.26561666666679
demo,D12,66,50,81.74755,67.27335,66.61773597272031,65.27644372359782,65.98251723175049,81.74755,68.44708030303026
demo,D12,67,50,81.3092,67.1922,66.10590654451035,64.83047092359783,65.6174389831543,81.3092,69.11029090909088
demo,D12,68,50,80.9787,66.6897,65.50241956350497,64.50759372359782,65.21366723175049,80.9787,68.54318484848484
demo,D12,69,50,81.02125,66.2265,65.2765840419352,64.54563655985513,65.08560298919677,81.02125,67.55599242424245
demo,D12,70,50,80.85175,66.08455,65.33911586125332,64.36851375985512,65.0292059020996,80.85175,68.59525000000006
demo,D12,71,50,80.21549999999999,66.3308,64.61569408495643,63.752505043923534,64.49703133392333,80.21549999999999,66.62654545454546
demo,D12,72,50,80.58125000000001,65.71045,64.81831971863429,64.09801375985515,64.37259559631349,80.58125000000001,66.856810606061
demo,D12,73,50,79.62335,65.521,64.53240358709309,63.152424099127174,63.94807133636475,79.62335,66.02892575757585
demo,D12,74,50,78.9869,65.3015,63.77093157766904,62.51128655985514,63.441445021057135,78.9869,63.93002121212123
demo,D12,75,50,78.61075,64.40615,63.397578618572965,62.13513655985513,63.08979205322265,78.61075,62.48338636363653
demo,D12,76,50,78.3425,64.5969,63.02367962767232,61.86688655985513,62.812026290893556,78.3425,61.14033333333346
demo,D12,77,50,78.4459,64.23975,62.838310004453234,61.970286559855126,62.799405134582514,78.4459,61.05343030303064
demo,D12,78,50,78.22115,63.95825000000001,62.46944209738151,61.733004157499735,62.56836183776855,78.22115,60.659089393939425
demo,D12,79,50,78.2158,64.02839999999999,62.36972464606504,61.74018655985513,62.563011837768556,78.2158,62.282633333333244
demo,D12,80,50,77.72225,62.922599999999996,61.945224303561425,61.24262931399325,62.13244344329834,77.72225,63.20720454545425
demo,D12,81,50,77.70315,63.05275,61.58592750040006,61.227536559855125,61.93182393493652,77.70315,64.3299681818182
demo,D12,82,50,77.1825,62.9453,61.573224595655226,60.706886559855135,61.526244277954106,77.1825,66.27303030303038
demo,D12,83,50,76.89155,62.072,60.65896965867749,60.40747169640976,60.920273716735835,76.89155,66.51914090909109
demo,D12,84,50,76.4322,61.738400000000006,60.10026407669142,59.956586559855126,60.66087393493652,76.4322,64.87821515151519
demo,D12,85,50,76.74980000000001,61.572700000000005,60.353090681233915,60.27418655985514,60.571745190429695,76.74980000000001,65.1748909090911
demo,D12,86,50,75.58065,61.45265,59.42107057393193,59.09657169640977,59.713743833923346,75.58065,61.02990757575783
demo,D12,87,50,75.84715,60.62805,59.67115729501043,58.964322104013924,59.73747936096191,75.84715,61.06590757575745
demo,D12,88,50,75.4185,60.912200000000006,59.54604897322032,58.942886559855125,59.757974678039545,75.4185,60.06354545454547
demo,D12,89,50,75.42325,60.01945,59.45022209837086,58.94763655985513,59.679279129028316,75.42325,61.18828030303021
demo,D12,90,50,74.89785,60.524750000000004,59.111268788003386,58.422236559855136,59.23089119110108,74.89785,60.397243939393995
demo,D12,91,50,75.67819999999999,59.985299999999995,59.426959603650445,59.20258655985512,59.70473217315673,75.67819999999999,64.68827575757571
demo,D12,92,50,74.25345,60.09915,58.41302082880303,57.77783655985513,58.463783824157716,74.25345,62.38026818181814
demo,D12,93,50,74.4654,59.41945,58.28028989758944,57.98978655985513,58.66052748718262,74.4654,63.09235454545444
demo,D12,94,50,73.76175,58.82064999999999,57.9178525323712,57.28613655985514,57.98187042999268,73.76175,60.90902272727269
demo,D12,95,50,74.06505,58.3653,58.30321615512814,57.58943655985513,58.285170429992675,74.06505,63.23694393939387
demo,D13,6,50,96.8185,70.04445,71.17954212014045,72.6602951555297,72.43036218261719,96.8185,69.26271428571445
demo,D13,7,50,96.54825,69.9695,71.3004182756698,72.39004515552969,72.15761737060546,96.54825,70.97825000000005
demo,D13,8,50,96.12365,69.36515,71.12819845042773,71.96211996226047,71.68389932861328,96.12365,71.74272738095263
demo,D13,9,50,95.24415,68.31150000000001,70.12060560148933,71.08594515552971,70.86880476989747,95.24415,70.11185833333315
demo,D13,10,50,95.02884999999999,68.2256,69.7342812846711,70.8706451555297,70.62614957580566,95.02884999999999,70.29771363636358
demo,D13,11,50,94.9593,67.88335,69.72189973182046,70.77513413715225,70.53763099365234,94.9593,73.2074363636364
demo,D13,12,50,93.6482,66.8971,68.09415660690757,69.47634900987953,69.28374763793946,93.6482,69.73729090909089
demo,D13,13,50,93.28365,66.8635,67.69610958088975,69.11683261226047,69.00536974182128,93.28365,69.17413484848507
demo,D13,14,50,93.2936,66.0242,67.48173048815514,69.11409505987952,68.91408530578613,93.2936,68.974221212121
demo,D13,15,50,92.5517,65.702,66.94583482817933,68.37456165987952,68.27341974182129,92.5517,68.23619999999994
demo,D13,16,50,93.547,64.3416,67.65392173068527,69.20112313766657,68.94218547058105,93.547,72.84568181818204
demo,D13,17,50,91.8145,64.0405,66.36351120731122,67.61879128276628,67.53677096557617,91.8145,71.08425757575768
demo,D13,18,50,90.75609999999999,63.77605,65.34881560105649,66.58225508953319,66.47444564208983,90.75609999999999,68.56399393939388
demo,D13,19,50,90.323,62.902899999999995,64.77838110921479,66.12982827933922,66.0036240081787,90.323,65.80924242424226
demo,D13,20,50,89.76855,61.76235,64.24178638122089,65.58041188172018,65.42490871887208,89.76855,63.685853030303136
demo,D13,21,50,89.3375,61.83685,63.85372684613392,65.13923547583784,65.0460304260254,89.3375,63.46649999999988
demo,D13,22,50,89.32265000000001,60.8264,63.44311924233493,65.10941137085948,65.0028772796631,89.32265000000001,62.65966515151537
demo,D13,23,50,87.8875,60.1541,62.30772988989041,63.67977293038329,63.5226375579834,87.8875,57.92486363636371
demo,D13,24,50,87.51485,59.431250000000006,61.9670967160678,63.337056204192805,63.260550836181636,87.51485,56.539804545454494
demo,D13,25,50,86.93705,59.72,61.32051409090745,62.72932293038328,62.59340871887207,86.93705,54.403049999999965
demo,D13,26,50,87.23925,58.524750000000004,61.6915910919204,63.054505935810454,62.98495083618164,87.23925,60.69096212121214
demo,D13,27,50,86.10475,58.28645,59.984222476085435,61.71547254262465,61.739887557983394,86.10475,60.495962121212244
demo,D13,28,50,85.6599,57.770500000000006,59.24509623404313,61.45744160247711,61.405600836181634,85.6599,59.70983939393941
demo,D13,29,50,84.74074999999999,57.054700000000004,58.34135003928222,60.32152059090896,60.37588755798339,84.74074999999999,57.58758333333317
demo,D13,30,50,84.61215,56.503550000000004,58.08536337168061,60.3797583286676,60.26850871887207,84.61215,57.44016515151505
demo,D13,31,50,84.41505000000001,55.936350000000004,57.754172107808195,59.94409346279272,60.050187557983406,84.41505000000001,58.374959090909144
demo,D13,32,50,83.6938,55.26995,57.04854900510458,59.457605178255506,59.38447764282226,83.6938,59.75236060606055
demo,D13,33,50,83.04690000000001,54.406,56.10796064715415,58.80418737628665,58.682037557983406,83.04690000000001,58.067430303030356
demo,D13,34,50,82.06975,53.78385,55.240344931912816,57.651108735732194,57.68426530456543,82.06975,55.07882575757583
demo,D13,35,50,81.8994,53.41074999999999,54.94913275519972,57.417782637069095,57.51391530456543,81.8994,53.806490909090996
demo,D13,36,50,81.4991,52.8071,54.80756823500225,57.257964168945364,57.16220119628906,81.4991,55.27293333333333
demo,D13,37,50,80.61335,52.375499999999995,53.53315784536024,56.10362880108258,56.22786530456543,80.61335,53.53545606060604
demo,D13,38,50,80.56185,51.978049999999996,53.24188320827118,56.346375176965424,56.28692858276368,80.56185,54.337062121212064
demo,D13,39,50,80.08415,51.150600000000004,52.82233399389271,55.82842095077494,55.660308523559564,80.08415,53.43554393939389
demo,D13,40,50,79.11195,50.203149999999994,52.07114121526235,54.828010467938654,54.799858172607415,79.11195,51.781586363636414
demo,D13,41,50,78.93894999999999,49.1901,52.35442200295526,54.41655809565992,54.55346530456542,78.93894999999999,53.13146515151513
demo,D13,42,50,78.1377,49.01085,51.30217240903071,53.520746556498906,53.729754367065425,78.1377,52.58254848484844
demo,D13,43,50,77.9629,48.2344,50.833621074590376,53.319282049550225,53.549508886718755,77.9629,53.39435454545446
demo,D13,44,50,77.6759,47.8139,50.27870291222915,52.93490427073603,53.20169116821289,77.6759,53.13527878787893
demo,D13,45,50,76.18325,47.50005,49.28730616658602,51.53799973634198,51.77530436706543,76.18325,49.694795454545314
demo,D13,46,50,76.18665,46.846149999999994,49.12057347394466,51.50816938417748,51.77870436706543,76.18665,49.889634848484974
demo,D13,47,50,75.7906,46.77085,48.65962872455063,51.07595729555919,51.38265436706543,75.7906,48.87205454545423
demo,D13,48,50,74.55000000000001,46.4795,47.62231708165128,49.802698644684384,50.09213905334474,74.55000000000001,46.377681818182154
demo,D13,49,50,74.1096,45.56855,47.16119430547607,49.18451100070674,49.639516763305664,74.1096,45.533630303030435
demo,D13,50,50,73.546,44.60015,46.31439001604394,48.67062115929966,49.07591676330567,73.546,43.40956060606052
demo,D13,51,50,73.1207,44.1003,46.10041225611463,48.24483611578956,48.64277946777344,73.1207,43.0605181818182
demo,D13,52,50,72.4911,44.0991,45.31980296515482,47.522027305935445,48.00095717773438,72.4911,41.645463636363594
demo,D13,53,50,71.97485,42.22745,44.7471494537607,47.083877848585374,47.51698905334473,71.97485,41.775319696969646
demo,D13,54,50,71.72095,41.80135,44.18467371284898,46.82997784858537,47.26308905334473,71.72095,44.14752575757579
demo,D13,55,50,70.3349,41.3179,42.721772513164375,45.346979861491,45.84475717773438,70.3349,40.241006060605976
demo,D13,56,50,70.04445,40.5175,42.522697391591166,45.07537730593544,45.566529467773435,70.04445,40.193737878787914
demo,D13,57,50,69.9695,39.7892,42.20811682456485,45.31750630901886,45.602142745971676,69.9695,42.55993939393946
demo,D13,58,50,69.36515,39.59735,41.34425318458791,44.377229861490996,44.875007177734375,69.36515,42.141119696969724
demo,D13,59,50,68.31150000000001,38.552550000000004,40.30913302860656,43.323579861491005,43.83357946777345,68.31150000000001,40.07374242424228
demo,D13,60,50,68.2256,37.7751,40.00869152428908,43.237679861490996,43.74767946777344,68.2256,40.375175757575846
demo,D13,61,50,67.88335,37.27865,39.50048411964626,42.89542986149099,43.32257233581542,67.88335,41.29366818181813
demo,D13,62,50,66.8971,36.9242,38.491658592598014,41.90917986149099,42.34854462585449,66.8971,39.9538727272728
demo,D13,63,50,66.8635,36.0756,38.3858264688226,41.95062136511315,42.30413377380371,66.8635,41.14456060606068
demo,D13,64,50,66.0242,35.682,37.712362754060784,41.03627986149099,41.43551591796874,66.0242,41.49200303030295
demo,D13,65,50,65.702,35.3072,36.93408291585081,40.688865357522744,41.08421740722656,65.702,40.310227272727246
demo,D13,66,50,64.3416,34.67515,35.99642430801788,39.353679861490996,39.78082233581543,64.3416,36.21972121212126
demo,D13,67,50,64.0405,33.679500000000004,35.78879032021199,39.05257986149099,39.504117324829096,64.0405,35.5737727272727
demo,D13,68,50,63.77605,32.86065,35.531898459265875,38.788129861490994,39.21668377380371,63.77605,35.82208030303039
demo,D13,69,50,62.902899999999995,32.45235,34.83468458002882,37.91497986149099,38.35575606384277,62.902899999999995,32.955536363636284
demo,D13,70,50,61.76235,32.1941,33.8281485005772,36.774429861490994,37.20298377380371,61.76235,29.70260757575756
demo,D13,71,50,61.83685,31.63565,33.80761828104089,36.848929861490994,37.27607233581543,61.83685,30.644198484848456
demo,D13,72,50,60.8264,30.8454,32.83846022910161,35.838479861490995,36.26703377380371,60.8264,28.12211212121229
demo,D13,73,50,60.1541,30.46975,32.09073905623609,35.166179861490996,35.59473377380371,60.1541,27.671842424242655
demo,D13,74,50,59.431250000000006,29.997049999999998,31.216445046555318,34.443329861491,34.87188377380372,59.431250000000006,26.46824999999992
demo,D13,75,50,59.72,28.70145,31.06484149344547,34.732079861490995,35.16063377380371,59.72,29.985484848484948
demo,D13,76,50,58.524750000000004,28.65965,29.735259274195634,33.536829861491,33.965383773803715,58.524750000000004,27.849734848485003
demo,D13,77,50,58.28645,28.639,29.37413389457826,33.298529861491,33.72708377380371,58.28645,28.54272272727307
demo,D13,78,50,57.770500000000006,28.2376,28.82660411945099,32.782579861491,33.21113377380372,57.770500000000006,30.156727272727373
demo,D13,79,50,57.054700000000004,26.523000000000003,28.03655553990076,32.066779861491,32.495333773803715,57.054700000000004,30.347927272727304
demo,D13,80,50,56.503550000000004,25.0812,27.06365355216931,31.515629861491,31.944183773803715,56.503550000000004,28.94317121212102
demo,D14,6,50,93.5632,90.46975,90.67281586859004,85.26401076478113,85.43388653106689,93.5632,88.37155714285734
demo,D14,7,50,93.52515,90.29695,90.93773435303292,85.18411212157008,85.33307999267578,93.52515,89.2946142857145
demo,D14,8,50,93.3561,90.19545,90.80492908674027,85.00770831799865,85.17049876556396,93.3561,89.17419523809528
demo,D14,9,50,93.11540000000001,90.13125,90.39992944120172,84.76401836624427,84.95735709228516,93.11540000000001,88.43264999999982
demo,D14,10,50,93.1151,90.017,90.28216718295724,84.83170972906686,84.92949876556396,93.1151,88.43197878787882
demo,D14,11,50,92.9691,89.91890000000001,90.14500297228594,84.67854831240018,84.57469749603271,92.9691,86.70532727272743
demo,D14,12,50,92.7543,89.86565,90.24552732694222,84.63855160520602,84.52382838897705,92.7543,86.9777545454545
demo,D14,13,50,93.44405,89.3925,91.05607177595752,85.18412938104055,85.0224420288086,93.44405,90.55394393939417
demo,D14,14,50,93.23505,89.45625,90.87545745114136,84.90354303697413,84.77677611236572,93.23505,91.93194393939396
demo,D14,15,50,92.82065,89.46435000000001,90.14893908830386,84.53725972906686,84.35053147735596,92.82065,89.94089242424249
demo,D14,16,50,92.9473,89.26944999999999,90.46176793234216,84.62654943488462,84.51823048095703,92.9473,90.65078484848496
demo,D14,17,50,93.59809999999999,88.82695000000001,91.22659058573916,85.24970831799864,85.13753157196044,93.59809999999999,93.90617575757582
demo,D14,18,50,93.4147,88.85294999999999,90.99888325487416,85.06630831799865,84.94983526916504,93.4147,95.2194727272727
demo,D14,19,50,92.90835,89.2189,90.42704500295392,84.56412978291094,84.50732518157959,92.90835,93.99101666666664
demo,D14,20,50,92.83145,89.34795,90.4266482895732,84.54805972906686,84.35251761932373,92.83145,93.10676818181818
demo,D14,21,50,92.52665,89.0052,90.17612618443013,84.20230445364079,84.04771761932373,92.52665,90.8485893939394
demo,D14,22,50,92.31895,89.75795,89.94369659174018,83.9864293147519,83.84001761932373,92.31895,87.67320757575756
demo,D14,23,50,92.79785000000001,90.04965,90.69196621967717,84.49697410561448,84.30717979583741,92.79785000000001,89.05353181818188
demo,D14,24,50,92.51225,88.91375000000001,90.41635582687935,84.20319896672558,83.9787855682373,92.51225,88.58541666666652
demo,D14,25,50,92.00104999999999,89.0933,89.88973174200743,83.712710179709,83.49514389495849,92.00104999999999,85.55424696969693
demo,D14,26,50,92.3192,88.95125,90.23501174569225,83.99738707577559,83.86364313049316,92.3192,85.13900303030321
demo,D14,27,50,92.36720000000001,88.7535,90.5145990025601,84.3063469184434,83.87138663024903,92.36720000000001,87.13451818181825
demo,D14,28,50,91.41995,88.80335000000001,89.68388432693739,83.40648615090576,83.19248532409668,91.41995,85.68604090909086
demo,D14,29,50,91.7045,88.42410000000001,89.44013202038079,83.58281697228746,83.19826487731933,91.7045,85.76651515151516
demo,D14,30,50,92.0224,88.83145,89.40716814835474,83.75393485043888,83.4709149383545,92.0224,87.22061212121208
demo,D14,31,50,91.2684,88.6425,88.76269865597438,83.14254550737519,82.81879024353027,91.2684,85.02077878787888
demo,D14,32,50,91.24785,87.9267,88.65773355780347,83.12308100489302,82.78185230407715,91.24785,83.56859242424247
demo,D14,33,50,91.62835,88.20354999999999,88.9382194863986,83.50249550737519,83.1420743270874,91.62835,85.80066818181822
demo,D14,34,50,91.78855,87.5675,88.74791390968863,83.44720918896722,83.30128918151856,91.78855,88.0061409090909
demo,D14,35,50,92.9481,88.4127,89.36141139693767,84.5937736850801,84.42417326507568,92.9481,93.1079787878788
demo,D14,36,50,91.9785,87.9478,88.70163014087193,83.64004468183334,83.42701493835449,91.9785,93.92283333333327
demo,D14,37,50,91.45955000000001,88.2094,88.1230489345067,83.18646705705702,82.9080649383545,91.45955000000001,94.13950454545459
demo,D14,38,50,91.254,87.69605,87.80271970631439,82.90384514999239,82.71011381530762,91.254,91.5015757575758
demo,D14,39,50,90.9043,87.09599999999999,87.7685333767192,82.5860964086642,82.38037326507569,90.9043,88.8148454545454
demo,D14,40,50,91.11175,88.36795,87.9582596143657,82.83125587389911,82.56026493835449,91.11175,88.7956742424244
demo,D14,41,50,91.3698,87.53985,87.99837920711522,82.93482618691095,82.84587326507568,91.3698,87.56945151515153
demo,D14,42,50,91.31365,87.1241,88.31174267525972,82.84656339917085,82.78063665618896,91.31365,85.74593787878786
demo,D14,43,50,91.0973,87.69145,88.3572809574631,82.1781099182274,82.5458149383545,91.0973,84.40063333333336
demo,D14,44,50,91.11200000000001,87.88185,88.56443144587304,82.09436778117771,82.5605149383545,91.11200000000001,84.18231818181823
demo,D14,45,50,91.2606,87.1337,89.0722736518388,82.30318774004245,82.95770350036621,91.2606,88.77837272727258
demo,D14,46,50,90.8299,87.08785,88.24274751614439,81.8001620683234,82.3160660003662,90.8299,89.41121818181823
demo,D14,47,50,91.14705,87.1121,88.22314716224864,81.96639680526862,82.61403665618896,91.14705,90.62315606060581
demo,D14,48,50,90.4482,86.63035,87.94265899264789,81.31080003954892,81.89671493835449,90.4482,88.41736666666684
demo,D14,49,50,90.5734,86.67925,87.88217450728357,81.41288590675673,82.0219149383545,90.5734,86.69977878787884
demo,D14,50,50,90.38015,87.34375,87.7952970949077,81.22282492342339,81.82866493835449,90.38015,85.02874090909096
demo,D14,51,50,90.69115,86.69215,88.2155518188153,81.51181550685311,82.13966493835449,90.69115,86.01369545454548
demo,D14,52,50,90.07775,86.40305000000001,87.7488846352748,81.03544917628429,81.5639160003662,90.07775,84.62547727272725
demo,D14,53,50,90.2142,86.4411,87.43209740016628,81.1034635390631,81.68118665618897,90.2142,84.38710909090895
demo,D14,54,50,89.6813,86.82079999999999,87.1435871035882,80.64903028426896,81.26782782440185,89.6813,82.61023939393925
demo,D14,55,50,90.34585,85.82835,87.7732004133292,81.25976633170983,81.78087426147461,90.34585,85.20565303030297
demo,D14,56,50,90.46975,86.4196,87.36142504147902,81.28054544840589,81.9323325881958,90.46975,86.71705303030298
demo,D14,57,50,90.29695,87.0038,87.10664504703767,81.11891869245918,81.7595325881958,90.29695,88.73591969696973
demo,D14,58,50,90.19545,86.7963,86.89584156297187,80.9933612962025,81.6580325881958,90.19545,88.73498030303026
demo,D14,59,50,90.13125,86.28065000000001,87.04965259792807,80.93703952795133,81.60732326507568,90.13125,89.16676515151502
demo,D14,60,50,90.017,86.4252,87.28933287318081,80.81991721665703,81.49307326507568,90.017,88.86071212121225
demo,D14,61,50,89.91890000000001,86.34385,87.36664642772132,80.76279906601953,81.38148258819581,89.91890000000001,89.56002121212128
demo,D14,62,50,89.86565,85.83539999999999,86.89111837017983,80.69057663322731,81.30067426147461,89.86565,88.58231666666673
demo,D14,63,50,89.3925,86.0719,86.60530065888805,80.2639438271667,80.82752426147461,89.3925,86.477681818182
demo,D14,64,50,89.45625,86.2522,86.4595786151746,80.2811766332273,80.8912742614746,89.45625,83.80547727272719
demo,D14,65,50,89.46435000000001,85.25755000000001,86.81939213810054,80.35318545035511,80.89937426147462,89.46435000000001,83.45127424242452
demo,D14,66,50,89.26944999999999,85.7306,86.6999867178964,80.15450037621741,80.76968365020751,89.26944999999999,83.3097681818183
demo,D14,67,50,88.82695000000001,85.5869,86.22447646301227,79.76220864567718,80.376811907959,88.82695000000001,81.86529848484864
demo,D14,68,50,88.85294999999999,85.43015,86.15199418480495,79.80513126884642,80.45064821166991,88.85294999999999,81.51281363636346
demo,D14,69,50,89.2189,85.32419999999999,86.45140149768613,80.08133433840794,80.69497326507569,89.2189,83.0979606060605
demo,D14,70,50,89.34795,85.3098,86.37630980221634,80.15522881211386,80.82402326507568,89.34795,84.97026818181804
demo,D14,71,50,89.0052,85.25540000000001,85.97888378083009,79.8383669444224,80.48127326507569,89.0052,85.51448787878796
demo,D14,72,50,89.75795,85.4166,86.57966780543526,80.53026889764442,81.23402326507568,89.75795,89.58341969696976
demo,D14,73,50,90.04965,85.74065,86.2619804275312,80.86109359901862,81.49816493835449,90.04965,92.47495303030303
demo,D14,74,50,88.91375000000001,84.86795000000001,85.62411206956843,79.68924538453169,80.38073665618897,88.91375000000001,90.65520454545458
demo,D14,75,50,89.0933,84.5893,85.84338849801479,79.88273418244836,80.56937326507568,89.0933,90.99637575757596
demo,D14,76,50,88.95125,84.6194,85.73038933807229,79.71679151639444,80.41823665618897,88.95125,90.2037500000002
demo,D14,77,50,88.7535,84.75925,85.28428700641417,79.52581889764443,80.22957326507569,88.7535,87.53395454545482
demo,D14,78,50,88.80335000000001,84.38875,85.7140646978591,79.6074397954472,80.27942326507569,88.80335000000001,85.37889545454557
demo,D14,79,50,88.42410000000001,84.80385,85.47841089793508,79.1945423228418,79.9001732650757,88.42410000000001,83.0103121212123
demo,D14,80,50,88.83145,84.56855,85.70617415556256,79.58482417927323,80.30752326507569,88.83145,83.45114696969692
demo,D14,81,50,88.6425,84.70195000000001,85.8122918755332,79.43863155424322,80.11857326507568,88.6425,81.95089393939415
demo,D14,82,50,87.9267,84.08645,85.70563174085159,78.77364758257094,79.58407533569336,87.9267,80.70059393939393
demo,D14,83,50,88.20354999999999,83.9479,85.78139919110927,79.10450204390234,79.95992626647948,88.20354999999999,83.28017121212126
demo,D14,84,50,87.5675,84.4571,84.86667159927352,78.35598380075623,78.7958353805542,87.5675,80.54468181818179
demo,D14,85,50,88.4127,84.07415,85.28599513357334,79.18658338159051,79.87968665618897,88.4127,83.00994242424264
demo,D14,86,50,87.9478,83.89325,84.9546056575998,78.7377929977664,79.3963149383545,87.9478,82.83617878787877
demo,D14,87,50,88.2094,84.0823,85.2113927409634,78.97971032950718,79.51605874481201,88.2094,84.05135454545436
demo,D14,88,50,87.69605,83.98975,84.81204138442665,78.4747902051082,79.06791813354492,87.69605,83.58745909090894
demo,D14,89,50,87.09599999999999,83.33305,84.39634816276354,77.91214229508395,78.32759503936767,87.09599999999999,80.80728787878782
demo,D14,90,50,88.36795,84.0436,85.11598177200311,79.1448707862456,79.7021670715332,88.36795,85.53081363636373
demo,D14,91,50,87.53985,83.42335,84.23013481849964,78.29289594776641,78.70008540496826,87.53985,85.54691060606058
demo,D14,92,50,87.1241,83.97465,83.5913665887024,77.81271102485206,78.23759773406982,87.1241,83.12376666666643
demo,D14,93,50,87.69145,82.98265,83.91932291323725,78.39030044060837,79.03007113952637,87.69145,84.64029848484854
demo,D14,94,50,87.88185,83.39595,83.85277020154719,78.57074657247111,79.22047113952637,87.88185,84.48934999999987
demo,D14,95,50,87.1337,83.1629,83.78797008780509,77.92245658640184,78.30742608184815,87.1337,83.98626060606067
demo,D14,96,50,87.08785,82.5438,83.53505442850894,77.84504690187848,78.21043434295655,87.08785,83.28591060606054
demo,D14,97,50,87.1121,83.25150000000001,83.73581971431094,77.8908402051082,78.26324879608154,87.1121,84.11497878787864
demo,D14,98,50,86.63035,82.3944,83.4358322152145,77.39319085072096,77.80242717895509,86.63035,82.0780469696972
demo,D14,99,50,86.67925,82.80155,83.07731541718304,77.40436163385031,77.83560299682617,86.67925,79.35084090909086
demo,D14,100,50,87.34375,84.31985,84.09243930738158,78.12926758635821,78.46633434295654,87.34375,83.54391666666668
demo,D14,101,50,86.69215,82.56465,83.14952096679012,77.40772936367782,77.81473434295654,86.69215,82.50419545454547
demo,D14,102,50,86.40305000000001,82.3697,82.8952696319761,77.08647660714477,77.53003841094971,86.40305000000001,80.1664439393939
demo,D14,103,50,86.4411,82.798,83.23090360321294,77.20687578055389,77.5518521057129,86.4411,80.58778181818181
demo,D14,104,50,86.82079999999999,82.39999999999999,83.28805887205031,77.5670685665164,77.98543947296142,86.82079999999999,83.77876969696968
demo,D14,105,50,85.82835,82.27015,82.47691934499089,76.59753774890183,76.98838227233887,85.82835,81.04015303030305
demo,D14,106,50,86.4196,82.69095,82.74382472384517,77.10133515580445,77.55567501983643,86.4196,82.13602424242433
demo,D14,107,50,87.0038,81.8749,82.97093085294351,77.6926965724711,78.13987501983642,87.0038,85.30395151515154
demo,D14,108,50,86.7963,82.00375,82.94253662186613,77.52050409527388,77.93237501983643,86.7963,85.57407272727266
demo,D14,109,50,86.28065000000001,82.9728,82.40079065154401,76.94997773497113,77.33933530273438,86.28065000000001,84.19215000000001
demo,D14,110,50,86.4252,81.6048,83.0488609865831,77.16044322759595,77.48388530273438,86.4252,86.32123030303028
demo,D14,111,50,86.34385,82.42325000000001,82.5976277748648,77.01671531309611,77.40253530273438,86.34385,86.38724393939394
demo,D14,112,50,85.83539999999999,81.74175,82.39436762934733,76.47655273261418,76.70746172943115,85.83539999999999,83.88689999999994
demo,D14,113,50,86.0719,81.9852,82.59658429314884,76.76079657247111,77.16347276153564,86.0719,83.24736969696977
demo,D14,114,50,86.2522,81.9005,82.60234118906513,76.9289292353499,77.35285937042237,86.2522,84.53279090909102
demo,D14,115,50,85.25755000000001,82.55355,81.93023045547368,75.89792940374619,76.15218901519776,85.25755000000001,78.96701969696964
demo,D14,116,50,85.7306,81.32665,82.63023838775777,76.40433596390884,76.80956327972412,85.7306,78.47585757575735
demo,D14,117,50,85.5869,81.3731,82.74626047715644,76.3701975177404,76.58288598480225,85.5869,79.34094545454545
demo,D14,118,50,85.43015,81.5153,82.58974518026794,76.16401695175325,76.41704937591552,85.43015,79.93254393939381
demo,D14,119,50,85.32419999999999,80.92099999999999,82.29973239521604,76.03242728357236,76.21883901519774,85.32419999999999,79.39512424242402
demo,D14,120,50,85.3098,80.7713,82.18480241494912,76.01802728357237,76.21453175048828,85.3098,79.97148181818193
demo,D14,121,50,85.25540000000001,81.4928,82.08380651603883,75.97609181234975,76.34264975585938,85.25540000000001,80.76430909090888
demo,D14,122,50,85.4166,80.7422,81.91057716622241,76.07668001517945,76.31123901519776,85.4166,81.17720606060615
demo,D14,123,50,85.74065,82.12115,81.93471986297493,76.41074719955445,76.79933530273438,85.74065,83.67887727272729
demo,D14,124,50,84.86795000000001,80.732,81.46217874932945,75.61050413617633,75.85484937591553,84.86795000000001,83.40546515151524
demo,D14,125,50,84.5893,80.6601,80.9376409542871,75.23277693490586,75.45638068847656,84.5893,80.48958787878792
demo,D14,126,50,84.6194,81.05135,81.2456066559316,75.3333318669057,75.54260346832275,84.6194,79.94638484848481
demo,D14,127,50,84.75925,80.51129999999999,81.18421037833572,75.43225854173757,75.63131172943115,84.75925,80.08879545454548
demo,D14,128,50,84.38875,80.34434999999999,80.76274967321662,75.09852646294738,75.30754940032959,84.38875,78.68950757575766
demo,D14,129,50,84.80385,80.28495,81.21814711961878,75.44253795240586,75.68499833831787,84.80385,79.48589545454541
demo,D14,130,50,84.56855,80.12915000000001,80.68140215219172,75.20723795240586,75.44061172943115,84.56855,79.25751969696968
demo,D14,131,50,84.70195000000001,79.99340000000001,80.84957187599268,75.34542693490587,75.54619972534181,84.70195000000001,80.02957121212137
demo,D14,132,50,84.08645,79.95875,80.85969421181699,74.81301531976024,75.05788363952637,84.08645,79.24684393939395
demo,D14,133,50,83.9479,80.5216,80.73147487114602,74.70509655639226,75.08959216156006,83.9479,80.44952121212127
demo,D14,134,50,84.4571,80.15005,80.75095637716774,75.09304746728785,75.31484040222168,84.4571,81.86619090909099
demo,D14,135,50,84.07415,79.7469,80.31250703320237,74.71597075670074,74.93189040222168,84.07415,80.66646818181817
demo,D14,136,50,83.89325,80.0587,80.40669268497635,74.52133738774239,74.75099040222167,83.89325,79.58797727272726
demo,D14,137,50,84.0823,79.2017,80.30485776779669,74.7184161733674,74.94004040222168,84.0823,80.30128484848497
demo,D14,138,50,83.98975,80.0041,80.37013755008832,74.62499880440907,74.84749040222168,83.98975,79.65585606060603
demo,D14,139,50,83.33305,79.8934,80.30801224225867,74.08743809993392,74.29213737182617,83.33305,78.28076212121185
demo,D14,140,50,84.0436,80.08915,80.1677607209609,74.6716873877424,74.8828686843872,84.0436,80.31784242424236
demo,D15,6,50,98.68205,87.17665,88.7245867246966,88.15220112143889,88.26790929870606,98.68205,91.50097857142873
demo,D15,7,50,98.2959,87.83735,88.31623153876002,87.78620747988279,88.15628112640381,98.2959,91.27536428571447
demo,D15,8,50,97.55055,86.90605000000001,86.80520323656093,87.0724786649191,87.48820640258789,97.55055,88.07632380952411
demo,D15,9,50,97.64895,86.65775,86.84574268574626,87.14791072411262,87.52928103942871,97.64895,87.98928333333313
demo,D15,10,50,97.3126,86.104,86.30120779974091,86.82403755349992,87.20249925384522,97.3126,87.16809999999998
demo,D15,11,50,97.54365,86.41525,86.87603501127106,87.0077129278412,87.07103285064697,97.54365,87.59437727272737
demo,D15,12,50,97.01825,86.13095,86.30943105302072,86.52330794125464,86.68209315490722,97.01825,86.41231060606042
demo,D15,13,50,96.89595,85.47635,86.24250643988181,86.40734812976157,86.62395922393799,96.89595,87.17964696969696
demo,D15,14,50,96.648,85.35810000000001,85.86060796010645,86.01218957825563,86.34736370849609,96.648,86.99095454545423
demo,D15,15,50,96.04665,84.7684,84.88562592647713,85.41981904259399,85.70261580505371,96.04665,83.86848333333332
demo,D15,16,50,96.6973,85.34175,85.90759026678923,86.11587820129435,86.29622654418945,96.6973,87.0928151515152
demo,D15,17,50,96.25845,84.13325,85.25586005106666,85.67827581092449,85.87363287658691,96.25845,87.94649545454561
demo,D15,18,50,95.6187,84.0684,84.44516951564731,85.13141060929823,85.18525025482178,95.6187,85.60482121212131
demo,D15,19,50,95.6828,83.93535,84.63670989423382,85.11133405863913,85.2290818145752,95.6828,85.64063333333335
demo,D15,20,50,95.699,83.22295,84.5320015074527,85.08871811305679,85.18728315734863,95.699,85.74316666666664
demo,D15,21,50,95.20415,83.648,84.2211551576678,84.70573271977008,84.78311900177002,95.20415,85.73316515151534
demo,D15,22,50,95.4344,83.5351,84.22542084488737,84.87358115724399,84.84333745422363,95.4344,86.74276363636373
demo,D15,23,50,95.62190000000001,82.97919999999999,84.40820696441563,85.00287109700119,84.9018701690674,95.62190000000001,88.77321818181822
demo,D15,24,50,94.48715,81.92505,83.44748489532891,83.89114429399169,84.04789142456055,94.48715,86.3323015151514
demo,D15,25,50,94.12795,82.4106,82.95621233752662,83.44312179985498,83.54180650634765,94.12795,82.99240454545446
demo,D15,26,50,93.78295,81.82034999999999,82.93528104455548,83.1564000813548,83.30267198486328,93.78295,82.05748030303032
demo,D15,27,50,93.19205000000001,81.8069,82.23050394130627,82.28833602342644,82.62102701263429,93.19205000000001,79.56855000000002
demo,D15,28,50,94.00625000000001,82.17635,82.69451758529422,83.09648830510517,83.32806549072266,94.00625000000001,80.4311893939395
demo,D15,29,50,93.30085,80.76105,82.22584046681912,82.21323163087821,82.16806611022949,93.30085,79.04131969696978
demo,D15,30,50,93.4439,80.9967,82.11624191647377,82.19675033828251,82.03681172027588,93.4439,80.38764242424236
demo,D15,31,50,93.278,81.24025,81.97135254655971,82.00347970455056,82.05602562713624,93.278,80.6897878787881
demo,D15,32,50,92.40395,80.5302,81.35391230104825,81.1459687923507,81.25290515441894,92.40395,79.83487424242409
demo,D15,33,50,92.22155,80.7928,81.0493672520096,80.34363555706067,80.87943841247558,92.22155,81.6357924242424
demo,D15,34,50,92.79615,82.223,81.03923870952212,80.89866749563694,81.06733587493896,92.79615,84.03911969696969
demo,D15,35,50,92.0231,80.10005,80.27804281876925,80.06114463337279,80.457426171875,92.0231,82.81399393939404
demo,D15,36,50,91.61685,80.0146,79.9625185313172,79.7056400616687,80.0628777557373,91.61685,80.9733803030302
demo,D15,37,50,91.27159999999999,79.6301,79.45336418547348,79.39630566515447,79.4575655380249,91.27159999999999,77.59529696969699
demo,D15,38,50,91.31240000000001,79.27720000000001,79.87817902827186,79.36838291083245,79.71385492553712,91.31240000000001,78.59244545454544
demo,D15,39,50,91.57634999999999,79.3545,79.59842227123137,79.63011860086117,79.7138135696411,91.57634999999999,79.81391060606043
demo,D15,40,50,91.09819999999999,79.29310000000001,79.15926440277865,79.1366389111596,79.29676166839599,91.09819999999999,80.51121515151512
demo,D15,41,50,90.7151,77.9623,79.00451769417192,78.78905041020818,79.00457353363038,90.7151,81.12738787878797
demo,D15,42,50,90.90465,78.20215,78.7753696433575,78.94451030974307,78.97452762451172,90.90465,81.472937878788
demo,D15,43,50,90.6138,77.94485,78.62269492730093,78.63413891418386,78.61820692901611,90.6138,80.84552727272725
demo,D15,44,50,90.06174999999999,77.5737,78.4538374574127,78.11671534108275,78.21906811523436,90.06174999999999,81.34105303030296
demo,D15,45,50,90.5603,77.74105,78.53701654678008,78.6503746373034,78.48541940002441,90.5603,83.32723939393924
demo,D15,46,50,89.41865,77.26769999999999,77.69447840461424,77.42177997796256,77.50311025848389,89.41865,80.09201363636356
demo,D15,47,50,89.58725,77.51175,77.88377785590541,77.68505341624682,77.50709748840332,89.58725,78.80826515151506
demo,D15,48,50,88.90435,77.00735,77.80875619514418,77.51966826756345,77.28617926177978,88.90435,75.96738030303058
demo,D15,49,50,89.05705,76.8294,77.78777848036279,77.64623470929504,77.42216135101319,89.05705,76.71780757575759
demo,D15,50,50,88.4751,75.8026,77.15916931126662,76.7682207361095,76.3240065170288,88.4751,75.07946363636357
demo,D15,51,50,88.45100000000001,75.6625,76.93069401874136,76.55490039602492,76.28988339996339,88.45100000000001,74.24600000000002
demo,D15,52,50,88.79209999999999,76.8967,76.97587454448872,76.80868560400269,76.66295342407226,88.79209999999999,76.71202424242423
demo,D15,53,50,88.12259999999999,75.7841,76.56292254634249,76.21503455393457,75.9491905380249,88.12259999999999,76.65237272727248
demo,D15,54,50,87.74159999999999,75.98975,76.03503618060654,75.7449553617962,75.80374427947997,87.74159999999999,75.51178181818187
demo,D15,55,50,87.1272,74.58709999999999,75.93261401435595,74.9930020402013,75.30175673217774,87.1272,75.53013939393936
demo,D15,56,50,87.17665,74.2722,75.33929268752115,75.07824744144118,75.22207636871337,87.17665,74.6223772727272
demo,D15,57,50,87.83735,75.17425,75.66957446813568,75.68917286985867,75.74337016448975,87.83735,78.04856212121229
demo,D15,58,50,86.90605000000001,74.04505,74.8523072045571,74.74182100401299,74.86841228942872,86.90605000000001,76.12705000000008
demo,D15,59,50,86.65775,73.98565,74.83998248275127,74.51526319956598,74.44316469573974,86.65775,75.9314469696968
demo,D15,60,50,86.104,73.2231,74.14467672931829,73.9904284913244,73.8456706085205,86.104,73.43445454545473
demo,D15,61,50,86.41525,73.59135,74.14881349766668,74.34592321931372,74.34718340301514,86.41525,74.00802272727282
demo,D15,62,50,86.13095,72.50935,74.06090566287563,73.92088187009543,73.76332762451172,86.13095,75.58146515151529
demo,D15,63,50,85.47635,72.48525000000001,73.30459517436995,73.02760538161476,73.29598157653808,85.47635,74.38048636363649
demo,D15,64,50,85.35810000000001,72.2967,73.17813648334257,72.8955444794431,72.94217783508302,85.35810000000001,73.7271454545454
demo,D15,65,50,84.7684,72.31855,72.67555438546435,72.10005697686984,72.5593164428711,84.7684,70.39062727272744
demo,D16,6,50,97.13765,78.04100000000001,78.88404246322239,80.28632772419007,79.34632347717285,97.13765,80.79300714285715
demo,D16,7,50,96.9579,77.7679,78.71927662856825,80.11598512116178,79.5982751373291,96.9579,80.81379285714287
demo,D16,8,50,96.89320000000001,77.30799999999999,78.880526119865,80.46494945249037,79.97026451416016,96.89320000000001,81.90840833333347
demo,D16,9,50,96.17599999999999,77.252,77.76353538321032,79.35906925722078,79.04717195129393,96.17599999999999,80.34054166666655
demo,D16,10,50,96.0211,76.17914999999999,77.56211510718364,79.21087096751194,78.9197873626709,96.0211,80.19387272727276
demo,D16,11,50,95.46114999999999,76.14104999999999,76.9070853836094,78.49019076361138,77.88298685302733,95.46114999999999,78.56889242424252
demo,D16,12,50,94.9129,75.3681,75.95339499542473,77.10838429213251,76.43677237548827,94.9129,75.66489999999999
demo,D16,13,50,94.66735,75.3849,76.03724384050611,77.0730578786342,76.3244544921875,94.66735,77.28475909090902
demo,D16,14,50,94.26805,76.21095,75.08895693844039,76.52556167159264,75.82380752258301,94.26805,75.63909545454541
demo,D16,15,50,94.1652,74.88645000000001,75.12588927917227,76.37075044348093,75.67833018798828,94.1652,75.66232121212127
demo,D16,16,50,93.66675,74.03755,74.54335121926584,75.75241343151872,75.14001278686523,93.66675,74.6165681818184
demo,D16,17,50,93.03495000000001,74.00670000000001,74.02929646154595,74.51417066010264,74.30418370361329,93.03495000000001,73.21878333333336
demo,D16,18,50,92.84360000000001,73.38130000000001,73.76524127454618,74.81375095333408,74.57937690124513,92.84360000000001,73.90146363636384
demo,D16,19,50,92.08800000000001,73.43465,72.7019460645916,73.22454375660253,73.35883396911622,92.08800000000001,72.02280303030328
demo,D16,20,50,92.12455,72.57605000000001,72.76294369918105,73.40838482152519,73.63518537597656,92.12455,72.99721666666682
demo,D16,21,50,91.81315,71.31115,72.30625536865203,73.30135221460534,73.36468656005859,91.81315,73.26945303030303
demo,D16,22,50,91.98685,72.0588,72.30184824545188,73.57514073428729,72.80024263916016,91.98685,74.88392575757581
demo,D16,23,50,91.47915,71.23925,71.76378012977666,72.80515414152015,72.39477271118164,91.47915,75.38722575757578
demo,D16,24,50,90.39345,71.47909999999999,70.7830992213856,71.5987558050676,71.26686499328613,90.39345,72.95276818181793
demo,D16,25,50,91.0114,70.6489,71.2147907175979,72.31311635095476,71.68942047729492,91.0114,75.91268787878784
demo,D16,26,50,90.02405,69.70524999999999,70.19428284933107,71.47458438932547,70.85219979553223,90.02405,74.8244287878788
demo,D16,27,50,89.51464999999999,69.73885,69.50046047701689,70.50117437657292,70.23447955932616,89.51464999999999,72.92654393939391
demo,D16,28,50,89.15825,69.45995,69.47340842183279,70.35234055779246,70.04957499694824,89.15825,71.70534090909084
demo,D16,29,50,88.72545,68.99125000000001,68.71216989510764,69.71612482861553,69.50217386169433,88.72545,68.94225303030308
demo,D16,30,50,89.01575000000001,68.28415,69.12449329232794,70.24437066517501,69.92655284118653,89.01575000000001,69.85373484848485
demo,D16,31,50,87.9503,68.3425,68.24524269142293,68.93086976236603,68.45793511657715,87.9503,67.3498151515153
demo,D16,32,50,87.7977,67.32605000000001,68.16679847873885,68.89357892762082,68.96470172424317,87.7977,68.26268484848485
demo,D16,33,50,86.5559,68.28144999999999,67.12203339605855,67.179393843935,67.42907657470703,86.5559,65.54617272727278
demo,D16,34,50,88.1991,66.74335,67.91374204850689,69.29495467899892,68.67782924804688,88.1991,69.56090303030314
demo,D16,35,50,86.90535,66.45115,67.24315166544844,68.13525212651027,67.66267421875,86.90535,70.50001666666685
demo,D16,36,50,86.79535,65.8429,66.69427093402885,67.95879690869407,67.5586556640625,86.79535,71.52022878787866
demo,D16,37,50,85.62805,65.88589999999999,65.66345329047476,66.68297616903207,66.48508468322754,85.62805,68.55838333333337
demo,D16,38,50,85.53144999999999,65.1823,65.53978155957508,66.57567586785191,66.31194850463866,85.53144999999999,67.5712984848485
demo,D16,39,50,85.01530000000001,64.6922,65.04772850735282,65.94618653852108,65.47865983276368,85.01530000000001,65.51237575757568
demo,D16,40,50,84.7619,64.3226,65.00552306423478,65.73565115169498,65.70672612609863,84.7619,66.24135454545473
demo,D16,41,50,84.14745,64.0389,64.15713380661934,64.94160034474059,65.02001240844727,84.14745,63.96010151515158
demo,D16,42,50,84.40335,63.46505,64.2232374430676,65.26120576518505,65.30423081359864,84.40335,65.04319848484853
demo,D16,43,50,83.2533,62.4231,63.045353875394966,63.55618984962443,63.995161343383785,83.2533,59.501693939393874
demo,D16,44,50,83.8707,62.865249999999996,63.908054788243064,64.16996815739914,64.56378853149414,83.8707,64.89036666666681
demo,D16,45,50,83.04395,62.14615,62.738231418329704,63.33626549377473,63.840634265136714,83.04395,64.8908893939393
demo,D16,46,50,82.52825,61.8869,62.234326077202276,62.783789800419626,62.7639563293457,82.52825,65.76958333333322
demo,D16,47,50,81.5729,61.13025,61.19731540804505,61.81799587484423,61.86344260253907,81.5729,62.2982484848482
demo,D16,48,50,81.76355,60.27395,61.41306570095723,61.97331772639896,61.93646641235351,81.76355,62.62853484848503
demo,D16,49,50,81.2766,59.70755,60.66866956584896,61.50641111055851,61.4681225982666,81.2766,61.516251515151595
demo,D16,50,50,80.06345,59.67654999999999,60.023473335266395,60.24607761957357,60.39466681213379,80.06345,57.790389393939165
demo,D16,51,50,79.8811,59.68305,59.66831270821475,60.0147827563687,60.202696145629886,79.8811,55.39738787878787
demo,D16,52,50,80.0121,60.6412,59.69540500673661,60.20663367690676,60.31247117004395,80.0121,57.11367575757562
demo,D16,53,50,79.4663,58.7526,58.56294932937709,59.66079585589836,59.69587992553711,79.4663,55.492481818181616
demo,D16,54,50,78.9521,57.91245000000001,58.57323642120855,59.11191381933166,59.07817574462891,78.9521,56.853675757575914
demo,D16,55,50,79.03065000000001,57.5584,58.22845144771375,59.18402885504595,58.68750272216798,79.03065000000001,59.24698333333342
demo,D16,56,50,78.04100000000001,57.76675,57.094830576323936,58.16111167504644,58.08201562500001,78.04100000000001,58.58634848484857
demo,D16,57,50,77.7679,56.5295,56.56464372942835,57.856066824015755,57.76510954895019,77.7679,57.432490909091044
demo,D16,58,50,77.30799999999999,58.064499999999995,55.867868518137485,57.406932254094045,57.34901562499999,77.30799999999999,57.779121212121126
demo,D16,59,50,77.252,56.6122,56.04461984864487,57.35693036244518,56.82383456420898,77.252,59.45409090909072
demo,D16,60,50,76.17914999999999,56.25215,54.68041344459789,56.2635379153476,55.75721015014648,76.17914999999999,55.581574242424225
demo,D16,61,50,76.14104999999999,55.28775,54.8002399491926,56.237306151672385,56.19633450012206,76.14104999999999,54.38618636363631
demo,D16,62,50,75.3681,54.6322,54.28135906210967,55.41393459244251,55.099291635131834,75.3681,53.051266666666834
demo,D16,63,50,75.3849,54.4021,54.024984298661636,55.45177473473759,55.52676668395996,75.3849,53.54712727272728
demo,D16,64,50,76.21095,54.127700000000004,54.257599902072215,56.321775019111854,55.32458410949707,76.21095,57.86467727272717
demo,D16,65,50,74.88645000000001,53.219249999999995,53.401310111602655,54.95404909510786,54.529804415893565,74.88645000000001,58.342540909091014
demo,D16,66,50,74.03755,52.6428,52.47521061309527,54.01922224194881,52.87269022827148,74.03755,56.193625757575916
demo,D16,67,50,74.00670000000001,52.446099999999994,52.476183361273954,54.065486281598396,53.28738161010743,74.00670000000001,56.29462424242422
demo,D16,68,50,73.38130000000001,51.85705,51.83633781419583,53.325730543467046,52.66858675842286,73.38130000000001,54.84195151515166
demo,D16,69,50,73.43465,52.0179,52.10347448649021,53.53195261801296,52.69851070251465,73.43465,56.406680303030356
demo,D16,70,50,72.57605000000001,51.017,51.21660133955642,52.65821600966183,52.48734112243653,72.57605000000001,53.455201515151614
demo,D16,71,50,71.31115,50.7863,50.465521633600275,51.35629166017526,51.44084207763672,71.31115,48.70439242424252
demo,D16,72,50,72.0588,50.6076,50.60489965805513,52.10888306863115,50.83460070495606,72.0588,48.35589090909126
demo,D16,73,50,71.23925,50.2511,50.23284270688264,51.168848390949435,50.24400311279297,71.23925,46.26668939393957
demo,D16,74,50,71.47909999999999,49.4836,50.73447223921549,51.403987320582914,50.439900170898426,71.47909999999999,51.15703939393935
demo,D16,75,50,70.6489,49.0896,49.23931408135175,50.526780695594496,49.582715002441404,70.6489,51.16594545454548
demo,D16,76,50,69.70524999999999,48.2219,48.340251397538104,49.716674043522666,49.827959274291985,69.70524999999999,48.22635606060603
demo,D16,77,50,69.73885,48.386,48.41519710054585,49.80974371391999,49.82088315734863,69.73885,48.87845606060625
demo,D16,78,50,69.45995,48.00965,48.04852544447635,49.44680497216016,49.46607831115723,69.45995,48.95932878787876
demo,D16,79,50,68.99125000000001,46.62035,47.52176872695405,49.044282843471805,49.04629798889161,68.99125000000001,50.12653787878784
demo,D16,80,50,68.28415,47.26065,46.72402971936238,48.1154729967821,47.21285140075683,68.28415,48.95786212121178
demo,D16,81,50,68.3425,46.0713,46.38935029136275,47.837460578913394,46.9479801940918,68.3425,47.098590909091
demo,D16,82,50,67.32605000000001,46.009,45.95302143504001,46.868196827768884,46.75029774169923,67.32605000000001,45.68373181818197
demo,D16,83,50,68.28144999999999,45.40245,46.43320868922861,47.79831403853403,46.821138110351555,68.28144999999999,48.9828590909093
demo,D16,84,50,66.74335,44.909,45.24699258858332,46.04664045373448,45.578783959960944,66.74335,48.18577424242425
demo,D16,85,50,66.45115,44.4125,44.62373887068533,45.666346179698195,45.32262903442383,66.45115,47.940498484848774
demo,D16,86,50,65.8429,43.7235,43.869972535912524,45.02673077485716,44.72779532470703,65.8429,45.118900000000096
demo,D16,87,50,65.88589999999999,43.7246,43.89725388871173,45.02712002732967,44.682641485595695,65.88589999999999,45.5186424242422
demo,D16,88,50,65.1823,43.02725,43.3274867324924,43.72407401452843,43.27026119689941,65.1823,44.65833030303034
demo,D16,89,50,64.6922,42.26525,43.16726116760566,43.189134118928365,42.84865980834961,64.6922,43.705063636363576
demo,D16,90,50,64.3226,41.892,42.63644344609935,42.84624352249979,42.51256620178222,64.3226,42.112781818181965
demo,D16,91,50,64.0389,41.358650000000004,42.280787466721456,42.84241266607465,43.35821114196777,64.0389,42.428112121212166
demo,D16,92,50,63.46505,41.1323,41.57570546385456,41.92358624115059,41.518156307983396,63.46505,40.108322727272586
demo,D16,93,50,62.4231,40.9779,41.19046595905459,40.89835707694424,40.58261538085937,62.4231,40.003418181818056
demo,D16,94,50,62.865249999999996,40.16115,40.870027245960244,41.253064212609615,40.880649932861324,62.865249999999996,41.01199242424218
demo,D16,95,50,62.14615,40.2087,40.21955905906679,40.589837171736605,40.6414941619873,62.14615,40.27449848484849
demo,D16,96,50,61.8869,39.42125,39.471884631648294,40.33982149395882,39.907413534545896,61.8869,39.871399999999994
demo,D16,97,50,61.13025,38.9106,39.30080655855079,39.54477361618105,39.2592611541748,61.13025,39.44821969696966
demo,D16,98,50,60.27395,38.542300000000004,38.19097815320164,38.7073820903874,38.402961154174804,60.27395,37.12690454545471
demo,D16,99,50,59.70755,38.49505,37.823339274833096,38.09536421260961,37.83518404846191,59.70755,34.891853030303125
demo,D16,100,50,59.67654999999999,37.2038,37.692800515303944,38.09209149514929,37.77684411315917,59.67654999999999,34.89665606060615
demo,D16,101,50,59.68305,37.6502,37.29697599203448,38.060193617371525,37.77823051147461,59.68305,36.826807575757535
demo,D16,102,50,60.6412,36.97885,37.63249994818184,39.056741495149296,38.106495791625974,60.6412,43.04882121212126
demo,D16,103,50,58.7526,36.2213,36.09015323170047,37.15708365448996,36.54122190246582,58.7526,39.5116151515151
demo,D16,104,50,57.91245000000001,36.119099999999996,35.888481759474544,36.26347836778361,35.91658322448731,57.91245000000001,38.42991969696976
demo,D16,105,50,57.5584,35.203250000000004,35.09273858986931,35.88651859097201,35.666661108398436,57.5584,37.4734303030303
demo,D16,106,50,57.76675,34.921,35.17442271082135,36.133266468749795,35.84802593994141,57.76675,39.563856060606135
demo,D16,107,50,56.5295,34.20755,33.89230052858786,34.62280432430782,33.5718583984375,56.5295,36.8092575757576
demo,D16,108,50,58.064499999999995,34.19405,35.00946752662783,35.7693946768282,34.57862773132324,58.064499999999995,40.947272727272995
demo,D16,109,50,56.6122,33.225500000000004,33.90813372775394,33.96576210213365,33.15034697265625,56.6122,37.5882303030305
demo,D16,110,50,56.25215,32.95525,33.87559162515312,33.75923636532778,32.919491232299805,56.25215,36.11211969696994
demo,D16,111,50,55.28775,32.706849999999996,33.33261105270411,32.86893789714153,32.25703596496582,55.28775,33.498537878787886
demo,D16,112,50,54.6322,32.3494,33.25810649403622,32.33920780051193,31.577735659790036,54.6322,35.263593939393914
demo,D16,113,50,54.4021,31.3199,32.22290821437962,32.03885948780298,31.320482644653318,54.4021,34.173039393939334
demo,D16,114,50,54.127700000000004,31.32295,31.63749785667744,31.616039441161643,30.990601687622075,54.127700000000004,32.12598787878802
demo,D16,115,50,53.219249999999995,30.3326,31.189438027411043,30.828848033677335,30.183422363281245,53.219249999999995,28.08091666666661
demo,D16,116,50,52.6428,29.5117,31.05095420634033,30.286619940499065,29.61208596496582,52.6428,26.119996969696963
demo,D16,117,50,52.446099999999994,29.46145,30.56930065723497,29.946719026588823,29.451717141723627,52.446099999999994,22.983630303030143
demo,D16,118,50,51.85705,29.464800000000004,30.36237434828437,29.467568431263228,28.875360546875,51.85705,25.439868181818163
demo,D16,119,50,52.0179,28.73865,29.83035438286732,29.58910240124831,28.987185964965818,52.0179,28.005778787878498
demo,D16,120,50,51.017,28.1092,29.01437726783249,28.554062504638537,27.981172363281253,51.017,28.264469696969854
