dataset,battery_id,cycle,horizon,soh,y_true,linear_regression,random_forest,xgboost,persistence (no model),linear extrapolation (no model)
demo,D01,6,10,98.18424999999999,96.3549,95.70121671663738,95.9005527309037,95.97944724845885,98.18424999999999,96.13344999999998
demo,D01,7,10,97.86645,95.76095,95.64732510978993,95.64168995464085,95.72104566116333,97.86645,95.93721785714284
demo,D01,8,10,97.7702,96.11575,95.58514733206178,95.42683636144997,95.54415105361939,97.7702,95.97218214285719
demo,D01,9,10,97.33185,95.64,95.26977710242994,94.88319968391254,95.0076758342743,97.33185,95.42269999999995
demo,D01,10,10,97.66285,95.40155,95.43251335531482,95.25496823335416,95.36957488212586,97.66285,95.98180454545457
demo,D01,11,10,97.44245000000001,95.05405,95.33613973762091,95.12352031789413,95.28081579322816,97.44245000000001,95.7613742424243
demo,D01,12,10,97.0379,95.4257,95.15934891704988,95.21037042042452,95.15834417858123,97.0379,95.5356545454545
demo,D01,13,10,97.1642,94.8125,95.13561689785512,95.08024348978697,95.0800911705017,97.1642,96.079503030303
demo,D01,14,10,96.77325,94.52965,94.56824806567558,94.37106617320973,94.39701141548157,96.77325,95.41457727272727
demo,D01,15,10,96.18130000000001,94.3511,94.25378520689897,93.80838399433433,93.88778550987244,96.18130000000001,94.37456060606063
demo,D01,16,10,96.3549,94.41445,94.38285162448558,93.94503414705777,94.05344664802551,96.3549,94.57188484848491
demo,D01,17,10,95.76095,94.16175,93.90237344361707,93.55821519898917,93.54724732131957,95.76095,93.68755909090909
demo,D01,18,10,96.11575,93.97275,94.06110420625065,93.65900686438242,93.6786162109375,96.11575,94.13655606060611
demo,D01,19,10,95.64,93.77435,93.65053024789785,93.21644071900295,93.21360935211182,95.64,93.40380909090912
demo,D01,20,10,95.40155,94.0832,93.61039067387003,93.17230900712082,93.29310650138855,95.40155,93.20403787878784
demo,D01,21,10,95.05405,93.77145,93.25272092181137,92.86605549178637,92.91373804359436,95.05405,92.8328348484849
demo,D01,22,10,95.4257,92.87655000000001,93.29040936554286,92.92611823513832,92.97832422561646,95.4257,93.40330303030304
demo,D01,23,10,94.8125,92.58005,92.89720729539124,92.61470746960414,92.67482328414917,94.8125,92.93406666666668
demo,D01,24,10,94.52965,92.80235,92.58214586590974,92.3420092790758,92.40936353530884,94.52965,92.66531969696968
demo,D01,25,10,94.3511,92.74915,92.23483823006744,91.9830409788588,92.03411486968994,94.3511,92.28080000000001
demo,D01,26,10,94.41445,92.1686,92.26967648568767,92.09952035532984,92.18231661148072,94.41445,92.51031060606063
demo,D01,27,10,94.16175,91.7426,92.00749800561377,91.70520626374883,91.73889009284973,94.16175,92.12517424242427
demo,D01,28,10,93.97275,91.5386,92.0115407713629,91.68659086117292,91.83325820350647,93.97275,92.13102272727274
demo,D01,29,10,93.77435,91.77195,91.50570486944956,91.35923295994819,91.49776895103454,93.77435,91.96184393939394
demo,D01,30,10,94.0832,91.59005,91.56889709537089,91.48353617782502,91.60923268623353,94.0832,92.53555151515152
demo,D01,31,10,93.77145,91.3199,91.35624382656923,91.26057296180117,91.44787092704773,93.77145,92.246746969697
demo,D01,32,10,92.87655000000001,90.74664999999999,90.91909584042487,90.5949978991821,90.77807382850648,92.87655000000001,91.28989848484848
demo,D01,33,10,92.58005,90.8048,90.5490740981257,90.28548817649147,90.43396116142273,92.58005,90.66991060606063
demo,D01,34,10,92.80235,90.5586,90.49762269944137,90.29051190568848,90.37534280166626,92.80235,90.7720106060606
demo,D01,35,10,92.74915,90.3771,90.51594135973541,90.20146225742391,90.29974146881104,92.74915,90.65992878787883
demo,D01,36,10,92.1686,90.3604,90.23355341269726,89.84735989313846,90.01501766548157,92.1686,89.94024242424238
demo,D01,37,10,91.7426,89.95309999999999,89.86898403125603,89.37669434568706,89.52815798530578,91.7426,89.24650000000003
demo,D01,38,10,91.5386,89.87625,89.77002616385458,89.19987127320528,89.26448062286377,91.5386,88.83071515151515
demo,D01,39,10,91.77195,89.479,89.77515989425608,89.35693228285686,89.5537247592926,91.77195,89.14234393939391
demo,D01,40,10,91.59005,89.33109999999999,89.57886724871894,89.20127006212887,89.3784303844452,91.59005,89.3881196969697
demo,D01,41,10,91.3199,89.21900000000001,89.27712337154416,88.91893569306224,89.07473703613282,91.3199,89.49265757575759
demo,D01,42,10,90.74664999999999,88.37724999999999,88.5730316700834,88.35931482493922,88.4907756046295,90.74664999999999,88.68197121212117
demo,D01,43,10,90.8048,89.82825,88.59501236567176,88.22153291408684,88.29963728408813,90.8048,88.59490606060604
demo,D01,44,10,90.5586,88.24159999999999,88.43932575116153,88.1459131801641,88.22903709754944,90.5586,88.4325818181818
demo,D01,45,10,90.3771,87.97455,88.24037973424069,87.96395040581392,88.07872320137024,90.3771,88.47246060606055
demo,D01,46,10,90.3604,87.86675000000001,87.9411685632661,87.75077481294437,87.86364940681457,90.3604,88.56851818181819
demo,D01,47,10,89.95309999999999,88.18045,87.71958917757603,87.42605687961711,87.56897977409362,89.95309999999999,87.98698787878782
demo,D01,48,10,89.87625,87.25444999999999,87.53853399042056,87.33600313960731,87.3948776435852,89.87625,87.77489848484853
demo,D01,49,10,89.479,87.5865,87.31642877133285,87.14866416535284,87.22060981178284,89.479,87.38279090909089
demo,D01,50,10,89.33109999999999,86.5726,87.12564653193985,86.99784004572459,87.07054401741027,89.33109999999999,87.31602727272725
demo,D01,51,10,89.21900000000001,86.758,86.93851896982446,86.8541131343611,86.85378493690492,89.21900000000001,87.31763030303034
demo,D01,52,10,88.37724999999999,86.6879,86.31182543088046,86.17941378805328,86.11642603492736,88.37724999999999,86.00293484848481
demo,D01,53,10,89.82825,86.59515,86.97104949276368,87.1955442347504,87.20058090400696,89.82825,88.09841060606058
demo,D01,54,10,88.24159999999999,86.41244999999999,86.10846975976811,85.92609576714037,85.86318513069152,88.24159999999999,86.24502727272727
demo,D01,55,10,87.97455,86.8229,86.02409549914358,85.6572779100235,85.66171025352477,87.97455,85.72542878787876
demo,D01,56,10,87.86675000000001,85.6529,85.90025796266099,85.52128694925177,85.47152542877198,87.86675000000001,85.58636515151518
demo,D01,57,10,88.18045,85.3974,85.75690346631289,85.51574834050244,85.64897445602416,88.18045,86.07063787878788
demo,D01,58,10,87.25444999999999,85.57175000000001,85.13073201414457,84.84462941555329,84.87431780166625,87.25444999999999,84.97375303030303
demo,D01,59,10,87.5865,85.0348,85.20927408056741,84.9014197291672,85.02798564338684,87.5865,85.36899696969695
demo,D01,60,10,86.5726,84.48689999999999,84.65883135394974,84.2137894145519,84.20288693199157,86.5726,83.9960484848485
demo,D01,61,10,86.758,84.3067,84.59490743234257,84.29613771064321,84.27477060127258,86.758,84.18315757575758
demo,D01,62,10,86.6879,84.14755000000001,84.23856504806079,84.0027466172444,83.951079063797,86.6879,83.81366666666668
demo,D01,63,10,86.59515,84.3488,84.46237457943917,84.27362093153988,84.30859447135926,86.59515,84.54303787878791
demo,D01,64,10,86.41244999999999,84.0183,83.86287658903865,83.67113806918456,83.71437399024963,86.41244999999999,84.41692878787877
demo,D01,65,10,86.8229,83.95825,83.95181418165801,83.95809364588138,83.86763805427552,86.8229,85.15153333333335
demo,D01,66,10,85.6529,83.3981,83.2874181164131,83.14181131485451,83.09397341766358,85.6529,83.73523333333337
demo,D01,67,10,85.3974,83.34865,83.16077090748597,82.95977940860999,82.97529826393128,85.3974,83.57154848484852
demo,D01,68,10,85.57175000000001,83.26315,82.94494879248663,82.69126300145813,82.71917183685304,85.57175000000001,83.65281969696969
demo,D01,69,10,85.0348,82.75675,82.70455249620898,82.56221862346955,82.55652732353211,85.0348,83.15523939393938
demo,D01,70,10,84.48689999999999,82.76025,82.16360680701148,81.99191999955757,81.96398582878112,84.48689999999999,81.98121818181816
demo,D01,71,10,84.3067,82.19794999999999,82.20292363022592,82.05143949446219,81.84686184806824,84.3067,81.45301818181822
demo,D01,72,10,84.14755000000001,82.06054999999999,82.02186760247574,81.79087987025554,81.6887425315857,84.14755000000001,81.10945303030306
demo,D01,73,10,84.3488,81.82755,82.1017865731848,82.02718785638466,81.92015367393493,84.3488,81.48214848484848
demo,D01,74,10,84.0183,81.3555,81.71715582975281,81.60797191646972,81.51025575714111,84.0183,81.29330606060606
demo,D01,75,10,83.95825,81.6322,81.67230493312539,81.51867537248562,81.52717848014832,83.95825,81.90599242424247
demo,D01,76,10,83.3981,81.1168,80.95848486893267,80.89678471289515,80.88902411994934,83.3981,81.28027272727276
demo,D01,77,10,83.34865,81.0325,80.6480814895099,80.74977455923785,80.74244930496216,83.34865,81.24125606060609
demo,D01,78,10,83.26315,80.94375000000001,80.97043305475562,80.79719238852248,80.75407411994934,83.26315,81.4841196969697
demo,D01,79,10,82.75675,80.70389999999999,80.23834863177649,80.25642903422556,80.24767411994934,82.75675,80.95172878787878
demo,D01,80,10,82.76025,80.53960000000001,79.97676722176568,79.82087981442112,79.85650482559204,82.76025,80.84200757575752
demo,D01,81,10,82.19794999999999,80.08015,79.64353026127334,79.64062785376473,79.55821239395141,82.19794999999999,79.94893484848485
demo,D01,82,10,82.06054999999999,79.7521,79.69444923701131,79.52942356901642,79.39474060707091,82.06054999999999,79.55532272727272
demo,D01,83,10,81.82755,79.62415,79.49712003744565,79.38799120378305,79.33238870506287,81.82755,79.32615606060607
demo,D01,84,10,81.3555,78.91055,79.18933436329387,78.93751668987152,78.91022278594971,81.3555,78.68573030303028
demo,D01,85,10,81.6322,78.7509,79.04547214403723,78.99807943292376,79.05169820518493,81.6322,79.22771212121216
demo,D01,86,10,81.1168,79.6862,78.6178988975677,78.59060076793078,78.53675000839233,81.1168,78.60497878787879
demo,D01,87,10,81.0325,78.42145000000001,78.5373341864539,78.46571039401452,78.47693702697754,81.0325,78.61091818181814
demo,D01,88,10,80.94375000000001,78.60780000000001,78.43423199779659,78.3954008119909,78.38432941436768,80.94375000000001,78.78774393939398
demo,D01,89,10,80.70389999999999,77.98315,78.09082971266832,78.10955425093648,78.0920013393402,80.70389999999999,78.6261818181818
demo,D01,90,10,80.53960000000001,77.9079,78.11037947047689,77.98356815344515,78.0129362197876,80.53960000000001,78.70171515151517
demo,D01,91,10,80.08015,78.17735,77.49554951286524,77.51945041938059,77.53434144630432,80.08015,78.12579242424245
demo,D01,92,10,79.7521,77.4466,77.25565204708113,77.18179337095346,77.19459606132507,79.7521,77.66743636363638
demo,D01,93,10,79.62415,77.5403,77.13620282790119,76.95144786603979,76.99093957939148,79.62415,77.46386818181819
demo,D01,94,10,78.91055,76.80415,76.5863800535052,76.41564598230902,76.36226213150024,78.91055,76.2377924242424
demo,D01,95,10,78.7509,76.7875,76.5509263818028,76.36956804675684,76.38604089584351,78.7509,75.9594090909091
demo,D01,96,10,79.6862,76.32865,76.75196576950661,76.61002381581378,76.70966348762512,79.6862,77.29178787878789
demo,D01,97,10,78.42145000000001,76.27615,76.00156794564009,75.8646933928431,75.91942320365906,78.42145000000001,75.85145909090907
demo,D01,98,10,78.60780000000001,76.3938,76.09117541716691,76.0207600792094,76.06308912544252,78.60780000000001,76.22120000000005
demo,D01,99,10,77.98315,75.38705,75.60963968367906,75.42882076354881,75.41488384666442,77.98315,75.56246818181816
demo,D01,100,10,77.9079,75.79875,75.48900509946225,75.31955267487552,75.38032283821106,77.9079,75.63234545454547
demo,D01,101,10,78.17735,75.5026,75.2950521933054,75.29200844719642,75.34883137092591,78.17735,76.2065893939394
demo,D01,102,10,77.4466,75.01554999999999,74.86583162440473,74.82046606206892,74.82135776672364,77.4466,75.39398484848485
demo,D01,103,10,77.5403,74.52215,74.79553427812718,74.85815032228587,74.83218370704651,77.5403,75.6510939393939
demo,D01,104,10,76.80415,74.7395,74.18321533213403,74.13150205377833,74.10666646041871,76.80415,74.45367121212124
demo,D01,105,10,76.7875,74.3205,74.21672022175912,74.04750938688802,74.01733026504516,76.7875,74.11555454545454
demo,D01,106,10,76.32865,74.31035,74.13733354909378,73.93522767047784,73.92672538986206,76.32865,73.94647727272725
demo,D01,107,10,76.27615,74.008,73.65381010581876,73.64829132512591,73.69521476020813,76.27615,73.71892272727274
demo,D01,108,10,76.3938,74.2425,73.7368670552783,73.71104967292463,73.69740865592956,76.3938,74.10996060606062
demo,D01,109,10,75.38705,73.4504,72.89558335601225,72.81154257485282,72.82424267845154,75.38705,72.67939242424247
demo,D01,110,10,75.79875,72.975,73.21178565786234,73.12056526129794,73.07611210823059,75.79875,73.15635000000002
demo,D01,111,10,75.5026,73.0954,72.9816752639594,72.90179747528802,72.9341493106842,75.5026,73.19920909090911
demo,D01,112,10,75.01554999999999,72.86685,72.41654430281035,72.39582187346988,72.36270557098388,75.01554999999999,72.62254999999998
demo,D01,113,10,74.52215,72.96755,72.18589130310441,71.9798352566498,71.94986697044372,74.52215,72.12755303030302
demo,D01,114,10,74.7395,72.5689,71.97343147909146,71.98652638490692,71.9388284225464,74.7395,72.33693030303036
demo,D01,115,10,74.3205,72.1837,71.75471341458072,71.67316677647186,71.65307269859314,74.3205,71.92057272727268
demo,D01,116,10,74.31035,72.27355,71.57024591447502,71.59704896542324,71.52943926963806,74.31035,71.9006590909091
demo,D01,117,10,74.008,71.23555,71.34136991789808,71.34318936076495,71.34057269859314,74.008,71.63326969696966
demo,D01,118,10,74.2425,71.15755,71.3881570741708,71.58714256834534,71.53273361206055,74.2425,72.38400000000003
demo,D01,119,10,73.4504,70.82845,70.55507765366346,70.64896368657257,70.70363915481568,73.4504,71.26567272727269
demo,D01,120,10,72.975,70.74615,70.44340236710866,70.38314108202593,70.44781074523925,72.975,70.71394848484849
demo,D01,121,10,73.0954,70.2064,70.56262024572757,70.44464194517901,70.42279472389221,73.0954,70.96853636363635
demo,D01,122,10,72.86685,70.566,70.04781065242561,70.18763352171173,70.15708361206055,72.86685,70.71659242424242
demo,D01,123,10,72.96755,70.06445,70.02260895060466,69.83471229590094,69.85015984420777,72.96755,70.7803409090909
demo,D01,124,10,72.5689,69.44525,69.77276951120254,69.84385334301139,69.89328349723816,72.5689,70.46063030303031
demo,D01,125,10,72.1837,69.3369,69.45308717557417,69.41039972669557,69.50808349723816,72.1837,69.92803030303034
demo,D01,126,10,72.27355,69.49035,69.5845190541537,69.5065215560012,69.54655000190735,72.27355,70.17172878787878
demo,D01,127,10,71.23555,69.40214999999999,68.86949858232491,68.65720545170291,68.7139344947815,71.23555,68.76671363636365
demo,D01,128,10,71.15755,69.50385,68.8890515312346,68.64463575643742,68.62766804580689,71.15755,68.77154090909093
demo,D01,129,10,70.82845,69.5328,68.31426692947747,68.24128865679005,68.25020507545472,70.82845,68.19162575757578
demo,D01,130,10,70.74615,68.53645,68.16082290379184,68.14523991890145,68.09388540496826,70.74615,67.8144984848485
demo,D01,131,10,70.2064,67.8684,67.88709016381011,67.73710251836096,67.70641978874207,70.2064,67.03594242424248
demo,D01,132,10,70.566,67.2785,67.95205179465364,67.91619875190433,67.88481475448609,70.566,67.55069696969696
demo,D01,133,10,70.06445,67.75099999999999,67.68363899139024,67.55258967904784,67.49876591987609,70.06445,67.27675303030303
demo,D01,134,10,69.44525,67.179,67.00187501534496,66.95925270573643,66.91491624259949,69.44525,66.6335378787879
demo,D01,135,10,69.3369,67.0502,66.88964707948666,66.78883010129613,66.82947254600525,69.3369,66.56389696969696
demo,D01,136,10,69.49035,66.7428,66.85072454635696,66.90681536328519,66.90071033630372,69.49035,67.24472272727273
demo,D01,137,10,69.40214999999999,66.63544999999999,66.33816451242187,66.41901732759477,66.50642546501159,69.40214999999999,67.28114696969699
demo,D01,138,10,69.50385,66.74849999999999,66.21124045374779,66.17609100995494,66.28364516983032,69.50385,67.73317424242425
demo,D01,139,10,69.5328,66.22645,66.16584877186,66.21580556574979,66.23455552368164,69.5328,68.10929090909087
demo,D01,140,10,68.53645,65.8821,65.54593867947786,65.79596219836142,65.7608586265564,68.53645,67.01882575757578
demo,D01,141,10,67.8684,65.36905,65.107608786899,65.2293383588338,65.19215764846801,67.8684,65.80027878787874
demo,D01,142,10,67.2785,64.92710000000001,64.91229457637529,64.90639564126452,64.80303684806823,67.2785,64.86124545454544
demo,D01,143,10,67.75099999999999,65.03305,65.09011897392875,65.0823997577235,65.0903359184265,67.75099999999999,65.3064575757575
demo,D01,144,10,67.179,64.9119,64.50792493041584,64.55663548247841,64.45714888954163,67.179,64.26278787878789
demo,D01,145,10,67.0502,65.20725,64.42573093916246,64.4682896383334,64.40819860954285,67.0502,63.794527272727294
demo,D01,146,10,66.7428,64.46445,64.26563488563967,64.21019460649345,64.13811970024109,66.7428,63.35946969696972
demo,D01,147,10,66.63544999999999,64.4684,64.17671095554415,64.07753405546636,64.03861343307494,66.63544999999999,63.34014393939388
demo,D01,148,10,66.74849999999999,63.771699999999996,64.24509086135699,64.20461431783473,64.20187080955505,66.74849999999999,64.0060393939394
demo,D01,149,10,66.22645,63.3136,63.83218795986675,63.845277438918686,63.755596909713745,66.22645,64.10536212121214
demo,D01,150,10,65.8821,63.1268,63.196089888432915,63.22801357808751,63.25141681632995,65.8821,63.93109393939394
demo,D01,151,10,65.36905,62.945750000000004,62.7350039659446,62.67566972263084,62.713823054122926,65.36905,63.184653030303
demo,D01,152,10,64.92710000000001,63.548550000000006,62.19606355163346,62.239249171042246,62.25095230064393,64.92710000000001,62.17793333333337
demo,D01,153,10,65.03305,62.40995,62.39331486352573,62.42002143009958,62.47773975067139,65.03305,62.37692272727275
demo,D01,154,10,64.9119,62.653999999999996,62.06626113635815,62.222006696780326,62.18824334564209,64.9119,62.23084545454546
demo,D01,155,10,65.20725,61.87735,62.12128623019306,62.198156414631754,62.3295005569458,65.20725,62.851301515151484
demo,D01,156,10,64.46445,62.17315,61.55809191212506,61.72787935942542,61.72045266456604,64.46445,62.04689848484846
demo,D01,157,10,64.4684,61.75429999999999,61.611803167406634,61.71766688742227,61.68036079254151,64.4684,62.19599696969698
demo,D01,158,10,63.771699999999996,61.3367,61.120132852172695,61.125139828059666,61.09680161399841,63.771699999999996,61.60246666666667
demo,D01,159,10,63.3136,61.11600000000001,60.60285449241053,60.67873400303736,60.693733867263795,63.3136,61.01045454545452
demo,D01,160,10,63.1268,60.676050000000004,60.32031911210346,60.42615547722816,60.31361025505066,63.1268,60.7113575757576
demo,D02,6,10,96.0511,93.71255,93.73540470622768,93.69639187284353,93.82828997001648,96.0511,94.29865714285715
demo,D02,7,10,95.4213,93.09315000000001,93.33326619801699,93.33507735119132,93.46369070415497,95.4213,93.19851428571434
demo,D02,8,10,94.90079999999999,93.06265,92.8223784440344,92.96683979227343,92.99410940246581,94.90079999999999,92.23352023809527
demo,D02,9,10,94.74719999999999,93.03139999999999,92.55984037576641,92.76941258275357,92.76522945137023,94.74719999999999,91.94790833333327
demo,D02,10,10,94.79005000000001,92.0688,92.47757000607054,92.70810088950576,92.78343817596436,94.79005000000001,92.09961363636363
demo,D02,11,10,94.36135,92.6141,92.23119311714777,92.36357043570155,92.45465940246582,94.36135,91.3308348484849
demo,D02,12,10,95.53625,92.8898,93.08448686909747,93.20248434813662,93.31343997001647,95.53625,93.2055227272727
demo,D02,13,10,94.1657,91.95795,92.41118277841566,92.23328013281075,92.3064333612442,94.1657,92.20408787878787
demo,D02,14,10,94.80085,91.94630000000001,92.4106122645274,92.43454960826153,92.6343243976593,94.80085,93.31229545454542
demo,D02,15,10,93.34915000000001,91.94945,91.47497955398966,91.41296002019499,91.42606037654878,93.34915000000001,91.50686212121215
demo,D02,16,10,93.71255,91.3657,91.62118043902629,91.68253369066046,91.74727459316253,93.71255,92.09617424242428
demo,D02,17,10,93.09315000000001,91.0128,91.01559009158888,91.07923151044841,91.12865052642823,93.09315000000001,91.22842575757578
demo,D02,18,10,93.06265,90.2759,90.8341720870195,90.93666114543909,90.92783096923829,93.06265,90.86814090909095
demo,D02,19,10,93.03139999999999,90.92179999999999,90.81882306643595,90.71911967175099,90.77456120147704,93.03139999999999,90.61046666666664
demo,D02,20,10,92.0688,91.0897,90.27920854012544,90.04179079875647,90.12984624271392,92.0688,89.1329303030303
demo,D02,21,10,92.6141,89.96549999999999,90.48889557987233,90.30879030133974,90.37390925559997,92.6141,89.50477878787876
demo,D02,22,10,92.8898,90.07625,90.87330298351046,90.78569695077803,90.91776101570129,92.8898,90.75246363636361
demo,D02,23,10,91.95795,89.63155,89.84048244029644,89.87733106298015,89.84306681556701,91.95795,89.69139848484848
demo,D02,24,10,91.94630000000001,89.41584999999999,89.94052718103471,89.86927343456301,89.85715267066956,91.94630000000001,90.23521818181815
demo,D02,25,10,91.94945,89.5234,89.39945100424178,89.38807762767156,89.47821257896423,91.94945,90.17376212121214
demo,D02,26,10,91.3657,88.70655,89.17179927392434,89.24692468209949,89.29715751953125,91.3657,89.61892424242427
demo,D02,27,10,91.0128,89.18825,88.8301977352369,88.91343721959565,88.81359364776611,91.0128,88.9739787878788
demo,D02,28,10,90.2759,88.22015,88.58317075958979,88.2575563247479,88.16415631141662,90.2759,87.7749181818182
demo,D02,29,10,90.92179999999999,88.2055,88.79311156291605,88.77576028392903,88.67098889999389,90.92179999999999,88.6279212121212
demo,D02,30,10,91.0897,88.74549999999999,88.52743394438352,88.56426023943813,88.52834035606384,91.0897,88.70848181818181
demo,D02,31,10,89.96549999999999,88.27055,88.21318841006885,87.89933921434793,87.8999687461853,89.96549999999999,87.36595454545457
demo,D02,32,10,90.07625,87.72485,88.1968198794141,88.06173433635455,87.98835079193115,90.07625,87.8236287878788
demo,D02,33,10,89.63155,87.17605,87.52196050250994,87.54340797867549,87.5035256603241,89.63155,87.20309242424243
demo,D02,34,10,89.41584999999999,87.06155,87.37433280368352,87.3371230456153,87.23868043861388,89.41584999999999,86.96812272727274
demo,D02,35,10,89.5234,87.00395,87.39114208125372,87.47343413893512,87.42101281013488,89.5234,87.42388787878788
demo,D02,36,10,88.70655,86.7543,86.63560442411544,86.65463203154677,86.57781278877258,88.70655,86.41459848484844
demo,D02,37,10,89.18825,86.47635,87.04681058678072,86.83403852185798,86.87777751159668,89.18825,87.05365909090911
demo,D02,38,10,88.22015,86.2544,86.12939331416676,85.9030637834096,86.00097895278931,88.22015,85.44475606060607
demo,D02,39,10,88.2055,85.9589,86.5152097275952,85.95176899527671,86.04046189117432,88.2055,85.46109393939392
demo,D02,40,10,88.74549999999999,85.95795000000001,86.42373350967134,86.3336072825143,86.48851099777221,88.74549999999999,86.76780909090911
demo,D02,41,10,88.27055,85.3859,85.83652238074473,85.62457584215225,85.62818692855835,88.27055,86.3351893939394
demo,D02,42,10,87.72485,85.5733,85.4926480378194,85.3806215272396,85.41219288215638,87.72485,85.813446969697
demo,D02,43,10,87.17605,85.1788,85.05123889320421,84.84128068165897,84.84485059242249,87.17605,84.97781060606063
demo,D02,44,10,87.06155,84.75675,84.95329510127011,84.73280926908494,84.73877797393799,87.06155,84.6678560606061
demo,D02,45,10,87.00395,84.3243,84.71659590959007,84.59454484441608,84.67191112060547,87.00395,84.74045303030303
demo,D02,46,10,86.7543,84.35979999999999,84.41823551111283,84.26974356590536,84.34247791938782,86.7543,84.2456484848485
demo,D02,47,10,86.47635,83.96545,84.51242649978309,84.13491955962958,84.1734878326416,86.47635,84.1287045454545
demo,D02,48,10,86.2544,84.2805,83.9309989959099,83.77519515641045,83.84592173995972,86.2544,83.6300121212122
demo,D02,49,10,85.9589,83.744,83.83048074567917,83.62324264317071,83.62099483146667,85.9589,83.12509393939398
demo,D02,50,10,85.95795000000001,82.95275,83.99265663373139,83.71918429874637,83.71824920578004,85.95795000000001,83.54652272727273
demo,D02,51,10,85.3859,83.30145,83.38418315413541,83.14757590956694,83.14155910339356,85.3859,83.10607575757578
demo,D02,52,10,85.5733,82.62105,83.14681523253472,83.17936152530605,83.12342154579163,85.5733,83.5131515151515
demo,D02,53,10,85.1788,82.43325,82.58579957584206,82.66706516228282,82.72408021812439,85.1788,83.01807272727271
demo,D02,54,10,84.75675,82.45295,82.49682424702365,82.40728604150107,82.43854368972778,84.75675,82.43099242424242
demo,D02,55,10,84.3243,81.96329999999999,82.36491825955122,81.95704443238023,81.99752134971618,84.3243,81.83859999999999
demo,D02,56,10,84.35979999999999,82.13025,82.03995708387797,82.01807645593306,81.92343034248351,84.35979999999999,81.89189393939392
demo,D02,57,10,83.96545,81.38119999999999,81.82409278270607,81.61556038176487,81.61031861228943,83.96545,81.4051803030303
demo,D02,58,10,84.2805,81.17855,81.79705017481662,81.86080218451566,81.84107047843933,84.2805,81.95609696969697
demo,D02,59,10,83.744,80.91755,81.39372285581409,81.38043401209667,81.36678485298157,83.744,81.40508787878782
demo,D02,60,10,82.95275,80.69454999999999,80.97006533276733,80.73611368235802,80.61198118591308,82.95275,80.43557727272729
demo,D02,61,10,83.30145,80.9434,80.82477406117286,80.83957531467948,80.83822606582642,83.30145,80.77911666666667
demo,D02,62,10,82.62105,80.55125,80.56879802132414,80.44189568170222,80.33437883834839,82.62105,80.10002272727276
demo,D02,63,10,82.43325,80.6241,80.21114396765702,80.12926447611984,80.12360363197327,82.43325,79.90594090909093
demo,D02,64,10,82.45295,80.5395,79.96529074092304,80.15324712418419,80.06491947097778,82.45295,79.98153181818182
demo,D02,65,10,81.96329999999999,79.29765,79.77258832550336,79.64440585532762,79.58982325630187,81.96329999999999,79.27163939393938
demo,D02,66,10,82.13025,79.37525,79.77412511650945,79.76949246895825,79.75094463729859,82.13025,79.6192590909091
demo,D02,67,10,81.38119999999999,78.74805,79.18520234578533,79.0605299556842,79.03172247047424,81.38119999999999,78.64965454545454
demo,D02,68,10,81.17855,78.61405,79.04732195278582,78.96414546361513,78.92384361724854,81.17855,78.63918939393939
demo,D02,69,10,80.91755,78.4043,78.63692710350087,78.63415074374993,78.57242599372864,80.91755,78.44633787878787
demo,D02,70,10,80.69454999999999,78.02175,78.28553463579921,78.2901582987833,78.24166866378783,80.69454999999999,77.98495
demo,D02,71,10,80.9434,77.76849999999999,78.4410684615797,78.51691466628354,78.48179349746704,80.9434,78.63733636363638
demo,D02,72,10,80.55125,77.7855,77.91400493526639,78.121969346723,78.07818486213684,80.55125,78.26704696969699
demo,D02,73,10,80.6241,77.2081,77.89800093437277,78.05544574214296,78.02399161491394,80.6241,78.52717878787881
demo,D02,74,10,80.5395,77.5697,77.76055818446943,77.96250698016311,78.03604054641724,80.5395,78.81613939393938
demo,D02,75,10,79.29765,76.78525,76.97409746958633,76.95810165856938,76.86984529151917,79.29765,77.17597727272732
demo,D02,76,10,79.37525,77.64655,76.9978531646055,76.96940831762598,76.95840730094909,79.37525,77.33200151515155
demo,D02,77,10,78.74805,76.411,76.46312621680354,76.40527610430902,76.32024529151917,78.74805,76.27568939393946
demo,D02,78,10,78.61405,76.31035,76.37485719653138,76.229000806983,76.171822397995,78.61405,75.8235560606061
demo,D02,79,10,78.4043,75.64205000000001,76.11671876985196,76.09754829456685,75.92462566070557,78.4043,75.31811212121215
demo,D02,80,10,78.02175,76.28395,75.79630272121229,75.75666440962598,75.63930585670471,78.02175,74.5871742424242
demo,D02,81,10,77.76849999999999,75.8491,75.80466648197186,75.55486086762284,75.4776257572174,77.76849999999999,74.33727575757577
demo,D02,82,10,77.7855,75.34305,75.50166108109602,75.45966325917195,75.3522154788971,77.7855,74.49030303030304
demo,D02,83,10,77.2081,74.59025,75.30705678447065,75.01901565125003,74.96614328918457,77.2081,74.11779393939393
demo,D02,84,10,77.5697,74.7974,75.2382081638828,75.19430721692142,75.15100717277527,77.5697,75.2391818181818
demo,D02,85,10,76.78525,74.1373,74.18875295437523,74.41907917943146,74.30443864250184,76.78525,74.31871363636365
demo,D02,86,10,77.64655,74.6516,74.69721874477793,74.75458232360863,74.82575446395875,77.64655,75.87006212121216
demo,D02,87,10,76.411,74.1944,73.70809458356618,74.02043856297011,73.94936274147034,76.411,74.44203030303028
demo,D02,88,10,76.31035,73.71865,73.65749629059069,73.8602121839888,73.84871274147034,76.31035,74.28794393939395
demo,D02,89,10,75.64205000000001,72.69704999999999,73.27080755533288,73.30469699885074,73.2087654788971,75.64205000000001,73.34108333333337
demo,D02,90,10,76.28395,72.87055,73.33741194592125,73.4491431847252,73.44130006332398,76.28395,74.13433484848488
demo,D02,91,10,75.8491,73.1091,73.13094010531334,73.30211813920336,73.2878743473053,75.8491,73.65545454545455
demo,D02,92,10,75.34305,73.00345,72.73508479837994,72.95444804677538,72.86223864250184,75.34305,73.07333484848485
demo,D02,93,10,74.59025,72.7088,72.2046579914145,72.272361569089,72.17069052124023,74.59025,71.7449681818182
demo,D02,94,10,74.7974,71.6345,72.40116879152161,72.44938256067124,72.36411547889709,74.7974,72.0479242424242
demo,D02,95,10,74.1373,71.9382,71.77049706746675,71.81273114272746,71.6899521205902,74.1373,70.93664545454544
demo,D02,96,10,74.6516,71.8877,72.29756007820107,72.32318248310627,72.23824870262146,74.6516,72.17545757575756
demo,D02,97,10,74.1944,70.82045000000001,71.55082782651948,71.7945938886098,71.69149486961365,74.1944,71.73271212121212
demo,D02,98,10,73.71865,71.0501,71.33327877855294,71.407260777631,71.22755517234802,73.71865,71.21349545454544
demo,D02,99,10,72.69704999999999,70.8688,70.70754894227738,70.26964343459724,70.1923610218048,72.69704999999999,69.45980454545452
demo,D02,100,10,72.87055,70.4302,70.73967852651751,70.63505829203288,70.5797568195343,72.87055,69.78075303030305
demo,D02,101,10,73.1091,69.6982,70.66287960198116,70.76672445402869,70.62047137413025,73.1091,70.42071515151513
demo,D02,102,10,73.00345,69.88915,70.25981500262834,70.62115669030429,70.49297627182007,73.00345,70.65360454545454
demo,D02,103,10,72.7088,69.62135,69.79217565836295,70.05576619323395,69.97849838142395,72.7088,70.31849696969697
demo,D02,104,10,71.6345,69.4074,69.32135999080359,69.37262943904639,69.27435276222229,71.6345,68.98391212121216
demo,D02,105,10,71.9382,69.01469999999999,69.2265624533267,69.51629373494545,69.33694053001403,71.9382,69.13629696969697
demo,D02,106,10,71.8877,68.78235000000001,69.26962599569258,69.51056649320186,69.43009463806152,71.8877,69.5163606060606
demo,D02,107,10,70.82045000000001,68.6345,68.52731723076312,68.56570658123555,68.45994656486512,70.82045000000001,68.32775606060606
demo,D02,108,10,71.0501,68.50995,68.28311038556276,68.4817789141577,68.45699754486084,71.0501,68.65311212121216
demo,D02,109,10,70.8688,69.1005,68.03651692044737,68.17857341372951,68.0751353061676,70.8688,68.11102121212126
demo,D02,110,10,70.4302,67.71485,67.78738048069866,68.04933596057116,67.84005870361328,70.4302,67.40966666666672
demo,D02,111,10,69.6982,67.59515,67.69633891454563,67.47460973297198,67.36652160949707,69.6982,66.47047272727272
demo,D02,112,10,69.88915,66.7205,67.52571526141426,67.60167332103325,67.46477351226807,69.88915,66.90139242424245
demo,D02,113,10,69.62135,67.16885,67.23074499478712,67.32657933771704,67.21069855461121,69.62135,66.90854696969696
demo,D02,114,10,69.4074,67.9752,66.601968080464,67.02963572470465,66.88128863563537,69.4074,66.51088787878788
demo,D02,115,10,69.01469999999999,66.4945,66.6672098911825,66.70760127253574,66.51631862373351,69.01469999999999,66.19269696969695
demo,D02,116,10,68.78235000000001,66.4987,66.4348010237079,66.50070681448874,66.36255758628846,68.78235000000001,66.22881666666665
demo,D02,117,10,68.6345,65.35215,65.9554612652126,66.20685190631755,65.97760269355774,68.6345,65.93369696969697
demo,D02,118,10,68.50995,65.07300000000001,65.82867602135929,65.94540310279883,65.85433395500183,68.50995,66.01200454545457
demo,D02,119,10,69.1005,65.47404999999999,66.0200506561884,66.29574849535854,66.28006709861755,69.1005,67.31456060606057
demo,D02,120,10,67.71485,65.1162,65.01484168177555,65.30117316242766,65.25153212890625,67.71485,65.80704696969701
demo,D02,121,10,67.59515,64.8955,64.87601300500397,65.12324464208646,64.94506693496704,67.59515,65.34132575757575
demo,D02,122,10,66.7205,65.0502,64.47438124761301,64.46747230646656,64.34112454223633,66.7205,64.02578787878791
demo,D02,123,10,67.16885,64.4948,64.51775431873422,64.78579142152411,64.64823919067383,67.16885,64.48335000000002
demo,D02,124,10,67.9752,64.3003,64.58530625797142,64.73900909334553,64.95142442245483,67.9752,65.89337878787882
demo,D02,125,10,66.4945,63.89035,63.77748283629098,64.05378313476423,63.96748073768616,66.4945,64.12050303030303
demo,D02,126,10,66.4987,63.391149999999996,63.7903032686965,64.0545879235342,63.985405780029296,66.4987,63.985396969696964
demo,D02,127,10,65.35215,62.561049999999994,63.22861985630293,63.07582238272698,62.96636608924865,65.35215,62.2523893939394
demo,D02,128,10,65.07300000000001,63.14769999999999,63.0748609414884,62.829615546997076,62.84522228050233,65.07300000000001,61.549345454545474
demo,D02,129,10,65.47404999999999,63.9493,63.18121621595617,63.17129374189499,63.206364586639395,65.47404999999999,62.55555606060604
demo,D02,130,10,65.1162,62.556400000000004,62.60614120390223,62.53709867389614,62.501270800781256,65.1162,62.12347878787879
demo,D02,131,10,64.8955,61.82164999999999,62.431887379750044,62.51503352291004,62.42511778640747,64.8955,61.94335757575761
demo,D02,132,10,65.0502,62.009800000000006,62.045265221880136,62.01344697166324,62.07035399932862,65.0502,61.96714848484846
demo,D02,133,10,64.4948,61.787650000000006,61.96222839396047,61.9424199755401,61.95290031890869,64.4948,61.479254545454545
demo,D02,134,10,64.3003,61.7186,61.96811971177028,61.83709524120105,61.98822581558227,64.3003,62.10786363636366
demo,D02,135,10,63.89035,60.709199999999996,61.14572279113156,61.401759952364756,61.39887656364441,63.89035,61.755722727272705
demo,D02,136,10,63.391149999999996,60.624849999999995,60.64626855358199,61.01964605315594,60.964490654373165,63.391149999999996,61.36049545454545
demo,D02,137,10,62.561049999999994,60.6374,60.00951872533111,60.14080900282583,60.04575711708068,62.561049999999994,59.79389242424244
demo,D02,138,10,63.14769999999999,60.150499999999994,60.21304243321951,60.47068447826573,60.398461270523065,63.14769999999999,60.11624545454545
demo,D02,139,10,63.9493,59.5178,60.759609783830676,60.763379895467466,60.87196583442688,63.9493,61.59152121212116
demo,D02,140,10,62.556400000000004,59.6967,59.80139160094662,60.10628201080235,59.93270319595337,62.556400000000004,60.058784848484855
demo,D02,141,10,61.82164999999999,59.46495,59.351776579502804,59.31131722959708,59.27902361907958,61.82164999999999,58.94657121212119
demo,D02,142,10,62.009800000000006,59.0364,59.496706290985784,59.639287574626366,59.50899438362122,62.009800000000006,59.33560606060609
demo,D02,143,10,61.787650000000006,59.74665,59.178812391217335,59.36443441870756,59.21421230926514,61.787650000000006,59.19143484848483
demo,D02,144,10,61.7186,58.3687,59.19383390553712,59.32153404692042,59.14244386062622,61.7186,59.36117272727273
demo,D02,145,10,60.709199999999996,58.6074,58.315597813566434,58.409671923749876,58.249642228317256,60.709199999999996,58.07961212121216
demo,D02,146,10,60.624849999999995,57.611000000000004,58.07122697473601,58.2285662958821,58.04946824417114,60.624849999999995,57.72988636363639
demo,D02,147,10,60.6374,57.42195,57.72115124226838,57.94232518612745,57.87057313194275,60.6374,57.26581515151511
demo,D02,148,10,60.150499999999994,57.318000000000005,57.78614161711257,57.598159762760666,57.55067747879028,60.150499999999994,56.66098181818183
demo,D02,149,10,59.5178,57.294650000000004,57.890041633025724,57.06353588712154,57.212227490234376,59.5178,56.4629363636364
demo,D02,150,10,59.6967,56.29765,57.14184434293255,57.122549852205196,57.049551152420044,59.6967,56.782624242424255
demo,D02,151,10,59.46495,56.06934999999999,56.80184649296042,56.809872297306825,56.7998150932312,59.46495,56.42204999999997
demo,D02,152,10,59.0364,55.56635,56.40207253515856,56.268020696373554,56.26544872894287,59.0364,56.04201515151516
demo,D02,153,10,59.74665,55.90235,56.511303130397856,56.708359240470585,56.75691463508606,59.74665,57.400501515151525
demo,D02,154,10,58.3687,55.271550000000005,55.84049951601379,55.85836392830803,55.762104006958005,58.3687,56.12053939393939
demo,D02,155,10,58.6074,55.2059,55.531812204555216,55.70557421224755,55.62435156097412,58.6074,56.32054242424238
demo,D02,156,10,57.611000000000004,55.2335,54.980410955401744,54.84630706345594,54.81325071907044,57.611000000000004,54.94048484848483
demo,D02,157,10,57.42195,54.55615,54.981751735104055,54.861167715986674,54.79197444267273,57.42195,54.63834090909093
demo,D02,158,10,57.318000000000005,54.53115,54.69349355734436,54.87690144965492,54.75360719490052,57.318000000000005,54.42974848484848
demo,D02,159,10,57.294650000000004,54.0848,54.486555678266114,54.80900342363337,54.639259975814824,57.294650000000004,54.21055303030302
demo,D02,160,10,56.29765,54.0887,54.037380238894364,53.785565732111095,53.77927317276001,56.29765,52.86262878787882
demo,D03,6,10,98.8142,96.08085,95.94346027982455,95.82524729841617,95.88072188301086,98.8142,95.97791428571433
demo,D03,7,10,98.409,95.34270000000001,95.62111365913148,95.60359753762461,95.50431497955323,98.409,95.52182142857146
demo,D03,8,10,97.9932,95.248,95.2466295126846,94.95483821822808,94.95483821220398,97.9932,94.97891428571435
demo,D03,9,10,97.40395,94.4797,94.71778364082022,94.11160088156319,94.23585369606018,97.40395,94.13846666666656
demo,D03,10,10,97.43895,94.59885,94.55843612477972,94.2234441015719,94.27425354499817,97.43895,94.24279242424242
demo,D03,11,10,96.99185,94.57575,94.19081868790288,93.76251867675123,93.81973038253784,96.99185,93.65233181818179
demo,D03,12,10,96.51615,94.41145,93.82631390595935,93.16900799275302,93.37570715179443,96.51615,92.9984409090909
demo,D03,13,10,96.51405,93.65695000000001,93.77891068269354,93.37548960667708,93.51745390205383,96.51405,93.35891060606063
demo,D03,14,10,96.1559,93.89235000000001,93.24257414588915,92.99047026597759,92.9760072216034,96.1559,92.91228181818178
demo,D03,15,10,96.36105,92.82705,93.31286019543688,93.14399769017847,93.23778830986024,96.36105,93.43036515151518
demo,D03,16,10,96.08085,92.61155,93.0890890148884,93.12789211457994,93.15772473297119,96.08085,93.54333181818187
demo,D03,17,10,95.34270000000001,92.9019,92.45866552149322,92.42884541370812,92.40159630317689,95.34270000000001,92.85690303030304
demo,D03,18,10,95.248,93.71735,92.21031577012778,92.33268492225727,92.30995688247681,95.248,92.85674242424241
demo,D03,19,10,94.4797,92.2407,91.5996987597621,91.44104103014037,91.39589396209716,94.4797,91.70382727272727
demo,D03,20,10,94.59885,91.78115,91.65545989720243,91.54673466593039,91.54121493110657,94.59885,91.88114090909095
demo,D03,21,10,94.57575,90.83445,91.43626814097826,91.33694495139349,91.51191008758545,94.57575,91.94979242424242
demo,D03,22,10,94.41145,90.58515,91.20277855250092,91.31930639807088,91.30935678024292,94.41145,91.76335303030304
demo,D03,23,10,93.65695000000001,90.92885000000001,90.75750653899296,90.84654249127796,90.84222007102967,93.65695000000001,90.82888333333334
demo,D03,24,10,93.89235000000001,90.47995,90.80473929108561,90.8453545772774,90.92478041038514,93.89235000000001,91.1202621212121
demo,D03,25,10,92.82705,89.95215,90.21069649739809,90.15792335658564,90.22907331542969,92.82705,89.94100454545453
demo,D03,26,10,92.61155,89.99935,89.89743041414683,89.82956144471235,89.8890887763977,92.61155,89.73556515151516
demo,D03,27,10,92.9019,89.70925,89.79110917187435,89.87204143403238,89.87654442253113,92.9019,90.12276969696971
demo,D03,28,10,93.71735,89.65235,90.25854530535995,90.40103211898413,90.2184302745819,93.71735,91.71258636363638
demo,D03,29,10,92.2407,89.10355,89.0431751781325,89.14664753079462,89.23775910682679,92.2407,89.87819090909093
demo,D03,30,10,91.78115,89.1239,88.89448145892791,88.94283324752234,88.92569865455627,91.78115,89.16105909090912
demo,D03,31,10,90.83445,88.4499,88.42330252210559,88.12943891000307,88.22947477645874,90.83445,87.76653484848487
demo,D03,32,10,90.58515,88.1043,88.19917023868841,87.86482125657471,88.01839518203735,90.58515,87.27738636363637
demo,D03,33,10,90.92885000000001,88.1489,88.0909155156326,88.09435226836888,88.08319503555299,90.92885000000001,87.52950454545457
demo,D03,34,10,90.47995,87.2261,87.77005499617498,87.72975522962814,87.88331060523987,90.47995,87.23178030303032
demo,D03,35,10,89.95215,88.05330000000001,87.17660859594609,87.04335679565405,87.11382879104615,89.95215,86.27068939393943
demo,D03,36,10,89.99935,87.0102,87.14791288297793,86.98795583652458,87.03510205802918,89.99935,86.11515000000001
demo,D03,37,10,89.70925,86.69985,86.96224374391862,86.75595171338061,86.83751108932495,89.70925,85.97427121212122
demo,D03,38,10,89.65235,86.43045000000001,86.98677483594486,86.74610461380237,86.92535262451172,89.65235,86.96617727272726
demo,D03,39,10,89.10355,86.5227,85.99832834942204,86.07256547454165,86.06211356620788,89.10355,86.67513181818181
demo,D03,40,10,89.1239,85.88335000000001,85.88185193836415,86.06596251725851,86.12950784339905,89.1239,87.0382303030303
demo,D03,41,10,88.4499,84.84945,85.20007177394125,85.22089006108594,85.30097231140137,88.4499,86.03030000000001
demo,D03,42,10,88.1043,85.4367,84.89018880006765,84.82124364310755,84.94588563613891,88.1043,85.28509696969695
demo,D03,43,10,88.1489,84.5975,84.98697077848297,85.10139350334475,85.15066739692688,88.1489,85.48426363636362
demo,D03,44,10,87.2261,84.41535,84.22849348361709,84.21703083925145,84.23416283950806,87.2261,84.25038181818184
demo,D03,45,10,88.05330000000001,83.6823,84.50928578951597,84.65519318468989,84.78900942878724,88.05330000000001,85.2602393939394
demo,D03,46,10,87.0102,83.90615,83.95941869016455,83.98696034603635,84.02497837562561,87.0102,84.09246363636365
demo,D03,47,10,86.69985,83.23445000000001,83.69106697454065,83.68876715847708,83.69348160133362,86.69985,83.65707727272722
demo,D03,48,10,86.43045000000001,83.1409,83.42748488719651,83.43344401402152,83.55609969062806,86.43045000000001,83.44253787878795
demo,D03,49,10,86.5227,82.706,83.33895458163236,83.46434942383424,83.45035021324158,86.5227,83.66463333333333
demo,D03,50,10,85.88335000000001,83.04855,82.78207682071626,82.90743790933153,82.9800902458191,85.88335000000001,83.1327893939394
demo,D03,51,10,84.84945,82.7449,81.97961222945787,81.9294562552055,81.96982897109986,84.84945,81.58591060606061
demo,D03,52,10,85.4367,81.84275,82.23982144168066,82.29870528856071,82.29406656188965,85.4367,82.18651818181817
demo,D03,53,10,84.5975,81.526,82.02616034925946,81.73004822593047,81.90189448356628,84.5975,81.25600909090906
demo,D03,54,10,84.41535,81.07215,81.4911452345619,81.40398969796355,81.42384151611328,84.41535,80.69846818181821
demo,D03,55,10,83.6823,81.19285,81.25789563340393,80.77183397016313,80.86719050865173,83.6823,80.08234545454546
demo,D03,56,10,83.90615,80.43860000000001,80.81007018604933,80.84959639527906,80.85335315933227,83.90615,80.37964090909092
demo,D03,57,10,83.23445000000001,80.08655,80.29641279825279,80.29521566011796,80.43443955726624,83.23445000000001,79.58435303030302
demo,D03,58,10,83.1409,80.1816,80.1950228974534,80.13667786942679,80.12659369316101,83.1409,79.55663636363637
demo,D03,59,10,82.706,79.4011,79.855105442655,79.75529400053972,79.87222972488404,82.706,79.41058484848486
demo,D03,60,10,83.04855,79.2252,79.56661129772445,79.92919629863368,79.88806687812806,83.04855,80.26522575757578
demo,D03,61,10,82.7449,78.43554999999999,79.08257044992115,79.34784495110486,79.35015584220886,82.7449,79.96238484848486
demo,D03,62,10,81.84275,78.794,78.68563284725731,78.88785703502248,78.9534014930725,81.84275,79.21555909090911
demo,D03,63,10,81.526,78.8373,78.26585743454338,78.46439155849578,78.46961782073974,81.526,78.75752424242427
demo,D03,64,10,81.07215,78.1431,77.89677645408469,77.79698485636585,77.90230203475951,81.07215,78.16570454545453
demo,D03,65,10,81.19285,78.03645,77.73329124848905,77.8763020104576,77.93137825164796,81.19285,78.13080757575759
demo,D03,66,10,80.43860000000001,77.0147,77.28267589166046,77.2529352795655,77.3473142944336,80.43860000000001,77.26053636363638
demo,D03,67,10,80.08655,78.19205,76.89064188779554,76.71951996493046,76.85187363891602,80.08655,76.57294696969697
demo,D03,68,10,80.1816,76.32515,76.94146909030061,76.85694817092906,76.90395298156739,80.1816,76.70349999999999
demo,D03,69,10,79.4011,76.20875000000001,76.26750826753747,75.949609751524,76.17450173721313,79.4011,75.60154545454546
demo,D03,70,10,79.2252,76.1772,76.42626027981177,76.04310362377899,76.17560249824524,79.2252,75.63720606060608
demo,D03,71,10,78.43554999999999,75.64395,75.69226684466993,75.11732395109267,75.40530946426391,78.43554999999999,74.8894015151515
demo,D03,72,10,78.794,74.857,75.50184002582141,75.35597147839538,75.52666577720642,78.794,75.40612727272732
demo,D03,73,10,78.8373,74.5531,75.3572878379219,75.43250918344533,75.46007579307556,78.8373,75.78970000000004
demo,D03,74,10,78.1431,74.19955,74.87908641279016,75.06423792186352,74.99206278381348,78.1431,75.08045454545453
demo,D03,75,10,78.03645,75.16335,74.76141221796397,75.00878891649414,74.95286497612,78.03645,75.33608939393943
demo,D03,76,10,77.0147,74.56405000000001,73.75405148977464,73.82814018961429,73.9817913219452,77.0147,73.9990666666667
demo,D03,77,10,78.19205,74.01835,74.34850253995015,74.7560675997927,74.71593453483581,78.19205,75.68365303030305
demo,D03,78,10,76.32515,72.705,73.17320311825893,73.39631520344595,73.42212699546813,76.32515,73.59868333333335
demo,D03,79,10,76.20875000000001,73.36375000000001,72.90834709900282,73.19276584602503,73.12717126846314,76.20875000000001,73.1478378787879
demo,D03,80,10,76.1772,72.8815,72.68664561785083,72.88865853673644,72.92532865257263,76.1772,73.03431818181814
demo,D03,81,10,75.64395,71.7996,72.34467435085757,72.30289304312275,72.30875016708374,75.64395,71.9712560606061
demo,D03,82,10,74.857,71.83435,71.955985075186,71.49837382339913,71.81846512031555,74.857,70.80259090909094
demo,D03,83,10,74.5531,71.91555,71.72928873754913,71.02672593631601,71.42714870986939,74.5531,70.45729090909093
demo,D03,84,10,74.19955,71.4131,71.19799236377172,70.66790958281909,71.06574925498963,74.19955,69.92599242424242
demo,D03,85,10,75.16335,70.5158,71.70636629433531,71.58405888899868,71.76993884048461,75.16335,71.64465909090913
demo,D03,86,10,74.56405000000001,70.75185,71.01507145243046,71.06708469984669,71.0833805015564,74.56405000000001,71.14042272727278
demo,D03,87,10,74.01835,69.5869,70.82208154042937,70.86867526389102,71.0078211971283,74.01835,71.47408030303025
demo,D03,88,10,72.705,69.82034999999999,69.47966221013027,69.30605707996948,69.66651113510132,72.705,69.58501818181819
demo,D03,89,10,73.36375000000001,69.8871,69.7054707796713,69.83766937089624,69.9949619960785,73.36375000000001,70.38858030303031
demo,D03,90,10,72.8815,69.2093,69.41696295377989,69.55494154237245,69.61623644256592,72.8815,70.11191212121213
demo,D03,91,10,71.7996,68.71159999999999,68.568376921708,68.27706352277589,68.62023150405884,71.7996,68.68944545454546
demo,D03,92,10,71.83435,68.7851,68.29743205640305,68.12180953507148,68.45817674217224,71.83435,68.34393181818182
demo,D03,93,10,71.91555,68.46725,68.35276487960547,68.25121279082377,68.4766752784729,71.91555,68.25294090909091
demo,D03,94,10,71.4131,68.2239,67.92077552093869,67.69021105169405,67.9742252784729,71.4131,67.38823939393936
demo,D03,95,10,70.5158,67.7487,67.63693521420223,67.00389510901124,67.399744272995,70.5158,66.61953636363636
demo,D03,96,10,70.75185,67.46585,67.32339913117181,67.14877933401081,67.60654174385071,70.75185,67.27674393939392
demo,D03,97,10,69.5869,67.01585,66.53783600860619,65.93846483001852,66.24893308105469,69.5869,65.99580909090908
demo,D03,98,10,69.82034999999999,66.5297,66.3731140359699,65.97784746087747,66.24841291580199,69.82034999999999,65.90218939393938
demo,D03,99,10,69.8871,66.13045,66.44470912449384,66.28479102027876,66.73536254844666,69.8871,66.4671
demo,D03,100,10,69.2093,65.68549999999999,65.88070860069438,65.6130209658238,66.00720377616882,69.2093,66.01766363636366
demo,D03,101,10,68.71159999999999,65.04554999999999,65.09432986885326,64.87048897398044,65.1531726661682,68.71159999999999,65.20070303030299
demo,D03,102,10,68.7851,64.77475,65.38125175319652,65.06531324404462,65.40872623214722,68.7851,65.39250303030305
demo,D03,103,10,68.46725,64.62835,64.87290299442262,64.85331740271363,65.23692430114747,68.46725,65.44331969696968
demo,D03,104,10,68.2239,64.4365,64.49438982729963,64.46922829632629,64.83355514183044,68.2239,65.51890909090912
demo,D03,105,10,67.7487,64.44695,63.997521498771846,64.11735503106601,64.2323757183075,67.7487,64.89181818181818
demo,D03,106,10,67.46585,63.6523,63.82155924130875,63.940708544989036,64.16437876663208,67.46585,64.79556818181815
demo,D03,107,10,67.01585,63.61555,63.16999606080869,63.23995166585788,63.49806206665039,67.01585,63.90838333333335
demo,D03,108,10,66.5297,63.287499999999994,62.903894096386175,62.87259929107077,63.16954966278077,66.5297,63.18715151515158
demo,D03,109,10,66.13045,62.543000000000006,62.655523464927114,62.53859291311244,62.95309423370361,66.13045,62.77841363636366
demo,D03,110,10,65.68549999999999,62.439049999999995,62.411865131439704,62.1226025344345,62.5039471130371,65.68549999999999,62.084760606060684
demo,D03,111,10,65.04554999999999,61.83535,61.92081658062279,61.475716932872245,61.854546438980094,65.04554999999999,60.94237121212121
demo,D03,112,10,64.77475,61.95230000000001,61.78618185491428,61.24715195875051,61.61325121498108,64.77475,60.51479242424242
demo,D03,113,10,64.62835,61.3932,61.337668167044605,61.02823118007714,61.44712851486206,64.62835,60.4059621212121
demo,D03,114,10,64.4365,60.49165,61.24933866178862,60.85221822931555,61.26653759384155,64.4365,60.450124242424266
demo,D03,115,10,64.44695,60.5431,60.9426493910543,60.78500858951447,61.095826667022706,64.44695,60.844565151515134
demo,D03,116,10,63.6523,60.634449999999994,60.16889962690695,60.07892305880272,60.47494423370361,63.6523,60.21210606060605
demo,D03,117,10,63.61555,59.73055000000001,59.935608528646036,59.977554167305705,60.324267107772826,63.61555,60.479749999999974
demo,D03,118,10,63.287499999999994,59.56365,59.55856054617164,59.55627404699244,59.867899274826044,63.287499999999994,60.365215151515144
demo,D03,119,10,62.543000000000006,59.2371,58.9795050661519,58.934611491460956,59.327423828125006,62.543000000000006,59.554966666666644
demo,D03,120,10,62.439049999999995,58.40585,58.60814171719715,58.7113601953178,59.04231290130615,62.439049999999995,59.4667772727273
demo,D03,121,10,61.83535,58.51305,58.22853421178165,58.10393827294988,58.476833306884764,61.83535,58.516422727272726
demo,D03,122,10,61.95230000000001,57.584250000000004,57.970160052222944,58.097374636424114,58.29545848350526,61.95230000000001,58.55909090909094
demo,D03,123,10,61.3932,57.456799999999994,57.652671506949126,57.55660701921937,57.84876402206421,61.3932,57.86526060606059
demo,D03,124,10,60.49165,57.608850000000004,57.1940712252239,56.80530354637647,57.025648012542725,60.49165,56.601465151515164
demo,D03,125,10,60.5431,57.0343,57.12001307476702,56.83656178423277,57.08090770301819,60.5431,56.80386363636365
demo,D03,126,10,60.634449999999994,56.4766,56.81581748537552,56.77107592947538,56.97729424781799,60.634449999999994,57.03941666666666
demo,D03,127,10,59.73055000000001,56.342150000000004,56.29577254501581,56.01346883219428,56.2683577030182,59.73055000000001,56.12798333333336
demo,D03,128,10,59.56365,55.82995,56.09433660666016,55.80251783823254,56.10008274307251,59.56365,56.11472272727276
demo,D03,129,10,59.2371,55.491049999999994,55.65197732084206,55.42452382324976,55.64019929847717,59.2371,55.718736363636374
demo,D03,130,10,58.40585,55.32315,55.11961394754739,54.73203014490224,55.01238328895569,58.40585,54.69605606060607
demo,D03,131,10,58.51305,54.5463,54.94779897465806,54.73499275701317,54.879265467453,58.51305,54.75670454545458
demo,D03,132,10,57.584250000000004,54.41454999999999,54.47639467310118,53.917678572111484,54.190552022933964,57.584250000000004,53.75540454545452
demo,D03,133,10,57.456799999999994,53.9462,54.13042244246117,53.75354728161038,53.94373680763244,57.456799999999994,53.64266363636365
demo,D03,134,10,57.608850000000004,53.20120000000001,53.88746067442821,53.723894705446895,53.91974901924134,57.608850000000004,53.76846515151521
demo,D03,135,10,57.0343,53.0373,53.448303589446745,53.27218258234848,53.53149333648682,57.0343,53.238006060606054
demo,D03,136,10,56.4766,53.42,53.014887701679896,52.77042869812482,53.014954396820066,56.4766,52.90640606060606
demo,D03,137,10,56.342150000000004,52.700599999999994,52.55270581688212,52.5117435636196,52.76250818099976,56.342150000000004,52.82610151515153
demo,D03,138,10,55.82995,51.8233,52.20094842340485,52.01252049118591,52.26149621124267,55.82995,52.38811363636364
demo,D03,139,10,55.491049999999994,51.393,51.831548405913765,51.66041065215808,51.92259621124267,55.491049999999994,52.17344090909085
demo,D03,140,10,55.32315,51.45570000000001,51.48897603936807,51.38827964750506,51.520042261505125,55.32315,51.93808636363636
demo,D04,6,10,95.78515,93.4699,92.01159756525556,91.75928674207306,92.15447039260864,95.78515,92.13276428571434
demo,D04,7,10,95.66145,92.97535,91.67842059133812,91.60197356008815,91.9787975265503,95.66145,91.94643214285716
demo,D04,8,10,95.612,92.0576,91.57383831876497,91.67295839078825,91.97980095100402,95.612,92.13926190476192
demo,D04,9,10,95.04625,91.8561,91.24520177391022,91.10126387203826,91.58587111473084,95.04625,91.54092499999997
demo,D04,10,10,94.8536,92.708,91.05304570544226,90.97806376389978,91.40564582214355,94.8536,91.41780303030303
demo,D04,11,10,94.77,91.3048,91.0323726850357,91.26936720355529,91.47291948318481,94.77,91.08073030303032
demo,D04,12,10,94.23169999999999,91.21975,91.06223894475876,91.35254643930261,91.28142386360167,94.23169999999999,91.04353030303025
demo,D04,13,10,94.1013,91.1157,90.55117803879854,91.24894911547133,91.04183888320922,94.1013,91.11917575757576
demo,D04,14,10,94.20695,90.9913,90.43160246198066,91.02016306564303,91.16035657234193,94.20695,91.61111060606059
demo,D04,15,10,93.37174999999999,90.38965,89.89446616082633,90.67292900824259,90.41902220535277,93.37174999999999,90.82733484848484
demo,D04,16,10,93.4699,89.84495,89.64506922493307,90.0401713697091,90.2116345046997,93.4699,90.90036060606062
demo,D04,17,10,92.97535,89.03444999999999,89.3643415763557,90.02978656153131,89.92847905311585,92.97535,90.30910151515153
demo,D04,18,10,92.0576,89.35985,88.83603963734632,89.44895670916627,89.11610958824157,92.0576,89.08667272727273
demo,D04,19,10,91.8561,89.025,88.47728503421855,89.10172841982543,88.7745603691101,91.8561,88.52425454545454
demo,D04,20,10,92.708,88.74980000000001,88.82373506271448,89.30030899261247,89.43326669502258,92.708,89.73816060606062
demo,D04,21,10,91.3048,89.0036,88.06581437205259,88.72712265462756,88.43085786323547,91.3048,88.13592424242427
demo,D04,22,10,91.21975,88.41980000000001,87.78689922241743,88.25071525033837,88.11708719825745,91.21975,87.86660454545458
demo,D04,23,10,91.1157,87.95819999999999,87.63793198460637,88.09762501350268,88.06941794700623,91.1157,87.79968181818184
demo,D04,24,10,90.9913,87.10825,87.53311110499504,88.24513185674115,88.00706685905456,90.9913,88.07687878787877
demo,D04,25,10,90.38965,86.91635,86.90474664874705,87.45016729982119,87.32902849998474,90.38965,87.3816287878788
demo,D04,26,10,89.84495,86.7143,86.55081918875564,87.17516815989427,86.88127521629333,89.84495,86.87311969696971
demo,D04,27,10,89.03444999999999,86.18185,86.163933056917,86.35449029821561,86.03388161010741,89.03444999999999,85.76640757575755
demo,D04,28,10,89.35985,86.23555,85.90434438382249,86.30785598367353,86.22660715446472,89.35985,85.83893787878787
demo,D04,29,10,89.025,85.8626,85.68513763534845,86.05513446042087,85.86111178398133,89.025,85.2612393939394
demo,D04,30,10,88.74980000000001,85.0984,85.68730663179508,86.05739413963003,85.76109627227784,88.74980000000001,85.5041787878788
demo,D04,31,10,89.0036,85.45255,85.16115037818712,85.62407263877061,85.67768537864686,89.0036,85.95886969696973
demo,D04,32,10,88.41980000000001,86.20995,84.79616514781445,85.3761371789767,85.27307100753785,88.41980000000001,85.47975757575762
demo,D04,33,10,87.95819999999999,83.90965,84.4880236945142,85.0609826765137,84.87555339164733,87.95819999999999,85.14108484848487
demo,D04,34,10,87.10825,84.0793,83.85916625825762,84.33750172782989,84.03418908309936,87.10825,84.25024696969699
demo,D04,35,10,86.91635,83.84465,83.50216638480141,84.24413520827099,83.80194556007385,86.91635,83.98235909090914
demo,D04,36,10,86.7143,83.717,83.18223042157548,83.9544385867232,83.50835307769775,86.7143,83.65198484848486
demo,D04,37,10,86.18185,84.35185,82.6210620135845,83.0689454834756,82.87145499763488,86.18185,82.53992272727272
demo,D04,38,10,86.23555,83.00110000000001,82.77574932389469,83.34161858073739,83.0263546245575,86.23555,82.60600454545451
demo,D04,39,10,85.8626,82.47155000000001,82.48411027042357,83.01753597912183,82.60775390396118,85.8626,82.19747878787878
demo,D04,40,10,85.0984,81.6829,81.88066874463816,82.19993251682754,81.95298707809448,85.0984,81.1807212121212
demo,D04,41,10,85.45255,82.4165,82.09096692427086,82.65122213930226,82.27683336143494,85.45255,82.08728030303033
demo,D04,42,10,86.20995,81.73615,82.07441575049737,82.78902415830076,82.76865652198792,86.20995,83.85144696969702
demo,D04,43,10,83.90965,81.41815,80.52099915746314,81.1727184739507,80.8280841430664,83.90965,81.26333181818183
demo,D04,44,10,84.0793,80.8155,80.27636269171416,80.89989898418592,80.75995643310547,84.0793,81.16180303030306
demo,D04,45,10,83.84465,80.82589999999999,80.31633379709317,80.98944514839536,80.611655443573,83.84465,80.76719545454544
demo,D04,46,10,83.717,80.35210000000001,79.95994554446794,80.62541900361994,80.46749519538879,83.717,80.64758787878786
demo,D04,47,10,84.35185,79.8975,80.09548557445817,80.73177950479968,80.72525188026428,84.35185,81.6451045454545
demo,D04,48,10,83.00110000000001,79.07560000000001,79.41058943586737,80.15674966323193,79.83083957061768,83.00110000000001,80.17786666666673
demo,D04,49,10,82.47155000000001,79.5244,79.05464957880375,79.68160533885137,79.38513995437623,82.47155000000001,79.38640454545457
demo,D04,50,10,81.6829,78.82114999999999,78.40884555144905,78.77041512960328,78.512476253891,81.6829,77.80723939393938
demo,D04,51,10,82.4165,78.1992,78.76416511078938,79.25173898582436,79.1384340801239,82.4165,78.80056969696972
demo,D04,52,10,81.73615,77.76849999999999,78.33692762728101,78.70367513389031,78.65038487663269,81.73615,78.88178939393937
demo,D04,53,10,81.41815,77.6994,77.5039272410373,77.90781993785014,77.97081690254211,81.41815,78.16064999999998
demo,D04,54,10,80.8155,76.77380000000001,77.25183226509104,77.78231502451516,77.52775070953369,80.8155,77.24124242424244
demo,D04,55,10,80.82589999999999,77.13715,77.16140488947154,77.51895532934417,77.46163098182677,80.82589999999999,77.17973636363634
demo,D04,56,10,80.35210000000001,76.29265,76.97595691451343,77.39979396303012,77.16551195106507,80.35210000000001,76.65640303030305
demo,D04,57,10,79.8975,76.3408,76.78597044761148,76.94617350819958,76.81441613197326,79.8975,76.73540606060605
demo,D04,58,10,79.07560000000001,75.7234,75.7864849098737,76.03704387769304,75.90964874801637,79.07560000000001,75.63822121212122
demo,D04,59,10,79.5244,75.4502,75.69014844154202,76.10002553109007,76.1574497264862,79.5244,76.1793212121212
demo,D04,60,10,78.82114999999999,75.5209,75.08941620845663,75.25016265747706,75.22816818466185,78.82114999999999,75.01624393939395
demo,D04,61,10,78.1992,74.77865,74.93213190742902,74.6766455005442,74.80313357276917,78.1992,74.4311666666667
demo,D04,62,10,77.76849999999999,75.04165,74.35531383202247,74.0945408684808,74.2075079975128,77.76849999999999,73.86003333333336
demo,D04,63,10,77.6994,74.5376,74.15809774729925,73.93865367510128,74.12343507232666,77.6994,73.88173636363639
demo,D04,64,10,76.77380000000001,73.87505,73.3885196943093,73.03419446182286,73.09811650161744,76.77380000000001,72.59105757575759
demo,D04,65,10,77.13715,73.40715,73.35878627468946,73.1301700310707,73.32535428848267,77.13715,73.28435606060607
demo,D04,66,10,76.29265,73.31345,72.75831260631092,72.50952796832598,72.53336955680847,76.29265,72.44042272727273
demo,D04,67,10,76.3408,73.044,72.82192577331116,72.4307439522082,72.6247732170105,76.3408,72.70439090909092
demo,D04,68,10,75.7234,72.10035,71.84414848985007,71.66465842473642,71.86732876625061,75.7234,71.84922727272728
demo,D04,69,10,75.4502,71.96975,71.7838395296156,71.63518233604607,71.68035928268432,75.4502,71.89477272727271
demo,D04,70,10,75.5209,71.08945,71.43854249997132,71.38372998081759,71.62260483589172,75.5209,72.34779090909093
demo,D04,71,10,74.77865,71.6155,70.83977832427513,70.67475893511921,70.96846599807739,74.77865,71.56839242424243
demo,D04,72,10,75.04165,72.4567,70.99705253319941,70.93089752817609,71.22695654907227,75.04165,72.06517727272731
demo,D04,73,10,74.5376,70.5859,70.4711701117972,70.41251006849038,70.84978481063843,74.5376,71.80443636363638
demo,D04,74,10,73.87505,69.56515,69.77098335617987,69.75955209509394,70.12710326080322,73.87505,70.78998636363634
demo,D04,75,10,73.40715,70.02555000000001,69.47995469323345,69.46216917005637,69.68294021453858,73.40715,70.30856515151521
demo,D04,76,10,73.31345,69.2113,69.31062352947166,69.1741362388374,69.56550326080323,73.31345,70.03935606060611
demo,D04,77,10,73.044,68.9226,69.11822078442233,69.01272098482544,69.34637054824829,73.044,69.84063939393944
demo,D04,78,10,72.10035,68.9481,68.4270857986244,68.2110395017081,68.48593435440064,72.10035,68.44101666666668
demo,D04,79,10,71.96975,68.47445,68.22509811077285,68.0647013432831,68.36344130134583,71.96975,68.04023181818184
demo,D04,80,10,71.08945,67.88905,67.81198043880475,67.3185045770154,67.4602049571991,71.08945,66.87858939393934
demo,D04,81,10,71.6155,67.47745,67.7622762927949,67.48248730366045,67.89698365020752,71.6155,67.45254545454547
demo,D04,82,10,72.4567,68.63045,68.13151122904263,68.44367167225744,68.77570882720947,72.4567,69.35923333333335
demo,D04,83,10,70.5859,66.8215,66.82705332057486,66.9355075819725,67.13855927314758,70.5859,67.5107787878788
demo,D04,84,10,69.56515,66.24674999999999,66.21673829937333,65.85195515538031,66.05395982398987,69.56515,65.99289545454546
demo,D04,85,10,70.02555000000001,66.11435,66.20822866679346,66.20385250851776,66.50155841522218,70.02555000000001,66.41776818181823
demo,D04,86,10,69.2113,65.9501,65.6572501414446,65.40240164938955,65.61330471878051,69.2113,65.47127878787883
demo,D04,87,10,68.9226,65.4283,65.2525489940522,65.06666119555908,65.23578163871765,68.9226,65.21046363636358
demo,D04,88,10,68.9481,64.6907,64.98843865628383,64.70689714270831,65.16961017189026,68.9481,65.14822121212121
demo,D04,89,10,68.47445,65.0439,64.5111424436524,64.35747503163064,64.68698156661988,68.47445,64.62349848484848
demo,D04,90,10,67.88905,63.557399999999994,64.08028104657507,63.62767516471483,64.00397562294006,67.88905,63.50452272727277
demo,D04,91,10,67.47745,63.8765,63.86559846883194,63.52279561285197,63.660730706405644,67.47745,63.07346515151518
demo,D04,92,10,68.63045,63.4552,64.52326737974246,64.62145634087007,64.8774199382782,68.63045,65.89829848484847
demo,D04,93,10,66.8215,63.31595,62.806049779513245,62.64482361851367,62.94315999412537,66.8215,63.9910696969697
demo,D04,94,10,66.24674999999999,63.06975,62.16644733831944,61.94426081162053,62.19629013824462,66.24674999999999,62.7803318181818
demo,D04,95,10,66.11435,62.868500000000004,62.28126856418171,62.02968013676579,62.19394842681885,66.11435,62.6488893939394
demo,D04,96,10,65.9501,61.94539999999999,61.801459923343685,61.55953539765205,61.88279348144532,65.9501,62.32725757575757
demo,D04,97,10,65.4283,61.96325,61.53356477271042,61.15562102209999,61.46625671463012,65.4283,61.56628787878783
demo,D04,98,10,64.6907,61.47365,61.12811003312669,60.61682326014106,60.76624006576539,64.6907,60.627742424242484
demo,D04,99,10,65.0439,60.528499999999994,61.027856757229735,60.79063198695863,61.059357630157464,65.0439,61.172933333333326
demo,D04,100,10,63.557399999999994,61.2387,60.06994830626432,59.8805879095616,59.62845898857116,63.557399999999994,59.09316363636366
demo,D04,101,10,63.8765,59.862950000000005,60.05821036568192,59.8895739108869,59.8600147857666,63.8765,59.24369696969696
demo,D04,102,10,63.4552,60.045899999999996,60.103273587725646,59.39460985092188,59.584061904144285,63.4552,59.62917575757576
demo,D04,103,10,63.31595,59.66205,59.17908294056565,58.97023419704972,59.2469859954834,63.31595,59.64208636363633
demo,D04,104,10,63.06975,59.2522,58.836391658471015,58.641031684910665,58.855939556121825,63.06975,59.45550454545453
demo,D04,105,10,62.868500000000004,58.64505,58.471783598254085,58.434561888333796,58.649792438507085,62.868500000000004,59.500924242424226
demo,D04,106,10,61.94539999999999,58.665049999999994,58.02924728502375,57.762972178335474,57.92013764419555,61.94539999999999,58.60492121212121
demo,D04,107,10,61.96325,57.57165,58.06632603611984,57.818951335722964,57.92588599395752,61.96325,58.79715606060604
demo,D04,108,10,61.47365,57.6424,57.327392492284744,57.08237779542429,57.305260202789306,61.47365,58.14315909090913
demo,D04,109,10,60.528499999999994,57.11485,56.71355626744877,56.48426666673487,56.5937265548706,60.528499999999994,57.14348787878791
demo,D04,110,10,61.2387,56.702149999999996,56.70730205100212,56.84750475424372,56.749802199554445,61.2387,57.742869696969734
demo,D04,111,10,59.862950000000005,56.65480000000001,56.03576669627311,55.71815644728294,55.88347474021912,59.862950000000005,55.999680303030324
demo,D04,112,10,60.045899999999996,56.46975,55.94791929187574,55.68619477523567,55.97922767486572,60.045899999999996,56.12060606060605
demo,D04,113,10,59.66205,55.66330000000001,55.70283481399424,55.32638984614024,55.6373336227417,59.66205,55.78577424242423
demo,D04,114,10,59.2522,55.6198,55.313794161950554,54.96449694834413,55.22258745880127,59.2522,55.48015151515155
demo,D04,115,10,58.64505,55.0193,54.80138667671045,54.47913998311008,54.66067738418579,58.64505,54.9746227272727
demo,D04,116,10,58.665049999999994,54.354800000000004,54.4060811265796,54.25964729714819,54.48357006912231,58.665049999999994,55.003686363636355
demo,D04,117,10,57.57165,54.163,54.16244919824675,53.6097423787634,53.61697790184021,57.57165,53.73246818181816
demo,D04,118,10,57.6424,53.7678,53.71362183700566,53.43095523774088,53.58118269195557,57.6424,53.869906060606084
demo,D04,119,10,57.11485,53.2654,53.083173792252055,52.74160545471358,53.043280557250974,57.11485,52.95558333333328
demo,D04,120,10,56.702149999999996,53.2192,53.0407423864088,52.59111001023157,52.77227391090393,56.702149999999996,52.81824393939396
demo,D04,121,10,56.65480000000001,52.7768,52.55728565379798,52.21182686338963,52.48151308517457,56.65480000000001,52.65314545454545
demo,D04,122,10,56.46975,51.844449999999995,52.386839205304426,52.14152391377064,52.38916738128662,56.46975,52.76024393939396
demo,D04,123,10,55.66330000000001,51.440949999999994,51.67705360444658,51.44966113347688,51.63907857971192,55.66330000000001,51.98363333333333
demo,D04,124,10,55.6198,51.67805,51.582046529448704,51.31741079089074,51.49906483154297,55.6198,52.1577090909091
demo,D04,125,10,55.0193,50.91974999999999,50.76001453962969,50.59091530636671,50.7854304473877,55.0193,51.482763636363636
demo,D04,126,10,54.354800000000004,50.868199999999995,50.47305941811018,50.0683584846845,50.2446401260376,54.354800000000004,50.83418181818184
demo,D04,127,10,54.163,50.6246,49.92897177823432,49.69126706226355,49.9328802947998,54.163,50.34720303030304
demo,D04,128,10,53.7678,49.621300000000005,49.75405794241418,49.43818127210173,49.63472714691162,53.7678,49.901596969696996
demo,D04,129,10,53.2654,49.190850000000005,49.29595599060089,48.93918491307626,49.083877630615234,53.2654,49.19270303030302
demo,D04,130,10,53.2192,49.727900000000005,49.175123468146246,48.808857370681,49.03997407836914,53.2192,49.10627575757577
demo,D05,6,10,94.6697,91.02265,89.93330170319166,91.29552776235293,90.86589464874268,94.6697,91.8701428571429
demo,D05,7,10,94.57204999999999,89.97575,89.77873882851473,91.13559102661637,90.58944931106566,94.57204999999999,91.88467500000006
demo,D05,8,10,93.99969999999999,89.89285,89.41621562329945,90.5340766099967,90.18213885040282,93.99969999999999,91.10605714285722
demo,D05,9,10,92.68650000000001,89.2198,88.52566083803123,88.53347837032574,88.61114590072633,92.68650000000001,89.01404166666663
demo,D05,10,10,93.12565000000001,88.91825,88.4208328030996,89.05336341637772,88.98041112365723,93.12565000000001,89.4965560606061
demo,D05,11,10,93.34925,89.13165,88.58883821331422,89.51579875049705,89.03339449691772,93.34925,89.58032272727277
demo,D05,12,10,92.38335,88.31905,88.23936161523892,88.62468316527955,88.61069904289245,92.38335,88.50807424242423
demo,D05,13,10,91.46705,87.72109999999999,87.72852841214942,87.59799205875248,87.46349422531128,91.46705,87.7088196969697
demo,D05,14,10,91.51295,87.1448,87.20758916600155,87.325138767209,87.44277625961304,91.51295,87.61978636363634
demo,D05,15,10,90.65725,86.5251,86.61051979076467,86.51526784856769,86.4882145652771,90.65725,86.36180454545453
demo,D05,16,10,91.02265,86.30825,86.65733276652725,86.84560943718797,86.93491863861084,91.02265,86.95288030303034
demo,D05,17,10,89.97575,86.31295,86.00045143522665,85.96302595816937,85.97928503227234,89.97575,85.93758636363638
demo,D05,18,10,89.89285,86.168,85.64358826012574,85.77211977680997,85.7238145652771,89.89285,86.01663484848484
demo,D05,19,10,89.2198,85.2992,84.83499826446156,84.97641721240532,84.95873404006959,89.2198,84.76074848484848
demo,D05,20,10,88.91825,85.53070000000001,84.80313629383492,85.03796965230653,84.7586721534729,88.91825,84.42485303030304
demo,D05,21,10,89.13165,85.1022,84.80866292288046,84.98959682205415,84.95357516326904,89.13165,85.37936212121214
demo,D05,22,10,88.31905,84.16924999999999,83.9417041188874,84.2305068407694,84.23985020904541,88.31905,84.73192575757575
demo,D05,23,10,87.72109999999999,83.50565,83.31020716268651,83.46056480776552,83.57433238372802,87.72109999999999,83.8547606060606
demo,D05,24,10,87.1448,83.71459999999999,82.96539952663983,82.98634765281284,82.97927933197022,87.1448,83.16955454545449
demo,D05,25,10,86.5251,83.63335,82.3328789888272,82.5714307120528,82.34635425338745,86.5251,82.06193636363636
demo,D05,26,10,86.30825,82.0613,82.17999282198969,82.17560775162018,82.14664845657349,86.30825,81.98335303030305
demo,D05,27,10,86.31295,82.0707,81.87685286964586,81.8696422100258,81.97618232650757,86.31295,82.00239242424242
demo,D05,28,10,86.168,82.13765,81.83795554573723,81.69499521482307,81.82752157974244,86.168,82.18142727272729
demo,D05,29,10,85.2992,80.9068,80.9382872282458,80.86106702254087,80.98391765518188,85.2992,81.16551818181817
demo,D05,30,10,85.53070000000001,81.0926,80.8305823401938,80.70247425490075,81.1397521812439,85.53070000000001,81.65037272727275
demo,D05,31,10,85.1022,80.86975,80.60955282097711,80.56475742527813,80.85763689727783,85.1022,81.79437878787884
demo,D05,32,10,84.16924999999999,80.10655,79.83398825269859,79.59380435229477,79.6896481399536,84.16924999999999,80.87173787878788
demo,D05,33,10,83.50565,79.82695,79.21521896000758,79.09096578609648,79.192248777771,83.50565,79.96085606060606
demo,D05,34,10,83.71459999999999,79.768,78.85190938896555,78.754203620745,79.10919896087645,83.71459999999999,80.16326060606063
demo,D05,35,10,83.63335,80.29475000000001,78.71792646083733,78.64998299581731,78.70255766830444,83.63335,80.03379545454544
demo,D05,36,10,82.0613,78.37405,78.02649413155973,77.64051533228925,77.7579896057129,82.0613,77.76199696969698
demo,D05,37,10,82.0707,77.80805,77.92110768934515,77.57337390363618,77.601386378479,82.0707,77.59469090909093
demo,D05,38,10,82.13765,77.26595,77.69715078155275,77.5553322027287,77.69321917190551,82.13765,77.93903181818179
demo,D05,39,10,80.9068,77.40835,76.81668569695422,76.6360162846249,76.5582539718628,80.9068,76.22352727272725
demo,D05,40,10,81.0926,76.2761,76.8027531561653,76.74390735934374,76.66985238800049,81.0926,76.71276363636366
demo,D05,41,10,80.86975,76.1834,76.54080349212946,76.18750148506277,76.31277415847778,80.86975,76.92408030303031
demo,D05,42,10,80.10655,75.86064999999999,75.64444977325026,75.46697328628531,75.60142590789795,80.10655,76.06981363636365
demo,D05,43,10,79.82695,75.24875,75.30081317792096,74.82475209066538,75.21881143875122,79.82695,75.59668636363638
demo,D05,44,10,79.768,76.13045000000001,75.18381313258308,75.10365202963332,75.30885206985474,79.768,75.89725757575759
demo,D05,45,10,80.29475000000001,75.306,75.24504692563806,75.3461440308979,75.63130691146851,80.29475000000001,77.49505606060603
demo,D05,46,10,78.37405,74.0674,73.87133463240268,73.49372998399666,73.76591143875122,78.37405,74.95439545454548
demo,D05,47,10,77.80805,73.53965,73.5315749208836,73.25245735668582,73.35785564117431,77.80805,73.91291363636357
demo,D05,48,10,77.26595,73.54045,73.16795343495215,72.9857180388309,72.80246714324952,77.26595,73.16095909090915
demo,D05,49,10,77.40835,72.8725,72.77224343454168,72.41217000996589,72.84754897079468,77.40835,72.94111969696971
demo,D05,50,10,76.2761,72.79635,72.11587617410203,71.98135209051368,71.80557187423706,76.2761,71.37696060606059
demo,D05,51,10,76.1834,71.97704999999999,71.95615163905505,71.91299683679382,71.7930591949463,76.1834,71.2370393939394
demo,D05,52,10,75.86064999999999,71.41539999999999,71.5046519271849,71.25615025278108,71.32044833602905,75.86064999999999,70.75026515151512
demo,D05,53,10,75.24875,70.51635,71.04612682366404,70.97940092580717,70.76904085159302,75.24875,69.96883181818177
demo,D05,54,10,76.13045000000001,70.12620000000001,71.26533061771222,71.07285402358599,71.4816224472046,76.13045000000001,71.67755909090913
demo,D05,55,10,75.306,69.62135,70.87633784365164,71.03101304952247,70.8188493309021,75.306,72.02251818181817
demo,D05,56,10,74.0674,69.84495,69.50736022327068,69.53968131230381,69.52751686325074,74.0674,70.60195757575761
demo,D05,57,10,73.53965,69.4414,68.8655259899358,68.82168730130745,68.94649938430786,73.53965,69.74906818181819
demo,D05,58,10,73.54045,69.2237,68.63419378449845,68.48472327858552,68.85004844589234,73.54045,69.58114696969697
demo,D05,59,10,72.8725,69.00775,68.37396581006605,68.44568554918214,68.37051540374756,72.8725,68.92664848484849
demo,D05,60,10,72.79635,67.88655,67.9739204040845,67.72688504270364,68.09585761795044,72.79635,68.61738030303032
demo,D05,61,10,71.97704999999999,67.26185,67.26510155821452,67.2871665560288,67.47297733383178,71.97704999999999,67.47805909090908
demo,D05,62,10,71.41539999999999,67.25615,66.90209655333447,66.99504222991277,66.92290017166137,71.41539999999999,66.5847272727273
demo,D05,63,10,70.51635,66.38185,66.36901523587818,66.27350197100854,66.057196824646,70.51635,64.9944893939394
demo,D05,64,10,70.12620000000001,65.8805,66.13278140039927,65.8844362805928,65.69712237472535,70.12620000000001,64.86176666666668
demo,D05,65,10,69.62135,66.0848,65.53350584604888,65.38561558224049,65.1767289138794,69.62135,64.51712575757578
demo,D05,66,10,69.84495,65.38615,65.13616758608471,65.24526524163848,65.38487986679077,69.84495,64.88621363636364
demo,D05,67,10,69.4414,64.75995,64.57976800585381,64.71608982433487,64.88308901443482,69.4414,64.56801212121212
demo,D05,68,10,69.2237,64.5728,64.38577246537942,64.63071742567875,64.63852782363891,69.2237,64.81420606060605
demo,D05,69,10,69.00775,63.9323,64.00589167533126,64.06210338549795,64.39749571228027,69.00775,65.02230151515153
demo,D05,70,10,67.88655,63.592999999999996,63.48170622109087,63.543861373401384,63.37002520828247,67.88655,64.13127121212122
demo,D05,71,10,67.26185,62.78075,62.54579396429302,62.882387241398135,62.728341699218745,67.26185,63.44492272727274
demo,D05,72,10,67.25615,63.19395,62.235327840940684,62.510781566117814,62.64159321060181,67.25615,63.57157121212125
demo,D05,73,10,66.38185,61.9452,61.426786291461426,61.64064667377272,61.76729321060181,66.38185,62.25751363636367
demo,D05,74,10,65.8805,62.13145,61.15092070239019,61.21624408528147,61.297426383972166,65.8805,61.28399393939394
demo,D05,75,10,66.0848,61.696799999999996,60.940191544022426,61.05512350253687,61.3797538230896,66.0848,61.30562424242428
demo,D05,76,10,65.38615,60.99575,60.63001384788625,60.93152409236053,60.86215317001343,65.38615,60.62096212121212
demo,D05,77,10,64.75995,60.5173,60.09612192772975,60.4191617506823,60.245250540924076,64.75995,59.938613636363705
demo,D05,78,10,64.5728,60.18375,59.739547688683004,60.19016591225889,60.04880317001343,64.5728,60.0155484848485
demo,D05,79,10,63.9323,59.1295,59.49309770282032,59.595636533004644,59.38767710189819,63.9323,59.70954848484847
demo,D05,80,10,63.592999999999996,59.245650000000005,58.81923156381352,59.01663989359043,58.96835238265991,63.592999999999996,59.38741515151508
demo,D05,81,10,62.78075,59.017450000000004,58.0715923234001,58.33007915697161,58.242407524108884,62.78075,58.25325000000003
demo,D05,82,10,63.19395,58.9016,58.118706653229715,58.41724623202248,58.556628050994874,63.19395,59.109280303030296
demo,D05,83,10,61.9452,57.55295,57.23062933795452,57.48751612013063,57.375568423461914,61.9452,57.53174545454548
demo,D05,84,10,62.13145,56.92395,57.08475654216157,57.13039246910401,57.251443686676026,62.13145,57.694343939393946
demo,D05,85,10,61.696799999999996,56.5148,56.902330171613315,57.20897172639549,57.02902150802612,61.696799999999996,57.58959090909094
demo,D05,86,10,60.99575,56.6692,56.21895614477324,56.4812886949686,56.327971508026124,60.99575,56.90215909090914
demo,D05,87,10,60.5173,55.3909,55.67545546018877,55.81987835466352,55.73339926223755,60.5173,56.291057575757534
demo,D05,88,10,60.18375,54.94520000000001,55.22333785864208,55.702165653603835,55.471649494171146,60.18375,56.03241363636364
demo,D05,89,10,59.1295,55.2461,54.46263531990107,54.77985833228353,54.470279304504395,59.1295,54.5830303030303
demo,D05,90,10,59.245650000000005,54.484500000000004,54.239944208688904,54.74217790666062,54.53062982025147,59.245650000000005,54.72335909090913
demo,D05,91,10,59.017450000000004,54.466899999999995,53.92488717343481,54.03671937792754,54.09385600204468,59.017450000000004,54.38031666666669
demo,D05,92,10,58.9016,53.22855,53.91943247249452,54.28675999469317,54.1301966873169,58.9016,54.818057575757585
demo,D05,93,10,57.55295,52.93385000000001,52.8426228078308,53.103895812607256,52.86651191635132,57.55295,52.97515606060608
demo,D05,94,10,56.92395,52.22935,52.604320412652996,52.555465743284074,52.30507592697143,56.92395,52.16537424242421
demo,D05,95,10,56.5148,52.001450000000006,52.023884157147464,52.15414908257074,51.91713945846558,56.5148,51.69371515151515
demo,D05,96,10,56.6692,50.95645,51.74553832765455,52.13614722105754,51.96549468917846,56.6692,52.03057878787878
demo,D05,97,10,55.3909,51.22375,50.94739961283136,51.078081864129295,50.751343592071535,55.3909,50.44295151515151
demo,D05,98,10,54.94520000000001,50.644149999999996,50.41072531105605,50.635242923362235,50.30564359207154,54.94520000000001,49.84383030303032
demo,D05,99,10,55.2461,50.05805,50.117489883572176,50.51888841667602,50.47364907608032,55.2461,50.0875787878788
demo,D05,100,10,54.484500000000004,49.485800000000005,49.81656150364795,50.20997043466081,49.856058189392094,54.484500000000004,49.40155757575762
demo,D05,101,10,54.466899999999995,48.861349999999995,49.54725955689595,50.02687423320325,49.7907296508789,54.466899999999995,49.87491212121209
demo,D05,102,10,53.22855,48.8743,48.61347214428119,48.8288330145658,48.60093216400146,53.22855,48.92640151515151
demo,D05,103,10,52.93385000000001,47.8302,47.97328000964603,48.469336418819445,48.24451465377808,52.93385000000001,48.54933787878787
demo,D05,104,10,52.22935,47.86,47.28941496796779,47.83532350762695,47.58953323898315,52.22935,47.51875909090909
demo,D05,105,10,52.001450000000006,47.853,47.00931213612975,47.54891070270483,47.328640876007086,52.001450000000006,47.13674696969697
demo,D05,106,10,50.95645,47.1999,46.35000692779144,46.62610508813847,46.35337211151123,50.95645,46.017640909090915
demo,D05,107,10,51.22375,45.82565,46.15141449612745,46.632802620037026,46.46138990402222,51.22375,46.19688939393939
demo,D05,108,10,50.644149999999996,45.638400000000004,45.4977129883968,46.17123450203073,45.88178990402221,50.644149999999996,45.421068181818214
demo,D05,109,10,50.05805,45.447500000000005,45.255519856745224,45.71058952690719,45.44125875167847,50.05805,45.0409954545455
demo,D05,110,10,49.485800000000005,44.8209,44.64529844066826,45.15952626662554,44.86900875167847,49.485800000000005,44.48375757575766
demo,D06,6,10,94.459,91.55765,92.78812211230195,93.27821756374246,93.19751728439331,94.459,93.46584285714285
demo,D06,7,10,94.14155,92.19545,92.73076209863018,93.07575492042386,93.04060655384063,94.14155,93.25217500000004
demo,D06,8,10,93.82275,92.26455,92.48389469838989,92.6991746625814,92.67013576412201,93.82275,92.78506547619057
demo,D06,9,10,93.182,92.152,91.96601470476337,92.31223605603887,92.21654101085663,93.182,91.71711666666664
demo,D06,10,10,93.39895,92.1499,91.93764217673238,92.58184779423853,92.3772088481903,93.39895,91.91482272727275
demo,D06,11,10,93.11495,91.64635,91.69764584334565,92.25817523860742,91.97676306838989,93.11495,91.46403181818185
demo,D06,12,10,92.88149999999999,91.5074,91.54646277973156,92.10349265444546,91.84415757083892,92.88149999999999,91.16226060606057
demo,D06,13,10,93.1953,91.00465,91.57644600013545,92.39364934447465,91.98419501094818,93.1953,91.5911757575758
demo,D06,14,10,92.72200000000001,91.1896,91.31227306182988,91.85062006090645,91.47819077682496,92.72200000000001,91.06499999999998
demo,D06,15,10,93.5711,90.71865,91.71481898910288,92.55374619089534,92.33965206489563,93.5711,92.22257272727273
demo,D06,16,10,91.55765,91.5037,90.66798102725865,90.80915441273474,90.47769632949829,91.55765,89.85091969696974
demo,D06,17,10,92.19545,90.4625,90.91176958739331,91.39964102890639,91.0705059091568,92.19545,90.61845303030304
demo,D06,18,10,92.26455,91.0854,90.73264689406905,91.45511066932747,91.11914220409393,92.26455,90.87833484848485
demo,D06,19,10,92.152,90.39595,90.47070682302864,91.35566668949524,91.02361529064179,92.152,90.65688181818183
demo,D06,20,10,92.1499,90.38695,90.51087670949087,91.31978366073622,91.02151529064179,92.1499,90.81421515151514
demo,D06,21,10,91.64635,90.01034999999999,90.13716358567706,90.84674798321656,90.4980197883606,91.64635,90.15750151515152
demo,D06,22,10,91.5074,89.47025,90.00207596312285,90.71182005324792,90.30632671108246,91.5074,89.81197575757574
demo,D06,23,10,91.00465,90.13085,89.7639017966013,90.25871866378932,89.81540465679169,91.00465,89.2041803030303
demo,D06,24,10,91.1896,89.04055,89.7402560950313,90.24015910062681,89.88658357582092,91.1896,89.33496666666663
demo,D06,25,10,90.71865,89.36755,89.61687280749948,89.94707550491361,89.62987543811798,90.71865,89.30478333333332
demo,D06,26,10,91.5037,89.35895000000001,89.43760164117805,90.3022736431299,90.04581008548736,91.5037,89.96226060606062
demo,D06,27,10,90.4625,89.2855,89.1186388466325,89.69936288972464,89.25743892192841,90.4625,88.6573
demo,D06,28,10,91.0854,88.839,89.41104148773742,90.28660364006058,89.88033892192841,91.0854,89.61232424242426
demo,D06,29,10,90.39595,88.34575,88.9770616473945,89.60715059639001,89.26489762516022,90.39595,88.94682878787877
demo,D06,30,10,90.38695,88.49665,88.81653853647565,89.5474180696689,89.2388079006195,90.38695,89.16832878787878
demo,D06,31,10,90.01034999999999,88.3518,88.58968988363682,89.22971574138495,88.8792976251602,90.01034999999999,88.69480151515151
demo,D06,32,10,89.47025,88.1836,88.20653444821964,88.68477530245839,88.19525813007354,89.47025,87.8688439393939
demo,D06,33,10,90.13085,88.54525,88.36988479014839,89.29089801451745,88.88410083732605,90.13085,88.51567424242425
demo,D06,34,10,89.04055,87.72855,87.75991069413024,88.2846534596967,87.89732862167358,89.04055,87.04611060606062
demo,D06,35,10,89.36755,88.0209,87.8426599620287,88.58206665118264,88.17307208423614,89.36755,87.11873484848488
demo,D06,36,10,89.35895000000001,87.81575000000001,88.00210978430246,88.57029603979264,88.20600805778504,89.35895000000001,87.53820454545453
demo,D06,37,10,89.2855,87.89375,87.5529287445329,88.4906258284584,88.06443781661987,89.2855,87.41859696969695
demo,D06,38,10,88.839,87.40259999999999,87.56961266458778,88.0380857719432,87.66056538963318,88.839,87.24032727272723
demo,D06,39,10,88.34575,87.5165,86.95193098628123,87.57262683046598,87.13046767902374,88.34575,86.55891969696968
demo,D06,40,10,88.49665,87.0638,87.22079730725424,87.69400525115269,87.29454865016938,88.49665,86.84648030303033
demo,D06,41,10,88.3518,87.0817,86.62523843740861,87.49462632781987,87.06025592021942,88.3518,86.73734242424244
demo,D06,42,10,88.1836,86.3361,86.48303921050473,87.3658735358754,86.91155855998993,88.1836,86.35407878787879
demo,D06,43,10,88.54525,85.8308,86.84261208451176,87.69418683534117,87.35033983135223,88.54525,87.29428636363636
demo,D06,44,10,87.72855,86.5705,86.06105073562215,86.95166041441175,86.47713617782593,87.72855,86.07599848484851
demo,D06,45,10,88.0209,86.4212,86.38377161373177,87.24121157360518,86.80855821456909,88.0209,86.50325454545452
demo,D06,46,10,87.81575000000001,86.2688,86.14649979746584,86.97943306564204,86.54715347003938,87.81575000000001,86.47860757575758
demo,D06,47,10,87.89375,85.80265,86.10132570623585,86.97871382250226,86.62496607303619,87.89375,86.91774393939389
demo,D06,48,10,87.40259999999999,86.2407,85.52811671957234,86.52150575875308,86.19739098320007,87.40259999999999,86.39086060606066
demo,D06,49,10,87.5165,85.4892,85.53813077423175,86.61295847425288,86.28454542541503,87.5165,86.37643030303029
demo,D06,50,10,87.0638,85.58645,85.30229826257593,86.238310367073,85.81904723529816,87.0638,85.74958787878788
demo,D06,51,10,87.0817,85.4713,85.51814899409233,86.27577124192463,85.81706050319671,87.0817,85.68022121212122
demo,D06,52,10,86.3361,85.6409,84.89071599248912,85.52233529023685,85.06060745105744,86.3361,84.4824818181818
demo,D06,53,10,85.8308,84.8623,84.87925412530016,85.04100260490736,84.63287896232605,85.8308,83.71446363636359
demo,D06,54,10,86.5705,84.59325,84.96213515819981,85.76127622781046,85.33160196113586,86.5705,84.37947575757578
demo,D06,55,10,86.4212,84.17125,85.01310573157708,85.58305937980353,85.12147720928192,86.4212,84.40932121212123
demo,D06,56,10,86.2688,84.91760000000001,84.67764583682334,85.45183184386673,85.0269090927124,86.2688,84.41007575757577
demo,D06,57,10,85.80265,84.4092,84.3405260215311,85.00885926509899,84.61261108055115,85.80265,84.08232575757577
demo,D06,58,10,86.2407,84.24925,84.51964331113473,85.4302049428476,85.04803990669251,86.2407,84.82374545454549
demo,D06,59,10,85.4892,84.87865,83.89236640682317,84.68486242662821,84.23029983444214,85.4892,84.18247575757573
demo,D06,60,10,85.58645,83.87115,83.81473636640402,84.68753522642012,84.34430982608795,85.58645,84.38693484848486
demo,D06,61,10,85.4713,83.21265,83.76150355887282,84.54846994302888,84.23305546646118,85.4713,84.5071909090909
demo,D06,62,10,85.6409,83.37395,83.58118815448461,84.6950248195034,84.35683046188355,85.6409,84.70283939393944
demo,D06,63,10,84.8623,84.07820000000001,83.03718455181499,84.053573516386,83.62015982608796,84.8623,83.27299696969702
demo,D06,64,10,84.59325,82.97195,83.08458050165429,83.77577007914716,83.3363467092514,84.59325,82.81647727272727
demo,D06,65,10,84.17125,82.79845,82.7761152119826,83.36865827996277,82.98851408004761,84.17125,82.11695909090912
demo,D06,66,10,84.91760000000001,82.57135,83.15700641944608,84.08180828030008,83.6487214208603,84.91760000000001,83.16401212121215
demo,D06,67,10,84.4092,82.15745,82.65921842370963,83.54692829261188,83.13555066509247,84.4092,82.53202121212118
demo,D06,68,10,84.24925,82.88085,82.77085525026365,83.43675346679395,83.00018650817871,84.24925,82.62217121212124
demo,D06,69,10,84.87865,82.32015,82.62256707507206,83.98073023055242,83.53284805049896,84.87865,83.58536818181817
demo,D06,70,10,83.87115,81.99,82.19884350738388,83.03836768465693,82.54788134803772,83.87115,82.50095909090909
demo,D06,71,10,83.21265,82.11175,81.83179987995096,82.44636183792227,81.97211450233459,83.21265,81.53751666666668
demo,D06,72,10,83.37395,81.85235,81.96532911081962,82.59143392214632,82.14593028564452,83.37395,81.86869848484851
demo,D06,73,10,84.07820000000001,81.62,81.98025258110013,83.14045583757826,82.77992250270844,84.07820000000001,82.88268181818184
demo,D06,74,10,82.97195,81.5688,81.38536789369472,82.16402013460119,81.66574460811616,82.97195,81.39843181818182
demo,D06,75,10,82.79845,81.2292,81.2334013256724,81.99157261045887,81.51898301334381,82.79845,80.66748333333338
demo,D06,76,10,82.57135,81.21555000000001,81.317887051828,81.80055027543993,81.31801786193847,82.57135,80.42302878787879
demo,D06,77,10,82.15745,81.06555,80.79949429780746,81.38359401577496,80.89913181419372,82.15745,79.71147121212128
demo,D06,78,10,82.88085,80.71334999999999,80.9657622842839,82.07174075337844,81.55735806903839,82.88085,80.69810151515154
demo,D06,79,10,82.32015,80.42304999999999,80.96094723570219,81.5148675205643,81.1208571018219,82.32015,80.6802621212121
demo,D06,80,10,81.99,80.77265,80.32016316139878,81.18090617997639,80.75983571052551,81.99,80.35134545454538
demo,D06,81,10,82.11175,79.99425,80.15472034737613,81.30513107772201,80.8202381067276,82.11175,80.32975606060606
demo,D06,82,10,81.85235,80.0788,80.03190708730979,80.937312130809,80.49717235908508,81.85235,80.02650151515152
demo,D06,83,10,81.62,79.90915,80.15032633013861,80.79550839911548,80.41313147068024,81.62,80.27749696969698
demo,D06,84,10,81.5688,79.42535,79.62479291375433,80.67172386737451,80.2403395450592,81.5688,80.24217878787876
demo,D06,85,10,81.2292,79.18889999999999,79.3719220743013,80.34042495635707,79.86732172412873,81.2292,79.78763636363641
demo,D06,86,10,81.21555000000001,79.14784999999999,79.33717955217634,80.36483537638779,79.85941665821076,81.21555000000001,79.69041060606065
demo,D06,87,10,81.06555,78.9288,79.14569501601629,80.2385495161094,79.69499209575653,81.06555,79.2634227272727
demo,D06,88,10,80.71334999999999,78.46125,79.11506899493706,79.90049325607497,79.41412145099639,80.71334999999999,79.05674393939391
demo,D06,89,10,80.42304999999999,78.5252,78.7264347589055,79.59859063615752,79.07396538429259,80.42304999999999,78.64254696969694
demo,D06,90,10,80.77265,78.62219999999999,78.74384132019303,79.9078070167916,79.4098160232544,80.77265,79.06879242424243
demo,D06,91,10,79.99425,78.74355,78.51967866897276,79.16876957565397,78.65597993183135,79.99425,78.17118030303028
demo,D06,92,10,80.0788,78.35125,78.37343840893627,79.25434063615754,78.702450431633,80.0788,78.26636969696969
demo,D06,93,10,79.90915,77.226,78.11098248629807,79.07321685226883,78.55016648330688,79.90915,78.07489848484848
demo,D06,94,10,79.42535,78.0189,78.10487938923389,78.56391595016615,78.07924013290405,79.42535,77.47862878787873
demo,D06,95,10,79.18889999999999,77.47945,77.66158258325802,78.35064757883522,77.82431042804717,79.18889999999999,77.03414848484847
demo,D06,96,10,79.14784999999999,77.60295,77.48590776050541,78.3208186358537,77.80957993183135,79.14784999999999,77.00088636363634
demo,D06,97,10,78.9288,77.28265,77.29550451704624,78.10608317699086,77.57972873573303,78.9288,76.82077272727273
demo,D06,98,10,78.46125,77.0487,77.13310765489942,77.53246027167498,77.07433920383454,78.46125,76.16133181818188
demo,D06,99,10,78.5252,76.8952,76.8941756536419,77.68985754849437,77.18096612949371,78.5252,76.14772121212121
demo,D06,100,10,78.62219999999999,76.7382,76.95566355074372,77.75055569588247,77.26580415935516,78.62219999999999,76.68317878787882
demo,D06,101,10,78.74355,76.9671,76.65560838626405,77.88863869240076,77.36677282791138,78.74355,77.05090454545454
demo,D06,102,10,78.35125,76.37650000000001,76.3768130864592,77.4293043968602,76.92723638534545,78.35125,76.89896515151517
demo,D06,103,10,77.226,76.52640000000001,75.84692149766829,76.27167696761741,75.92652862167358,77.226,75.496603030303
demo,D06,104,10,78.0189,76.3008,75.98456391265044,77.10170360792179,76.67001458301544,78.0189,76.44757878787881
demo,D06,105,10,77.47945,76.03675,75.54600784800546,76.38124773728335,75.92736781902313,77.47945,75.78480454545456
demo,D06,106,10,77.60295,75.11825,75.61797142221909,76.5745984105272,76.20565357131959,77.60295,76.03218333333336
demo,D06,107,10,77.28265,75.80655,75.34548087328673,76.3471775905933,75.91209209575653,77.28265,75.70228030303028
demo,D06,108,10,77.0487,76.1909,75.03637460999315,76.19822861892311,75.67814209575653,77.0487,75.21895151515155
demo,D06,109,10,76.8952,75.3202,75.05693692971845,75.9168385484467,75.47118638534546,76.8952,74.94619696969701
demo,D06,110,10,76.7382,74.6303,74.92540869946686,75.85293827719481,75.28264992542267,76.7382,74.84654848484851
demo,D06,111,10,76.9671,74.38285,75.05683868496035,76.13227515026314,75.63506731948853,76.9671,75.56691818181821
demo,D06,112,10,76.37650000000001,75.1474,74.53278151075587,75.54088308458158,74.94139002704621,76.37650000000001,75.09943636363639
demo,D06,113,10,76.52640000000001,74.0832,74.29633076307947,75.66774391052239,75.01307514324189,76.52640000000001,74.94341515151515
demo,D06,114,10,76.3008,74.5297,74.42209054586145,75.44466870366597,74.84969035224914,76.3008,74.90223939393941
demo,D06,115,10,76.03675,74.03675,74.2369439209781,75.04547190636407,74.46409444141388,76.03675,74.52720757575756
demo,D06,116,10,75.11825,73.69025,73.70616634079607,74.27953433933291,73.7381754989624,75.11825,73.25393181818183
demo,D06,117,10,75.80655,73.6177,73.96680285963964,74.96275773081014,74.29547724514008,75.80655,74.05053484848482
demo,D06,118,10,76.1909,73.05545,74.08763740373661,75.25911256594058,74.6667791923523,76.1909,74.77578787878787
demo,D06,119,10,75.3202,73.256,73.4309412557051,74.4807222719473,73.84428182621002,75.3202,73.77270606060603
demo,D06,120,10,74.6303,72.7494,73.06219401217298,73.73399724263226,73.12078340320588,74.6303,72.66035757575757
demo,D06,121,10,74.38285,72.76945,73.04350911156766,73.53673808325193,73.05341357860566,74.38285,72.26358939393938
demo,D06,122,10,75.1474,72.97930000000001,73.17541825811492,74.28868040531667,73.6488431476593,75.1474,73.21535757575761
demo,D06,123,10,74.0832,72.59135,72.48060269055743,73.18438308471163,72.66572882957459,74.0832,72.0068181818182
demo,D06,124,10,74.5297,71.88355,72.71441500913213,73.47953272604339,73.00927789897919,74.5297,72.69826969696969
demo,D06,125,10,74.03675,72.39655,72.35496703385687,73.20708200227463,72.61028496551513,74.03675,72.22003484848487
demo,D06,126,10,73.69025,71.95165,71.99531300791996,72.83538107016625,72.16736777687073,73.69025,71.3293409090909
demo,D06,127,10,73.6177,71.6035,72.09795052221219,72.69847900163666,72.10215987701416,73.6177,71.30498181818182
demo,D06,128,10,73.05545,71.80235,71.5421687676714,72.17705270345144,71.81418386859893,73.05545,71.00578939393941
demo,D06,129,10,73.256,71.34009999999999,71.5165176662658,72.3560224586895,71.83721347427368,73.256,71.37837575757572
demo,D06,130,10,72.7494,70.85225000000001,70.92129120452883,71.80640219267444,71.28375969352722,72.7494,70.55775757575759
demo,D06,131,10,72.76945,71.56774999999999,70.95222470539255,71.83520661370571,71.26920645542145,72.76945,70.33774696969701
demo,D06,132,10,72.97930000000001,70.8194,71.09569325268939,72.04596215871827,71.52079746894837,72.97930000000001,71.12726363636361
demo,D06,133,10,72.59135,70.61115,70.51292865496855,71.62313194947185,71.14247648010254,72.59135,70.66070454545456
demo,D06,134,10,71.88355,70.32475000000001,70.25593099619446,70.99899820913897,70.54776055793762,71.88355,69.9667196969697
demo,D06,135,10,72.39655,70.6108,70.28737436755107,71.41917685859477,70.88437777786255,72.39655,70.76546515151514
demo,D06,136,10,71.95165,69.90960000000001,69.95430038450883,70.97554168024935,70.47297451534271,71.95165,70.33144999999999
demo,D06,137,10,71.6035,69.41355,69.63849810142935,70.65202097005982,70.23528491592407,71.6035,69.9666575757576
demo,D06,138,10,71.80235,70.57635,69.61400375520815,70.75413461113864,70.18342335567475,71.80235,70.12664090909091
demo,D06,139,10,71.34009999999999,69.8944,69.4800819051614,70.3321941728538,69.84435696372985,71.34009999999999,69.65897878787875
demo,D06,140,10,70.85225000000001,69.5553,69.05587758590887,69.92366558395412,69.45661308383943,70.85225000000001,68.79411363636363
demo,D06,141,10,71.56774999999999,69.03825,69.27498475631525,70.58716363460552,70.02721133136748,71.56774999999999,69.76619545454541
demo,D06,142,10,70.8194,69.33555,69.05647997234814,69.92165429563373,69.42218153419495,70.8194,69.15179696969696
demo,D06,143,10,70.61115,68.95655000000001,68.95830691242219,69.67102783262396,69.16892621269226,70.61115,68.96708030303027
demo,D06,144,10,70.32475000000001,68.46055,68.49903136594524,69.28377416182545,68.70362120246888,70.32475000000001,68.31615303030304
demo,D06,145,10,70.6108,68.29889999999999,68.69592199964704,69.643263827888,69.08427152233124,70.6108,68.9246484848485
demo,D06,146,10,69.90960000000001,68.25535,68.09971097082402,68.96947783262398,68.46737621269227,69.90960000000001,68.08327575757579
demo,D06,147,10,69.41355,67.71464999999999,67.97973209637917,68.50722523441027,67.9790047214508,69.41355,67.19190151515147
demo,D06,148,10,70.57635,67.77295,68.39059522045187,69.54843075891078,68.97176733264924,70.57635,68.99164696969697
demo,D06,149,10,69.8944,68.40845,67.93723078770721,68.94089696429195,68.40986490192414,69.8944,68.41510909090916
demo,D06,150,10,69.5553,66.87965,67.55172446087755,68.5607401850475,67.97132122783661,69.5553,67.84646060606062
demo,D06,151,10,69.03825,67.1357,67.48436408088817,68.10480126969189,67.6666919298172,69.03825,67.45204090909091
demo,D06,152,10,69.33555,66.90805,67.3005437029557,68.30922411927027,67.82174985580444,69.33555,67.84184090909092
demo,D06,153,10,68.95655000000001,67.11365,67.01097671057839,67.87522223745135,67.35424017696381,68.95655000000001,67.38964090909096
demo,D06,154,10,68.46055,66.0579,66.69296236341678,67.48195728441132,67.01088528804779,68.46055,66.5595196969697
demo,D06,155,10,68.29889999999999,66.3026,66.64190479967874,67.38535288138246,66.97653972282409,68.29889999999999,66.39223939393928
demo,D06,156,10,68.25535,66.07805,66.39293582330389,67.1742201951241,66.56404257450104,68.25535,66.13206818181818
demo,D06,157,10,67.71464999999999,66.31595,66.10627329358402,66.74170638793319,66.27199086036681,67.71464999999999,64.94963484848483
demo,D06,158,10,67.77295,65.81995,66.42876366363961,66.82472108376517,66.38170797271728,67.77295,65.37912878787876
demo,D06,159,10,68.40845,66.1767,66.28671059268778,67.38076365137522,66.79793571681977,68.40845,66.61763181818179
demo,D06,160,10,66.87965,65.6412,65.48305778816714,65.90996281956669,65.461446169281,66.87965,64.81199242424243
demo,D06,161,10,67.1357,65.12385,65.35944406804035,66.20804791834517,65.70824981994629,67.1357,64.91048787878785
demo,D06,162,10,66.90805,65.12299999999999,65.2635145170945,65.97759092085467,65.51915711097718,66.90805,64.82992272727277
demo,D06,163,10,67.11365,64.74885,65.25783487996912,66.20178190920971,65.66809145202637,67.11365,65.33632878787883
demo,D06,164,10,66.0579,64.9166,64.45259156635078,65.05406309918911,64.61134438552857,66.0579,63.898236363636414
demo,D06,165,10,66.3026,64.0626,64.40270414299009,65.17947870469555,64.81350478897095,66.3026,64.07753030303031
demo,D06,166,10,66.07805,64.0184,64.46488617721643,64.9807734834129,64.69672189407349,66.07805,63.87803484848487
demo,D06,167,10,66.31595,64.20525,64.22953074259757,65.00476930456071,64.55221101016998,66.31595,64.17420151515154
demo,D06,168,10,65.81995,64.23910000000001,63.889913771016076,64.63057179947059,64.19119407291413,65.81995,63.6743287878788
demo,D06,169,10,66.1767,64.40705,64.20958578026692,65.00492568296791,64.87433171672821,66.1767,64.88219090909095
demo,D06,170,10,65.6412,63.8886,63.49117072101667,64.41302643515647,64.08052843208313,65.6412,64.15702727272728
demo,D06,171,10,65.12385,63.236349999999995,63.2152203904391,63.88325911566719,63.40455974349976,65.12385,63.488637878787856
demo,D06,172,10,65.12299999999999,62.515100000000004,62.99189647776592,63.431281239342525,63.47501895236968,65.12299999999999,63.42837878787875
demo,D06,173,10,64.74885,61.9814,63.11638752523276,63.1532628718001,63.030105245208745,64.74885,63.144174242424256
demo,D06,174,10,64.9166,62.22455,62.7863145910544,63.13178104366394,63.152861010169985,64.9166,63.076178787878796
demo,D06,175,10,64.0626,62.47865,62.47657119699189,62.83720864697537,62.45602796802521,64.0626,61.82208787878789
demo,D06,176,10,64.0184,62.265800000000006,62.36936700128394,62.71627614431742,62.39222352352142,64.0184,61.47550303030303
demo,D06,177,10,64.20525,62.27629999999999,62.55000496977221,62.982505924702934,62.75595340633393,64.20525,61.87014090909092
demo,D06,178,10,64.23910000000001,61.722,62.39084160379145,62.34511925563084,62.402321597671516,64.23910000000001,62.05541818181822
demo,D06,179,10,64.40705,61.35475,62.400106588931166,62.47977728230068,62.630139337348936,64.40705,62.895856060606086
demo,D06,180,10,63.8886,61.363299999999995,61.860486462949005,61.97017042874107,62.06604421958923,63.8886,62.62460606060604
demo,D06,181,10,63.236349999999995,61.29715,61.42725626024955,61.435898228679456,61.561733663177485,63.236349999999995,61.7313196969697
demo,D06,182,10,62.515100000000004,61.155950000000004,60.96099310591484,60.73676236162451,60.89572489032746,62.515100000000004,60.603845454545436
demo,D06,183,10,61.9814,60.64935,60.620481811403145,60.2638950735961,60.4100013841629,61.9814,59.43948787878788
demo,D06,184,10,62.22455,60.955749999999995,60.9616232543314,60.48765543351629,60.5562150390625,62.22455,59.63188939393941
demo,D06,185,10,62.47865,60.29785,60.52312740375579,60.45677788282983,60.66453507175446,62.47865,59.730816666666705
demo,D06,186,10,62.265800000000006,60.02205000000001,60.4831118466921,60.37044709428314,60.56260001735688,62.265800000000006,59.40922121212119
demo,D06,187,10,62.27629999999999,59.918749999999996,60.52347262799415,60.39876076414346,60.54775266532897,62.27629999999999,59.65370606060606
demo,D06,188,10,61.722,60.2022,60.300356659448894,59.91873820954772,60.1306846113205,61.722,59.287424242424265
demo,D06,189,10,61.35475,59.638000000000005,59.78182260534647,59.4828063525137,59.76468630886078,61.35475,59.324943939393926
demo,D06,190,10,61.363299999999995,59.2673,59.510405953942275,59.442732753754534,59.55370155410766,61.363299999999995,59.767269696969706
demo,D07,6,10,92.952,88.41395,88.44321474960661,88.16000442374377,88.88715539169311,92.952,88.1054142857143
demo,D07,7,10,92.1782,88.25605,87.77005670965008,87.55914572963617,88.01174425430298,92.1782,86.88502142857146
demo,D07,8,10,91.96305,88.71055,87.35915358270212,87.2489682506648,87.80302011184692,91.96305,86.74559761904769
demo,D07,9,10,91.2791,87.73585,86.83238936416515,86.65128597031598,87.07204776916504,91.2791,85.98885000000003
demo,D07,10,10,91.55330000000001,86.9855,86.86588233478024,86.69127247155456,87.35984811859132,91.55330000000001,86.66411212121216
demo,D07,11,10,90.6259,86.44225,86.3373260139074,85.91181825066481,86.34782811965943,90.6259,85.47645757575759
demo,D07,12,10,90.5658,87.3368,86.42004126366785,85.79143790554905,86.3512323387146,90.5658,86.07956666666666
demo,D07,13,10,90.431,86.31545,85.97408158594702,85.61221305109805,86.11043954467773,90.431,86.52054242424242
demo,D07,14,10,89.46255,85.1735,85.01663851155037,84.601897680479,85.16662724380492,89.46255,85.22297424242423
demo,D07,15,10,89.1551,85.01315000000001,84.91677706082814,84.39834876592542,84.79372705230713,89.1551,85.28181515151518
demo,D07,16,10,88.41395,84.12165,84.13700424036452,83.66200675745402,84.03558019180298,88.41395,84.41130454545461
demo,D07,17,10,88.25605,83.67235,83.78131134647967,83.3892177557142,83.90078295211792,88.25605,84.07211666666667
demo,D07,18,10,88.71055,83.62174999999999,83.96145983329637,83.82247006927969,84.0759851234436,88.71055,84.92521666666667
demo,D07,19,10,87.73585,82.70960000000001,83.19300468248575,82.84379504442725,83.33282675704956,87.73585,83.75573787878787
demo,D07,20,10,86.9855,82.8272,82.83236671775792,82.20086675918535,82.60183491516113,86.9855,83.01361212121213
demo,D07,21,10,86.44225,82.1512,82.21926755572322,81.6397789495271,82.03161882019043,86.44225,82.11767424242426
demo,D07,22,10,87.3368,81.15285,82.58478730743968,82.43380214290315,82.57815446548462,87.3368,83.61451515151516
demo,D07,23,10,86.31545,81.27865,81.9267400521703,81.47123538310589,81.92692499084473,86.31545,82.93988333333334
demo,D07,24,10,85.1735,80.28365,80.93038587799964,80.37724448783574,80.74368899917603,85.1735,81.37499090909088
demo,D07,25,10,85.01315000000001,80.5394,80.70975283413223,80.17441674379153,80.5778119796753,85.01315000000001,81.01915303030306
demo,D07,26,10,84.12165,79.7978,80.0091018722386,79.36950003462103,79.6689837173462,84.12165,79.45384696969701
demo,D07,27,10,83.67235,79.96765,79.97878135538721,79.03678947259368,79.29489524230956,83.67235,78.5006803030303
demo,D07,28,10,83.62174999999999,79.27250000000001,79.93035362458805,78.98583447179654,79.22240269470214,83.62174999999999,78.77721363636363
demo,D07,29,10,82.70960000000001,78.17055,78.88559799065959,78.05649641665465,78.31566622695924,82.70960000000001,77.66168484848485
demo,D07,30,10,82.8272,77.41915,78.83159591641208,78.0727323186181,78.36814409942627,82.8272,77.74906060606062
demo,D07,31,10,82.1512,77.8698,78.14888957416686,77.39351384930728,77.71914452667237,82.1512,76.81597878787882
demo,D07,32,10,81.15285,76.7289,77.62131893053524,76.5537664140072,76.72633680496216,81.15285,76.13248636363636
demo,D07,33,10,81.27865,77.1764,77.18651874931662,76.61257225008421,76.79920597305298,81.27865,76.71043181818183
demo,D07,34,10,80.28365,76.1579,76.10054644916146,75.62290695589382,75.79751070251464,80.28365,75.47407121212119
demo,D07,35,10,80.5394,75.97235,76.19426352073837,75.80935806018196,76.02472152175903,80.5394,76.11376969696973
demo,D07,36,10,79.7978,75.1371,75.30776810783141,75.04220469653232,75.28252833633422,79.7978,75.29954848484846
demo,D07,37,10,79.96765,74.69795,75.23140886030987,75.13476333882981,75.39542156829835,79.96765,75.71399242424243
demo,D07,38,10,79.27250000000001,74.27035,74.79954279068005,74.54106630618602,74.75728937149049,79.27250000000001,75.29958484848483
demo,D07,39,10,78.17055,74.13935000000001,73.76475092233824,73.48149985885524,73.66697372131348,78.17055,73.79639545454546
demo,D07,40,10,77.41915,73.4272,73.32704358758522,72.83021715068595,72.93001282730103,77.41915,72.86248939393941
demo,D07,41,10,77.8698,72.5418,73.1519614290085,73.08555734222332,73.27119245986938,77.8698,73.58129696969702
demo,D07,42,10,76.7289,72.87015,72.20026698009016,72.06535070357273,72.18976835861206,76.7289,71.93963636363635
demo,D07,43,10,77.1764,71.81895,72.60503741842751,72.4256109970509,72.62266379013062,77.1764,72.75056969696972
demo,D07,44,10,76.1579,71.29255,71.65636114506594,71.42958377569303,71.62510838546753,76.1579,71.37386666666669
demo,D07,45,10,75.97235,70.9374,71.49211735198983,71.30252462707253,71.43321835861207,75.97235,71.39949545454543
demo,D07,46,10,75.1371,70.6616,70.71827069339015,70.49294158402843,70.63365723571778,75.1371,70.37901515151513
demo,D07,47,10,74.69795,70.02125,70.72842136145293,70.07383233231685,70.26978074951172,74.69795,70.19326515151513
demo,D07,48,10,74.27035,69.53965,70.06680388984694,69.62545753439205,69.74767496261596,74.27035,69.96114696969698
demo,D07,49,10,74.13935000000001,68.9066,69.42573968288318,69.3660469488018,69.47850853500367,74.13935000000001,69.82586212121213
demo,D07,50,10,73.4272,68.37180000000001,68.89757742651095,68.71323197237886,68.73930660934448,73.4272,68.70867878787877
demo,D07,51,10,72.5418,67.9495,68.40199478271487,67.97491623002225,67.96440980606079,72.5418,67.71960606060605
demo,D07,52,10,72.87015,67.7144,68.15680157609256,68.08894911524922,68.22317305221557,72.87015,68.00860151515148
demo,D07,53,10,71.81895,67.2814,67.7338663900824,67.25025738987748,67.30447131652832,71.81895,67.11072575757572
demo,D07,54,10,71.29255,66.53365,66.95796361325797,66.7073817198517,66.71069327239991,71.29255,66.42091060606063
demo,D07,55,10,70.9374,66.4001,66.65310736058007,66.37412942416702,66.36672844161987,70.9374,66.17466666666664
demo,D07,56,10,70.6616,65.6033,66.15108856612977,65.99020236590843,66.03472602996827,70.6616,65.91080000000001
demo,D07,57,10,70.02125,64.9864,65.47658709747436,65.41338661420995,65.3846213722229,70.02125,65.18281969696972
demo,D07,58,10,69.53965,64.70705,65.1158374040831,64.98162846594721,64.90445331420898,69.53965,64.63270454545453
demo,D07,59,10,68.9066,63.74865,64.5296262714739,64.34787198574092,64.24201584014892,68.9066,64.07192424242422
demo,D07,60,10,68.37180000000001,63.7344,64.02950905123996,63.824678385179446,63.74177365951539,68.37180000000001,63.47719090909096
demo,D07,61,10,67.9495,62.709199999999996,63.42548181519937,63.34576616483608,63.25637665939331,67.9495,62.78712121212123
demo,D07,62,10,67.7144,63.57945,63.40516206308304,63.137360896584084,63.069328493499754,67.7144,62.931557575757594
demo,D07,63,10,67.2814,61.5782,62.6713596962354,62.661681190248586,62.58684471740723,67.2814,62.56605151515156
demo,D07,64,10,66.53365,61.636,61.92821509781407,61.96468413092028,61.84782274475097,66.53365,61.67700454545451
demo,D07,65,10,66.4001,61.675349999999995,61.556703749874735,61.74837421054442,61.70554471740722,66.4001,61.669381818181826
demo,D07,66,10,65.6033,60.6604,61.151562457061374,61.022005529094464,60.937283898162846,65.6033,60.93000000000003
demo,D07,67,10,64.9864,60.39084999999999,60.38306075760793,60.406828601670846,60.37657677307129,64.9864,60.22025454545456
demo,D07,68,10,64.70705,60.404849999999996,60.13898572376072,60.12946525792084,60.07889333801269,64.70705,59.98490454545455
demo,D07,69,10,63.74865,59.321,59.275465974205034,59.20220534835671,59.083903715515135,63.74865,58.71147727272728
demo,D07,70,10,63.7344,58.47,59.104624118466745,59.14660318846217,59.064158644104005,63.7344,58.64310000000001
demo,D07,71,10,62.709199999999996,58.01025,58.31653177899959,58.17300163805144,57.99636897964477,62.709199999999996,57.28514848484849
demo,D07,72,10,63.57945,57.69685,58.51247658593577,58.86953946339974,58.812033045959474,63.57945,58.77578333333336
demo,D07,73,10,61.5782,57.004149999999996,57.272640315685194,57.03466520190911,56.822034495544436,61.5782,56.51586666666671
demo,D07,74,10,61.636,56.52315,57.0932331865036,57.08778127286341,56.879834495544436,61.636,56.53932424242423
demo,D07,75,10,61.675349999999995,56.481899999999996,56.8684745988556,57.08835961130286,56.89794140014648,61.675349999999995,57.07041666666668
demo,D07,76,10,60.6604,55.9891,55.90666436804562,56.07981238127718,55.904234495544436,60.6604,56.035096969697
demo,D07,77,10,60.39084999999999,54.681349999999995,55.66627478291619,55.75467062393722,55.615904740905755,60.39084999999999,55.786022727272794
demo,D07,78,10,60.404849999999996,54.423350000000006,55.33987413316029,55.68637217140042,55.5350236831665,60.404849999999996,56.19893787878789
demo,D07,79,10,59.321,54.02215,54.4347159771102,54.63546134757856,54.510064025878904,59.321,54.80535757575757
demo,D07,80,10,58.47,53.832899999999995,53.92962395228557,53.91044550490321,53.64435121536255,58.47,53.70763030303025
demo,D07,81,10,58.01025,53.4871,53.425396632629074,53.4460017127998,53.20661011123657,58.01025,52.70502272727272
demo,D07,82,10,57.69685,53.445,53.386104307050545,53.1382164589616,52.927394090270994,57.69685,52.827556060606064
demo,D07,83,10,57.004149999999996,51.98414999999999,52.33106017970659,52.369612894817905,52.22434815444946,57.004149999999996,51.57182878787883
demo,D07,84,10,56.52315,52.361250000000005,52.039003969873306,51.9652601745599,51.76733115615845,56.52315,50.85840151515152
demo,D07,85,10,56.481899999999996,51.27705,51.83471237401118,51.932462075405766,51.74287202301025,56.481899999999996,51.208196969697
demo,D07,86,10,55.9891,50.38295,51.174385243662286,51.40500397373262,51.17254306945801,55.9891,50.790518181818214
demo,D07,87,10,54.681349999999995,50.0317,50.37194968353458,50.115272088837266,49.93081784973144,54.681349999999995,49.23108939393935
demo,D07,88,10,54.423350000000006,50.137750000000004,50.076369685474695,49.88071100047841,49.63231720886231,54.423350000000006,49.28207727272729
demo,D07,89,10,54.02215,48.2579,49.37116562295274,49.475205465848305,49.23718353118897,54.02215,48.97349242424242
demo,D07,90,10,53.832899999999995,48.56545,49.01432089131465,49.18199995480897,49.03983206787109,53.832899999999995,48.848581818181856
demo,D07,91,10,53.4871,47.957100000000004,48.46616485338544,48.84797564352639,48.67359435043335,53.4871,48.634075757575765
demo,D07,92,10,53.445,47.875750000000004,48.26004717557493,48.646770868777125,48.613986320495606,53.445,49.039633333333335
demo,D07,93,10,51.98414999999999,46.97785,47.2224325511724,47.396400475708795,47.19168622055053,51.98414999999999,47.283189393939374
demo,D07,94,10,52.361250000000005,46.08085,47.10209148719844,47.55370854177394,47.50366409301758,52.361250000000005,47.85820454545452
demo,D07,95,10,51.27705,45.86015,46.529602509534556,46.6549054149105,46.43321369247437,51.27705,46.85751060606061
demo,D07,96,10,50.38295,44.78985,45.66180097528977,45.772113790316894,45.55415981216431,50.38295,45.86158333333333
demo,D07,97,10,50.0317,44.5327,45.30914180188559,45.36944558188165,45.16662059707642,50.0317,45.02461515151515
demo,D07,98,10,50.137750000000004,44.5647,44.95066341437177,45.3799207315168,45.249736160278324,50.137750000000004,45.09438636363639
demo,D07,99,10,48.2579,43.7772,43.9219026146656,43.708290709553,43.467864752197265,48.2579,42.40488484848487
demo,D07,100,10,48.56545,43.604749999999996,44.08593940191806,44.02375028432586,43.79635934753418,48.56545,42.6430681818182
demo,D08,6,10,93.85025,91.9625,91.09865114189316,90.77802708514159,91.06045913124085,93.85025,91.21252142857142
demo,D08,7,10,94.09345,91.18455,91.27078822611738,90.84326935376696,90.9202927848816,94.09345,92.05532500000002
demo,D08,8,10,93.3433,91.0435,90.84787311032981,90.66555416560621,90.67616499977112,93.3433,91.09972857142861
demo,D08,9,10,93.56830000000001,90.95165,90.88843550116383,90.44292093726608,90.51554273681641,93.56830000000001,91.52842500000003
demo,D08,10,10,92.3888,90.2174,90.06035065302646,89.85421222113595,89.7664535987854,92.3888,89.92052727272724
demo,D08,11,10,92.683,90.27705,90.09591888765341,90.02248951721467,89.94609204101563,92.683,90.04781212121219
demo,D08,12,10,92.56075,90.54729999999999,90.11280110065749,89.96509639877613,89.96683239173889,92.56075,90.18176212121213
demo,D08,13,10,92.89500000000001,90.07135,90.1000410389759,89.76962093726608,89.75896336555482,92.89500000000001,90.83330000000005
demo,D08,14,10,91.78035,89.61670000000001,89.44700706415428,89.21855992795294,89.15044501457214,91.78035,89.62589848484843
demo,D08,15,10,92.09009999999999,89.4461,89.3373843716819,88.99729452290347,88.99580282936095,92.09009999999999,89.84749393939391
demo,D08,16,10,91.9625,89.33405,89.33129944539823,89.0283130266094,89.03899612426758,91.9625,89.81132727272731
demo,D08,17,10,91.18455,89.13835,88.90594225072591,88.6353221307499,88.57777280883789,91.18455,89.09142575757575
demo,D08,18,10,91.0435,88.4858,88.54085815173761,88.38272198628941,88.347464138031,91.0435,88.78398181818181
demo,D08,19,10,90.95165,88.85849999999999,88.49074376157535,88.34941874804993,88.32174501457214,90.95165,88.90440151515152
demo,D08,20,10,90.2174,88.53765,87.6966164761474,87.56452697984682,87.45922486534118,90.2174,87.51275757575758
demo,D08,21,10,90.27705,88.08985,87.82961063572411,87.67799860414276,87.57050393180847,90.27705,87.40688333333335
demo,D08,22,10,90.54729999999999,87.37705,87.92849192400445,87.78524942041156,87.75426067810058,90.54729999999999,87.86914848484847
demo,D08,23,10,90.07135,87.0664,87.68111944238504,87.50787971449259,87.43517555961608,90.07135,87.79249242424241
demo,D08,24,10,89.61670000000001,87.0164,87.04277367310956,86.93163892494859,86.85508734626771,89.61670000000001,87.08830606060602
demo,D08,25,10,89.4461,86.8738,86.98122472842121,86.80762945051896,86.7813780342102,89.4461,87.04387575757576
demo,D08,26,10,89.33405,86.0656,86.738821565449,86.56873589928644,86.54107147483826,89.33405,87.2322954545455
demo,D08,27,10,89.13835,86.48445,86.45462266991345,86.10174585376444,86.23506258926392,89.13835,87.03028636363638
demo,D08,28,10,88.4858,86.4616,85.9611534394291,85.7215537567275,85.70167657928467,88.4858,86.16948181818182
demo,D08,29,10,88.85849999999999,85.98695,86.13735993623166,85.95375787647053,85.9971044025421,88.85849999999999,86.78600909090909
demo,D08,30,10,88.53765,85.34925,85.6070275592101,85.28925035603561,85.33137668266296,88.53765,86.29819242424244
demo,D08,31,10,88.08985,85.05114999999999,85.41026763389486,85.26469978372432,85.2162611995697,88.08985,85.68254393939398
demo,D08,32,10,87.37705,85.1163,85.1819855121453,84.80976730301951,84.74942644195556,87.37705,84.85837727272725
demo,D08,33,10,87.0664,84.71655,84.70486685399179,84.33498375057921,84.28681702270508,87.0664,84.3338878787879
demo,D08,34,10,87.0164,84.6311,84.6124336458392,84.30832633527055,84.2097331489563,87.0164,84.10391212121213
demo,D08,35,10,86.8738,84.41380000000001,84.24808142867475,84.11160488567428,84.05702801589966,86.8738,83.90500909090913
demo,D08,36,10,86.0656,84.2953,83.8321322981672,83.40158292616287,83.42929037628174,86.0656,82.83676363636364
demo,D08,37,10,86.48445,83.36200000000001,83.94733506202212,83.73254343931828,83.70845021553039,86.48445,83.4897409090909
demo,D08,38,10,86.4616,83.5015,83.8014351328606,83.34659682381113,83.49070804748536,86.4616,83.57520606060605
demo,D08,39,10,85.98695,83.05875,83.40454565306956,83.18818976990849,83.21472271270751,85.98695,83.44379545454542
demo,D08,40,10,85.34925,82.87044999999999,82.94457805778015,82.60382293562962,82.65673724937439,85.34925,82.93566515151512
demo,D08,41,10,85.05114999999999,82.891,82.57950652000564,82.30639077782854,82.30184785118102,85.05114999999999,82.69247424242423
demo,D08,42,10,85.1163,82.65474999999999,82.21839907323148,82.0796274522036,82.2576722038269,85.1163,82.74119696969696
demo,D08,43,10,84.71655,82.51294999999999,81.93482231278315,81.72712095810311,81.8693374469757,84.71655,82.17390454545452
demo,D08,44,10,84.6311,81.95115,81.83519038202192,81.54143163894005,81.73356801376343,84.6311,82.12580000000001
demo,D08,45,10,84.41380000000001,81.52000000000001,81.51270281578529,81.40871474082081,81.55517220382691,84.41380000000001,82.0213787878788
demo,D08,46,10,84.2953,82.64620000000001,81.22664257452524,80.92924959348497,81.07985901145935,84.2953,81.71050303030302
demo,D08,47,10,83.36200000000001,80.49005,80.97592684508813,80.59989679634178,80.67167068672181,83.36200000000001,80.56956969696967
demo,D08,48,10,83.5015,81.14035000000001,80.93315581566836,80.7614167225152,80.7554186477661,83.5015,80.94077272727276
demo,D08,49,10,83.05875,80.36925000000001,80.40598040945092,80.30963579335837,80.30944785118103,83.05875,80.53059242424244
demo,D08,50,10,82.87044999999999,80.34455,80.09379103224668,79.81612681128061,79.97291801376342,82.87044999999999,80.20195303030302
demo,D08,51,10,82.891,80.12285,79.99035600130188,79.81864205592572,79.94904228782654,82.891,80.19510000000002
demo,D08,52,10,82.65474999999999,79.27145,79.85767166352925,79.57933881062483,79.75721801376342,82.65474999999999,80.107853030303
demo,D08,53,10,82.51294999999999,79.09345,79.51058536871284,79.45234663117878,79.59072214050292,82.51294999999999,80.06958030303026
demo,D08,54,10,81.95115,79.55945,79.28265457787634,79.17992212423937,79.16652685394287,81.95115,79.51500757575756
demo,D08,55,10,81.52000000000001,78.90690000000001,78.99782861495716,78.76396250553131,78.77069785118104,81.52000000000001,79.03588787878789
demo,D08,56,10,82.64620000000001,78.3695,79.35069600051514,79.16952696762462,79.34964352722169,82.64620000000001,81.00017272727274
demo,D08,57,10,80.49005,78.22915,77.84295195233005,77.75250192957301,77.74074785118103,80.49005,78.08371666666667
demo,D08,58,10,81.14035000000001,78.31585,78.2259399563428,78.10244732875209,78.2918440261841,81.14035000000001,78.76953484848485
demo,D08,59,10,80.36925000000001,77.9927,77.67939239689582,77.52747665277734,77.53884977149964,80.36925000000001,77.60438636363637
demo,D08,60,10,80.34455,76.99454999999999,77.67904348461536,77.48962223195313,77.4859222038269,80.34455,77.37263181818183
demo,D08,61,10,80.12285,77.64615,77.37908709323841,77.37855933589535,77.34415060195923,80.12285,77.14281969696972
demo,D08,62,10,79.27145,77.1667,76.96157408095313,76.60022628507346,76.68177648086548,79.27145,75.99694090909094
demo,D08,63,10,79.09345,76.5516,76.78510630380222,76.40759606571281,76.46802489967347,79.09345,75.74293484848485
demo,D08,64,10,79.55945,75.9599,76.76749045770967,76.5600884060446,76.7008222038269,79.55945,76.42706212121213
demo,D08,65,10,78.90690000000001,76.35315,76.17415094878864,76.0801159644239,76.02147657814027,78.90690000000001,75.63917272727272
demo,D08,66,10,78.3695,75.899,76.09702130475421,75.59453347367135,75.7314372844696,78.3695,75.74084545454546
demo,D08,67,10,78.22915,75.03735,75.3048247478101,75.018132145209,75.128221931839,78.22915,75.24396818181816
demo,D08,68,10,78.31585,75.12325,75.44381643295957,75.46236250415778,75.42022846183777,78.31585,75.72901363636363
demo,D08,69,10,77.9927,75.8484,74.97184861589338,74.80155640585451,74.89177193183899,77.9927,75.45624242424242
demo,D08,70,10,76.99454999999999,74.63275,74.43876719129541,74.19527046374293,74.29503537254332,76.99454999999999,74.23562575757576
demo,D08,71,10,77.64615,74.122,74.63211545770217,74.52062214909716,74.64094484558106,77.64615,75.27843787878787
demo,D08,72,10,77.1667,73.75835,73.87727259519193,73.89049103522711,73.97914277954102,77.1667,74.66128787878795
demo,D08,73,10,76.5516,74.30839999999999,73.58535316450786,73.61120948930781,73.58529903564452,76.5516,73.70943333333334
demo,D08,74,10,75.9599,73.7465,73.31691467902537,73.13180564920549,73.28411612739563,75.9599,73.07700303030303
demo,D08,75,10,76.35315,73.6294,73.22182067976468,73.28560542420983,73.34818564834595,76.35315,73.64529848484852
demo,D08,76,10,75.899,72.9961,72.82831832442812,72.72616759172136,72.8823402633667,75.899,73.06975454545459
demo,D08,77,10,75.03735,73.01195,72.33016099042042,72.14753816584455,72.28343898162842,75.03735,71.82260757575764
demo,D08,78,10,75.12325,72.09485,72.43524328646885,72.2524062456562,72.36246608924866,75.12325,72.01455000000001
demo,D08,79,10,75.8484,72.1113,72.51099085701301,72.55864114482733,72.62193858947754,75.8484,73.41282727272726
demo,D08,80,10,74.63275,71.86135,71.49621626876949,71.40166127779113,71.51349445724487,74.63275,71.80170454545451
demo,D08,81,10,74.122,71.90225,71.73500370628713,71.31544389174395,71.45767070960999,74.122,71.33756969696971
demo,D08,82,10,73.75835,71.29505,70.9872526621019,70.9242866749644,71.05145274124145,73.75835,70.92971666666668
demo,D08,83,10,74.30839999999999,70.72315,71.19387119528905,71.14566930354617,71.24637612190246,74.30839999999999,71.73865757575759
demo,D08,84,10,73.7465,70.64095,70.58148148697263,70.5618336168238,70.57179997825622,73.7465,71.00659393939395
demo,D08,85,10,73.6294,69.82935,70.63357016986684,70.78129006363027,70.75988601150513,73.6294,71.18591515151519
demo,D08,86,10,72.9961,69.34609999999999,70.15671069836108,70.10919200396116,70.14168696746826,72.9961,70.53098484848486
demo,D08,87,10,73.01195,70.00145,69.72919403960304,69.50173282694698,69.74891732521057,73.01195,70.31128333333332
demo,D08,88,10,72.09485,69.34885,69.26806999813321,69.29412713847769,69.24920242652892,72.09485,68.96116515151517
demo,D08,89,10,72.1113,69.09165,69.60017856339731,69.29942918257365,69.44009781723022,72.1113,69.40408181818181
demo,D08,90,10,71.86135,69.1277,68.96915871252486,68.95434796452506,68.95885556945801,71.86135,69.08681060606064
demo,D08,91,10,71.90225,69.0055,68.74870961933303,68.70078094144502,68.79284925079345,71.90225,69.07812575757579
demo,D08,92,10,71.29505,68.45425,68.30146360051097,68.13251837859944,68.28526315574646,71.29505,68.11676818181817
demo,D08,93,10,70.72315,68.5794,68.21840767114578,67.88908667496442,68.04049323501587,70.72315,67.54404696969696
demo,D08,94,10,70.64095,67.85845,67.92400585359572,67.77569217854185,67.85825637550354,70.64095,67.47616515151515
demo,D08,95,10,69.82935,67.50455,67.21358307038017,66.90626891134252,67.02745676574708,69.82935,66.53455606060609
demo,D08,96,10,69.34609999999999,67.1918,66.87726644508557,66.36717171211194,66.47333755836486,69.34609999999999,65.69611818181815
demo,D08,97,10,70.00145,66.43945,67.16616664840735,67.03681757845088,67.01634591598511,70.00145,66.80673484848484
demo,D08,98,10,69.34885,66.81685,66.37203623003374,66.30125267115766,66.31310294876099,69.34885,66.00694696969697
demo,D08,99,10,69.09165,65.501,66.0868019435294,66.01781079422247,66.02386545219422,69.09165,65.80608333333336
demo,D08,100,10,69.1277,65.7629,66.0845931985354,66.0510824434319,66.09195294876099,69.1277,66.11751818181821
demo,D08,101,10,69.0055,65.64935,65.87246282584627,66.10380427858847,66.04061595726013,69.0055,66.56266666666666
demo,D08,102,10,68.45425,65.10884999999999,65.15183026498252,65.43339090365482,65.38909950065613,68.45425,66.22440454545456
demo,D08,103,10,68.5794,64.91315,64.98405715257533,65.12254768390767,65.21537488403321,68.5794,66.5938787878788
demo,D08,104,10,67.85845,65.30295000000001,64.76977059024392,64.97540851060513,65.00208932609559,67.85845,65.92905606060609
demo,D08,105,10,67.50455,64.78439999999999,64.1817708692391,64.26472015577386,64.39700724678039,67.50455,65.23445303030303
demo,D08,106,10,67.1918,63.9491,63.7830904948586,63.76532921251413,63.788719298172,67.1918,64.37003636363637
demo,D08,107,10,66.43945,63.71525,63.65565614031453,63.48530192391816,63.569884274673456,66.43945,63.35367424242422
demo,D08,108,10,66.81685,63.1738,63.743196084527696,63.648567629612266,63.66825895843506,66.81685,63.66960757575763
demo,D08,109,10,65.501,63.468849999999996,62.98377769330588,62.504350853358154,62.54575927352906,65.501,61.709996969697
demo,D08,110,10,65.7629,62.88245,63.11917083396288,62.762879845035584,62.78636158027649,65.7629,61.93025454545461
demo,D08,111,10,65.64935,62.06700000000001,62.865263609258136,62.63422008261401,62.62321121749878,65.64935,62.03951363636364
demo,D08,112,10,65.10884999999999,62.386399999999995,62.4192951950066,62.11978303735886,62.081695792770375,65.10884999999999,61.46631060606058
demo,D08,113,10,64.91315,62.18665,62.11375995659708,61.89170892866323,61.880646871948244,64.91315,61.6200984848485
demo,D08,114,10,65.30295000000001,62.042249999999996,61.94360753005273,62.05608639469164,62.00952753944398,65.30295000000001,62.535765151515186
demo,D08,115,10,64.78439999999999,61.4293,61.47319482948499,61.709858802843314,61.59289814414977,64.78439999999999,62.33406060606058
demo,D08,116,10,63.9491,61.0371,60.99576569497357,60.98852344115146,60.90069244537354,63.9491,61.48120303030305
demo,D08,117,10,63.71525,61.44195,60.52011871836957,60.659855875218284,60.52374814414978,63.71525,60.99372878787876
demo,D08,118,10,63.1738,60.544799999999995,60.24955032109181,60.1865291521245,60.16982794647217,63.1738,60.48512424242424
demo,D08,119,10,63.468849999999996,60.45505,60.03449108980261,59.85070679123345,59.9063864780426,63.468849999999996,60.53830454545449
demo,D08,120,10,62.88245,59.7733,59.71432834109812,59.794737358355285,59.64947618598938,62.88245,59.81110151515153
demo,D08,121,10,62.06700000000001,59.837700000000005,59.11108475344978,59.00256102639583,58.885548679351814,62.06700000000001,58.68350303030305
demo,D08,122,10,62.386399999999995,58.889250000000004,59.24565617925132,59.156879631979315,58.99442030563354,62.386399999999995,58.93886363636364
demo,D08,123,10,62.18665,58.88205,58.99045835204213,58.963211825158595,58.80234690704346,62.18665,58.765646969696945
demo,D08,124,10,62.042249999999996,58.352599999999995,58.951301687280136,58.9746505108408,58.80104120826721,62.042249999999996,59.15936818181817
demo,D08,125,10,61.4293,58.227549999999994,58.372094878463955,58.335243990672225,58.17135064773559,61.4293,58.7997393939394
demo,D08,126,10,61.0371,58.4778,57.92554424671852,57.9040741536801,57.80412618598938,61.0371,58.29674545454547
demo,D08,127,10,61.44195,57.61214999999999,57.994586935075645,57.8249957146775,57.963849223327635,61.44195,59.00869848484848
demo,D08,128,10,60.544799999999995,57.704100000000004,57.43599333007891,57.42455278403296,57.353298144149775,60.544799999999995,57.84388181818181
demo,D08,129,10,60.45505,57.6362,57.2741664379922,57.45995299399776,57.40450526123047,60.45505,57.95287727272726
demo,D08,130,10,59.7733,56.86475,56.7684791056349,56.766873040336904,56.682066746520995,59.7733,57.07238484848485
demo,D08,131,10,59.837700000000005,56.86275,56.55072033413051,56.5181869236894,56.54970489997864,59.837700000000005,56.806403030303095
demo,D08,132,10,58.889250000000004,56.4152,56.058320522064115,55.882538969402916,55.81364723014832,58.889250000000004,55.49338636363634
demo,D08,133,10,58.88205,55.98165,56.04635247281806,55.87598019582649,55.85689874725342,58.88205,55.40842272727275
demo,D08,134,10,58.352599999999995,55.86225,55.463997997650594,55.290548570972575,55.307685992813106,58.352599999999995,54.816709090909136
demo,D08,135,10,58.227549999999994,55.87915,55.220905100045215,55.122489693678475,54.973101824569696,58.227549999999994,54.599783333333306
demo,D08,136,10,58.4778,54.82565,55.195914585305445,55.12053816297291,55.083191025543215,58.4778,55.021281818181826
demo,D08,137,10,57.61214999999999,54.418350000000004,54.699568638511856,54.50170104405558,54.40669064369201,57.61214999999999,54.43482575757577
demo,D08,138,10,57.704100000000004,54.08965,54.39438287356567,54.50080169588607,54.30215607795716,57.704100000000004,54.722242424242424
demo,D08,139,10,57.6362,54.38185,54.40104945719127,54.49152437050909,54.36386470909119,57.6362,55.09726666666661
demo,D08,140,10,56.86475,54.110400000000006,53.705864811742494,53.77938993198803,53.67735919570923,56.86475,54.2351287878788
demo,D08,141,10,56.86275,53.298199999999994,53.546690592187815,53.777389931988026,53.667682594299315,56.86275,54.53683484848483
demo,D08,142,10,56.4152,52.505849999999995,53.002855361495236,53.06566499031348,53.019599919509886,56.4152,53.87717272727272
demo,D08,143,10,55.98165,52.6312,52.70760042023211,52.835384964764515,52.64647520103455,55.98165,53.29011363636362
demo,D08,144,10,55.86225,52.684549999999994,52.594329330574624,52.45284930953733,52.45674195861817,55.86225,52.95067424242425
demo,D08,145,10,55.87915,52.186350000000004,52.52357959840615,52.453276599423674,52.43070992507935,55.87915,52.975246969697
demo,D08,146,10,54.82565,51.946250000000006,51.909554469558834,51.74283121266111,51.69271852912903,54.82565,51.80627121212123
demo,D08,147,10,54.418350000000004,51.42060000000001,51.43640414222648,51.29547917180998,51.049763936614994,54.418350000000004,50.92691666666664
demo,D08,148,10,54.08965,51.566849999999995,51.32690336629472,50.975442610888834,50.79535945739746,54.08965,50.3952984848485
demo,D08,149,10,54.38185,51.050200000000004,51.41685863144934,51.285066515905804,51.14843535003662,54.38185,51.03681060606067
demo,D08,150,10,54.110400000000006,50.807449999999996,50.88334291719837,50.91103743206043,50.74582795181275,54.110400000000006,50.84677575757579
demo,D09,6,10,95.32365,93.73785,93.77238296569602,93.29361616450207,93.43897032489777,95.32365,94.22573571428572
demo,D09,7,10,95.01610000000001,93.63485,93.44887594883689,93.11202673330466,93.13142032489777,95.01610000000001,93.61858214285716
demo,D09,8,10,94.73455,93.1569,93.13200689792082,92.7772853668453,92.83728230075836,94.73455,93.09403214285713
demo,D09,9,10,95.14045,93.19295,93.27938460225309,92.97798687105718,93.25577032489777,95.14045,93.76649999999997
demo,D09,10,10,94.35475,93.3138,92.76462243989474,92.52507684381003,92.56262334442138,94.35475,92.76288636363638
demo,D09,11,10,94.61855,92.37485,92.87364877899866,92.61510136598842,92.6962780330658,94.61855,93.04928939393943
demo,D09,12,10,94.2363,92.6975,92.60184883240932,92.23867490345813,92.26680458431244,94.2363,92.66551515151514
demo,D09,13,10,94.08595,92.2393,92.39664045112025,92.08500956910869,92.07879172058105,94.08595,92.47006818181818
demo,D09,14,10,93.74385,92.03335,92.02665252484712,91.8242444365958,91.74793661365509,93.74385,91.71678030303025
demo,D09,15,10,93.71935,92.25145,92.20412708391416,91.89119230415376,91.87744357166291,93.71935,91.95958636363639
demo,D09,16,10,93.73785,91.83305,91.9608985420576,91.6592116254904,91.66442876014709,93.73785,92.11468030303034
demo,D09,17,10,93.63485,91.45455,91.7928793378471,91.66311518153857,91.63893661365509,93.63485,92.07927727272727
demo,D09,18,10,93.1569,92.0393,91.40569103205999,91.22199718675476,91.15358312072753,93.1569,91.3879484848485
demo,D09,19,10,93.19295,91.73989999999999,91.53482500951047,91.26642523711689,91.22839247150421,93.19295,91.69211363636364
demo,D09,20,10,93.3138,90.7056,91.292821573188,91.0966180669185,91.17917170410156,93.3138,91.85925757575758
demo,D09,21,10,92.37485,91.81899999999999,90.81803822162495,90.53174969826051,90.47763725624084,92.37485,90.75648939393938
demo,D09,22,10,92.6975,91.10464999999999,90.84207368024134,90.54709396028315,90.52841855049134,92.6975,91.10844242424244
demo,D09,23,10,92.2393,90.66105,90.55163099152125,90.28630367200776,90.25855694942474,92.2393,90.51590606060606
demo,D09,24,10,92.03335,91.01615,90.32152018622597,90.09238083317288,89.99703026733398,92.03335,90.059053030303
demo,D09,25,10,92.25145,90.5699,90.40726491547579,90.14003141332786,90.08524292488099,92.25145,90.33621363636365
demo,D09,26,10,91.83305,90.29335,90.13165860764508,89.82877411410809,89.80323480300903,91.83305,89.93891666666666
demo,D09,27,10,91.45455,89.71504999999999,89.91058191205143,89.57331947924222,89.47860476570129,91.45455,89.53728333333333
demo,D09,28,10,92.0393,89.9867,89.99986582561293,89.79806275818409,89.87762240104675,92.0393,90.36349999999999
demo,D09,29,10,91.73989999999999,89.27374999999999,89.70308707687657,89.52858267033297,89.57822240104674,91.73989999999999,90.30175757575756
demo,D09,30,10,90.7056,89.8648,89.29539108122603,88.90192427720918,88.85772571620942,90.7056,89.19764545454545
demo,D09,31,10,91.81899999999999,89.4162,89.4952342040296,89.51931941429523,89.52631163024901,91.81899999999999,90.53872121212122
demo,D09,32,10,91.10464999999999,88.85805,89.15693325352784,88.9907369136078,89.01077053871154,91.10464999999999,89.94487727272727
demo,D09,33,10,90.66105,89.16239999999999,88.71626612264241,88.56328307260726,88.57235042076111,90.66105,89.26742575757575
demo,D09,34,10,91.01615,89.40854999999999,88.96306091222927,88.76218065802118,88.78430843582153,91.01615,89.63636818181817
demo,D09,35,10,90.5699,88.4855,88.65075351009186,88.39171183177666,88.3859309791565,90.5699,89.22924848484853
demo,D09,36,10,90.29335,88.53020000000001,88.50455515653071,88.22388626873813,88.20465042076111,90.29335,88.76587424242426
demo,D09,37,10,89.71504999999999,88.04945,88.04586204357854,87.62321160838017,87.55067183380126,89.71504999999999,87.61961060606062
demo,D09,38,10,89.9867,88.01805,88.35459652489628,87.99229823201661,87.93326205177307,89.9867,88.0721515151515
demo,D09,39,10,89.27374999999999,87.35340000000001,87.79380673935673,87.3732166096935,87.29485040187835,89.27374999999999,87.20041060606059
demo,D09,40,10,89.8648,87.6181,87.80328561755184,87.61701778090878,87.59389426689148,89.8648,87.56445454545458
demo,D09,41,10,89.4162,87.44364999999999,87.9012224618227,87.52636806011665,87.49207110996247,89.4162,87.4883393939394
demo,D09,42,10,88.85805,87.78224999999999,87.32873720292048,86.9516319775453,86.88033224277497,88.85805,86.81324393939396
demo,D09,43,10,89.16239999999999,86.5156,87.2656695233955,87.12387792674434,87.06992720832824,89.16239999999999,87.1432393939394
demo,D09,44,10,89.40854999999999,86.78099999999999,87.48172890291147,87.28280366245868,87.33353159408568,89.40854999999999,87.96768636363636
demo,D09,45,10,88.4855,87.06255,86.80030764888774,86.51798352111209,86.49805416870117,88.4855,87.01681212121208
demo,D09,46,10,88.53020000000001,86.414,86.53478821892082,86.32381079313346,86.35497617263795,88.53020000000001,87.12635757575762
demo,D09,47,10,88.04945,86.24525,86.2243023747749,85.93714498001793,85.93753751106262,88.04945,86.27640757575753
demo,D09,48,10,88.01805,85.85635,86.20511793000256,85.94861543478478,85.9998512714386,88.01805,86.24167121212126
demo,D09,49,10,87.35340000000001,85.63589999999999,85.64285773965071,85.3637553133424,85.35518360939027,87.35340000000001,84.97447272727275
demo,D09,50,10,87.6181,85.17694999999999,85.97885039115783,85.72622763260925,85.64148755130768,87.6181,85.40780909090905
demo,D09,51,10,87.44364999999999,85.34455,85.64719495161354,85.54415347709134,85.44368027915954,87.44364999999999,85.28010151515149
demo,D09,52,10,87.78224999999999,85.0448,85.54720622325827,85.52804554327551,85.54667313194274,87.78224999999999,85.71713181818181
demo,D09,53,10,86.5156,85.18495,85.09720294312143,84.77312216790611,84.59209624347687,86.5156,84.19131212121209
demo,D09,54,10,86.78099999999999,84.7208,85.17121782041683,84.88870431639994,84.84738658046722,86.78099999999999,84.82723030303026
demo,D09,55,10,87.06255,84.62045,84.70966562666285,84.82877948632208,84.81545679931641,87.06255,85.33599545454544
demo,D09,56,10,86.414,84.43555,84.65367756371418,84.513309699567,84.36662551307678,86.414,84.76318484848487
demo,D09,57,10,86.24525,84.3633,84.25915098631134,84.12059640222851,84.08903743171692,86.24525,84.51413787878792
demo,D09,58,10,85.85635,84.02539999999999,83.9868904377817,83.913777256446,83.79466539154053,85.85635,84.0305712121212
demo,D09,59,10,85.63589999999999,83.6713,83.76365080482415,83.71085537196018,83.52050326194762,85.63589999999999,83.41413333333334
demo,D09,60,10,85.17694999999999,83.8211,83.59760724955198,83.4061613961389,83.26256897277831,85.17694999999999,82.6935075757576
demo,D09,61,10,85.34455,83.92075,83.58120294597886,83.40790278034474,83.30129538612366,85.34455,82.87044696969699
demo,D09,62,10,85.0448,83.4439,83.31737920792109,83.20149627326448,83.11118658046722,85.0448,82.89670606060606
demo,D09,63,10,85.18495,83.02695,83.04746152613768,83.04598184766228,82.94419563407898,85.18495,82.92668939393941
demo,D09,64,10,84.7208,82.97715,82.76521194872697,82.92906054685261,82.797375756073,84.7208,82.43742424242423
demo,D09,65,10,84.62045,82.20275000000001,82.86332611492867,82.74363327229051,82.6985853712082,84.62045,82.69464393939394
demo,D09,66,10,84.43555,82.57965,82.47831941581853,82.4111650826364,82.43392517738343,84.43555,82.63010454545456
demo,D09,67,10,84.3633,83.60155,82.16214763138568,82.234582070431,82.26634136276245,84.3633,82.76611818181819
demo,D09,68,10,84.02539999999999,81.94749999999999,81.92389745292931,81.91515544277814,81.88459070243835,84.02539999999999,82.42102121212119
demo,D09,69,10,83.6713,81.80444999999999,81.74344300841351,81.72098940472364,81.58520156745911,83.6713,81.94154545454546
demo,D09,70,10,83.8211,81.70925,81.5435651954568,81.67474124838684,81.58034563407898,83.8211,81.97984545454548
demo,D09,71,10,83.92075,81.93195,81.71387363783225,81.73030758933011,81.68293056678772,83.92075,82.2984287878788
demo,D09,72,10,83.4439,81.76339999999999,81.22690981472175,81.26817588636419,81.21609319343567,83.4439,81.75316060606062
demo,D09,73,10,83.02695,80.9586,81.06924417199612,81.03390707554196,80.96526539154053,83.02695,81.32784696969702
demo,D09,74,10,82.97715,80.88255,80.72317927737946,80.7824600447491,80.78243616905212,82.97715,81.1946621212121
demo,D09,75,10,82.20275000000001,80.69085,80.35118160176926,80.4260549200747,80.21072176361085,82.20275000000001,80.05892878787884
demo,D09,76,10,82.57965,80.8818,80.49589101703256,80.54686378545583,80.4571495803833,82.57965,80.44986515151518
demo,D09,77,10,83.60155,80.4826,81.08892084883672,81.29564168518935,81.29155959396363,83.60155,82.21999242424246
demo,D09,78,10,81.94749999999999,80.26645,79.8322534401959,79.95993833829814,79.87080718040465,81.94749999999999,80.27902727272728
demo,D09,79,10,81.80444999999999,80.1989,79.77243526839194,79.75823379916633,79.70231148071288,81.80444999999999,79.78683484848482
demo,D09,80,10,81.70925,79.65815,79.90872356001906,79.87018706658345,79.64756539154052,81.70925,79.61671666666662
demo,D09,81,10,81.93195,80.045,79.82492548096802,79.88773367836903,79.82938638038635,81.93195,80.20838636363638
demo,D09,82,10,81.76339999999999,79.43375,79.6206400243912,79.57738041661683,79.56868616905211,81.76339999999999,80.24003636363635
demo,D09,83,10,80.9586,78.97565,79.03002405086545,79.00055540479654,78.88190718040467,80.9586,79.12218484848485
demo,D09,84,10,80.88255,78.9614,78.92271810731937,78.94554597242148,78.81091213111877,80.88255,78.9091106060606
demo,D09,85,10,80.69085,79.1974,78.5722240698878,78.52698934540707,78.43065617523193,80.69085,78.21344696969702
demo,D09,86,10,80.8818,78.4975,78.83365801663204,78.84590307107447,78.74696380310058,80.8818,78.4391151515152
demo,D09,87,10,80.4826,78.7068,78.7782860679154,78.5700177415457,78.6292886997223,80.4826,78.74395454545451
demo,D09,88,10,80.26645,78.03095,78.1338508907717,78.13817407430795,78.0780750038147,80.26645,78.38929848484852
demo,D09,89,10,80.1989,77.7852,78.03032742215294,78.03280885667644,77.97109319343566,80.1989,78.25479393939393
demo,D09,90,10,79.65815,78.0088,77.69942756313229,77.72061802273588,77.59158353271485,79.65815,77.48328030303037
demo,D09,91,10,80.045,77.34445,77.9001668442793,77.9727423272431,77.92628709793091,80.045,78.24746060606063
demo,D09,92,10,79.43375,77.6488,77.39941535570316,77.44575712455722,77.42671379089356,79.43375,77.79648636363636
demo,D09,93,10,78.97565,77.30265,76.88049962858402,76.97370745590918,76.87942521514893,78.97565,76.99463787878788
demo,D09,94,10,78.9614,76.72995,76.807226946893,76.95313527528322,76.86976429595947,78.9614,76.81852424242422
demo,D09,95,10,79.1974,76.7651,76.8907489710285,77.05646794922993,76.93606152763367,79.1974,77.12645454545454
demo,D09,96,10,78.4975,76.41615,76.6250435854795,76.69737935068602,76.50547176361084,78.4975,76.42504545454544
demo,D09,97,10,78.7068,76.4794,76.53407633394059,76.58113086182819,76.55058743171692,78.7068,76.7698727272727
demo,D09,98,10,78.03095,76.7347,76.00120187543524,76.1372449156855,76.02391379089356,78.03095,75.93205303030307
demo,D09,99,10,77.7852,75.8505,75.91536994608627,75.93892909851137,75.79317176361084,77.7852,75.61622424242425
demo,D09,100,10,78.0088,75.9149,75.63304605971221,75.81303967013872,75.7935020626068,78.0088,75.82377878787881
demo,D09,101,10,77.34445,75.55485,75.46687889964512,75.47884169902696,75.39582848854064,77.34445,75.23883181818178
demo,D09,102,10,77.6488,75.34725,75.62454626035986,75.64323864941603,75.4720033252716,77.6488,75.70843333333332
demo,D09,103,10,77.30265,75.08265,75.0769224943173,75.19136249390257,75.09369089736938,77.30265,75.24968333333331
demo,D09,104,10,76.72995,74.66685,74.70221887961993,74.821725306985,74.72291379089356,76.72995,74.4452893939394
demo,D09,105,10,76.7651,74.81625,74.72807058355957,74.86733888136793,74.75806379089356,76.7651,74.6957303030303
demo,D09,106,10,76.41615,74.4204,74.3997007223804,74.58932785551028,74.33945718040466,76.41615,74.1999590909091
demo,D09,107,10,76.4794,74.7632,74.43535389192051,74.6501585080722,74.47236379089355,76.4794,74.54270606060604
demo,D09,108,10,76.7347,74.39305,74.18317981402117,74.393018321761,74.48760679931641,76.7347,75.03617878787882
demo,D09,109,10,75.8505,73.90894999999999,73.60014663980161,73.74779768935537,73.68281592178344,75.8505,73.90114848484849
demo,D09,110,10,75.9149,73.601,73.69092871477018,73.89023542976064,73.85321539154053,75.9149,74.13342121212126
demo,D09,111,10,75.55485,73.86135,73.33745670870161,73.50698530029086,73.30659403190613,75.55485,73.5557590909091
demo,D09,112,10,75.34725,72.6981,73.29908477391328,73.42440723035348,73.34968508815766,75.34725,73.43713181818181
demo,D09,113,10,75.08265,73.4201,72.98218704069977,73.09910081529571,73.03813391342163,75.08265,73.16538636363637
demo,D09,114,10,74.66685,72.56320000000001,72.63802358585721,72.81339255202002,72.59015718040466,74.66685,72.40293181818183
demo,D09,115,10,74.81625,72.67949999999999,72.64173772453624,72.82174489757529,72.72002521514892,74.81625,72.56067424242421
demo,D09,116,10,74.4204,72.2281,72.41311374057584,72.52599764084654,72.33165869750977,74.4204,71.96083939393938
demo,D09,117,10,74.7632,71.91579999999999,72.48228529014904,72.65984389817497,72.55424089736938,74.7632,72.57071212121213
demo,D09,118,10,74.39305,72.37475,72.21547867951128,72.41781434791427,72.38601379089356,74.39305,72.64395909090912
demo,D09,119,10,73.90894999999999,72.32509999999999,71.68041786490342,71.89352113990383,71.81272521514892,73.90894999999999,72.03357121212115
demo,D09,120,10,73.601,71.4892,71.57544391624093,71.77912103205854,71.59396379089355,73.601,71.70963333333334
demo,D09,121,10,73.86135,71.4433,71.41599086094391,71.71386648931407,71.65239089736939,73.86135,72.13644393939393
demo,D09,122,10,72.6981,71.14654999999999,70.8554237709712,70.90947913428205,70.74947848854065,72.6981,70.57202727272727
demo,D09,123,10,73.4201,71.43509999999999,71.07826516356927,71.29815132513338,71.21114089736939,73.4201,71.43138787878787
demo,D09,124,10,72.56320000000001,70.06824999999999,70.46047105906298,70.58812990199502,70.49399066276551,72.56320000000001,70.16876969696972
demo,D09,125,10,72.67949999999999,70.60125000000001,70.64680280787378,70.75935437616009,70.53883136940001,72.67949999999999,70.29737575757576
demo,D09,126,10,72.2281,70.0557,70.1602635206107,70.1692790049444,70.09447020111084,72.2281,69.60716363636362
demo,D09,127,10,71.91579999999999,69.35245,70.06323041600953,70.08418117378707,69.89748492317199,71.91579999999999,69.37997272727272
demo,D09,128,10,72.37475,69.7362,70.16126747002123,70.24483937660554,70.22694049453736,72.37475,70.27274090909093
demo,D09,129,10,72.32509999999999,70.1836,69.77917200681969,69.94943826838862,69.98952275047301,72.32509999999999,70.55173636363637
demo,D09,130,10,71.4892,69.21695,69.25252323202078,69.46392590918424,69.34460723800659,71.4892,69.57521818181819
demo,D09,131,10,71.4433,69.4353,69.19288342651659,69.36735503163945,69.37612341957092,71.4433,69.7932060606061
demo,D09,132,10,71.14654999999999,69.34169999999999,68.69163156363851,68.93059652591025,68.81556087760924,71.14654999999999,69.11607727272721
demo,D09,133,10,71.43509999999999,68.76205,69.13786203033398,69.32500391803451,69.24168555030822,71.43509999999999,69.85103939393937
demo,D09,134,10,70.06824999999999,68.58545000000001,68.02436119550111,68.2242789579816,67.9838035697937,70.06824999999999,67.85438636363638
demo,D09,135,10,70.60125000000001,67.81765,68.40942391587413,68.63996668599661,68.44714695930482,70.60125000000001,68.42826212121211
demo,D09,136,10,70.0557,67.9006,67.90798004118264,68.07495583464373,67.92200606651306,70.0557,67.57699090909091
demo,D09,137,10,69.35245,68.17025,67.50788963295749,67.4538829669052,67.28269444580079,69.35245,66.23955000000004
demo,D09,138,10,69.7362,67.69874999999999,67.74790539085292,67.66678899328595,67.63018384094238,69.7362,66.81510303030302
demo,D09,139,10,70.1836,67.57284999999999,67.76330119212378,67.86053024071657,67.96661095962524,70.1836,67.98506666666663
demo,D09,140,10,69.21695,67.28444999999999,67.00713288328204,67.07394505379301,67.07504564590454,69.21695,66.91602575757577
demo,D09,141,10,69.4353,67.68365,66.97222009445723,67.07612033438565,67.21367347984314,69.4353,67.39590909090906
demo,D09,142,10,69.34169999999999,66.6782,66.91325141650972,67.02242419081327,67.04279224319457,69.34169999999999,67.55834848484847
demo,D09,143,10,68.76205,67.07005000000001,66.61787072695127,66.63712517209999,66.6887918384552,68.76205,67.3297015151515
demo,D09,144,10,68.58545000000001,66.40925,65.98821083052822,66.09482670758582,66.19947440071107,68.58545000000001,66.82054999999998
demo,D09,145,10,67.81765,66.65795,65.72656626656912,65.5986861240407,65.65049568786621,67.81765,65.83646515151517
demo,D09,146,10,67.9006,65.56245000000001,65.74387904132901,65.65867567495954,65.59280733642578,67.9006,65.72208181818183
demo,D09,147,10,68.17025,65.76530000000001,65.44409149157853,65.45669834714252,65.75287062072753,68.17025,65.73387121212117
demo,D09,148,10,67.69874999999999,65.37145,65.57910462799276,65.4159947702287,65.35895274162291,67.69874999999999,65.14645909090906
demo,D09,149,10,67.57284999999999,65.31085,65.41513058063732,65.24810615006457,65.36852575454711,67.57284999999999,65.38120454545458
demo,D09,150,10,67.28444999999999,65.4149,64.98609510551441,65.02324601577092,65.01998919792175,67.28444999999999,64.96816212121212
demo,D09,151,10,67.68365,64.94069999999999,65.18654357432483,65.21174747287674,65.21523664703369,67.68365,65.84027424242423
demo,D09,152,10,66.6782,64.9718,64.49966563701435,64.30698459905976,64.4340867931366,66.6782,64.90923030303033
demo,D09,153,10,67.07005000000001,64.183,64.5845144877271,64.47103206614297,64.423059223938,67.07005000000001,65.5256378787879
demo,D09,154,10,66.40925,63.915299999999995,64.2142897749069,64.08491531165146,64.03397414970398,66.40925,64.81631666666665
demo,D09,155,10,66.65795,63.9448,64.0136176033982,63.95374070328712,63.97377450866699,66.65795,64.9040651515151
demo,D10,6,10,96.5877,93.5524,94.02751909722336,93.40173161446194,93.7214788105011,96.5877,94.77347142857138
demo,D10,7,10,96.84725,93.33765000000001,94.10313686454289,93.56398825612781,93.89137484169007,96.84725,95.42148214285714
demo,D10,8,10,96.7261,93.1793,94.06787365822349,93.41855262062998,93.63328364715576,96.7261,95.48004642857146
demo,D10,9,10,95.01925,93.2302,92.81344445794126,92.28051432682443,92.3677504901886,95.01925,92.8022333333333
demo,D10,10,10,94.6366,93.732,92.19022534793929,91.85707369532611,91.99171541366577,94.6366,91.83748484848486
demo,D10,11,10,95.041,92.36315,92.27039469674445,92.1392653689586,92.34693395233154,95.041,92.03858787878795
demo,D10,12,10,94.94055,92.35584999999999,92.14848827470969,91.96748272442039,92.15748849563599,94.94055,91.87880454545456
demo,D10,13,10,94.5112,91.85915,91.8476452323946,91.63619283650921,91.77964215393067,94.5112,91.33872727272725
demo,D10,14,10,94.48845,91.98695000000001,91.74432687189444,91.49952076389746,91.61206645698547,94.48845,91.32835909090909
demo,D10,15,10,93.9385,91.1084,91.38792900048223,91.13779658473833,91.20202143287659,93.9385,90.831796969697
demo,D10,16,10,93.5524,90.7748,90.99582528997243,90.72614247634678,90.81903994789124,93.5524,90.38285454545459
demo,D10,17,10,93.33765000000001,90.93769999999999,90.83426810677834,90.58212702013394,90.71691959991456,93.33765000000001,90.52907424242429
demo,D10,18,10,93.1793,90.69745,90.55242321546126,90.40728822392977,90.49216334991455,93.1793,90.98996060606063
demo,D10,19,10,93.2302,90.04575,89.97865981506517,89.93789260242258,90.04492826004028,93.2302,90.97987575757575
demo,D10,20,10,93.732,90.4366,90.19666219295962,90.39357565003544,90.42883861732483,93.732,91.65615454545456
demo,D10,21,10,92.36315,90.3385,89.53651650610871,89.47435207545035,89.59005463066102,92.36315,90.09438636363637
demo,D10,22,10,92.35584999999999,89.29945000000001,89.47259141551466,89.46082069049605,89.51120902976989,92.35584999999999,90.14780757575755
demo,D10,23,10,91.85915,89.66005,89.04055243701696,88.97376507151104,89.0294917301178,91.85915,89.46796515151514
demo,D10,24,10,91.98695000000001,88.2246,89.0966722600967,89.07763578885113,89.17280109710694,91.98695000000001,89.78862575757574
demo,D10,25,10,91.1084,88.9867,88.36462167394113,88.27552610964739,88.30322469558716,91.1084,88.56030606060604
demo,D10,26,10,90.7748,88.13045000000001,88.06113253269874,87.93089758119376,88.00590032081604,90.7748,87.78061515151515
demo,D10,27,10,90.93769999999999,88.40390000000001,88.07794403507148,87.91586447890228,88.02819320220947,90.93769999999999,87.7797909090909
demo,D10,28,10,90.69745,87.54525,87.91799660531011,87.78694973040552,87.85421832199097,90.69745,87.43010757575759
demo,D10,29,10,90.04575,87.535,87.52767872158222,87.27020786747849,87.25665698242187,90.04575,86.64826515151515
demo,D10,30,10,90.4366,87.0338,87.8519377099427,87.64708710517426,87.61083152923584,90.4366,87.84269090909092
demo,D10,31,10,90.3385,86.93325,87.19586006842769,87.12256815543687,87.22276780700683,90.3385,87.98153333333337
demo,D10,32,10,89.29945000000001,87.26635,86.71293006866554,86.49427135372856,86.41896065063477,89.29945000000001,86.85321666666667
demo,D10,33,10,89.66005,87.2158,86.76183917761838,86.58646627363969,86.56528171424866,89.66005,87.36058030303032
demo,D10,34,10,88.2246,86.7885,85.7337953118534,85.4787131072282,85.45101563415527,88.2246,85.6406787878788
demo,D10,35,10,88.9867,85.75775,85.76822853110261,85.7749473859639,85.81706041259766,88.9867,86.40436060606062
demo,D10,36,10,88.13045000000001,86.0385,85.31386022413193,85.26169498469423,85.22854613227845,88.13045000000001,85.11742272727271
demo,D10,37,10,88.40390000000001,84.82015000000001,85.50411049216295,85.50036106916751,85.51848945274354,88.40390000000001,85.5384666666667
demo,D10,38,10,87.54525,84.93815000000001,84.85561750615358,84.7604295229503,84.62960487747192,87.54525,84.50601666666667
demo,D10,39,10,87.535,84.57894999999999,84.68412797272539,84.64337549949536,84.61921540260315,87.535,84.26399393939393
demo,D10,40,10,87.0338,84.91615,84.44080958867755,84.2772153347514,84.21165739898682,87.0338,83.82253939393942
demo,D10,41,10,86.93325,84.2249,84.19301158183235,84.15398366499839,84.10719399642944,86.93325,84.07394999999998
demo,D10,42,10,87.26635,83.2568,83.94700537029708,84.01413349076019,84.05697128067017,87.26635,84.66075909090912
demo,D10,43,10,87.2158,83.20355,83.88857195235366,84.21880614184863,84.21955723838806,87.2158,85.32318181818182
demo,D10,44,10,86.7885,83.00555,83.21163443256073,83.44919896564944,83.2037421951294,86.7885,84.71508787878788
demo,D10,45,10,85.75775,83.30175,83.07561318978873,82.97608574698306,82.84778591537476,85.75775,83.62345606060605
demo,D10,46,10,86.0385,84.4029,82.78385406440425,82.84972878862877,82.83379476165771,86.0385,83.81701515151515
demo,D10,47,10,84.82015000000001,82.3541,82.24206566795232,82.07426310722822,81.99409399642946,84.82015000000001,82.28278939393938
demo,D10,48,10,84.93815000000001,81.9902,81.99015592877502,82.06939498469423,82.00677139701844,84.93815000000001,82.01123787878792
demo,D10,49,10,84.57894999999999,82.07965,81.87549872170908,81.73947630414877,81.67445166130065,84.57894999999999,81.37573787878787
demo,D10,50,10,84.91615,82.4067,81.77629529761644,81.71319623523999,81.68536367645264,84.91615,81.6447409090909
demo,D10,51,10,84.2249,81.4203,81.32668419092238,81.34020095454635,81.29352139701844,84.2249,80.69790000000003
demo,D10,52,10,83.2568,81.1031,80.94340212977679,80.51755407865281,80.47733861618042,83.2568,79.49650606060604
demo,D10,53,10,83.20355,80.61675000000001,80.82495195680039,80.47425562294416,80.49923076133729,83.20355,79.6332227272727
demo,D10,54,10,83.00555,80.5257,80.35256497432616,80.22048930824907,80.10511765174866,83.00555,79.71865606060607
demo,D10,55,10,83.30175,80.1438,80.1892209713475,80.25438247943038,80.21243506240845,83.30175,80.23122575757574
demo,D10,56,10,84.4029,79.9686,80.75320007181666,81.0897205291957,80.98430373229981,84.4029,82.63423636363636
demo,D10,57,10,82.3541,79.1248,79.02766324600937,79.38590621205279,79.32509375724793,82.3541,80.1557909090909
demo,D10,58,10,81.9902,79.41454999999999,79.00778453973035,79.15908224060435,79.09519596595764,81.9902,79.54133636363639
demo,D10,59,10,82.07965,79.24285,78.73085130310139,79.1699519777438,79.12996490325928,82.07965,79.54688333333331
demo,D10,60,10,82.4067,78.7353,79.08998561612,79.50657663942636,79.44914995117188,82.4067,80.4961666666667
demo,D10,61,10,81.4203,78.523,78.13543054124163,78.54928323748094,78.46834968833923,81.4203,79.43730606060608
demo,D10,62,10,81.1031,78.01275,77.80238252278303,77.99503453481077,77.86216825065613,81.1031,78.56917878787883
demo,D10,63,10,80.61675000000001,78.01575,77.4815664325118,77.74773095084295,77.67809891510011,80.61675000000001,77.49217424242428
demo,D10,64,10,80.5257,77.47005,77.43302922751361,77.62363965658452,77.48301711387634,80.5257,76.94235757575754
demo,D10,65,10,80.1438,76.80765000000001,77.2766262566468,77.29305251649852,77.0840470588684,80.1438,76.39143636363637
demo,D10,66,10,79.9686,77.0992,77.37982875321586,77.18015029040379,77.11263963088989,79.9686,77.06853333333333
demo,D10,67,10,79.1248,76.06349999999999,76.34056048463644,76.28863912877588,76.10050204734802,79.1248,75.78839999999997
demo,D10,68,10,79.41454999999999,76.3387,76.4408435076327,76.52636840164102,76.48659270362853,79.41454999999999,75.9486924242424
demo,D10,69,10,79.24285,75.8382,76.30481984476688,76.39152549721227,76.28640669021607,79.24285,75.92571363636362
demo,D10,70,10,78.7353,75.51814999999999,75.8289534367938,75.98240838155378,75.87498110084533,78.7353,75.85192727272728
demo,D10,71,10,78.523,75.40285,75.45966837343131,75.68315568951996,75.55336046028137,78.523,75.7450090909091
demo,D10,72,10,78.01275,74.8366,74.84210551462012,75.2052542236377,75.07298144721985,78.01275,75.201543939394
demo,D10,73,10,78.01575,74.9007,74.68406946833457,75.15002387252969,75.0423646659851,78.01575,75.2233196969697
demo,D10,74,10,77.47005,74.46125,74.253987101647,74.61032068948668,74.37179102783203,77.47005,74.65331363636362
demo,D10,75,10,76.80765000000001,73.95575,73.93135660842785,73.98508386984825,73.76227608337403,76.80765000000001,73.72108030303038
demo,D10,76,10,77.0992,74.2386,73.86743014963838,74.18057463779552,74.00094102783203,77.0992,74.18940606060609
demo,D10,77,10,76.06349999999999,73.59434999999999,72.88436305053595,73.06666114571283,72.79918153381347,76.06349999999999,72.5508272727273
demo,D10,78,10,76.3387,73.4174,73.07894523254458,72.98992032231413,72.96547788734436,76.3387,72.93749090909091
demo,D10,79,10,75.8382,73.34795,72.7198480290558,72.55574762641123,72.57035627670288,75.8382,72.5338181818182
demo,D10,80,10,75.51814999999999,73.03735,72.39073853725586,72.15412652950585,72.20064678611755,75.51814999999999,72.21034090909086
demo,D10,81,10,75.40285,72.48505,72.49344228048878,72.411319539315,72.16519889030457,75.40285,72.277146969697
demo,D10,82,10,74.8366,71.9137,71.6791369673881,71.51422508876249,71.44467657241822,74.8366,71.62217272727274
demo,D10,83,10,74.9007,71.2685,71.55297059241684,71.56282108466468,71.50877657241821,74.9007,72.01950000000004
demo,D10,84,10,74.46125,71.4519,71.18922862707166,71.0555178771309,71.06932657241822,74.46125,71.6873590909091
demo,D10,85,10,73.95575,71.41024999999999,70.81753041930524,70.91494392575616,70.7508099193573,73.95575,70.93654393939396
demo,D10,86,10,74.2386,70.87965,70.87805198229914,71.16856479014297,70.96832178459168,74.2386,71.66841212121216
demo,D10,87,10,73.59434999999999,69.43105,70.1228787328112,70.40416701956305,70.23142971572875,73.59434999999999,70.77804393939388
demo,D10,88,10,73.4174,70.41605,70.08123250699373,70.40133319712315,70.20372402420044,73.4174,70.74121515151515
demo,D10,89,10,73.34795,70.1246,69.83318425979849,70.33458316998109,70.17584587974548,73.34795,70.79443484848483
demo,D10,90,10,73.03735,69.4445,69.52582847250693,70.04610815310974,69.82116061553955,73.03735,70.52556818181819
demo,D10,91,10,72.48505,69.5206,69.18745371349672,69.57647439121627,69.35242060546875,72.48505,69.93758333333334
demo,D10,92,10,71.9137,69.10125000000001,68.53319473117975,68.96671053509041,68.78703035469056,71.9137,68.99507575757576
demo,D10,93,10,71.2685,68.3955,68.3174349521238,68.37459245494145,68.0996996459961,71.2685,68.02381515151517
demo,D10,94,10,71.4519,68.67045,68.27729067586891,68.47491269337635,68.25229238929748,71.4519,68.12849090909087
demo,D10,95,10,71.41024999999999,67.5962,68.06988734686387,68.41411942938039,68.2793415107727,71.41024999999999,68.01316818181814
demo,D10,96,10,70.87965,67.64625,67.8300096431625,68.05960268353468,67.86912858810425,70.87965,67.61658939393939
demo,D10,97,10,69.43105,67.30285,66.86134029901865,66.53995516575465,66.31296819190979,69.43105,65.48951060606058
demo,D10,98,10,70.41605,66.78840000000001,67.28406589970048,67.36669018594418,67.13096956710815,70.41605,66.71998030303031
demo,D10,99,10,70.1246,66.81280000000001,66.98938744899088,67.21371640999729,66.87497455558777,70.1246,66.83252727272726
demo,D10,100,10,69.4445,66.79995,66.2998561479543,66.54204226587365,66.30010202598572,69.4445,66.36910303030308
demo,D10,101,10,69.5206,66.4659,66.18002980734565,66.5307047615677,66.26918808517456,69.5206,66.77068484848483
demo,D10,102,10,69.10125000000001,65.99295,65.57258417480502,66.06546799613606,65.8363004398346,69.10125000000001,66.42650757575761
demo,D10,103,10,68.3955,64.95094999999999,65.06990832831063,65.38639758567989,65.10383134651184,68.3955,65.32174545454544
demo,D10,104,10,68.67045,64.74235,65.19692563513539,65.64295775909618,65.4055004398346,68.67045,65.81816515151515
demo,D10,105,10,67.5962,64.87595,64.50437580529875,64.43937172554972,64.27520443077087,67.5962,64.68880909090909
demo,D10,106,10,67.64625,64.49835,64.209034595161,64.3025482736881,64.22002696037292,67.64625,64.8196287878788
demo,D10,107,10,67.30285,64.0413,63.6383820911856,63.64524825697145,63.506224624252326,67.30285,63.795883333333315
demo,D10,108,10,66.78840000000001,64.44395,63.754039054664325,63.58541531262823,63.49089629020692,66.78840000000001,63.235109090909134
demo,D10,109,10,66.81280000000001,63.58535,63.52575313140062,63.503328372399196,63.39721638946534,66.81280000000001,63.47190909090916
demo,D10,110,10,66.79995,63.397099999999995,63.12271624543553,63.35110517278797,63.36299192543029,66.79995,63.61248030303036
demo,D10,111,10,66.4659,64.37675,63.03037064048048,63.09125611076759,63.03967696037293,66.4659,63.62092727272729
demo,D10,112,10,65.99295,62.61115,62.520001803621945,62.64010739711652,62.56672696037292,65.99295,63.32320151515152
demo,D10,113,10,64.95094999999999,63.051449999999996,61.77222000301892,61.72497713598477,61.660769793701164,64.95094999999999,61.79432575757573
demo,D10,114,10,64.74235,61.6711,61.74731947842321,61.54854677952107,61.51858057365418,64.74235,61.585889393939425
demo,D10,115,10,64.87595,61.45,61.4579939434095,61.524243108556796,61.474446913909915,64.87595,61.55249242424239
demo,D10,116,10,64.49835,61.0272,61.22494906120053,61.1991952310401,61.07212696037293,64.49835,61.16502575757573
demo,D10,117,10,64.0413,61.456599999999995,60.79779537454078,60.72972231054519,60.550198258209235,64.0413,60.601439393939366
demo,D10,118,10,64.44395,60.9058,60.69738065379017,60.886274977732135,60.853691401672364,64.44395,61.169553030303035
demo,D10,119,10,63.58535,60.17885,60.29645025969646,60.27633117944823,60.116744481658934,63.58535,60.30853181818178
demo,D10,120,10,63.397099999999995,59.7594,60.191665618987884,60.16917551258786,60.03834131202697,63.397099999999995,60.39781818181819
demo,D10,121,10,64.37675,60.1101,60.42372925868749,61.02679750645225,60.84063149261475,64.37675,62.37912575757573
demo,D10,122,10,62.61115,59.4788,58.990393597031066,59.61652912202874,59.366029713058474,62.61115,60.590059090909136
demo,D10,123,10,63.051449999999996,59.4686,59.07269004438734,59.52728891926004,59.13882540245056,63.051449999999996,60.9623045454545
demo,D10,124,10,61.6711,58.70225,58.37827992171849,58.633839280869886,58.31253490791321,61.6711,58.85215757575758
demo,D10,125,10,61.45,58.548100000000005,58.27004007702921,58.396239470523284,58.206816864013675,61.45,58.242000000000004
demo,D10,126,10,61.0272,58.15865,57.97200683758229,57.852155365489814,57.661051528167725,61.0272,57.363057575757566
demo,D10,127,10,61.456599999999995,57.554899999999996,58.09491637661985,58.26034738660195,58.07415776405334,61.456599999999995,57.6865787878788
demo,D10,128,10,60.9058,57.372,57.749095586926664,57.88337897194337,57.59195698814392,60.9058,57.311193939393966
demo,D10,129,10,60.17885,56.73264999999999,57.207171983920205,57.101976687971806,56.97112185249328,60.17885,56.219607575757564
demo,D10,130,10,59.7594,56.90845,56.73942055121065,56.532987498062425,56.393251528167724,59.7594,55.4941393939394
demo,D10,131,10,60.1101,56.66045,57.12436294207676,56.89664708544553,56.805722682571414,60.1101,56.82414545454549
demo,D10,132,10,59.4788,56.40055,56.11417281926666,56.12282691858445,56.04287904624939,59.4788,56.16790909090906
demo,D10,133,10,59.4686,55.974500000000006,56.021568750858535,56.1890806064563,56.09048839912415,59.4686,56.80042121212122
demo,D10,134,10,58.70225,55.40665,55.16844964854032,55.26450521899467,55.216079946517944,58.70225,55.772825757575816
demo,D10,135,10,58.548100000000005,55.5809,55.097531880551784,55.10550644607801,55.04878783760071,58.548100000000005,55.48580909090909
demo,D10,136,10,58.15865,55.052800000000005,54.76073242061774,54.74113004993905,54.62991412391663,58.15865,54.82094393939394
demo,D10,137,10,57.554899999999996,54.87105,54.48131512146636,54.336454913243045,54.167977163696285,57.554899999999996,54.24643030303032
demo,D10,138,10,57.372,54.5588,53.98923856143037,54.02353736455193,53.89744164657593,57.372,54.098736363636384
demo,D10,139,10,56.73264999999999,53.754250000000006,53.36276670356473,53.257836555587616,53.20370717658996,56.73264999999999,53.08956212121205
demo,D10,140,10,56.90845,53.576449999999994,53.37314908012664,53.27048052458444,53.26864992828369,56.90845,53.12951666666666
demo,D10,141,10,56.66045,53.36015,53.2691199934648,53.18307531514707,53.14423562927246,56.66045,53.189768181818174
demo,D10,142,10,56.40055,52.45035,52.802033094325274,52.795912253993905,52.82765137367249,56.40055,53.093628787878785
demo,D10,143,10,55.974500000000006,52.1239,52.626581496585366,52.50286254289863,52.414741813659674,55.974500000000006,52.96526969696968
demo,D10,144,10,55.40665,51.7387,51.86785533860992,51.80416213726261,51.759331159973144,55.40665,52.298001515151505
demo,D10,145,10,55.5809,51.7621,51.860985758715856,51.916166479829016,51.991420792007446,55.5809,52.76457878787881
demo,D11,6,10,91.59140000000001,88.69505,88.51379192497778,88.99430863063031,89.06077727928162,91.59140000000001,88.95145714285721
demo,D11,7,10,91.71325,88.28385,88.19916280042126,89.03429890577533,88.98367365074158,91.71325,89.08460714285715
demo,D11,8,10,91.11955,87.88725,87.70999006415573,88.24320241439132,88.27863241271973,91.11955,88.21991904761911
demo,D11,9,10,91.32915,87.54335,87.6148073866538,88.56271044047574,88.53855208435058,91.32915,88.63609999999997
demo,D11,10,10,91.8993,87.9464,87.95254277205402,88.73083773156584,88.60473718338012,91.8993,89.76930303030302
demo,D11,11,10,90.50645,86.93889999999999,87.09359129267683,87.85090405138786,87.74907046813965,90.50645,88.29045303030306
demo,D11,12,10,89.75595,86.12645,86.25082374682907,87.02865344168826,86.98446705551147,89.75595,86.78578333333331
demo,D11,13,10,90.55290000000001,86.07495,86.75215857955949,87.50064263560115,87.41714851417542,90.55290000000001,87.67040303030306
demo,D11,14,10,89.5957,86.3614,86.37891659139041,86.99236020854498,86.92261717147827,89.5957,87.05536666666663
demo,D11,15,10,89.0709,85.66460000000001,85.5588668369804,86.35859862009295,86.26903561439514,89.0709,86.25556363636363
demo,D11,16,10,88.69505,85.35625,85.1219168836648,85.78206388851507,85.77633666877746,88.69505,85.36406212121214
demo,D11,17,10,88.28385,85.4025,84.92772264141026,85.29742413540177,85.25820116767883,88.28385,84.64522575757576
demo,D11,18,10,87.88725,84.4725,84.53800121035984,84.89506859501138,84.78587632751464,87.88725,83.74454696969696
demo,D11,19,10,87.54335,84.54845,84.3396123513117,84.5599167366503,84.54353429756165,87.54335,83.24051363636364
demo,D11,20,10,87.9464,83.81045,84.56056448251205,84.9208702392121,84.93914230003357,87.9464,84.54226060606061
demo,D11,21,10,86.93889999999999,83.8347,83.42930017504274,83.90026878787408,83.92411351814269,86.93889999999999,83.43448484848486
demo,D11,22,10,86.12645,83.1948,82.73092620887473,83.02412445798608,83.00380843658448,86.12645,82.01070151515152
demo,D11,23,10,86.07495,82.88895,82.8471076175555,82.98259086545876,82.9536760055542,86.07495,82.29101666666669
demo,D11,24,10,86.3614,82.85575,82.5564839997069,83.26294560243758,83.12413608207703,86.3614,82.97017575757575
demo,D11,25,10,85.66460000000001,83.9421,81.92148875015876,82.52497908649134,82.47651587448121,85.66460000000001,82.32818181818182
demo,D11,26,10,85.35625,81.85405,81.56316263241202,82.12656924348288,82.01786227226258,85.35625,82.06876515151518
demo,D11,27,10,85.4025,81.40785000000001,81.20507996749278,82.06418223085363,81.99835165977478,85.4025,82.31974545454547
demo,D11,28,10,84.4725,81.6739,80.54624751085368,81.19382442318748,81.21177187919616,84.4725,81.17205757575756
demo,D11,29,10,84.54845,81.0149,80.70169582540694,81.22066686808792,81.15183044166565,84.54845,81.25638939393943
demo,D11,30,10,83.81045,80.36385,80.1560910971851,80.62982421715257,80.58732120437622,83.81045,80.75594393939394
demo,D11,31,10,83.8347,79.92755,79.67703529339164,80.53805572384249,80.49350393981933,83.8347,80.86063636363637
demo,D11,32,10,83.1948,80.0724,79.14910508598176,79.83561242573138,79.78688917617798,83.1948,79.78677575757573
demo,D11,33,10,82.88895,79.4402,78.88927789307596,79.56729494753834,79.54568160552978,82.88895,79.20115606060607
demo,D11,34,10,82.85575,78.99635,78.97651950288449,79.5508246235545,79.61488834571838,82.85575,79.44722575757577
demo,D11,35,10,83.9421,78.71894999999999,79.41944505863314,80.2562544608011,80.03430027923584,83.9421,81.36579393939397
demo,D11,36,10,81.85405,78.42405,78.03391866721171,78.66114253032472,78.7262833908081,81.85405,78.97424696969694
demo,D11,37,10,81.40785000000001,77.9432,77.66099840420983,78.22722421715258,78.15658661994935,81.40785000000001,78.43651060606062
demo,D11,38,10,81.6739,77.958,77.69277309465814,78.3958861804967,78.34123765602112,81.6739,78.62034242424242
demo,D11,39,10,81.0149,77.61065,77.24385133650209,77.86729614823709,77.84100988616943,81.0149,77.90952727272723
demo,D11,40,10,80.36385,77.56805,76.60363277763929,77.21707292345562,77.19174874076843,80.36385,76.78785303030304
demo,D11,41,10,79.92755,76.91485,76.32243083398133,76.79762157627648,76.65383951072693,79.92755,76.07688333333334
demo,D11,42,10,80.0724,76.1387,76.20097317533364,76.78661458574891,76.671512033844,80.0724,76.07306666666669
demo,D11,43,10,79.4402,75.9762,75.7723265162298,76.15705778671618,76.1722294380188,79.4402,75.12193636363637
demo,D11,44,10,78.99635,75.70265,75.43866661231465,75.85814181241707,75.75025934944154,78.99635,74.51295303030307
demo,D11,45,10,78.71894999999999,75.3385,75.5739348902205,75.55332814727556,75.54346057434081,78.71894999999999,75.11114999999998
demo,D11,46,10,78.42405,74.9384,74.5206061007393,75.12944075241427,75.12602200775146,78.42405,74.77206818181818
demo,D11,47,10,77.9432,74.483,73.93256559438574,74.64175403374479,74.66049445457459,77.9432,74.10304545454542
demo,D11,48,10,77.958,74.51015,73.95581249902737,74.67282208154319,74.69597369003296,77.958,74.53506969696974
demo,D11,49,10,77.61065,73.38974999999999,73.56422340930884,74.30365336899882,74.29901903572083,77.61065,74.4265590909091
demo,D11,50,10,77.56805,73.13300000000001,73.1202029150509,74.17282277733808,74.09715995483398,77.56805,74.57816515151512
demo,D11,51,10,76.91485,72.74249999999999,72.59862712188915,73.54621120257526,73.45428610191345,76.91485,73.81089848484848
demo,D11,52,10,76.1387,72.32300000000001,72.29019609810535,72.9643808601553,72.85757350082397,76.1387,72.95906969696966
demo,D11,53,10,75.9762,71.46265000000001,71.80873998639642,72.65996648709041,72.69440211410523,75.9762,72.68759999999999
demo,D11,54,10,75.70265,72.09689999999999,71.53108750247085,72.37425170319882,72.2992657913208,75.70265,72.27985
demo,D11,55,10,75.3385,72.03665000000001,71.18739133236247,72.01473516654605,71.98047206497192,75.3385,71.79717575757576
demo,D11,56,10,74.9384,70.98375,70.92979259822938,71.61992086714633,71.65660211410523,74.9384,71.27346666666666
demo,D11,57,10,74.483,70.1294,70.40143327469119,71.17064637988335,71.1892087059021,74.483,70.54799393939396
demo,D11,58,10,74.51015,70.3647,70.35503948597172,71.15201742777424,71.2098238910675,74.51015,70.74916515151513
demo,D11,59,10,73.38974999999999,69.5647,69.62736582659223,70.20318617940312,70.10141729927062,73.38974999999999,69.3780136363636
demo,D11,60,10,73.13300000000001,69.0807,69.70436958697591,69.94643617940314,69.86344872283937,73.13300000000001,69.21369090909093
demo,D11,61,10,72.74249999999999,69.10035,68.94883163008424,69.57589412322393,69.46285312652587,72.74249999999999,68.80473333333332
demo,D11,62,10,72.32300000000001,68.4517,68.40954232615967,69.12448123821008,69.02175597953797,72.32300000000001,68.12626363636367
demo,D11,63,10,71.46265000000001,68.10885,67.93023453594566,68.29604412322395,68.24295681610108,71.46265000000001,66.89183787878791
demo,D11,64,10,72.09689999999999,67.95125,68.02510727557008,68.7950920695787,68.7965738910675,72.09689999999999,67.86269696969697
demo,D11,65,10,72.03665000000001,67.75765,67.72071845463952,68.66367172266663,68.62880116500855,72.03665000000001,68.3004863636364
demo,D11,66,10,70.98375,67.78285,66.8633200751529,67.78154087154425,67.6834238910675,70.98375,67.3048075757576
demo,D11,67,10,70.1294,66.45425,66.31443295035527,66.94852437674746,66.86625693740845,70.1294,66.2174212121212
demo,D11,68,10,70.3647,66.37465,66.29411427606814,67.16098272460314,67.07636729927063,70.3647,66.8938393939394
demo,D11,69,10,69.5647,66.1448,65.42621254230137,66.2967226742625,66.24541389198303,69.5647,65.85413939393939
demo,D11,70,10,69.0807,66.0366,64.98751432474737,65.85471895971729,65.76993878669738,69.0807,65.15891515151517
demo,D11,71,10,69.10035,64.89049999999999,64.8192236732815,65.72511943972789,65.77331075820923,69.10035,65.20891363636365
demo,D11,72,10,68.4517,64.73,64.28975976623886,65.21963707888192,65.14026453895569,68.4517,64.39860909090912
demo,D11,73,10,68.10885,64.79105,63.92156085106498,64.64224196524141,64.72123193511963,68.10885,63.60277727272732
demo,D11,74,10,67.95125,64.6425,63.971136429215896,64.70102244128496,64.6455642414093,67.95125,63.735586363636344
demo,D11,75,10,67.75765,63.36429999999999,63.810029856870756,64.5138462957035,64.45288215293884,67.75765,64.18913181818186
demo,D11,76,10,67.78285,63.05165,63.24275401534813,64.30055722438502,64.33406755599975,67.78285,64.69195606060606
demo,D11,77,10,66.45425,62.998050000000006,62.131253209381654,63.04185516037405,63.12721075820923,66.45425,62.934710606060634
demo,D11,78,10,66.37465,62.3202,62.12018457458942,63.06477896042193,63.057353971862796,66.37465,62.98538636363635
demo,D11,79,10,66.1448,61.875,61.71767557825633,62.646662414538355,62.78983407478333,66.1448,62.710748484848494
demo,D11,80,10,66.0366,61.7847,61.49194616303569,62.49337176236608,62.53244436416627,66.0366,62.590609090909055
demo,D11,81,10,64.89049999999999,61.7842,60.88470145973321,61.54379282174134,61.52955024528502,64.89049999999999,61.18950606060605
demo,D11,82,10,64.73,60.533950000000004,60.56202880147688,61.38225663643768,61.43006370544434,64.73,60.7643090909091
demo,D11,83,10,64.79105,60.9831,60.52282026951332,61.295095831669684,61.342267555999754,64.79105,60.816510606060646
demo,D11,84,10,64.6425,59.967400000000005,60.16789894837493,61.215687080112374,61.198515253067015,64.6425,60.87517575757578
demo,D11,85,10,63.36429999999999,59.8492,59.34297675043199,60.0206218478931,60.010847317504876,63.36429999999999,59.37898484848489
demo,D11,86,10,63.05165,59.82775,59.14908561157194,59.63824388740174,59.748758268737795,63.05165,59.22713484848489
demo,D11,87,10,62.998050000000006,59.052499999999995,58.60903521745636,59.40738068904249,59.59221770935059,62.998050000000006,58.99284393939392
demo,D11,88,10,62.3202,58.4695,58.07246264239142,58.913701398696524,58.94725683708191,62.3202,58.13043333333334
demo,D11,89,10,61.875,58.377449999999996,57.88980379237847,58.45657337453409,58.50205683708191,61.875,57.596051515151494
demo,D11,90,10,61.7847,57.71275,57.79173651860656,58.36627337453409,58.364718758773805,61.7847,57.81273333333337
demo,D11,91,10,61.7842,57.523199999999996,57.23866059284714,58.146508622541326,58.207113312911986,61.7842,57.870257575757584
demo,D11,92,10,60.533950000000004,56.90690000000001,56.382908666038084,57.11552337453409,57.17300024528504,60.533950000000004,56.265598484848475
demo,D11,93,10,60.9831,56.82755,56.69147017269563,57.5447295551359,57.58926111755371,60.9831,57.154642424242454
demo,D11,94,10,59.967400000000005,55.7513,55.89150829998968,56.53750634023219,56.67650167694092,59.967400000000005,56.38735454545451
demo,D11,95,10,59.8492,55.46529999999999,55.31133251853091,56.33454434173387,56.46189593238831,59.8492,56.1676393939394
demo,D11,96,10,59.82775,54.94584999999999,55.23852893979001,56.17732424617115,56.31216791534424,59.82775,56.250613636363624
demo,D11,97,10,59.052499999999995,54.95025,54.68558348657808,55.68310609182718,55.73288892745971,59.052499999999995,55.51196666666665
demo,D11,98,10,58.4695,54.106350000000006,54.088089684928896,55.038838420507915,55.04669349861145,58.4695,54.673918181818195
demo,D11,99,10,58.377449999999996,53.955149999999996,53.9087678409268,54.85257039031538,55.018526087951656,58.377449999999996,54.44656212121212
demo,D11,100,10,57.71275,53.95435,53.49918946545374,54.29934388740173,54.30476216697693,57.71275,53.64773787878789
demo,D11,101,10,57.523199999999996,53.799850000000006,53.39395105633258,54.111568878202924,54.115212166976924,57.523199999999996,53.71390909090907
demo,D11,102,10,56.90690000000001,52.654500000000006,52.48741981583157,53.446652559193055,53.49536831321717,56.90690000000001,52.70015151515153
demo,D11,103,10,56.82755,52.16094999999999,52.52719831948208,53.49433193527583,53.46230847244263,56.82755,52.91913787878786
demo,D11,104,10,55.7513,52.2161,51.6189719688462,52.35911438404848,52.344719790267945,55.7513,51.380748484848496
demo,D11,105,10,55.46529999999999,52.2417,51.46009411994818,52.06809387118083,52.11400595932006,55.46529999999999,50.9088515151515
demo,D11,106,10,54.94584999999999,51.29435,50.962730411062545,51.553664384048474,51.657806262588494,54.94584999999999,50.43724999999999
demo,D11,107,10,54.95025,50.91055,50.60679298786808,51.54375139869652,51.45406064414978,54.95025,50.56681060606059
demo,D11,108,10,54.106350000000006,50.90175,50.00285613345096,50.769270901864964,50.685382897949225,54.106350000000006,49.496337878787934
demo,D11,109,10,53.955149999999996,50.36985000000001,49.95154846140183,50.621931935275825,50.6031893409729,53.955149999999996,49.50359242424247
demo,D11,110,10,53.95435,49.8253,49.42267441620013,50.443686670956,50.438672547912596,53.95435,49.75371363636366
demo,D11,111,10,53.799850000000006,49.1137,49.157705621395095,50.272370807423336,50.284172547912604,53.799850000000006,50.095059090909096
demo,D11,112,10,52.654500000000006,49.015350000000005,48.34086122050152,49.24184832550574,49.158310644149786,52.654500000000006,48.86126666666668
demo,D11,113,10,52.16094999999999,48.05995,47.91343157742653,48.73105634023218,48.7486522743225,52.16094999999999,48.47260757575757
demo,D11,114,10,52.2161,47.870200000000004,47.41150787319028,48.652354562976015,48.653130792236325,52.2161,48.51087878787881
demo,D11,115,10,52.2417,48.075250000000004,47.313745073101856,48.59141904163684,48.59874231262207,52.2417,48.77140606060605
demo,D11,116,10,51.29435,47.62435,46.781497236150166,47.80461786200393,47.77180633125305,51.29435,47.58668636363638
demo,D11,117,10,50.91055,46.95245,46.3787614704185,47.5444200507707,47.45569932632446,50.91055,47.20171060606057
demo,D11,118,10,50.90175,45.82925,46.14938762886003,47.25678300274795,47.25879231262207,50.90175,47.11399545454546
demo,D11,119,10,50.36985000000001,45.631949999999996,45.72920760488333,46.81672287140073,46.85276492462159,50.36985000000001,46.50068939393936
demo,D11,120,10,49.8253,45.37635,45.43987500348404,46.47086143862908,46.42384698181152,49.8253,46.01175454545456
demo,D11,121,10,49.1137,45.1139,45.009104148906,45.68380634023219,45.78960379714966,49.1137,45.36511515151514
demo,D11,122,10,49.015350000000005,44.375,44.49777667855175,45.465659498044175,45.57447303924561,49.015350000000005,45.08253181818187
demo,D11,123,10,48.05995,44.2604,43.775035267034035,44.64152337453409,44.682058697891236,48.05995,43.533846969696945
demo,D11,124,10,47.870200000000004,44.448100000000004,43.77703316902995,44.45177337453409,44.504323325347904,47.870200000000004,43.181169696969704
demo,D11,125,10,48.075250000000004,43.6212,43.71114575495153,44.65682337453409,44.66726216697693,48.075250000000004,43.878980303030325
demo,D11,126,10,47.62435,43.14915,43.093857084024094,44.13864756213916,44.22481172142029,47.62435,43.54835303030304
demo,D11,127,10,46.95245,42.3602,42.539333321742006,43.53402337453409,43.54446216697693,46.95245,42.81921666666668
demo,D11,128,10,45.82925,41.75525,41.93088921670946,42.415843887401735,42.54231848526001,45.82925,41.50002878787881
demo,D11,129,10,45.631949999999996,41.4594,41.418902395711015,42.213523374534084,42.23164568252563,45.631949999999996,41.2593712121212
demo,D11,130,10,45.37635,40.90445,40.992427303853255,41.95792337453409,41.92292888412476,45.37635,41.03225303030305
demo,D11,131,10,45.1139,41.010600000000004,40.54786821267313,41.69547337453409,41.62055855407715,45.1139,40.719996969697014
demo,D11,132,10,44.375,40.6826,40.09072098950185,41.02056143862908,40.96217441558838,44.375,39.94751212121208
demo,D11,133,10,44.2604,39.8566,39.57462651158636,40.835175545327644,40.78085941352844,44.2604,39.66235151515153
demo,D11,134,10,44.448100000000004,39.7688,39.5313956113392,40.83364746192531,40.88206830558777,44.448100000000004,40.115924242424285
demo,D11,135,10,43.6212,39.742850000000004,39.15742080985701,40.20277337453409,40.15863362426758,43.6212,39.6553606060606
demo,D11,136,10,43.14915,40.5728,38.679190501153,39.719256340232185,39.68658362426758,43.14915,39.53144999999999
demo,D11,137,10,42.3602,38.687149999999995,37.81837609174745,38.93532685309984,38.89763362426758,42.3602,38.75481818181821
demo,D11,138,10,41.75525,37.9797,37.0891582358314,38.336823374534085,38.261908554077145,41.75525,37.64004999999999
demo,D11,139,10,41.4594,37.82915,36.9380597225568,38.10496143862908,37.98426920356751,41.4594,37.035293939393874
demo,D11,140,10,40.90445,37.58835,36.634097366359576,37.486023374534085,37.47198015518188,40.90445,36.20410151515152
demo,D12,6,10,97.3784,94.8597,94.21609901855598,93.88594474809783,94.15549698677063,97.3784,94.52084285714288
demo,D12,7,10,96.7451,94.07565,93.95621623834003,93.70280121613183,93.84028003463744,96.7451,93.79483214285708
demo,D12,8,10,97.0603,94.9988,94.00032478007248,93.56501587198892,93.84961832313537,97.0603,94.57992500000005
demo,D12,9,10,95.80785,94.31335,93.25294388238527,92.86096028347782,92.94285571250916,95.80785,92.87714999999996
demo,D12,10,10,95.5419,93.16980000000001,92.8717752429824,92.67995748486483,92.69304688873291,95.5419,92.39673636363636
demo,D12,11,10,96.08529999999999,93.84915000000001,93.05415408567129,92.74274992947191,93.01579454689025,96.08529999999999,93.11227878787882
demo,D12,12,10,95.30675,93.32775,92.7276268996809,92.44102133981161,92.46992439079284,95.30675,92.62558333333331
demo,D12,13,10,95.9276,92.85624999999999,92.70791672688591,92.40070863688909,92.53913507232666,95.9276,93.63638181818183
demo,D12,14,10,95.47685,92.76325,92.29628731750174,91.94813092804776,92.09688874778747,95.47685,93.2257409090909
demo,D12,15,10,95.3118,92.5209,92.25537079287895,91.8262997323256,91.94688772850037,95.3118,93.24510000000001
demo,D12,16,10,94.8597,92.0705,91.98982877754003,91.6694950465432,91.70332244606018,94.8597,93.01215151515159
demo,D12,17,10,94.07565,92.30810000000001,91.30315461258792,91.09933604169794,91.2002632850647,94.07565,91.90268636363636
demo,D12,18,10,94.9988,92.0462,91.8284023424448,91.54391994461359,91.72513385658264,94.9988,93.5376606060606
demo,D12,19,10,94.31335,92.05685,91.0363425197938,90.78603432389411,90.85904935798645,94.31335,92.60506515151518
demo,D12,20,10,93.16980000000001,90.9434,90.39867067244127,89.91811987713851,90.0550722644806,93.16980000000001,90.59446666666672
demo,D12,21,10,93.84915000000001,91.26145,90.9755271376257,90.53208953780423,90.70443373718263,93.84915000000001,91.4271166666667
demo,D12,22,10,93.32775,90.00845,90.44146032823994,89.87740144067955,90.02124002838134,93.32775,90.52663181818184
demo,D12,23,10,92.85624999999999,91.5816,90.34401133571424,89.9123827395164,89.90564126968383,92.85624999999999,90.07264393939391
demo,D12,24,10,92.76325,90.3262,90.09601167325508,89.71785736372429,89.82841814231872,92.76325,90.01821363636361
demo,D12,25,10,92.5209,89.5994,89.84241495039835,89.52905611449647,89.62981222953796,92.5209,89.9011303030303
demo,D12,26,10,92.0705,89.88295,89.3954684205298,89.07623656172083,89.17864785957336,92.0705,89.36721515151517
demo,D12,27,10,92.30810000000001,89.32515,89.39471621949164,88.83660223997819,89.02328516540528,92.30810000000001,89.46628484848486
demo,D12,28,10,92.0462,88.911,89.30463378660608,89.08372253396342,89.08921762580871,92.0462,89.75268181818183
demo,D12,29,10,92.05685,89.10470000000001,88.92744362261678,88.7367315510618,88.90251259384155,92.05685,90.21836212121212
demo,D12,30,10,90.9434,88.23045,88.03554764662222,87.68679900724173,87.81227502670288,90.9434,88.46375454545453
demo,D12,31,10,91.26145,88.55675,88.43768628136058,88.15924917596492,88.35299152870178,91.26145,89.0368954545455
demo,D12,32,10,90.00845,87.4405,87.43773876149021,87.11181101471293,87.13833567352295,90.00845,87.32159242424241
demo,D12,33,10,91.5816,87.8595,88.21823981850316,88.0481977356588,88.17194204483032,91.5816,89.37852727272727
demo,D12,34,10,90.3262,87.52499999999999,87.2482317557855,87.06203333687304,87.18352531547546,90.3262,88.01465151515153
demo,D12,35,10,89.5994,87.0874,86.71696052246418,86.66948018769617,86.6413180393219,89.5994,86.91677272727277
demo,D12,36,10,89.88295,87.1031,86.86064545776934,86.57247667506493,86.66336815757751,89.88295,87.03776212121208
demo,D12,37,10,89.32515,86.69865,86.4883500419326,86.34582931345298,86.3780805934906,89.32515,86.43670454545452
demo,D12,38,10,88.911,86.77470000000001,86.31952400532228,85.99800056491718,86.01998923873902,88.911,85.94036666666665
demo,D12,39,10,89.10470000000001,86.36155,86.28175146012218,86.13494788662155,86.18473926277161,89.10470000000001,86.54465757575758
demo,D12,40,10,88.23045,86.06395,85.43442623089899,85.25958323374095,85.3195293800354,88.23045,85.21967121212121
demo,D12,41,10,88.55675,85.7498,85.62498179415165,85.51491352781098,85.60759919929504,88.55675,85.81409242424243
demo,D12,42,10,87.4405,85.25415,84.56142205914759,84.27989835636437,84.48118088531494,87.4405,83.8496090909091
demo,D12,43,10,87.8595,85.0383,85.42718899122143,85.01389197594968,85.05149228286743,87.8595,85.00895454545454
demo,D12,44,10,87.52499999999999,84.9358,84.63375432526432,84.51418442787026,84.6011125087738,87.52499999999999,84.84657575757575
demo,D12,45,10,87.0874,84.54129999999999,83.96268170913781,83.90795430971629,83.94418815841675,87.0874,84.19741212121207
demo,D12,46,10,87.1031,84.6582,84.14086062679914,84.03364841305533,84.19733995018005,87.1031,84.5036303030303
demo,D12,47,10,86.69865,84.63454999999999,83.66020178460825,83.55881589890527,83.80247866859436,86.69865,84.13417424242421
demo,D12,48,10,86.77470000000001,83.8989,83.39676387359987,83.38983068640569,83.49271471710206,86.77470000000001,84.32896363636367
demo,D12,49,10,86.36155,83.0952,83.1638650329215,83.27244896859449,83.45892110137939,86.36155,84.19727727272726
demo,D12,50,10,86.06395,83.52834999999999,82.7074183185908,82.70274223839537,82.84019201774598,86.06395,83.76848333333332
demo,D12,51,10,85.7498,82.79990000000001,82.54795312930649,82.71661869795919,82.79974130134582,85.7498,83.63192424242423
demo,D12,52,10,85.25415,82.38985,81.99125243169237,81.94425337405305,82.01240977325439,85.25415,82.63958030303027
demo,D12,53,10,85.0383,82.92439999999999,82.03895557080394,82.03445656725195,82.10795494155884,85.0383,82.35364545454544
demo,D12,54,10,84.9358,82.3672,81.95192608339109,81.79118626741042,82.0006124217987,84.9358,82.24411515151517
demo,D12,55,10,84.54129999999999,82.17795,81.42223292377444,81.37046568534328,81.48615163688659,84.54129999999999,81.64951212121211
demo,D12,56,10,84.6582,81.74755,81.54118360173459,81.39450394566612,81.51484439201354,84.6582,81.94915757575757
demo,D12,57,10,84.63454999999999,81.3092,81.07276787728738,81.14932248302074,81.29665889816283,84.63454999999999,82.12207121212124
demo,D12,58,10,83.8989,80.9787,81.07371697847731,80.97562067494624,80.98152181282043,83.8989,81.48261515151515
demo,D12,59,10,83.0952,81.02125,80.38174248973304,80.15908422784445,80.1925711013794,83.0952,80.40987575757575
demo,D12,60,10,83.52834999999999,80.85175,80.33734714976111,80.31104640143556,80.3833268924713,83.52834999999999,81.00777121212121
demo,D12,61,10,82.79990000000001,80.21549999999999,79.87904810760537,79.86040532473532,79.8972711013794,82.79990000000001,80.14464242424245
demo,D12,62,10,82.38985,80.58125000000001,79.48745285898568,79.44366515629982,79.45897279129028,82.38985,79.40338030303033
demo,D12,63,10,82.92439999999999,79.62335,79.58788898820039,79.60098318398788,79.60894265594482,82.92439999999999,80.1015787878788
demo,D12,64,10,82.3672,78.9869,79.29972672806983,79.2131090114621,79.33493099899292,82.3672,79.59199696969698
demo,D12,65,10,82.17795,78.61075,78.93954320293997,78.92392015245811,78.99832734985351,82.17795,79.39548333333336
demo,D12,66,10,81.74755,78.3425,78.80107300205505,78.80078252537342,78.82228611831665,81.74755,79.08745606060606
demo,D12,67,10,81.3092,78.4459,78.29939473933074,78.36199321928468,78.39536590499878,81.3092,78.86941818181818
demo,D12,68,10,80.9787,78.22115,77.89412791489072,78.03235667937729,78.04835494155884,80.9787,78.49159696969697
demo,D12,69,10,81.02125,78.2158,77.651368873101,77.60422698522102,77.72478651046752,81.02125,78.32819848484849
demo,D12,70,10,80.85175,77.72225,77.66305238015482,77.79918308863813,77.9133304195404,80.85175,78.40045
demo,D12,71,10,80.21549999999999,77.70315,77.09509476234675,77.06719602277036,77.23874271202087,80.21549999999999,77.49770909090908
demo,D12,72,10,80.58125000000001,77.1825,77.11653589146826,77.0932309739451,77.19530420303346,80.58125000000001,77.8363621212122
demo,D12,73,10,79.62335,76.89155,76.78223911134852,76.70143087268958,76.66983780822754,79.62335,76.90446515151517
demo,D12,74,10,78.9869,76.4322,76.196041342455,76.0651888529889,76.1097792667389,78.9869,75.97552424242426
demo,D12,75,10,78.61075,76.74980000000001,75.90077316358077,75.71981001369917,75.75840214920044,78.61075,75.38527727272731
demo,D12,76,10,78.3425,75.58065,75.59665858408165,75.44067987607791,75.517868309021,78.3425,74.9020666666667
demo,D12,77,10,78.4459,75.84715,75.38731833401877,75.46697505694979,75.50906113471984,78.4459,74.96740606060612
demo,D12,78,10,78.22115,75.4185,75.10939175583333,75.18765180159404,75.27929337730407,78.22115,74.70873787878789
demo,D12,79,10,78.2158,75.42325,75.04965976257691,75.17374017426268,75.30106396751404,78.2158,75.02916666666665
demo,D12,80,10,77.72225,74.89785,74.58560945075573,74.67271560757274,74.64937330818177,77.72225,74.81924090909085
demo,D12,81,10,77.70315,75.67819999999999,74.34966497279402,74.49409556049005,74.6042706626892,77.70315,75.02851363636364
demo,D12,82,10,77.1825,74.25345,74.16633115517551,74.21759235713498,74.32347881317139,77.1825,75.00060606060607
demo,D12,83,10,76.89155,74.4654,73.43957192755603,73.86089381953694,73.92880576400756,76.89155,74.81706818181821
demo,D12,84,10,76.4322,73.76175,72.91353542230314,73.22393054816362,73.33989815444946,76.4322,74.12140303030303
demo,D12,85,10,76.74980000000001,74.06505,73.08197503428622,73.25248919795989,73.40961554985047,76.74980000000001,74.43481818181823
demo,D12,86,10,75.58065,73.26855,72.29813612114484,72.54697533563235,72.65036836090088,75.58065,72.67050151515157
demo,D12,87,10,75.84715,72.9057,72.40109156682476,72.64185196827037,72.72033778038025,75.84715,72.89090151515148
demo,D12,88,10,75.4185,72.56745,72.28126772326344,72.38835823158686,72.48313718414306,75.4185,72.34750909090909
demo,D12,89,10,75.42325,72.49175,72.14338552823718,72.42811084380634,72.46525220108032,75.42325,72.57625606060604
demo,D12,90,10,74.89785,71.85695,71.73648324764379,71.88357685919402,71.93009349021912,74.89785,71.9977287878788
demo,D12,91,10,75.67819999999999,71.7878,72.00457244963944,72.2098614438916,72.33434819526671,75.67819999999999,73.48021515151514
demo,D12,92,10,74.25345,71.4567,71.03743884919207,71.24423769370271,71.28569349021912,74.25345,71.87881363636363
demo,D12,93,10,74.4654,71.26155,70.96521238286935,71.1881612809743,71.3125429347992,74.4654,72.1907909090909
demo,D12,94,10,73.76175,70.9783,70.54181633511828,70.69753373052207,70.79346133995057,73.76175,71.19120454545454
demo,D12,95,10,74.06505,70.7028,70.80457664148204,71.04257337412619,71.09729349021912,74.06505,71.89942878787878
demo,D12,96,10,73.26855,70.31915,69.92162359068219,69.98108716327535,70.1156929347992,73.26855,70.6193893939394
demo,D12,97,10,72.9057,70.46940000000001,69.98474046183252,69.97236382284584,69.9353106338501,72.9057,70.03300303030301
demo,D12,98,10,72.56745,69.83315,69.55321877771523,69.63966891483095,69.61583466644286,72.56745,69.35748939393942
demo,D12,99,10,72.49175,70.19539999999999,69.41860982239734,69.55272189725713,69.5583500843048,72.49175,69.25198333333334
demo,D12,100,10,71.85695,69.1354,68.80785753600993,68.90025177078029,68.90533466644287,71.85695,68.24618939393942
demo,D12,101,10,71.7878,69.1145,68.88825769158154,68.88127132404149,68.9918297985077,71.7878,68.65715454545453
demo,D12,102,10,71.4567,68.315,68.27307433053538,68.47550596563123,68.50508466644287,71.4567,68.14730000000002
demo,D12,103,10,71.26155,68.65865,68.14570684607935,68.29374017126632,68.33501796989441,71.26155,68.14724999999996
demo,D12,104,10,70.9783,67.7323,67.73875950263168,67.97599559026165,68.03024854736329,70.9783,67.82384545454548
demo,D12,105,10,70.7028,67.7851,67.56607772734036,67.73192160962721,67.80415984420776,70.7028,67.89750606060606
demo,D12,106,10,70.31915,67.27335,67.07819854374738,67.32087521581578,67.35759022750854,70.31915,67.53029848484849
demo,D12,107,10,70.46940000000001,67.1922,66.91752383427882,67.19021476224702,67.29502351226807,70.46940000000001,67.8945484848485
demo,D12,108,10,69.83315,66.6897,66.45094566679354,66.79160814118411,66.8993063873291,69.83315,67.19506212121217
demo,D12,109,10,70.19539999999999,66.2265,66.46033441308712,66.85796951855711,66.98523283042907,70.19539999999999,67.97263030303034
demo,D12,110,10,69.1354,66.08455,65.79585977440686,66.11802306684514,66.16856617012024,69.1354,66.60491212121218
demo,D12,111,10,69.1145,66.3308,65.58329965900363,66.01612284232272,66.14766617012025,69.1145,66.5486787878788
demo,D12,112,10,68.315,65.71045,65.1219952712394,65.23820914244457,65.23065442085266,68.315,65.38105757575758
demo,D12,113,10,68.65865,65.521,65.13103608759087,65.43162683712278,65.5578437637329,68.65865,65.79474393939394
demo,D12,114,10,67.7323,65.3015,64.63763473433866,64.65933224952259,64.66356344680786,67.7323,64.5598181818182
demo,D12,115,10,67.7851,64.40615,64.48031204848375,64.67638351039926,64.71689559707642,67.7851,64.54263030303028
demo,D12,116,10,67.27335,64.5969,64.32363613407549,64.24866221314676,64.20514559707641,67.27335,63.77964999999997
demo,D12,117,10,67.1922,64.23975,64.07541004936321,64.14003479109007,64.12662845344543,67.1922,63.87236060606061
demo,D12,118,10,66.6897,63.95825000000001,63.64227979919462,63.64431645271969,63.62149559707642,66.6897,63.24270000000001
demo,D12,119,10,66.2265,64.02839999999999,63.34621128257278,63.250951134149965,63.31394072914124,66.2265,63.02220909090905
demo,D12,120,10,66.08455,62.922599999999996,63.00408949533479,63.04863951746348,63.01897845344543,66.08455,62.819953030303054
demo,D12,121,10,66.3308,63.05275,62.93629497460569,63.20512627145268,63.274170580673214,66.3308,63.49608181818181
demo,D12,122,10,65.71045,62.9453,62.22287300277785,62.52193143592514,62.62187344474792,65.71045,62.77165606060608
demo,D12,123,10,65.521,62.072,62.17875054061378,62.417248907689896,62.43665442085266,65.521,62.91959696969696
demo,D12,124,10,65.3015,61.738400000000006,61.75549542292804,61.8811021541821,62.032053865432744,65.3015,62.68051515151516
demo,D12,125,10,64.40615,61.572700000000005,61.17115250003733,61.325361171670124,61.38472403755188,64.40615,61.60705303030303
demo,D12,126,10,64.5969,61.45265,61.06326553821308,61.327133144560854,61.54027058067322,64.5969,61.79213939393941
demo,D12,127,10,64.23975,60.62805,60.78869516482478,61.107556904480134,61.18312058067322,64.23975,61.50483484848484
demo,D12,128,10,63.95825000000001,60.912200000000006,60.45777679647859,60.756010742467836,60.901620580673224,63.95825000000001,61.16250757575761
demo,D12,129,10,64.02839999999999,60.01945,60.26310962405087,60.47634903275141,60.65419035758971,64.02839999999999,61.23237878787876
demo,D12,130,10,62.922599999999996,60.524750000000004,59.66252130283808,59.82802662603108,59.85439559707641,62.922599999999996,59.694939393939414
demo,D12,131,10,63.05275,59.985299999999995,59.74913276293813,59.95156166886458,59.99612058067322,63.05275,60.011874242424284
demo,D12,132,10,62.9453,60.09915,59.50229839149451,59.80492916633921,59.860954420852664,62.9453,60.016372727272724
demo,D12,133,10,62.072,59.41945,58.909567473661056,59.08193492545895,59.08692190361023,62.072,58.98754545454546
demo,D12,134,10,61.738400000000006,58.82064999999999,58.79355806261332,58.81168666910488,58.79717923965455,61.738400000000006,58.588181818181866
demo,D12,135,10,61.572700000000005,58.3653,58.26915252844469,58.485894257761316,58.503963446807866,61.572700000000005,58.101327272727254
demo,D13,6,10,96.8185,93.547,92.85793435638627,92.0672563332594,92.23567672348022,96.8185,91.30734285714288
demo,D13,7,10,96.54825,91.8145,92.38869758871259,91.79700633325939,91.92541913223266,96.54825,91.43425
demo,D13,8,10,96.12365,90.75609999999999,91.93800147413678,91.36431934973533,91.512246534729,96.12365,91.24746547619053
demo,D13,9,10,95.24415,90.323,91.25167456831804,90.48665894697177,90.64164670028687,95.24415,90.21769166666664
demo,D13,10,10,95.02884999999999,89.76855,90.78605429099385,90.27135894697176,90.39776651153564,95.02884999999999,90.0826227272727
demo,D13,11,10,94.9593,89.3375,90.38447162835953,90.1492326492668,90.33151813201904,94.9593,90.60892727272729
demo,D13,12,10,93.6482,89.32265000000001,89.24990217208273,88.86548306301576,89.00546928710938,93.6482,88.86601818181818
demo,D13,13,10,93.28365,87.8875,88.9012862018868,88.51663072857387,88.60247286071777,93.28365,88.461746969697
demo,D13,14,10,93.2936,87.51485,88.4568027841833,88.19288053030436,88.27316228256225,93.2936,88.4297242424242
demo,D13,15,10,92.5517,86.93705,88.00336060175744,87.78198106137019,87.87052286071777,92.5517,87.68859999999998
demo,D13,16,10,93.547,87.23925,88.17343089625543,88.38586219759054,88.26523644638061,93.547,89.40673636363641
demo,D13,17,10,91.8145,86.10475,87.2175567669008,86.98279092445108,87.04306712341308,91.8145,87.66845151515153
demo,D13,18,10,90.75609999999999,85.6599,86.42710397517631,85.95891655663833,86.07492286071776,90.75609999999999,86.31767878787876
demo,D13,19,10,90.323,84.74074999999999,85.79680285940653,85.5505883396933,85.6056051712036,90.323,85.42024848484844
demo,D13,20,10,89.76855,84.61215,85.36857882023354,85.00556035130198,85.04681881408692,89.76855,84.55201060606063
demo,D13,21,10,89.3375,84.41505000000001,85.00217918343992,84.57503599540304,84.61576881408692,89.3375,84.16329999999998
demo,D13,22,10,89.32265000000001,83.6938,84.46113491419621,84.18669097672718,84.29939226760865,89.32265000000001,83.99005303030309
demo,D13,23,10,87.8875,83.04690000000001,83.57282706398206,83.10632022171256,83.15900678634644,87.8875,81.89497272727274
demo,D13,24,10,87.51485,82.06975,83.32764100827907,82.74319477218874,82.85577426300048,87.51485,81.3198409090909
demo,D13,25,10,86.93705,81.8994,82.71095972082544,82.16539477218875,82.2262927444458,86.93705,80.43024999999999
demo,D13,26,10,87.23925,81.4991,82.91677480038534,82.46759477218875,82.58421641159057,87.23925,81.92959242424243
demo,D13,27,10,86.10475,80.61335,81.36978748630717,81.31303965176892,81.3724420890808,86.10475,80.98299242424244
demo,D13,28,10,85.6599,80.56185,80.77852418785545,80.88824477218874,80.97628622283935,85.6599,80.46988787878787
demo,D13,29,10,84.74074999999999,80.08415,79.98225795844485,79.94095822904164,80.01225678634643,84.74074999999999,79.31011666666663
demo,D13,30,10,84.61215,79.11195,79.69426930758038,79.83241334946148,79.8879821762085,84.61215,79.17775303030301
demo,D13,31,10,84.41505000000001,78.93894999999999,79.26822116297566,79.61640445202535,79.67767140274049,84.41505000000001,79.20703181818183
demo,D13,32,10,83.6938,78.1377,78.76115378883681,78.90280247416989,79.0013008392334,83.6938,78.90551212121211
demo,D13,33,10,83.04690000000001,77.9629,77.90692933243963,78.23926044047288,78.31840678634644,83.04690000000001,78.05100606060608
demo,D13,34,10,82.06975,77.6759,77.1006548959383,77.2721231752048,77.33237140274048,82.06975,76.67156515151517
demo,D13,35,10,81.8994,76.18325,76.83325821080791,77.08362493298047,77.17090678634644,81.8994,76.2808181818182
demo,D13,36,10,81.4991,76.18665,76.67435422415468,76.70694674673362,76.80351236495972,81.4991,76.25386666666667
demo,D13,37,10,80.61335,75.7906,75.57448149268241,75.79757493298047,75.88485678634643,80.61335,75.19777121212121
demo,D13,38,10,80.56185,74.55000000000001,75.29866782818763,75.76969674673363,75.86630671081544,80.56185,75.31689242424241
demo,D13,39,10,80.08415,74.1096,74.73982748251899,75.00806148585175,75.12474743881225,80.08415,74.75442878787877
demo,D13,40,10,79.11195,73.546,74.08441427461713,74.30668241015954,74.37545259780883,79.11195,73.64587727272728
demo,D13,41,10,78.93894999999999,73.1207,74.18661981502339,74.11435780641351,74.20166820068359,78.93894999999999,73.77745303030302
demo,D13,42,10,78.1377,72.4911,73.23035713683998,73.31117038558017,73.39051763076782,78.1377,73.02666969696969
demo,D13,43,10,77.9629,71.97485,72.68856618467159,73.12052714249818,73.21883805313111,77.9629,73.0491909090909
demo,D13,44,10,77.6759,71.72095,72.16150011596473,72.45627706797208,72.6738076385498,77.6759,72.76777575757579
demo,D13,45,10,76.18325,70.3349,71.29185555780157,71.33916155852619,71.43559937667847,76.18325,70.88555909090907
demo,D13,46,10,76.18665,70.04445,71.06441881721601,71.33843835045029,71.41118737258911,76.18665,70.927246969697
demo,D13,47,10,75.7906,69.9695,70.63727657348193,70.92696324440804,71.00562923965454,75.7906,70.40689090909085
demo,D13,48,10,74.55000000000001,69.36515,69.7242144132399,69.69534639124552,69.77866153717042,74.55000000000001,68.91553636363643
demo,D13,49,10,74.1096,68.31150000000001,69.23045713446987,69.24565344905103,69.33826153717041,74.1096,68.39440606060609
demo,D13,50,10,73.546,68.2256,68.54263233594733,68.6872083990294,68.7460813484192,73.546,67.5187121212121
demo,D13,51,10,73.1207,67.88335,68.3269934731746,68.26232082169663,68.34936153717041,73.1207,67.10866363636364
demo,D13,52,10,72.4911,66.8971,67.53309940106811,67.62780376970487,67.69118134841919,72.4911,66.32197272727272
demo,D13,53,10,71.97485,66.8635,67.10601501391663,67.12244984447159,67.20351153717041,71.97485,65.93494393939393
demo,D13,54,10,71.72095,66.0242,66.58365132239202,66.86854984447159,66.95255362243653,71.72095,66.20626515151517
demo,D13,55,10,70.3349,65.702,65.32831613459666,65.47160376970487,65.56448421707154,70.3349,64.3161212121212
demo,D13,56,10,70.04445,64.3416,65.14920507953175,65.17470806316892,65.27311153717041,70.04445,64.07430757575759
demo,D13,57,10,69.9695,64.0405,64.7317562435223,65.12655021745985,65.24025338363647,69.9695,64.48758787878789
demo,D13,58,10,69.36515,63.77605,63.87589205918665,64.49994452565724,64.56615402832031,69.36515,63.920343939393945
demo,D13,59,10,68.31150000000001,62.902899999999995,63.02544259287292,63.448203769704875,63.54108421707154,68.31150000000001,62.66394848484846
demo,D13,60,10,68.2256,61.76235,62.69324109571982,63.362303769704866,63.42660402832031,68.2256,62.65551515151517
demo,D13,61,10,67.88335,61.83685,62.28450078048747,63.01360806316892,63.066338166809075,67.88335,62.56541363636362
demo,D13,62,10,66.8971,60.8264,61.42674346693458,62.02735806316892,62.08008816680908,66.8971,61.508454545454555
demo,D13,63,10,66.8635,60.1541,61.2181785501994,61.99635446255204,62.02086055374146,66.8635,61.71971212121214
demo,D13,64,10,66.0242,59.431250000000006,60.54754007755403,61.14244670082765,61.207188166809075,66.0242,61.117760606060585
demo,D13,65,10,65.702,59.72,59.785773197459946,60.46620956412412,60.62138352584839,65.702,60.623645454545446
demo,D13,66,10,64.3416,58.524750000000004,59.03550157032125,59.4699488191213,59.52046734008789,64.3416,58.71722424242425
demo,D13,67,10,64.0405,58.28645,58.74964827868241,59.16151359308344,59.247947528839106,64.0405,58.347154545454536
demo,D13,68,10,63.77605,57.770500000000006,58.42250585943623,58.87645775859846,58.930212406921385,63.77605,58.18525606060608
demo,D13,69,10,62.902899999999995,57.054700000000004,57.653974868811645,58.01530708058637,58.05706240692138,62.902899999999995,56.913427272727255
demo,D13,70,10,61.76235,56.503550000000004,56.82828231561819,56.87475708058637,56.945092595672605,61.76235,55.35040151515151
demo,D13,71,10,61.83685,55.936350000000004,56.746493392390995,56.933119040744245,57.019592595672606,61.83685,55.59831969696969
demo,D13,72,10,60.8264,55.26995,55.83470188798362,55.93880708058637,56.00914259567261,60.8264,54.28554242424246
demo,D13,73,10,60.1541,54.406,55.257610134131355,55.26650708058637,55.33684259567261,60.1541,53.65764848484853
demo,D13,74,10,59.431250000000006,53.78385,54.44555087809956,54.54174783653876,54.61399259567261,59.431250000000006,52.83864999999999
demo,D13,75,10,59.72,53.41074999999999,54.29456457271223,54.82299334180941,54.902742595672606,59.72,53.77309696969699
demo,D13,76,10,58.524750000000004,52.8071,53.08883352330495,53.62101904074425,53.70394492721558,58.524750000000004,52.389746969697
demo,D13,77,10,58.28645,52.375499999999995,52.7299889578922,53.37732088796647,53.46919259567261,58.28645,52.33770454545461
demo,D13,78,10,57.770500000000006,51.978049999999996,52.220036733381434,52.88099783653876,52.95324259567261,57.770500000000006,52.24774545454548
demo,D13,79,10,57.054700000000004,51.150600000000004,51.45780148000517,52.129599634188644,52.23389492721558,57.054700000000004,51.71334545454546
demo,D13,80,10,56.503550000000004,50.203149999999994,50.553971558131636,51.58384778696642,51.649240441131596,56.503550000000004,50.991474242424204
demo,D13,81,10,55.936350000000004,49.1901,50.184461806979066,51.0433589278086,51.11062062988282,55.936350000000004,50.63126818181821
demo,D13,82,10,55.26995,49.01085,49.48120839769449,50.37504968376098,50.39072903747559,55.26995,49.849950000000014
demo,D13,83,10,54.406,48.2344,48.79642709352295,49.47736916360041,49.588742595672606,54.406,48.625145454545475
demo,D13,84,10,53.78385,47.8139,48.04662521394101,48.85521916360041,48.90462903747559,53.78385,47.517625757575765
demo,D13,85,10,53.41074999999999,47.50005,47.92007108778964,48.514228457220355,48.58994492721557,53.41074999999999,47.33268030303034
demo,D13,86,10,52.8071,46.846149999999994,47.20112600727721,47.87846916360041,47.986294927215575,52.8071,46.555845454545484
demo,D13,87,10,52.375499999999995,46.77085,46.80509330658078,47.446869163600404,47.546815193176265,52.375499999999995,46.24982424242418
demo,D13,88,10,51.978049999999996,46.4795,46.36486082943915,47.058974893255424,47.15724492721557,51.978049999999996,46.133674242424235
demo,D13,89,10,51.150600000000004,45.56855,45.56587193505628,46.22196916360041,46.32979492721558,51.150600000000004,45.36110303030302
demo,D13,90,10,50.203149999999994,44.60015,44.837841573471025,45.2745191636004,45.38234492721557,50.203149999999994,44.29995606060608
demo,D13,91,10,49.1901,44.1003,43.90350793475629,44.26146916360041,44.36929492721558,49.1901,43.00618787878789
demo,D13,92,10,49.01085,44.0991,43.548751308928985,44.082219163600406,44.190044927215574,49.01085,42.821907575757564
demo,D13,93,10,48.2344,42.22745,42.887438562112884,43.30576916360041,43.41359492721558,48.2344,41.79962121212121
demo,D13,94,10,47.8139,41.80135,42.32050105104394,42.885269163600405,42.99309492721557,47.8139,41.23722727272724
demo,D13,95,10,47.50005,41.3179,41.82672128187201,42.57141916360041,42.67924492721558,47.50005,41.08518939393939
demo,D13,96,10,46.846149999999994,40.5175,41.23305637450032,41.9175191636004,42.02534492721557,46.846149999999994,40.55044393939393
demo,D13,97,10,46.77085,39.7892,40.818337202958894,41.84221916360041,41.89162903747559,46.77085,40.988031818181796
demo,D13,98,10,46.4795,39.59735,40.29828524440339,41.544621777312784,41.60027903747559,46.4795,41.46503636363637
demo,D13,99,10,45.56855,38.552550000000004,39.34047404745587,40.61958497195072,40.714611420440676,45.56855,40.940416666666685
demo,D13,100,10,44.60015,37.7751,38.610472635452496,39.65825379297345,39.74621142044067,44.60015,39.87510757575759
demo,D13,101,10,44.1003,37.27865,37.88111472949366,39.171669163600406,39.24636142044067,44.1003,39.009487878787866
demo,D13,102,10,44.0991,36.9242,37.82043209259549,39.15383348894764,39.245161420440674,44.0991,39.13930909090911
demo,D13,103,10,42.22745,36.0756,36.647192992714764,37.298819163600406,37.43192731018066,42.22745,36.45551060606057
demo,D13,104,10,41.80135,35.682,36.25970092903083,36.87271916360041,37.00582731018066,41.80135,35.43262575757578
demo,D13,105,10,41.3179,35.3072,35.91152559444333,36.39388867334067,36.522377310180666,41.3179,34.60825151515151
demo,D13,106,10,40.5175,34.67515,35.25353114633221,35.593488673340666,35.72197731018066,40.5175,33.34376363636363
demo,D13,107,10,39.7892,33.679500000000004,34.715918541869726,34.86518867334067,34.993677310180665,39.7892,32.471030303030304
demo,D13,108,10,39.59735,32.86065,34.290524972843485,34.673338673340666,34.80182731018066,39.59735,32.682128787878845
demo,D13,109,10,38.552550000000004,32.45235,33.2947615683002,33.62853867334067,33.75702731018067,38.552550000000004,31.697286363636415
demo,D13,110,10,37.7751,32.1941,32.447906862925265,32.85108867334067,32.979577310180666,37.7751,30.760554545454617
demo,D13,111,10,37.27865,31.63565,31.894414817310917,32.354638673340666,32.48312731018066,37.27865,30.328077272727285
demo,D13,112,10,36.9242,30.8454,31.46950032051658,32.000188673340666,32.14087385101318,36.9242,30.67033030303031
demo,D13,113,10,36.0756,30.46975,30.345035687922227,31.15158867334067,31.292273851013185,36.0756,29.67747878787879
demo,D13,114,10,35.682,29.997049999999998,29.883092721514167,30.75798867334067,30.898673851013186,35.682,29.38654848484851
demo,D13,115,10,35.3072,28.70145,29.245862903329396,30.38318867334067,30.523873851013185,35.3072,29.329421212121197
demo,D13,116,10,34.67515,28.65965,28.42188796420333,29.75113867334067,29.880396448516848,34.67515,28.865259090909092
demo,D13,117,10,33.679500000000004,28.639,27.61847665570712,28.755488673340672,28.896173851013188,33.679500000000004,27.717045454545424
demo,D13,118,10,32.86065,28.2376,26.927338644741127,27.936638673340667,28.077323851013183,32.86065,26.91165606060608
demo,D13,119,10,32.45235,26.523000000000003,26.239212256899187,27.52833867334067,27.669023851013186,32.45235,26.414143939393874
demo,D13,120,10,32.1941,25.0812,25.834766018840405,27.270088673340666,27.352357961273192,32.1941,26.146936363636392
demo,D14,6,10,93.5632,92.9473,92.62004585459447,91.43960836038136,91.48380470581054,93.5632,92.52487142857146
demo,D14,7,10,93.52515,93.59809999999999,92.73705620559635,91.41637507709679,91.44575470581054,93.52515,92.6790428571429
demo,D14,8,10,93.3561,93.4147,92.68833430691569,91.22768048039023,91.27583423957824,93.3561,92.51971904761905
demo,D14,9,10,93.11540000000001,92.90835,92.55034136402658,90.99780469353553,91.03205196418763,93.11540000000001,92.17884999999997
demo,D14,10,10,93.1151,92.83145,92.50110707041623,90.99150836038136,91.03175196418762,93.1151,92.17847575757577
demo,D14,11,10,92.9691,92.52665,92.44743008525283,90.85557189454393,90.8693890586853,92.9691,91.71634545454549
demo,D14,12,10,92.7543,92.31895,92.57750377679089,90.90910795751563,91.07406079940796,92.7543,91.5989909090909
demo,D14,13,10,93.44405,92.79785000000001,92.90410599080586,91.34567513136257,91.20100252418518,93.44405,92.86602878787883
demo,D14,14,10,93.23505,92.51225,92.67762664830575,91.10804223611235,91.0109677684784,93.23505,92.9744287878788
demo,D14,15,10,92.82065,92.00104999999999,92.22246118425369,90.71328683281891,90.5965677684784,92.82065,92.2446984848485
demo,D14,16,10,92.9473,92.3192,92.47823284311876,90.84915513470477,90.72716979484558,92.9473,92.487996969697
demo,D14,17,10,93.59809999999999,92.36720000000001,92.80493581937431,91.46626435612121,91.35621743736266,93.59809999999999,93.65971515151516
demo,D14,18,10,93.4147,91.41995,92.6449573133298,91.28286435612122,91.19235822410583,93.4147,93.77565454545454
demo,D14,19,10,92.90835,91.7045,92.34063262753845,90.7993073124574,90.68996025047302,92.90835,93.12488333333333
demo,D14,20,10,92.83145,92.0224,92.26183623440143,90.71028217502639,90.61852957267762,92.83145,92.88651363636365
demo,D14,21,10,92.52665,91.2684,92.10951844460111,90.39964223611236,90.31134252586365,92.52665,92.19103787878788
demo,D14,22,10,92.31895,91.24785,92.02372027765006,90.22057513136257,90.07178169746399,92.31895,91.38980151515152
demo,D14,23,10,92.79785000000001,91.62835,92.53429961455565,90.69363519244854,90.550681697464,92.79785000000001,92.04898636363639
demo,D14,24,10,92.51225,91.78855,92.28281283833789,90.4032073124574,90.27055101966857,92.51225,91.7268833333333
demo,D14,25,10,92.00104999999999,92.9481,91.90796519683533,89.89391683616111,89.927093510437,92.00104999999999,90.71168939393938
demo,D14,26,10,92.3192,91.9785,92.12174461866505,90.21123591115774,90.08009477539062,92.3192,90.88316060606064
demo,D14,27,10,92.36720000000001,91.45955000000001,92.4447117323236,90.37466578921565,90.46251557559968,92.36720000000001,91.32066363636366
demo,D14,28,10,91.41995,91.254,91.8049051943156,89.90191523997404,89.81723939533234,91.41995,90.27316818181818
demo,D14,29,10,91.7045,90.9043,91.73248433012657,89.72680884514837,89.75392989349365,91.7045,90.51690303030303
demo,D14,30,10,92.0224,91.11175,91.64997367359139,89.9012321750264,89.93099580039978,92.0224,91.06204242424242
demo,D14,31,10,91.2684,91.3698,91.24088398053615,89.42705084130458,89.30802433338165,91.2684,90.01887575757577
demo,D14,32,10,91.24785,91.31365,91.14308249871733,89.24270800328833,89.33665627155304,91.24785,89.7119984848485
demo,D14,33,10,91.62835,91.0973,91.42784675044761,89.65105525211193,89.71476910552978,91.62835,90.46281363636365
demo,D14,34,10,91.78855,91.11200000000001,91.29574201949227,89.65989884974897,89.48569093208313,91.78855,91.03206818181818
demo,D14,35,10,92.9481,91.2606,91.62496400956171,90.82210429503526,90.68895330963134,92.9481,92.98007575757576
demo,D14,36,10,91.9785,90.8299,91.11499981703595,89.85250429503526,89.72243558502197,91.9785,92.36736666666665
demo,D14,37,10,91.45955000000001,91.14705,90.70733449787649,89.39646329900529,89.54596910552979,91.45955000000001,91.99554090909092
demo,D14,38,10,91.254,90.4482,90.5032185261181,89.12921092759986,88.96793251419068,91.254,91.30351515151516
demo,D14,39,10,90.9043,90.5734,90.44567460689298,88.80271384899049,88.82794478111268,90.9043,90.48640909090909
demo,D14,40,10,91.11175,90.38015,90.57224773058952,89.05737494397883,89.19488500881195,91.11175,90.64853484848489
demo,D14,41,10,91.3698,90.69115,90.52823283160394,89.24534728355222,89.08455458145141,91.3698,90.6097303030303
demo,D14,42,10,91.31365,90.07775,90.75892324237435,89.18499884974896,88.96111165275573,91.31365,90.20010757575757
demo,D14,43,10,91.0973,90.2142,90.82260077913978,88.9998258328996,88.80707377891541,91.0973,89.75796666666668
demo,D14,44,10,91.11200000000001,89.6813,90.8318845459095,89.02128416719728,88.82675458145142,91.11200000000001,89.72606363636365
demo,D14,45,10,91.2606,90.34585,91.17651556226423,89.47348611834005,89.51052787837982,91.2606,90.76415454545452
demo,D14,46,10,90.8299,90.46975,90.46584924780436,88.81433159507534,88.91064784278869,90.8299,90.54616363636364
demo,D14,47,10,91.14705,90.29695,90.41527941169527,89.04676624078093,88.76300582962035,91.14705,91.04227121212115
demo,D14,48,10,90.4482,90.19545,90.10648389173232,88.33114640634325,88.3281033164978,90.4482,90.04203333333336
demo,D14,49,10,90.5734,90.13125,90.08858871486235,88.44826420755759,88.28009150352479,90.5734,89.79867575757578
demo,D14,50,10,90.38015,90.017,90.01205837233452,88.27121751854985,88.09490458145142,90.38015,89.30986818181819
demo,D14,51,10,90.69115,89.91890000000001,90.30868534429585,88.5494955578296,88.40590458145141,90.69115,89.75565909090909
demo,D14,52,10,90.07775,89.86565,89.97109151752477,88.13332916759147,88.16347852611541,90.07775,88.98729545454545
demo,D14,53,10,90.2142,89.3925,89.77029827418406,88.13376408038876,87.9978983203888,90.2142,89.0487818181818
demo,D14,54,10,89.6813,89.45625,89.53702744002359,87.83270070070346,87.82870216732024,89.6813,88.26708787878785
demo,D14,55,10,90.34585,89.46435000000001,89.95739975603215,88.26385275724007,88.41956389865875,90.34585,89.31781060606059
demo,D14,56,10,90.46975,89.26944999999999,89.65782582883396,88.32351962779023,88.1724894771576,90.46975,89.7192106060606
demo,D14,57,10,90.29695,88.82695000000001,89.53347011834063,88.15071962779022,88.17290152854919,90.29695,89.98474393939394
demo,D14,58,10,90.19545,88.85294999999999,89.31550883201713,88.0712267436984,87.90625255508422,90.19545,89.90335606060604
demo,D14,59,10,90.13125,89.2189,89.39162793369611,88.01552591274603,87.83794150352477,90.13125,89.938353030303
demo,D14,60,10,90.017,89.34795,89.5171380180788,87.89468626740211,87.73175458145141,90.017,89.78574242424244
demo,D14,61,10,89.91890000000001,89.0052,89.44362905620764,87.77266962779024,87.7948515285492,89.91890000000001,89.84712424242426
demo,D14,62,10,89.86565,89.75795,89.17209707903197,87.74078169849003,87.5683894771576,89.86565,89.60898333333334
demo,D14,63,10,89.3925,90.04965,88.93096313059763,87.24454581606918,87.27104552268982,89.3925,88.8095363636364
demo,D14,64,10,89.45625,88.91375000000001,88.81490334420157,87.30051491717049,87.16705255508423,89.45625,88.32609545454544
demo,D14,65,10,89.46435000000001,89.0933,89.09458208587338,87.34340602513105,87.34289552268983,89.46435000000001,88.2617348484849
demo,D14,66,10,89.26944999999999,88.95125,89.07558395071435,87.23966790108607,87.32238095111846,89.26944999999999,88.07751363636365
demo,D14,67,10,88.82695000000001,88.7535,88.74057203414901,86.9669772848537,87.02612762279512,88.82695000000001,87.43461969696973
demo,D14,68,10,88.85294999999999,88.80335000000001,88.73090178945885,86.97955067364529,86.96885087413787,88.85294999999999,87.38492272727268
demo,D14,69,10,89.2189,88.42410000000001,88.84200009857933,87.09391398556791,87.29656580581666,89.2189,87.9947121212121
demo,D14,70,10,89.34795,88.83145,88.86085783915955,87.21474081716669,87.0577237789154,89.34795,88.47241363636361
demo,D14,71,10,89.0052,88.6425,88.54479558812808,86.93401098059839,87.06092533607483,89.0052,88.3070575757576
demo,D14,72,10,89.75795,87.9267,88.87828532629156,87.58573536316327,87.47270458145141,89.75795,89.72304393939395
demo,D14,73,10,90.04965,88.20354999999999,88.66774290656251,87.88858997749718,87.75634150352478,90.04965,90.5347106060606
demo,D14,74,10,88.91375000000001,87.5675,88.13824239471653,86.7500345322109,86.49845082283021,88.91375000000001,89.26204090909093
demo,D14,75,10,89.0933,88.4127,88.2161882557199,86.9295845322109,86.77371729927063,89.0933,89.47391515151519
demo,D14,76,10,88.95125,87.9478,88.16660063180242,86.81072341010739,86.54093162536621,88.95125,89.20175000000005
demo,D14,77,10,88.7535,88.2094,87.87237010961239,86.61641469582166,86.41860343551636,88.7535,88.50959090909096
demo,D14,78,10,88.80335000000001,87.69605,88.04123743018059,86.65967505047776,86.49183037719727,88.80335000000001,88.11845909090913
demo,D14,79,10,88.42410000000001,87.09599999999999,87.87948170667579,86.25306712515159,86.28032286796571,88.42410000000001,87.34134242424247
demo,D14,80,10,88.83145,88.36795,88.27145795991959,86.69436469582166,86.49655343551636,88.83145,87.75538939393938
demo,D14,81,10,88.6425,87.53985,88.16441068421764,86.47910684466912,86.33098037719726,88.6425,87.30417878787883
demo,D14,82,10,87.9267,87.1241,88.04975571264073,86.27493087926075,86.23367810649872,87.9267,86.48147878787879
demo,D14,83,10,88.20354999999999,87.69145,88.18306906644214,86.56634954736892,86.50674964885711,88.20354999999999,87.21887424242425
demo,D14,84,10,87.5675,87.88185,87.46405687538369,85.63935041939743,85.68270445346832,87.5675,86.16293636363635
demo,D14,85,10,88.4127,87.1337,87.88575486986663,86.24138865402324,86.0264363910675,88.4127,87.33214848484853
demo,D14,86,10,87.9478,87.08785,87.59317225123857,85.8703234170436,86.02331085948944,87.9478,86.92547575757575
demo,D14,87,10,88.2094,87.1121,87.65846035762698,86.04074409930953,85.90229612770081,88.2094,87.37779090909088
demo,D14,88,10,87.69605,86.63035,87.31030261545337,85.59968966052446,85.76645143013,87.69605,86.87433181818179
demo,D14,89,10,87.09599999999999,86.67925,86.91171252362082,85.16292115864474,85.19703487968444,87.09599999999999,85.83825757575755
demo,D14,90,10,88.36795,87.34375,87.604030299298,86.22370365326475,86.06890920562743,88.36795,87.80052272727274
demo,D14,91,10,87.53985,86.69215,86.97786747073843,85.467020678747,85.59062600479126,87.53985,87.14126212121212
demo,D14,92,10,87.1241,86.40305000000001,86.43885866537683,84.94934736830896,84.86735442314148,87.1241,86.32403333333329
demo,D14,93,10,87.69145,86.4411,86.77310131306443,85.54720365326476,85.3049036266327,87.69145,87.08121969696971
demo,D14,94,10,87.88185,86.82079999999999,86.73108654467563,85.73789657934941,85.47989940223694,87.88185,87.20334999999997
demo,D14,95,10,87.1337,85.82835,86.61088712820523,85.19559480127472,85.18842791194916,87.1337,86.50421212121213
demo,D14,96,10,87.08785,86.4196,86.36118915972632,84.90751008782848,84.9026557460785,87.08785,86.32746212121211
demo,D14,97,10,87.1121,87.0038,86.58573505772304,85.0087643937912,85.17489981136322,87.1121,86.51267575757572
demo,D14,98,10,86.63035,86.7963,86.29095061217325,84.52259713543,84.68112600479127,86.63035,85.71988939393944
demo,D14,99,10,86.67925,86.28065000000001,86.01956051097113,84.54337419973173,84.38156747627258,86.67925,85.21356818181818
demo,D14,100,10,87.34375,86.4252,86.77416109836687,85.24209386643057,85.40724623203278,87.34375,86.58378333333333
demo,D14,101,10,86.69215,86.34385,86.09723019608522,84.52083865402324,84.52922237243652,86.69215,85.85455909090909
demo,D14,102,10,86.40305000000001,85.83539999999999,85.85535891367935,84.25880365326476,83.98837929420472,86.40305000000001,85.15572878787879
demo,D14,103,10,86.4411,86.0719,86.05452470394634,84.51555883690904,84.51265895233155,86.4411,85.27043636363636
demo,D14,104,10,86.82079999999999,86.2522,86.20482737794862,84.74699470610007,84.87649720268249,86.82079999999999,86.21239393939393
demo,D14,105,10,85.82835,85.25755000000001,85.48032266985751,83.8863895900899,83.89790635547638,85.82835,84.87071060606061
demo,D14,106,10,86.4196,85.7306,85.72365595758869,84.27535365326476,84.10372804603577,86.4196,85.56288484848487
demo,D14,107,10,87.0038,85.5869,85.85481332095895,84.82904736830896,84.68792804603576,87.0038,86.66383030303031
demo,D14,108,10,86.7963,85.43015,85.67970724755564,84.62154736830897,84.50121123199463,86.7963,86.55185454545453
demo,D14,109,10,86.28065000000001,85.32419999999999,85.31867660664305,84.11153994848668,83.96477804603578,86.28065000000001,85.86295000000001
demo,D14,110,10,86.4252,85.3098,85.73202823860409,84.2866159738527,84.47346331138611,86.4252,86.40440606060606
demo,D14,111,10,86.34385,85.25540000000001,85.37472977063379,84.1754583822224,84.02797804603577,86.34385,86.3525287878788
demo,D14,112,10,85.83539999999999,85.4166,85.13087524192342,83.63877214184306,83.42100252189636,85.83539999999999,85.44569999999999
demo,D14,113,10,86.0719,85.74065,85.2679056007086,83.89108236625947,83.7428554195404,86.0719,85.50699393939395
demo,D14,114,10,86.2522,84.86795000000001,85.33548140916896,84.09844736550099,83.93121849746704,86.2522,85.9083181818182
demo,D14,115,10,85.25755000000001,84.5893,84.8683869642294,83.09309982605765,82.9731502521515,85.25755000000001,83.99944393939394
demo,D14,116,10,85.7306,84.6194,85.22856150211508,83.57351220699435,83.44620025215148,85.7306,84.27965151515147
demo,D14,117,10,85.5869,84.75925,85.23121896253717,83.6714746639629,83.73167038383484,85.5869,84.33770909090909
demo,D14,118,10,85.43015,84.38875,85.1608030308783,83.50427307700637,83.54543897285461,85.43015,84.33062878787877
demo,D14,119,10,85.32419999999999,84.80385,84.96276722573366,83.22674959317867,83.3557042734146,85.32419999999999,84.13838484848479
demo,D14,120,10,85.3098,84.56855,84.80611664835781,83.20577704192809,83.34130427341461,85.3098,84.24213636363638
demo,D14,121,10,85.25540000000001,84.70195000000001,84.70820315777071,83.17996282765458,83.28556376495362,85.25540000000001,84.35718181818179
demo,D14,122,10,85.4166,84.08645,84.57609317007703,83.23249538017477,83.13104272994995,85.4166,84.56872121212123
demo,D14,123,10,85.74065,83.9479,84.65009511099021,83.55654538017477,83.47703343811035,85.74065,85.32829545454545
demo,D14,124,10,84.86795000000001,84.4571,84.24613588089434,82.92361072769138,82.98323897285462,84.86795000000001,84.57545303030305
demo,D14,125,10,84.5893,84.07415,83.92279348343673,82.40688474971257,82.30508335762023,84.5893,83.76935757575758
demo,D14,126,10,84.6194,83.89325,84.053399605268,82.50283583331735,82.64214513244629,84.6194,83.68479696969696
demo,D14,127,10,84.75925,84.0823,84.00366328039966,82.57193326061937,82.4695816783905,84.75925,83.8251590909091
demo,D14,128,10,84.38875,83.98975,83.73793060198403,82.28815123354904,82.41630236625672,84.38875,83.24890151515153
demo,D14,129,10,84.80385,83.33305,84.01776127026481,82.60889354110184,82.51452380905151,84.80385,83.74025909090908
demo,D14,130,10,84.56855,84.0436,83.67006937611028,82.37359354110184,82.18158281784058,84.56855,83.50634393939394
demo,D14,131,10,84.70195000000001,83.42335,83.80870703663484,82.50699354110185,82.31498281784059,84.70195000000001,83.76747424242429
demo,D14,132,10,84.08645,83.97465,83.71938048152303,82.15954220384864,82.17302038211822,84.08645,83.11852878787879
demo,D14,133,10,83.9479,82.98265,83.63195288951772,82.1328224108298,82.16508657016755,83.9479,83.24822424242426
demo,D14,134,10,84.4571,83.39595,83.51894045416677,82.29264982605764,82.07408484420776,84.4571,83.9389181818182
demo,D14,135,10,84.07415,83.1629,83.22569166726666,81.87919354110184,81.69113484420777,84.07415,83.39261363636363
demo,D14,136,10,83.89325,82.5438,83.19018450606718,81.69829354110183,81.51023484420776,83.89325,83.03219545454544
demo,D14,137,10,84.0823,83.25150000000001,83.23562182837827,81.91470146642801,81.69928484420777,84.0823,83.32609696969699
demo,D14,138,10,83.98975,82.3944,83.15677207789412,81.82529982605764,81.60673484420776,83.98975,83.1229712121212
demo,D14,139,10,83.33305,82.80155,83.06312650157571,81.38400128168209,81.46924422912598,83.33305,82.32259242424237
demo,D14,140,10,84.0436,84.31985,83.04648294477938,81.87243364612151,81.75938335762024,84.0436,83.29844848484846
demo,D14,141,10,83.42335,82.56465,82.85608030599029,81.452902048286,81.45369675121307,83.42335,82.75774999999999
demo,D14,142,10,83.97465,82.3697,82.91463132000112,81.77848540985184,81.68532380905151,83.97465,83.43395909090908
demo,D14,143,10,82.98265,82.798,82.36997226472354,80.84205599270452,80.98651762619019,82.98265,81.94696212121211
demo,D14,144,10,83.39595,82.39999999999999,82.72461275904385,81.26094327318499,81.40976254196167,83.39595,82.54716818181818
demo,D14,145,10,83.1629,82.27015,82.42996451247484,80.98533359118558,81.16320481815337,83.1629,82.24723030303029
demo,D14,146,10,82.5438,82.69095,82.07892217324587,80.55225112518322,80.63664865856171,82.5438,81.21340606060606
demo,D14,147,10,83.25150000000001,81.8749,82.51693707939386,81.07710605469754,81.0322252407074,83.25150000000001,82.18200303030302
demo,D14,148,10,82.3944,82.00375,82.16567195989485,80.47712996835841,80.49939477386475,82.3944,81.15729393939397
demo,D14,149,10,82.80155,82.9728,82.01118047031933,80.64082095556033,80.41458281784058,82.80155,81.3744924242425
demo,D14,150,10,84.31985,81.6048,82.84173627929438,82.13132512936939,81.93288281784058,84.31985,84.06912878787882
demo,D14,151,10,82.56465,82.42325000000001,81.72219731827757,80.36848540985184,80.2420877822876,82.56465,82.08589848484853
demo,D14,152,10,82.3697,81.74175,81.80372684331479,80.4524299683584,80.42860834331512,82.3697,82.02820000000001
demo,D14,153,10,82.798,81.9852,81.6483357607964,80.62919333517802,80.41498484420777,82.798,82.36057575757577
demo,D14,154,10,82.39999999999999,81.9005,81.6680519181959,80.26499327318498,80.3513919353485,82.39999999999999,81.94747575757573
demo,D14,155,10,82.27015,82.55355,81.5467550389057,80.10299793680672,79.92066293373108,82.27015,81.69705303030295
demo,D14,156,10,82.69095,81.32665,81.60496653085472,80.4968378488889,80.32025631637573,82.69095,81.92228636363632
demo,D14,157,10,81.8749,81.3731,81.33667648124079,79.90333350741507,79.8861622976303,81.8749,80.91951515151514
demo,D14,158,10,82.00375,81.5153,81.14918532383854,79.84302095556032,79.68163624763488,82.00375,80.52738636363632
demo,D14,159,10,82.9728,80.92099999999999,81.9319181433988,80.80714169480764,80.58978484420777,82.9728,81.82281515151519
demo,D14,160,10,81.6048,80.7713,81.55765187617568,80.0773365812157,79.97389854412079,81.6048,81.02645454545457
demo,D14,161,10,82.42325000000001,81.4928,81.31123890174688,80.23052669556613,80.07720998954774,82.42325000000001,82.02193484848485
demo,D14,162,10,81.74175,80.7422,81.00539913400053,79.54558540985184,79.30228256988525,81.74175,81.03291060606065
demo,D14,163,10,81.9852,82.12115,81.25502367556724,79.81469608369653,79.63571293373109,81.9852,81.46327575757579
demo,D14,164,10,81.9005,80.732,80.93276902520034,79.72126044358642,79.5314266090393,81.9005,81.35247878787881
demo,D14,165,10,82.55355,80.6601,81.40177468997656,80.35738540985184,80.12640451889038,82.55355,82.30961969696973
demo,D14,166,10,81.32665,81.05135,80.77720847649012,79.34376299145258,79.30190525093079,81.32665,80.96377424242428
demo,D14,167,10,81.3731,80.51129999999999,80.71788295884281,79.19226015501927,79.03127403793334,81.3731,80.53795151515149
demo,D14,168,10,81.5153,80.34434999999999,80.73096330062724,79.34479608369652,79.07583256988525,81.5153,80.43216666666666
demo,D14,169,10,80.92099999999999,80.28495,80.77145908189193,79.33949130813359,79.14925002670287,80.92099999999999,79.97095757575761
demo,D14,170,10,80.7713,80.12915000000001,80.2338186334533,78.59199206409868,78.46138183479309,80.7713,79.20939696969694
demo,D14,171,10,81.4928,79.99340000000001,80.67518096125919,79.3328443054588,79.39839029579163,81.4928,80.35924545454543
demo,D14,172,10,80.7422,79.95875,80.17186049659718,78.60416576685006,78.65654955596924,80.7422,79.28602424242423
demo,D14,173,10,82.12115,80.5216,80.70243826533145,79.9068577356111,79.69254039039612,82.12115,81.37796515151518
demo,D14,174,10,80.732,80.15005,80.03133738562634,78.66543451910539,78.66964448165893,80.732,79.87114242424244
demo,D14,175,10,80.6601,79.7469,80.50343739216842,78.99972022456818,78.90038873443604,80.6601,80.21935454545452
demo,D14,176,10,81.05135,80.0587,79.92970368568261,78.8370577356111,78.60813749084473,81.05135,80.65570151515152
demo,D14,177,10,80.51129999999999,79.2017,79.63800983389874,78.33520880321603,78.13456550483703,80.51129999999999,79.93051212121212
demo,D14,178,10,80.34434999999999,80.0041,79.70925078179258,78.26463084360141,78.24994029579162,80.34434999999999,79.68661969696969
demo,D14,179,10,80.28495,79.8934,79.4091428745392,78.11444608369652,77.94312403793334,80.28495,79.26361060606058
demo,D14,180,10,80.12915000000001,80.08915,79.31834749044704,77.94658698455547,77.69825943984986,80.12915000000001,78.63651666666665
demo,D15,6,10,98.68205,96.6973,96.37951186537671,96.39164722527666,96.53369523124695,98.68205,97.24583571428575
demo,D15,7,10,98.2959,96.25845,96.28083830157179,96.08430608831844,96.22068823661805,98.2959,96.8917928571429
demo,D15,8,10,97.55055,95.6187,95.77886216996598,95.61728451982431,95.63766731433869,97.55055,95.65570476190483
demo,D15,9,10,97.64895,95.6828,95.64717238872547,95.58905033362376,95.61341776390076,97.64895,95.71701666666662
demo,D15,10,10,97.3126,95.699,95.31414582110556,95.31813085681712,95.34104309806824,97.3126,95.2837
demo,D15,11,10,97.54365,95.20415,95.46228835782911,95.42444805655364,95.4337798046112,97.54365,95.55379545454548
demo,D15,12,10,97.01825,95.4344,95.08727113022353,95.03133685713331,95.01299740028381,97.01825,94.89706212121209
demo,D15,13,10,96.89595,95.62190000000001,95.03389423406516,94.9591381452541,94.97939674110413,96.89595,94.9526893939394
demo,D15,14,10,96.648,94.48715,94.711319518076,94.672736048038,94.65112399864196,96.648,94.71659090909084
demo,D15,15,10,96.04665,94.12795,94.13431579510085,94.05721597962577,94.04153377571106,96.04665,93.61101666666666
demo,D15,16,10,96.6973,93.78295,94.63914144859504,94.69837181722824,94.68117694358826,96.6973,94.77640303030304
demo,D15,17,10,96.25845,93.19205000000001,94.2240240030337,94.26520876309665,94.28136941642761,96.25845,94.59605909090912
demo,D15,18,10,95.6187,94.00625000000001,93.61163143859744,93.62319981397283,93.60071894760132,95.6187,93.61592424242427
demo,D15,19,10,95.6828,93.30085,93.6705548868065,93.6919809253169,93.68411213665009,95.6828,93.67436666666667
demo,D15,20,10,95.699,93.4439,93.5614887257061,93.60057782662967,93.56189048194885,95.699,93.70783333333333
demo,D15,21,10,95.20415,93.278,93.30527721967876,93.26819947044005,93.29402498283386,95.20415,93.30995303030306
demo,D15,22,10,95.4344,92.40395,93.26395350409685,93.33186584544883,93.29729048194885,95.4344,93.69607272727275
demo,D15,23,10,95.62190000000001,92.22155,93.22126676108702,93.42969813266183,93.43459216537477,95.62190000000001,94.25216363636365
demo,D15,24,10,94.48715,92.79615,92.48848891350417,92.50291729565133,92.47537045326233,94.48715,92.85618030303029
demo,D15,25,10,94.12795,92.0231,92.1626296677853,92.13023505669233,92.11643390579223,94.12795,91.90084090909089
demo,D15,26,10,93.78295,91.61685,92.14319970302661,91.96543890308102,91.93249006671905,93.78295,91.43785606060607
demo,D15,27,10,93.19205000000001,91.27159999999999,91.63759656848399,91.39881744441352,91.38934220867158,93.19205000000001,90.46735000000001
demo,D15,28,10,94.00625000000001,91.31240000000001,91.92037543074909,91.76223442113643,91.8567949295044,94.00625000000001,91.29123787878791
demo,D15,29,10,93.30085,91.57634999999999,91.48894627663152,91.2678045725747,91.23630389175415,93.30085,90.44894393939396
demo,D15,30,10,93.4439,91.09819999999999,91.39482286486955,91.33848750806929,91.33750451698303,93.4439,90.83264848484848
demo,D15,31,10,93.278,90.7151,91.27950012910641,91.12120906652281,91.0908035068512,93.278,90.76035757575762
demo,D15,32,10,92.40395,90.90465,90.75529637663364,90.49650703757656,90.42243900318145,92.40395,89.89013484848482
demo,D15,33,10,92.22155,90.6138,90.48256497216394,90.22079962824125,90.34570826320648,92.22155,90.10439848484847
demo,D15,34,10,92.79615,90.06174999999999,90.36736893255228,90.39150915995465,90.45278719177246,92.79615,91.04474393939394
demo,D15,35,10,92.0231,90.5603,89.73728138991544,89.78831865125697,89.81869874534607,92.0231,90.18127878787881
demo,D15,36,10,91.61685,89.41865,89.46212656861097,89.454750360903,89.4036947303772,91.61685,89.48815606060604
demo,D15,37,10,91.27159999999999,89.58725,89.11848684195658,89.09284876929348,89.08302306327819,91.27159999999999,88.53633939393939
demo,D15,38,10,91.31240000000001,88.90435,89.31433825633906,89.22258050443087,89.23591698875428,91.31240000000001,88.7684090909091
demo,D15,39,10,91.57634999999999,89.05705,89.21228259041263,89.23094503226723,89.31152179489135,91.57634999999999,89.22386212121208
demo,D15,40,10,91.09819999999999,88.4751,88.82632572610791,88.88132926680458,89.00345770187377,91.09819999999999,88.98080303030302
demo,D15,41,10,90.7151,88.45100000000001,88.64489546245825,88.58220559881619,88.61791295776368,90.7151,88.7975575757576
demo,D15,42,10,90.90465,88.79209999999999,88.41402230372402,88.55279621398472,88.59041669692994,90.90465,89.0183075757576
demo,D15,43,10,90.6138,88.12259999999999,88.09043584579163,88.16770862384575,88.27659673576355,90.6138,88.66014545454544
demo,D15,44,10,90.06174999999999,87.74159999999999,87.95513419816282,87.90155838764262,87.9963315181732,90.06174999999999,88.31761060606058
demo,D15,45,10,90.5603,87.1272,87.99647146801135,88.01925479245209,88.17736829071045,90.5603,89.11368787878784
demo,D15,46,10,89.41865,87.17665,87.19719528681485,87.10008085191367,87.17506107559204,89.41865,87.55332272727271
demo,D15,47,10,89.58725,87.83735,87.31769109360822,87.03188574567324,87.24984241104126,89.58725,87.431453030303
demo,D15,48,10,88.90435,86.90605000000001,87.09583274038953,86.69850049529373,86.68602510032653,88.90435,86.31695606060612
demo,D15,49,10,89.05705,86.65775,87.1365069060655,86.86143738880439,86.90269375877381,89.05705,86.58920151515152
demo,D15,50,10,88.4751,86.104,86.57395352693173,86.24073202657863,86.33564301261902,88.4751,85.79597272727271
demo,D15,51,10,88.45100000000001,86.41525,86.36563636559741,86.18446882018351,86.20552160835267,88.45100000000001,85.61000000000001
demo,D15,52,10,88.79209999999999,86.13095,86.41374995457362,86.43164555212735,86.48278193435668,88.79209999999999,86.37608484848484
demo,D15,53,10,88.12259999999999,85.47635,86.06235233839016,85.83740507597682,85.83598844299316,88.12259999999999,85.8285545454545
demo,D15,54,10,87.74159999999999,85.35810000000001,85.54177996853747,85.45114096406608,85.45625921401977,87.74159999999999,85.29563636363636
demo,D15,55,10,87.1272,84.7684,85.39903066932631,84.8502347827653,84.96732508392334,87.1272,84.80778787878788
demo,D15,56,10,87.17665,85.34175,85.07221294777501,84.91556923282818,84.94199414291381,87.17665,84.66579545454543
demo,D15,57,10,87.83735,84.13325,85.24131619201867,85.22425832323859,85.29410039291382,87.83735,85.87959242424246
demo,D15,58,10,86.90605000000001,84.0684,84.49873406106525,84.45720885464922,84.5067854259491,86.90605000000001,84.75025000000002
demo,D15,59,10,86.65775,83.93535,84.48428511180498,84.30309821077245,84.25532471084594,86.65775,84.51248939393935
demo,D15,60,10,86.104,83.22295,83.92562653808949,83.81269433107586,83.77716389083862,86.104,83.57009090909095
demo,D15,61,10,86.41525,83.648,84.0247328909212,84.03315511825592,84.11149590873718,86.41525,83.93380454545456
demo,D15,62,10,86.13095,83.5351,83.83182292460116,83.74107669850507,83.82962587089538,86.13095,84.02105303030305
demo,D15,63,10,85.47635,82.97919999999999,83.23741496938284,83.117858804777,83.21995394477844,85.47635,83.25717727272729
demo,D15,64,10,85.35810000000001,81.92505,83.1031261468484,82.97497263240862,83.01869350967408,85.35810000000001,83.03190909090908
demo,D15,65,10,84.7684,82.4106,82.59610843646378,82.4480935802615,82.48976187553406,84.7684,81.8928454545455
demo,D15,66,10,85.34175,81.82034999999999,82.84360453202117,82.80860298909701,82.7715562324524,85.34175,82.54845000000002
demo,D15,67,10,84.13325,81.8069,82.41874890504695,81.8427774345156,82.08905554008484,84.13325,81.42590151515155
demo,D15,68,10,84.0684,82.17635,82.00223167950607,81.73871336962047,81.80053815689087,84.0684,81.23974545454546
demo,D15,69,10,83.93535,80.76105,81.7716827104085,81.60078333974212,81.7051356426239,83.93535,81.0912409090909
demo,D15,70,10,83.22295,80.9967,81.30379287313639,80.8798616509721,80.89228679580688,83.22295,79.93562575757575
demo,D15,71,10,83.648,81.24025,81.41698151389215,81.3199359338333,81.36979985046386,83.648,80.70602424242423
demo,D15,72,10,83.5351,80.5302,81.24407450638316,81.20581411090164,81.28594352493286,83.5351,81.02278181818185
demo,D15,73,10,82.97919999999999,80.7928,80.5087641606636,80.60781648976042,80.57911645812987,82.97919999999999,80.47156969696971
demo,D15,74,10,81.92505,82.223,79.98062165160712,79.59964412515339,79.75786826972961,81.92505,79.07096818181815
demo,D15,75,10,82.4106,80.10005,79.92701020177194,79.93715155654836,79.94574933586121,82.4106,79.49790606060608
demo,D15,76,10,81.82034999999999,80.0146,79.74541283855902,79.42469611664113,79.57574660453795,81.82034999999999,79.19511666666666
demo,D15,77,10,81.8069,79.6301,79.41808298818766,79.3344022295273,79.40124199333191,81.8069,79.08296060606065
demo,D15,78,10,82.17635,79.27720000000001,79.4176338589921,79.60944433751543,79.64525449523926,82.17635,79.79397121212119
demo,D15,79,10,80.76105,79.3545,78.59654888608377,78.36917579783942,78.42782117347717,80.76105,78.08888939393938
demo,D15,80,10,80.9967,79.29310000000001,78.35257178226328,78.51667714956749,78.52478570861817,80.9967,78.0731242424242
demo,D15,81,10,81.24025,77.9623,78.5869148584342,78.729650186617,78.73233927154541,81.24025,78.75131969696972
demo,D15,82,10,80.5302,78.20215,78.2445091944128,78.07452785389403,78.1789545967102,80.5302,78.305196969697
demo,D15,83,10,80.7928,77.94485,78.02479190261973,78.21750147417886,78.26525264053345,80.7928,78.96859090909093
demo,D15,84,10,82.223,77.5737,78.34046781065487,79.45018445368552,79.28250307846069,82.223,81.14194545454545
demo,D15,85,10,80.10005,77.74105,77.3414668539699,77.65727509644816,77.64554813270568,80.10005,78.89176212121217
demo,D15,86,10,80.0146,77.26769999999999,77.3066338620257,77.36450527637246,77.38078065834046,80.0146,78.5190363636364
demo,D15,87,10,79.6301,77.51175,77.10171691621775,77.12106797805559,77.05228899726868,79.6301,77.84744545454544
demo,D15,88,10,79.27720000000001,77.00735,76.96870774648119,76.9161946010458,76.98854757995606,79.27720000000001,77.52511818181819
demo,D15,89,10,79.3545,76.8294,76.56813010423532,76.58570415122533,76.50974816513062,79.3545,77.08303333333333
demo,D15,90,10,79.29310000000001,75.8026,76.63329665518889,76.639407425938,76.59780776557923,79.29310000000001,76.79634848484854
demo,D15,91,10,77.9623,75.6625,76.2456644041253,75.70594466219579,75.73924082260132,77.9623,74.88323636363641
demo,D15,92,10,78.20215,76.8967,75.99872607312788,75.84619947097127,75.73624481048584,78.20215,74.59556212121213
demo,D15,93,10,77.94485,75.7841,75.97296542621378,75.63138478763568,75.59147218093872,77.94485,74.127646969697
demo,D15,94,10,77.5737,75.98975,76.06874539228427,75.28824591480654,75.46009688491822,77.5737,74.64210909090903
demo,D15,95,10,77.74105,74.58709999999999,75.21168142495159,75.33482779044962,75.27688860397339,77.74105,74.93460454545453
demo,D15,96,10,77.26769999999999,74.2722,75.02168983821613,74.95371295401797,74.92976264495849,77.26769999999999,74.5571818181818
demo,D15,97,10,77.51175,75.17425,74.9657446073576,75.0220033480378,74.9873736076355,77.51175,75.1069015151515
demo,D15,98,10,77.00735,74.04505,74.50541557733878,74.56993715408376,74.53975752220154,77.00735,74.65454696969698
demo,D15,99,10,76.8294,73.98565,74.14750797413042,74.40873609389108,74.38735288085938,76.8294,74.75824545454546
demo,D15,100,10,75.8026,73.2231,73.62699778677947,73.41795773576531,73.58551082382202,75.8026,73.71816060606068
demo,D15,101,10,75.6625,73.59135,73.01672710235289,73.2444689626461,73.11882123947143,75.6625,73.02424848484847
demo,D15,102,10,76.8967,72.50935,73.73345538640689,74.00776633212851,74.10286126060485,76.8967,74.8165
demo,D15,103,10,75.7841,72.48525000000001,73.12055714614205,73.20765578090506,73.223224584198,75.7841,73.6417818181818
demo,D15,104,10,75.98975,72.2967,72.895776605898,73.13867380016968,73.27849754905701,75.98975,73.91196212121211
demo,D15,105,10,74.58709999999999,72.31855,72.20765438220754,72.22218256118744,72.19150373420715,74.58709999999999,72.1123212121212
demo,D16,6,10,97.13765,93.66675,93.61481060023898,94.02488077666422,94.02967952384948,97.13765,93.86872142857142
demo,D16,7,10,96.9579,93.03495000000001,93.29082700438735,93.80943343601523,93.84554190673828,96.9579,93.72907857142857
demo,D16,8,10,96.89320000000001,92.84360000000001,93.17887211869744,93.75050348545957,93.86899336166383,96.89320000000001,93.8962416666667
demo,D16,9,10,96.17599999999999,92.08800000000001,92.62977256665089,93.06663436913537,93.11116063690184,96.17599999999999,93.0089083333333
demo,D16,10,10,96.0211,92.12455,92.39013094094626,92.91794061119313,92.95281858787537,96.0211,92.85565454545456
demo,D16,11,10,95.46114999999999,91.81315,91.94602567660516,92.33407000583541,92.28228862037658,95.46114999999999,92.08269848484849
demo,D16,12,10,94.9129,91.98685,91.37679769388973,91.62503588016554,91.59296491661071,94.9129,91.0633
demo,D16,13,10,94.66735,91.47915,91.43335977017125,91.36996181089448,91.24518699035644,94.66735,91.1908318181818
demo,D16,14,10,94.26805,90.39345,90.68959651647677,90.7788804201674,90.77080874137879,94.26805,90.54225909090908
demo,D16,15,10,94.1652,91.0114,90.51330523059508,90.74471820791122,90.57853746910095,94.1652,90.46462424242425
demo,D16,16,10,93.66675,90.02405,90.08133418598817,90.223510544939,90.15228538322448,93.66675,89.85671363636366
demo,D16,17,10,93.03495000000001,89.51464999999999,89.57308619552272,89.65033696172318,89.41985271568299,93.03495000000001,89.07171666666667
demo,D16,18,10,92.84360000000001,89.15825,89.39350334046222,89.43880400654221,89.34554048881532,92.84360000000001,89.05517272727278
demo,D16,19,10,92.08800000000001,88.72545,88.61761543026746,88.67883467335538,88.56672519493104,92.08800000000001,88.07496060606066
demo,D16,20,10,92.12455,89.01575000000001,88.53134347314476,88.58317997735251,88.52861656265259,92.12455,88.29908333333336
demo,D16,21,10,91.81315,87.9503,88.09560853521317,88.15140823726098,88.24903185310363,91.81315,88.1044106060606
demo,D16,22,10,91.98685,87.7977,87.94796853297943,88.39890026097812,88.30982801971436,91.98685,88.56626515151517
demo,D16,23,10,91.47915,86.5559,87.55418779581139,87.81764852974577,87.80304998435975,91.47915,88.26076515151516
demo,D16,24,10,90.39345,88.1991,86.70019526333175,86.77959880276855,86.78418371887207,90.39345,86.90531363636359
demo,D16,25,10,91.0114,86.90535,86.98506304790354,87.40232998032349,87.35497714653015,91.0114,87.99165757575756
demo,D16,26,10,90.02405,86.79535,86.14099890771033,86.37518439527108,86.42539024620056,90.02405,86.98412575757577
demo,D16,27,10,89.51464999999999,85.62805,85.55663067051884,85.71428596232349,85.8841749557495,89.51464999999999,86.19702878787878
demo,D16,28,10,89.15825,85.53144999999999,85.54577970686238,85.43573840312986,85.50870742988586,89.15825,85.66766818181816
demo,D16,29,10,88.72545,85.01530000000001,84.87937569205923,84.94092060493962,85.03736897392272,88.72545,84.76881060606061
demo,D16,30,10,89.01575000000001,84.7619,85.04431287944662,85.22382800201754,85.2631672115326,89.01575000000001,85.18334696969698
demo,D16,31,10,87.9503,84.14745,84.31453947433238,84.25584475280618,84.2270789363861,87.9503,83.83020303030305
demo,D16,32,10,87.7977,84.40335,84.25833001562066,84.3977341146127,84.22396881599427,87.7977,83.89069696969698
demo,D16,33,10,86.5559,83.2533,83.38131302021334,83.1161662059253,82.9518538936615,86.5559,82.35395454545456
demo,D16,34,10,88.1991,83.8707,83.85304946856671,84.43076227947336,84.20556734237671,88.1991,84.47146060606063
demo,D16,35,10,86.90535,83.04395,83.24051661193499,83.39394318572604,83.24143436584473,86.90535,83.62428333333337
demo,D16,36,10,86.79535,82.52825,82.7619486033906,83.02684482799148,82.99194304618835,86.79535,83.74032575757573
demo,D16,37,10,85.62805,81.5729,81.89698380659911,82.04445842118591,81.99828401260376,85.62805,82.21411666666667
demo,D16,38,10,85.53144999999999,81.76355,81.67817147313454,81.73632575012182,81.90617915649413,85.53144999999999,81.9394196969697
demo,D16,39,10,85.01530000000001,81.2766,81.2016769706714,81.11259174057324,81.18107148437501,85.01530000000001,81.11471515151514
demo,D16,40,10,84.7619,80.06345,81.14680655907011,81.30670481628718,81.15421014251709,84.7619,81.05779090909094
demo,D16,41,10,84.14745,79.8811,80.39524195767008,80.33993973824137,80.47967770690919,84.14745,80.10998030303031
demo,D16,42,10,84.40335,80.0121,80.36812052253742,80.52152942519908,80.60512555084229,84.40335,80.5313196969697
demo,D16,43,10,83.2533,79.4663,79.42837986876623,79.3623040488383,79.52389888839721,83.2533,78.50297878787877
demo,D16,44,10,83.8707,78.9521,80.02110926720701,80.27539034083095,80.08342492408752,83.8707,80.07463333333337
demo,D16,45,10,83.04395,79.03065000000001,79.10194125899787,79.314308611772,79.36359468955993,83.04395,79.41333787878786
demo,D16,46,10,82.52825,78.04100000000001,78.65953550643265,78.99203156776258,78.92056014251709,82.52825,79.17651666666664
demo,D16,47,10,81.5729,77.7679,77.83308691917188,77.93694727376766,77.87043398895264,81.5729,77.71796969696965
demo,D16,48,10,81.76355,77.30799999999999,77.85089946551962,77.88599493212955,78.0172645614624,81.76355,77.936546969697
demo,D16,49,10,81.2766,77.252,77.24259558334543,77.35054534609533,77.57855784568787,81.2766,77.32453030303031
demo,D16,50,10,80.06345,76.17914999999999,76.65817697389659,76.47529622023575,76.25412573547364,80.06345,75.60883787878784
demo,D16,51,10,79.8811,76.14104999999999,76.29115286165117,76.19689103498021,76.07834774360657,79.8811,74.98435757575757
demo,D16,52,10,80.0121,75.3681,76.30063536347713,76.36180594768925,76.336971301651,80.0121,75.43241515151513
demo,D16,53,10,79.4663,75.3849,75.4879678116912,75.50514704580995,75.62897156600953,79.4663,74.67153636363632
demo,D16,54,10,78.9521,76.21095,75.33833627452057,75.26767929914,75.01336236915589,78.9521,74.53241515151518
demo,D16,55,10,79.03065000000001,74.88645000000001,75.05857044872626,75.17020527602347,75.03606496276856,79.03065000000001,75.07391666666669
demo,D16,56,10,78.04100000000001,74.03755,74.08233256032021,74.29221169875002,74.13121139144899,78.04100000000001,74.15006969696972
demo,D16,57,10,77.7679,74.00670000000001,73.5895838999331,73.7036542358383,73.72195864715576,77.7679,73.7008181818182
demo,D16,58,10,77.30799999999999,73.38130000000001,73.06363535256969,73.53662620923704,73.32851925659179,77.30799999999999,73.40222424242423
demo,D16,59,10,77.252,73.43465,73.23652153555929,73.40102471903455,73.1903749961853,77.252,73.69241818181814
demo,D16,60,10,76.17914999999999,72.57605000000001,72.0593387409154,72.21413291994004,72.0404666809082,76.17914999999999,72.05963484848483
demo,D16,61,10,76.14104999999999,71.31115,72.08335550287885,72.12902824432578,72.13585056762695,76.14104999999999,71.79007727272726
demo,D16,62,10,75.3681,72.0588,71.48311213074209,71.64899328746344,71.31222565231323,75.3681,70.90473333333337
demo,D16,63,10,75.3849,71.23925,71.26769076790227,71.57023117778462,71.37527599563599,75.3849,71.01734545454546
demo,D16,64,10,76.21095,71.47909999999999,71.39301104759934,72.13873578620466,71.92867575378418,76.21095,72.54169545454543
demo,D16,65,10,74.88645000000001,70.6489,70.62638098414097,71.01018741868033,70.78408402938844,74.88645000000001,71.57766818181821
demo,D16,66,10,74.03755,69.70524999999999,69.70372784758517,70.03707444830849,69.93518402938842,74.03755,70.46876515151519
demo,D16,67,10,74.00670000000001,69.73885,69.77253430870454,69.9673868046189,69.96075864715577,74.00670000000001,70.46428484848485
demo,D16,68,10,73.38130000000001,69.45995,69.02521793571701,69.44569400710766,69.34474470977784,73.38130000000001,69.67343030303034
demo,D16,69,10,73.43465,68.99125000000001,69.2338350874072,69.47344893693851,69.45666056480408,73.43465,70.02905606060608
demo,D16,70,10,72.57605000000001,68.28415,68.34331048256665,68.54969722738947,68.66774983863831,72.57605000000001,68.75188030303033
demo,D16,71,10,71.31115,68.3425,67.66128161274541,67.65397809333002,67.39923422088623,71.31115,66.7897984848485
demo,D16,72,10,72.0588,67.32605000000001,67.6455952757464,67.95620935417139,67.84956194763184,72.0588,67.31821818181825
demo,D16,73,10,71.23925,68.28144999999999,67.37545181887587,67.50242299538913,67.20444708633423,71.23925,66.24473787878792
demo,D16,74,10,71.47909999999999,66.74335,67.60846317331274,67.66678903145879,67.47482610855101,71.47909999999999,67.41468787878786
demo,D16,75,10,70.6489,66.45115,66.39694888308212,66.82401716486967,66.70722719802856,70.6489,66.7523090909091
demo,D16,76,10,69.70524999999999,65.8429,65.58969332303516,65.90059474040031,65.70626256370544,69.70524999999999,65.4094712121212
demo,D16,77,10,69.73885,65.88589999999999,65.69021625107882,66.00500284445347,65.72922599563599,69.73885,65.56677121212125
demo,D16,78,10,69.45995,65.1823,65.2083412614176,65.50561753097188,65.42339470977784,69.45995,65.35982575757576
demo,D16,79,10,68.99125000000001,64.6922,64.8220115872437,65.21526875734871,65.0117692565918,68.99125000000001,65.21830757575758
demo,D16,80,10,68.28415,64.3226,64.11541842773461,64.41414049030206,64.18178402938842,68.28415,64.41889242424236
demo,D16,81,10,68.3425,64.0389,63.70970873149384,64.13680686115872,64.06022575378418,68.3425,64.0937181818182
demo,D16,82,10,67.32605000000001,63.46505,63.406732661521325,63.63219582614315,63.401573138046274,67.32605000000001,62.9975863636364
demo,D16,83,10,68.28144999999999,62.4231,63.57336614859182,64.14042708971128,63.99917575378417,68.28144999999999,64.42173181818185
demo,D16,84,10,66.74335,62.865249999999996,62.63122468329885,62.92283446373995,62.656439275360114,66.74335,63.031834848484856
demo,D16,85,10,66.45115,62.14615,62.01421276692029,62.56447227883697,62.334096014404295,66.45115,62.749019696969754
demo,D16,86,10,65.8429,61.8869,61.44062134637617,61.79726532860418,61.68952866592407,65.8429,61.69810000000002
demo,D16,87,10,65.88589999999999,61.13025,61.336990709249584,61.71051490245479,61.732528665924065,65.88589999999999,61.81244848484843
demo,D16,88,10,65.1823,60.27395,60.84969646004206,61.22378370016326,61.065246014404295,65.1823,61.07750606060607
demo,D16,89,10,64.6922,59.70755,60.64214908678435,60.77481562429022,60.509921366882324,64.6922,60.49477272727272
demo,D16,90,10,64.3226,59.67654999999999,60.065275603378026,60.358739334485726,60.13837634811401,64.3226,59.880636363636384
demo,D16,91,10,64.0389,59.68305,59.78802063104796,60.18622121100578,60.014587980651854,64.0389,59.71674242424243
demo,D16,92,10,63.46505,60.6412,59.15149488213483,59.380874672763156,59.328027027893064,63.46505,58.79370454545452
demo,D16,93,10,62.4231,58.7526,58.81467048297581,58.66258420848453,58.38441086349487,62.4231,57.93916363636361
demo,D16,94,10,62.865249999999996,57.91245000000001,58.46623664526307,58.71728138020954,58.71187866592407,62.865249999999996,58.49459848484843
demo,D16,95,10,62.14615,57.5584,57.87529384379463,58.31807271892984,58.121837980651854,62.14615,57.7718196969697
demo,D16,96,10,61.8869,57.76675,57.31765047111675,57.76594162313512,57.75155263366699,61.8869,57.483799999999995
demo,D16,97,10,61.13025,56.5295,57.085307990941885,57.24222447352675,57.04879047775268,61.13025,56.79384393939393
demo,D16,98,10,60.27395,58.064499999999995,56.1840945950745,56.36674094032166,56.15698756713867,60.27395,55.64454090909094
demo,D16,99,10,59.70755,56.6122,55.81574864519151,55.812307615844915,55.64243883972168,59.70755,54.744410606060626
demo,D16,100,10,59.67654999999999,56.25215,55.58576602143949,55.774513165890525,55.559587567138664,59.67654999999999,54.72057121212122
demo,D16,101,10,59.68305,55.28775,55.19729583478126,55.67173242155668,55.55555900268555,59.68305,55.111801515151505
demo,D16,102,10,60.6412,54.6322,55.4767579834944,56.347602884112916,56.33863204116821,60.6412,57.12272424242425
demo,D16,103,10,58.7526,54.4021,54.119111873973516,54.50634320912037,54.60467986831665,58.7526,54.90440303030302
demo,D16,104,10,57.91245000000001,54.127700000000004,53.65684756752548,53.844014369539586,53.71391455764771,57.91245000000001,54.015943939393956
demo,D16,105,10,57.5584,53.219249999999995,53.08644876597834,53.336894885945256,53.28021510925293,57.5584,53.54140606060606
demo,D16,106,10,57.76675,52.6428,53.158778742525655,53.44821947029682,53.43025889205933,57.76675,54.12617121212123
demo,D16,107,10,56.5295,52.446099999999994,52.02484262679178,52.29626004103629,52.20833253097534,56.5295,52.58545151515152
demo,D16,108,10,58.064499999999995,51.85705,52.810108520474735,53.54899032313311,53.20689454269409,58.064499999999995,54.641054545454594
demo,D16,109,10,56.6122,52.0179,51.67284242893574,52.09047217059689,52.04835198135376,56.6122,52.8074060606061
demo,D16,110,10,56.25215,51.017,51.581022899164566,51.78050436463337,51.7793979057312,56.25215,52.22414393939399
demo,D16,111,10,55.28775,50.7863,51.0165929400008,50.992150332612894,50.97258877182007,55.28775,50.92990757575758
demo,D16,112,10,54.6322,50.6076,50.98071629257514,50.55579426647658,50.422406909179685,54.6322,50.75847878787878
demo,D16,113,10,54.4021,50.2511,50.03213333278119,50.13627401609307,50.07641020736694,54.4021,50.35628787878787
demo,D16,114,10,54.127700000000004,49.4836,49.53458394080179,49.67249651238743,49.72239556808472,54.127700000000004,49.72735757575761
demo,D16,115,10,53.219249999999995,49.0896,49.05619821074022,49.08691351060923,48.968196189880366,53.219249999999995,48.19158333333332
demo,D16,116,10,52.6428,48.2219,48.863034895515476,48.495507248680155,48.42462601928711,52.6428,47.338239393939396
demo,D16,117,10,52.446099999999994,48.386,48.29967962081091,48.0542295639562,48.096410516357416,52.446099999999994,46.55360606060602
demo,D16,118,10,51.85705,48.00965,48.250902601303515,47.635411533600276,47.652105866241456,51.85705,46.57361363636363
demo,D16,119,10,52.0179,46.62035,47.79927537097527,47.80372509992442,47.72651673355102,52.0179,47.215475757575696
demo,D16,120,10,51.017,47.26065,46.95925954961999,46.744579063285705,46.67849473190308,51.017,46.46649393939397
demo,D16,121,10,50.7863,46.0713,46.493177830434206,46.45831474178289,46.44779473190307,50.7863,46.353506060606044
demo,D16,122,10,50.6076,46.009,45.93475806746267,45.91904921395067,46.12447908172607,50.6076,46.30364242424243
demo,D16,123,10,50.2511,45.40245,45.469122419499605,45.6072909121778,45.767979081726075,50.2511,46.21595454545452
demo,D16,124,10,49.4836,44.909,44.75406908735799,45.01182230403683,45.05878529891968,49.4836,45.61884848484849
demo,D16,125,10,49.0896,44.4125,44.209388139797845,44.4438063030897,44.60647908172607,49.0896,45.137621212121225
demo,D16,126,10,48.2219,43.7235,43.67681719801469,43.748942011237304,43.78229571762085,48.2219,43.82566666666667
demo,D16,127,10,48.386,43.7246,43.93318683661239,43.74503843501273,43.90287908172608,48.386,44.03975454545458
demo,D16,128,10,48.00965,43.02725,43.23009031393654,43.31989206664552,43.4799025138855,48.00965,43.60754393939398
demo,D16,129,10,46.62035,42.26525,42.413828993875015,42.21762690568784,42.124261018371584,46.62035,41.978168181818184
demo,D16,130,10,47.26065,41.892,42.318834152127735,42.58097796933813,42.708465895080565,47.26065,42.71462878787881
demo,D16,131,10,46.0713,41.358650000000004,41.700972539455016,41.671831959953,41.63808915023804,46.0713,41.27421818181825
demo,D16,132,10,46.009,41.1323,41.37552683855024,41.55781914659977,41.57578915023804,46.009,41.37925757575755
demo,D16,133,10,45.40245,40.9779,41.237434394066156,40.97755885245971,40.96923915023804,45.40245,40.92894090909092
demo,D16,134,10,44.909,40.16115,40.570569086002514,40.444780199337345,40.475789150238036,44.909,40.398618181818236
demo,D16,135,10,44.4125,40.2087,40.126000095261865,39.98960784245031,39.97928915023804,44.4125,39.886257575757554
demo,D16,136,10,43.7235,39.42125,39.33589740433036,39.26903491696292,39.22741101837158,43.7235,38.794033333333346
demo,D16,137,10,43.7246,38.9106,39.29176353132507,39.29498177187363,39.228511018371584,43.7246,39.04716969696972
demo,D16,138,10,43.02725,38.542300000000004,38.724873659857586,38.59158293262563,38.531161018371584,43.02725,38.53560151515153
demo,D16,139,10,42.26525,38.49505,37.90780563119346,37.66940504825553,37.74384287261963,42.26525,37.2214742424242
demo,D16,140,10,41.892,37.2038,37.76914726571272,37.50836444258039,37.395911018371585,41.892,37.04726363636365
demo,D16,141,10,41.358650000000004,37.6502,36.94767587517659,36.959844757492434,36.862561018371586,41.358650000000004,36.2798803030303
demo,D16,142,10,41.1323,36.97885,36.71302308477825,36.73349475749244,36.63621101837158,41.1323,36.22573030303028
demo,D16,143,10,40.9779,36.2213,36.31877790028496,36.50721797597082,36.48181101837158,40.9779,36.34606060606056
demo,D16,144,10,40.16115,36.119099999999996,35.72950897799418,35.7635330117408,35.635356924438476,40.16115,35.565883333333325
demo,D16,145,10,40.2087,35.203250000000004,35.34976134112726,35.533124066373134,35.60692816848755,40.2087,35.92043939393942
demo,D16,146,10,39.42125,34.921,34.69405096175119,34.745494553591044,34.81947816848755,39.42125,35.060695454545474
demo,D16,147,10,38.9106,34.20755,34.40462771697139,34.4677518193707,34.38480692443848,38.9106,34.721433333333316
demo,D16,148,10,38.542300000000004,34.19405,33.92903126524272,33.985034842246975,34.01650692443848,38.542300000000004,34.442245454545464
demo,D16,149,10,38.49505,33.225500000000004,33.57833136262438,33.70239643301074,33.84665160064697,38.49505,34.49396515151521
demo,D16,150,10,37.2038,32.95525,32.71951511202704,32.71086380806366,32.67800692443848,37.2038,32.8055272727273
demo,D16,151,10,37.6502,32.706849999999996,32.67180937385314,32.66083803085309,32.8317185546875,37.6502,33.31093030303026
demo,D16,152,10,36.97885,32.3494,32.20579712074047,32.051654178936296,32.2116495300293,36.97885,32.63100151515154
demo,D16,153,10,36.2213,31.3199,31.84258810959909,31.70557920064238,31.568362587738036,36.2213,31.85217878787881
demo,D16,154,10,36.119099999999996,31.32295,31.293105006161294,31.157507642203434,31.351899530029293,36.119099999999996,31.70501818181817
demo,D16,155,10,35.203250000000004,30.3326,30.979803009202932,30.700143085141384,30.55031258773804,35.203250000000004,30.76629848484842
demo,D16,156,10,34.921,29.5117,30.397949809446192,30.344864247052193,30.30806350326538,34.921,30.38897878787876
demo,D16,157,10,34.20755,29.46145,29.944912360814747,29.727706587521077,29.59461350326538,34.20755,29.39635606060611
demo,D16,158,10,34.19405,29.464800000000004,29.640335269544604,29.35831738028117,29.477487252044675,34.19405,29.42085303030301
demo,D16,159,10,33.225500000000004,28.73865,29.091351459208326,28.74403851656735,28.57256258773804,33.225500000000004,28.457560606060575
demo,D16,160,10,32.95525,28.1092,28.440878587705797,28.06334905470685,28.188049530029296,32.95525,27.823059090909126
