battery_id,cycle,capacity_ah,capacity_source,ambient_temp_c,dis_duration_s,dis_v_mean,dis_i_mean,dis_t_mean,dis_throughput_ah,re_ohm,rct_ohm,dataset
D01,1,1.974417,synthetic,24,3550.299802,3.442811,1.994733,27.651867,1.966529,0.049876,0.152925,demo
D01,2,1.981754,synthetic,24,3566.28412,3.44738,1.989676,27.450201,1.975086,0.04943,0.150739,demo
D01,3,1.979395,synthetic,24,3544.679431,3.441024,2.023098,27.764795,1.980227,0.049312,0.151845,demo
D01,4,1.958481,synthetic,24,3508.178678,3.441762,2.003268,27.104427,1.955681,0.050089,0.153671,demo
D01,5,1.95876,synthetic,24,3530.866564,3.445439,1.992677,27.477958,1.9639,0.05184,0.150525,demo
D01,6,1.963685,synthetic,24,3529.089364,3.446925,2.009159,27.05677,1.962447,0.052201,0.153721,demo
D01,7,1.957329,synthetic,24,3496.084777,3.446336,1.998909,27.190241,1.949756,0.050091,0.152843,demo
D01,8,1.955404,synthetic,24,3528.015297,3.439144,1.997471,27.907859,1.950445,0.052351,0.148079,demo
D01,9,1.946637,synthetic,24,3506.810369,3.446748,2.005623,27.80384,1.935932,0.050569,0.156461,demo
D01,10,1.953257,synthetic,24,3508.332836,3.440956,1.987081,27.390245,1.952342,0.052221,0.150367,demo
D01,11,1.948849,synthetic,24,3494.069693,3.446138,2.003526,27.201101,1.948114,0.050418,0.147081,demo
D01,12,1.940758,synthetic,24,3502.12328,3.442552,2.01913,26.847731,1.93911,0.050723,0.149235,demo
D01,13,1.943284,synthetic,24,3501.577328,3.437405,2.004662,27.4492,1.947477,0.050933,0.149206,demo
D01,14,1.935465,synthetic,24,3508.739531,3.440668,1.996238,28.201906,1.940105,0.053824,0.152738,demo
D01,15,1.923626,synthetic,24,3466.891478,3.441915,1.994929,27.723282,1.92297,0.051615,0.152233,demo
D01,16,1.927098,synthetic,24,3472.81115,3.443339,1.995897,27.46946,1.918871,0.050022,0.151906,demo
D01,17,1.915219,synthetic,24,3445.668606,3.438838,1.99746,27.743441,1.917584,0.051817,0.15525,demo
D01,18,1.922315,synthetic,24,3468.644694,3.446416,1.996222,27.226289,1.92445,0.050415,0.154127,demo
D01,19,1.9128,synthetic,24,3449.496388,3.44313,2.009163,27.556469,1.913984,0.050382,0.154436,demo
D01,20,1.908031,synthetic,24,3447.352725,3.437477,1.982668,27.662823,1.911776,0.051828,0.154908,demo
D01,21,1.901081,synthetic,24,3416.593652,3.440636,2.00862,27.626854,1.896652,0.05102,0.155805,demo
D01,22,1.908514,synthetic,24,3430.837697,3.446299,1.996203,27.834931,1.916181,0.051193,0.147336,demo
D01,23,1.89625,synthetic,24,3408.344288,3.444873,2.003769,27.741786,1.892611,0.051051,0.153057,demo
D01,24,1.890593,synthetic,24,3411.14034,3.431412,1.98873,27.831192,1.893426,0.051431,0.147836,demo
D01,25,1.887022,synthetic,24,3411.908602,3.432172,2.013286,27.497373,1.880654,0.051555,0.154627,demo
D01,26,1.888289,synthetic,24,3394.241412,3.441976,2.012456,27.89202,1.884776,0.04918,0.154455,demo
D01,27,1.883235,synthetic,24,3385.503913,3.431171,2.009596,28.082381,1.888947,0.051834,0.157807,demo
D01,28,1.879455,synthetic,24,3386.205949,3.429642,1.984852,27.438281,1.878474,0.050223,0.158385,demo
D01,29,1.875487,synthetic,24,3373.387516,3.432491,2.008291,27.464846,1.878637,0.049803,0.155589,demo
D01,30,1.881664,synthetic,24,3396.669198,3.436889,2.004049,28.01145,1.882556,0.051125,0.153232,demo
D01,31,1.875429,synthetic,24,3352.967423,3.434019,1.983947,27.639021,1.875035,0.05133,0.156438,demo
D01,32,1.857531,synthetic,24,3335.264003,3.429589,1.999757,28.064658,1.862598,0.050731,0.154115,demo
D01,33,1.851601,synthetic,24,3325.058546,3.428753,2.003645,27.611965,1.850725,0.052315,0.155932,demo
D01,34,1.856047,synthetic,24,3317.629209,3.429157,2.005561,28.07969,1.849437,0.050097,0.158717,demo
D01,35,1.854983,synthetic,24,3329.316259,3.428355,2.001773,27.750397,1.852003,0.051043,0.154127,demo
D01,36,1.843372,synthetic,24,3308.96021,3.439548,2.002912,27.799499,1.845404,0.050981,0.158682,demo
D01,37,1.834852,synthetic,24,3300.740149,3.430546,2.014736,28.138902,1.836303,0.051605,0.158638,demo
D01,38,1.830772,synthetic,24,3306.392638,3.432394,2.01226,27.663399,1.825034,0.051971,0.153905,demo
D01,39,1.835439,synthetic,24,3301.361185,3.427474,1.971329,27.511561,1.83278,0.050638,0.159504,demo
D01,40,1.831801,synthetic,24,3287.046082,3.428231,1.996826,27.640157,1.82967,0.052406,0.158824,demo
D01,41,1.826398,synthetic,24,3286.954021,3.425445,1.998353,27.873487,1.825063,0.051799,0.15725,demo
D01,42,1.814933,synthetic,24,3277.161564,3.41626,1.982479,27.386161,1.809938,0.049959,0.155116,demo
D01,43,1.816096,synthetic,24,3259.402337,3.4215,2.000942,27.935223,1.813814,0.04988,0.154779,demo
D01,44,1.811172,synthetic,24,3251.203289,3.419154,2.012488,27.64855,1.808532,0.051876,0.15594,demo
D01,45,1.807542,synthetic,24,3259.028333,3.416944,1.989134,28.075639,1.810332,0.051704,0.159326,demo
D01,46,1.807208,synthetic,24,3250.813342,3.42112,2.003364,27.190622,1.810133,0.051824,0.154845,demo
D01,47,1.799062,synthetic,24,3244.601717,3.430183,1.990842,27.604766,1.798537,0.051981,0.15935,demo
D01,48,1.797525,synthetic,24,3235.412855,3.424513,1.993281,27.382095,1.796116,0.05225,0.154374,demo
D01,49,1.78958,synthetic,24,3228.023881,3.42886,2.014774,27.609073,1.79008,0.053052,0.157805,demo
D01,50,1.786622,synthetic,24,3205.933921,3.424972,1.994574,27.881983,1.783704,0.051023,0.158864,demo
D01,51,1.78438,synthetic,24,3211.7675,3.426178,2.004622,27.778623,1.780287,0.050984,0.16596,demo
D01,52,1.767545,synthetic,24,3179.570448,3.41734,1.981288,27.785338,1.764221,0.051231,0.155166,demo
D01,53,1.796565,synthetic,24,3222.021822,3.426666,2.018623,27.765356,1.794284,0.052323,0.162553,demo
D01,54,1.764832,synthetic,24,3161.797295,3.423519,2.006027,27.903599,1.760725,0.053597,0.159856,demo
D01,55,1.759491,synthetic,24,3173.599261,3.41763,1.998175,27.608629,1.760061,0.051974,0.160854,demo
D01,56,1.757335,synthetic,24,3159.872757,3.421905,2.005755,28.04071,1.7599,0.049925,0.160062,demo
D01,57,1.763609,synthetic,24,3164.760291,3.422716,1.985902,28.020253,1.758011,0.05066,0.16079,demo
D01,58,1.745089,synthetic,24,3140.254175,3.415938,2.011825,27.978626,1.745177,0.051716,0.159735,demo
D01,59,1.75173,synthetic,24,3163.785203,3.414475,1.99676,28.011538,1.75096,0.051925,0.164293,demo
D01,60,1.731452,synthetic,24,3095.289131,3.411695,1.997959,27.976926,1.732635,0.052277,0.159373,demo
D01,61,1.73516,synthetic,24,3109.265077,3.417241,1.995083,28.406028,1.735115,0.052687,0.16399,demo
D01,62,1.733758,synthetic,24,3112.124403,3.418028,1.994193,27.877589,1.728718,0.052351,0.158717,demo
D01,63,1.731903,synthetic,24,3131.090905,3.413318,2.006947,27.825375,1.72753,0.05373,0.160543,demo
D01,64,1.728249,synthetic,24,3113.48578,3.416137,2.002559,27.719244,1.728351,0.052041,0.157654,demo
D01,65,1.736458,synthetic,24,3132.820151,3.419339,2.006517,27.637247,1.740031,0.051773,0.161907,demo
D01,66,1.713058,synthetic,24,3072.956882,3.416605,1.999912,27.619295,1.705472,0.053348,0.165813,demo
D01,67,1.707948,synthetic,24,3063.981547,3.419701,2.005132,27.715878,1.709129,0.051385,0.16145,demo
D01,68,1.711435,synthetic,24,3084.721115,3.419037,1.995812,27.915178,1.715507,0.053275,0.160952,demo
D01,69,1.700696,synthetic,24,3061.787524,3.408582,2.022297,28.03253,1.700175,0.053096,0.158628,demo
D01,70,1.689738,synthetic,24,3046.536133,3.417952,1.984321,27.978178,1.691598,0.052955,0.161723,demo
D01,71,1.686134,synthetic,24,3033.332488,3.408643,2.012609,27.779415,1.683763,0.054727,0.157776,demo
D01,72,1.682951,synthetic,24,3031.838853,3.414548,2.013679,28.20062,1.682549,0.052548,0.159943,demo
D01,73,1.686976,synthetic,24,3037.997634,3.411144,1.991478,28.154389,1.681507,0.055191,0.163201,demo
D01,74,1.680366,synthetic,24,3031.716563,3.408397,2.022293,27.939539,1.672487,0.052971,0.166742,demo
D01,75,1.679165,synthetic,24,3029.815144,3.402665,2.009955,27.818023,1.682331,0.051931,0.171261,demo
D01,76,1.667962,synthetic,24,2987.741758,3.407809,2.009711,28.135164,1.664676,0.05339,0.161522,demo
D01,77,1.666973,synthetic,24,2980.321799,3.402134,2.00028,28.046534,1.665454,0.052254,0.167627,demo
D01,78,1.665263,synthetic,24,3006.48222,3.412027,1.997828,27.640073,1.660646,0.052596,0.164121,demo
D01,79,1.655135,synthetic,24,2989.858019,3.412959,1.997906,28.000303,1.650467,0.053846,0.163341,demo
D01,80,1.655205,synthetic,24,2970.246511,3.403713,2.003905,28.082701,1.654629,0.054004,0.16509,demo
D01,81,1.643959,synthetic,24,2942.615653,3.406703,2.014012,27.809138,1.64156,0.052938,0.164427,demo
D01,82,1.641211,synthetic,24,2955.057591,3.40225,2.001813,28.085644,1.642452,0.054575,0.164683,demo
D01,83,1.636551,synthetic,24,2954.017094,3.402055,1.990886,27.681469,1.638032,0.054792,0.163313,demo
D01,84,1.62711,synthetic,24,2944.592755,3.406487,2.008244,28.393381,1.628154,0.055165,0.160721,demo
D01,85,1.632644,synthetic,24,2943.311296,3.403926,2.009212,28.363021,1.633423,0.054203,0.160063,demo
D01,86,1.622336,synthetic,24,2916.947904,3.409751,2.006547,28.003367,1.627455,0.05514,0.167066,demo
D01,87,1.62065,synthetic,24,2909.353428,3.400652,2.007455,28.159889,1.617189,0.051913,0.164344,demo
D01,88,1.618875,synthetic,24,2914.074839,3.406357,1.997291,27.469207,1.618697,0.053493,0.163457,demo
D01,89,1.614078,synthetic,24,2902.73191,3.402149,1.99071,27.789796,1.617734,0.052992,0.165462,demo
D01,90,1.610792,synthetic,24,2890.5969,3.404532,1.991318,28.010367,1.614866,0.054011,0.167953,demo
D01,91,1.601603,synthetic,24,2900.604998,3.398412,1.983645,27.829562,1.597049,0.053413,0.166477,demo
D01,92,1.595042,synthetic,24,2886.450958,3.399182,2.002369,28.286037,1.594045,0.053883,0.16423,demo
D01,93,1.592483,synthetic,24,2876.239126,3.398598,1.999166,28.610599,1.596809,0.055957,0.16998,demo
D01,94,1.578211,synthetic,24,2832.931321,3.393932,1.9956,27.83853,1.579814,0.054048,0.171609,demo
D01,95,1.575018,synthetic,24,2842.304559,3.399526,1.970444,27.928107,1.575633,0.054664,0.168483,demo
D01,96,1.593724,synthetic,24,2874.207802,3.401816,1.987527,28.168276,1.59303,0.05383,0.169172,demo
D01,97,1.568429,synthetic,24,2826.919707,3.398428,2.011208,28.550136,1.567225,0.054391,0.170989,demo
D01,98,1.572156,synthetic,24,2840.490132,3.402667,1.993354,27.836172,1.573062,0.054284,0.170504,demo
D01,99,1.559663,synthetic,24,2812.744508,3.400755,2.003606,28.222765,1.558876,0.054852,0.169456,demo
D01,100,1.558158,synthetic,24,2810.911567,3.39327,1.986093,28.618087,1.558026,0.055584,0.169469,demo
D01,101,1.563547,synthetic,24,2819.76275,3.396936,2.014387,27.741739,1.563793,0.056012,0.169017,demo
D01,102,1.548932,synthetic,24,2790.928467,3.391122,1.99856,27.856334,1.546832,0.05482,0.164751,demo
D01,103,1.550806,synthetic,24,2776.514036,3.393944,2.0029,28.067889,1.552456,0.055081,0.17007,demo
D01,104,1.536083,synthetic,24,2765.643564,3.389611,2.023258,28.065728,1.545036,0.053488,0.164489,demo
D01,105,1.53575,synthetic,24,2759.737104,3.398449,2.015164,28.399526,1.530292,0.054555,0.166186,demo
D01,106,1.526573,synthetic,24,2737.280929,3.392276,1.996934,28.270556,1.527562,0.055675,0.172848,demo
D01,107,1.525523,synthetic,24,2759.795507,3.389818,1.994068,27.767975,1.523203,0.055611,0.1715,demo
D01,108,1.527876,synthetic,24,2764.44193,3.395759,1.996745,28.337039,1.52964,0.054933,0.173347,demo
D01,109,1.507741,synthetic,24,2724.999751,3.379785,2.005099,28.094004,1.507881,0.055809,0.168875,demo
D01,110,1.515975,synthetic,24,2730.844117,3.38144,1.998948,28.544649,1.518285,0.055331,0.165904,demo
D01,111,1.510052,synthetic,24,2729.106785,3.39194,1.996048,28.078025,1.513602,0.0561,0.168877,demo
D01,112,1.500311,synthetic,24,2700.657473,3.387781,2.014672,28.09038,1.500888,0.055286,0.170294,demo
D01,113,1.490443,synthetic,24,2684.430226,3.387307,1.998858,28.399618,1.493818,0.05474,0.170619,demo
D01,114,1.49479,synthetic,24,2681.794989,3.381543,2.022996,28.448547,1.487781,0.055388,0.173609,demo
D01,115,1.48641,synthetic,24,2678.725298,3.385708,2.000907,28.382409,1.491139,0.052205,0.16946,demo
D01,116,1.486207,synthetic,24,2675.657957,3.39379,2.017853,27.84929,1.487322,0.055521,0.171608,demo
D01,117,1.48016,synthetic,24,2653.875761,3.388317,2.003573,28.414269,1.483351,0.05155,0.167828,demo
D01,118,1.48485,synthetic,24,2672.319812,3.386285,2.00963,28.014148,1.481228,0.053428,0.171957,demo
D01,119,1.469008,synthetic,24,2643.581234,3.38187,1.992754,28.355308,1.466567,0.055762,0.171249,demo
D01,120,1.4595,synthetic,24,2641.267953,3.380859,1.991462,27.954816,1.459926,0.055883,0.169371,demo
D01,121,1.461908,synthetic,24,2638.494087,3.374222,2.004597,28.418718,1.461858,0.054218,0.170816,demo
D01,122,1.457337,synthetic,24,2623.297148,3.383198,2.009886,28.112344,1.458162,0.054715,0.171154,demo
D01,123,1.459351,synthetic,24,2628.791604,3.385801,2.000403,27.990315,1.462516,0.056777,0.170816,demo
D01,124,1.451378,synthetic,24,2612.826551,3.37512,1.987136,28.501388,1.446254,0.055002,0.177259,demo
D01,125,1.443674,synthetic,24,2597.030538,3.377814,1.986397,28.394901,1.446485,0.057806,0.171958,demo
D01,126,1.445471,synthetic,24,2593.398707,3.376054,1.985729,28.178299,1.445495,0.055543,0.171449,demo
D01,127,1.424711,synthetic,24,2563.317369,3.374227,1.982324,28.725728,1.42413,0.056161,0.166719,demo
D01,128,1.423151,synthetic,24,2555.937598,3.378108,2.001095,28.255111,1.418964,0.057385,0.170391,demo
D01,129,1.416569,synthetic,24,2540.260428,3.368734,2.01125,28.383173,1.417994,0.055965,0.172548,demo
D01,130,1.414923,synthetic,24,2550.767271,3.379322,1.999866,28.444844,1.408091,0.054848,0.171346,demo
D01,131,1.404128,synthetic,24,2530.397623,3.378531,1.977396,28.238891,1.405949,0.055849,0.17798,demo
D01,132,1.41132,synthetic,24,2526.758532,3.375411,1.998092,28.500805,1.407108,0.055851,0.173052,demo
D01,133,1.401289,synthetic,24,2521.392272,3.365238,1.998372,28.264703,1.401439,0.054622,0.177814,demo
D01,134,1.388905,synthetic,24,2507.497321,3.369627,2.02096,28.313733,1.388574,0.055855,0.174629,demo
D01,135,1.386738,synthetic,24,2504.059923,3.378274,1.985429,28.760554,1.389981,0.05539,0.174642,demo
D01,136,1.389807,synthetic,24,2509.35183,3.362614,1.996093,28.155143,1.389311,0.057026,0.174141,demo
D01,137,1.388043,synthetic,24,2498.769779,3.372115,2.017059,27.81474,1.386116,0.056154,0.17449,demo
D01,138,1.390077,synthetic,24,2495.795725,3.36904,2.0045,28.817618,1.388669,0.055816,0.179553,demo
D01,139,1.390656,synthetic,24,2495.042529,3.37705,2.005633,29.051348,1.394196,0.055987,0.167415,demo
D01,140,1.370729,synthetic,24,2469.862531,3.368641,2.001146,28.34259,1.372199,0.056516,0.169166,demo
D01,141,1.357368,synthetic,24,2446.043155,3.371287,2.003299,27.979738,1.356322,0.057043,0.174076,demo
D01,142,1.34557,synthetic,24,2431.380537,3.370458,2.007776,28.404023,1.344934,0.055545,0.176221,demo
D01,143,1.35502,synthetic,24,2447.084124,3.376722,1.991905,28.395915,1.350773,0.055408,0.17787,demo
D01,144,1.34358,synthetic,24,2417.485172,3.367136,2.008781,28.437149,1.344624,0.057669,0.177676,demo
D01,145,1.341004,synthetic,24,2404.797507,3.36913,1.98627,28.210147,1.336284,0.056178,0.175207,demo
D01,146,1.334856,synthetic,24,2400.440013,3.360917,2.003284,28.642607,1.336863,0.055235,0.179663,demo
D01,147,1.332709,synthetic,24,2400.440097,3.37135,2.001787,28.632063,1.333052,0.057117,0.179782,demo
D01,148,1.33497,synthetic,24,2401.488376,3.363829,1.993837,28.123944,1.341343,0.057114,0.177153,demo
D01,149,1.324529,synthetic,24,2380.019431,3.363323,1.999773,28.688005,1.321615,0.055224,0.179907,demo
D01,150,1.317642,synthetic,24,2373.555698,3.364616,1.993775,29.036708,1.317372,0.057053,0.178112,demo
D01,151,1.307381,synthetic,24,2349.728481,3.357171,1.989283,28.581918,1.312083,0.057662,0.17602,demo
D01,152,1.298542,synthetic,24,2332.971435,3.363233,1.996464,28.467856,1.301636,0.057389,0.180152,demo
D01,153,1.300661,synthetic,24,2343.377046,3.366452,1.98896,28.513508,1.29885,0.057625,0.178305,demo
D01,154,1.298238,synthetic,24,2334.011125,3.363452,2.003228,28.706456,1.29882,0.055613,0.178074,demo
D01,155,1.304145,synthetic,24,2349.180264,3.356663,1.988499,28.111114,1.30415,0.05729,0.182253,demo
D01,156,1.289289,synthetic,24,2322.622944,3.360666,2.00712,28.607164,1.290016,0.056804,0.171076,demo
D01,157,1.289368,synthetic,24,2312.929398,3.364139,1.988185,28.468332,1.287566,0.056624,0.174172,demo
D01,158,1.275434,synthetic,24,2292.466589,3.351917,1.994337,29.048805,1.275206,0.058116,0.175421,demo
D01,159,1.266272,synthetic,24,2289.120643,3.353985,1.993754,28.557049,1.262225,0.058817,0.178259,demo
D01,160,1.262536,synthetic,24,2264.642992,3.361323,2.013251,29.023167,1.262878,0.059169,0.178735,demo
D01,161,1.258915,synthetic,24,2251.658462,3.358445,2.003303,28.335692,1.260049,0.058726,0.175121,demo
D01,162,1.270971,synthetic,24,2274.969693,3.360519,1.997883,28.740358,1.270393,0.057181,0.176206,demo
D01,163,1.248199,synthetic,24,2246.955085,3.363463,2.004987,28.707551,1.244168,0.057871,0.177489,demo
D01,164,1.25308,synthetic,24,2255.753132,3.358509,1.978928,28.403118,1.255557,0.058236,0.187249,demo
D01,165,1.237547,synthetic,24,2226.798126,3.357325,1.999569,28.688029,1.238449,0.057746,0.185903,demo
D01,166,1.243463,synthetic,24,2246.386155,3.366276,2.019975,28.937935,1.241657,0.057696,0.179026,demo
D01,167,1.235086,synthetic,24,2205.328979,3.353531,2.001323,28.566423,1.234393,0.058473,0.179506,demo
D01,168,1.226734,synthetic,24,2210.743758,3.35015,2.000679,28.236909,1.223052,0.057673,0.177483,demo
D01,169,1.22232,synthetic,24,2210.482593,3.354501,2.005481,28.662129,1.219813,0.057048,0.175383,demo
D01,170,1.213521,synthetic,24,2176.94745,3.353446,2.008956,28.454113,1.212216,0.05745,0.181109,demo
D02,1,1.931889,synthetic,24,3493.792346,3.443775,1.99928,27.739413,1.92977,0.050139,0.150139,demo
D02,2,1.935739,synthetic,24,3500.74157,3.434593,2.012597,27.777916,1.935899,0.051791,0.155142,demo
D02,3,1.943698,synthetic,24,3488.182036,3.440252,1.99881,27.351684,1.943459,0.051105,0.148916,demo
D02,4,1.925444,synthetic,24,3462.136587,3.436386,1.991102,27.362048,1.928156,0.05099,0.155488,demo
D02,5,1.919045,synthetic,24,3459.25847,3.4323,1.995078,27.630634,1.91511,0.050955,0.156797,demo
D02,6,1.921022,synthetic,24,3484.105023,3.440596,2.002009,27.661718,1.92493,0.050615,0.153792,demo
D02,7,1.908426,synthetic,24,3450.420413,3.429582,1.996265,27.173283,1.910206,0.051961,0.153134,demo
D02,8,1.898016,synthetic,24,3427.901995,3.431963,2.004853,27.607899,1.893017,0.050154,0.15528,demo
D02,9,1.894944,synthetic,24,3406.931661,3.434719,2.005228,27.661102,1.899524,0.049429,0.145618,demo
D02,10,1.895801,synthetic,24,3403.399967,3.43365,2.00889,27.602511,1.904272,0.051656,0.155075,demo
D02,11,1.887227,synthetic,24,3405.04927,3.437489,2.014236,27.465811,1.891009,0.051759,0.154171,demo
D02,12,1.910725,synthetic,24,3427.948503,3.440063,2.009959,27.499029,1.916178,0.051373,0.153419,demo
D02,13,1.883314,synthetic,24,3387.54118,3.43899,1.990658,27.630813,1.883636,0.051575,0.156787,demo
D02,14,1.896017,synthetic,24,3411.655562,3.440012,1.990965,27.678674,1.889717,0.050719,0.153935,demo
D02,15,1.866983,synthetic,24,3376.628396,3.437936,1.999242,27.850724,1.860097,0.052118,0.1519,demo
D02,16,1.874251,synthetic,24,3370.061886,3.434274,1.995488,27.958838,1.875207,0.051212,0.154606,demo
D02,17,1.861863,synthetic,24,3326.828497,3.433947,1.988617,27.633619,1.859658,0.050894,0.155728,demo
D02,18,1.861253,synthetic,24,3355.325793,3.434703,1.995583,27.594081,1.857849,0.051076,0.155895,demo
D02,19,1.860628,synthetic,24,3342.10689,3.433145,1.995255,27.818472,1.860394,0.053414,0.156061,demo
D02,20,1.841376,synthetic,24,3314.90102,3.428583,1.993282,27.890647,1.843643,0.049851,0.159463,demo
D02,21,1.852282,synthetic,24,3333.240606,3.430205,1.996842,27.613027,1.8469,0.051977,0.152651,demo
D02,22,1.857796,synthetic,24,3341.28637,3.428954,2.011785,27.910905,1.856128,0.049743,0.156215,demo
D02,23,1.839159,synthetic,24,3318.336029,3.431581,2.001992,27.986157,1.844713,0.0515,0.160303,demo
D02,24,1.838926,synthetic,24,3294.844543,3.42949,2.024718,28.064533,1.834971,0.051177,0.151239,demo
D02,25,1.838989,synthetic,24,3305.045429,3.427221,2.001705,28.186097,1.842188,0.049525,0.156979,demo
D02,26,1.827314,synthetic,24,3295.9143,3.425765,1.997099,27.542425,1.825542,0.052116,0.155151,demo
D02,27,1.820256,synthetic,24,3270.424665,3.42269,2.000041,27.773091,1.822243,0.051417,0.156078,demo
D02,28,1.805518,synthetic,24,3234.247102,3.429605,2.002565,27.794542,1.809481,0.049846,0.155065,demo
D02,29,1.818436,synthetic,24,3279.749835,3.427619,2.004353,27.747828,1.821132,0.052655,0.156754,demo
D02,30,1.821794,synthetic,24,3290.278653,3.424273,2.020767,27.604993,1.825107,0.053217,0.162652,demo
D02,31,1.79931,synthetic,24,3238.32154,3.428148,1.991547,27.429644,1.795166,0.053497,0.154234,demo
D02,32,1.801525,synthetic,24,3223.670099,3.422949,2.00859,27.820882,1.805538,0.052344,0.15443,demo
D02,33,1.792631,synthetic,24,3233.569157,3.418453,2.002078,27.618965,1.789574,0.05212,0.154389,demo
D02,34,1.788317,synthetic,24,3202.941318,3.427625,1.984289,27.839023,1.789245,0.053445,0.16365,demo
D02,35,1.790468,synthetic,24,3225.828565,3.42166,2.007707,27.615787,1.791393,0.053778,0.156994,demo
D02,36,1.774131,synthetic,24,3184.934406,3.420131,2.012676,27.563888,1.775853,0.053392,0.158958,demo
D02,37,1.783765,synthetic,24,3199.605451,3.423135,1.991428,27.882927,1.784967,0.051221,0.157441,demo
D02,38,1.764403,synthetic,24,3171.715708,3.425121,1.999911,27.891125,1.761426,0.052557,0.156591,demo
D02,39,1.76411,synthetic,24,3173.652292,3.420594,1.982746,27.998655,1.759348,0.052798,0.15873,demo
D02,40,1.77491,synthetic,24,3188.663428,3.417067,1.987412,28.384101,1.778007,0.050441,0.166378,demo
D02,41,1.765411,synthetic,24,3183.352365,3.422852,2.01048,27.921206,1.766067,0.052815,0.16356,demo
D02,42,1.754497,synthetic,24,3153.867757,3.417372,1.995336,27.989525,1.75853,0.054728,0.157261,demo
D02,43,1.743521,synthetic,24,3147.566417,3.425492,1.988912,27.615328,1.743365,0.053205,0.162202,demo
D02,44,1.741231,synthetic,24,3136.859976,3.417649,2.002295,27.566426,1.736338,0.054061,0.157856,demo
D02,45,1.740079,synthetic,24,3125.586991,3.40857,1.994776,28.285589,1.743441,0.052782,0.155068,demo
D02,46,1.735086,synthetic,24,3115.041137,3.418315,1.995292,27.666501,1.733801,0.052576,0.163655,demo
D02,47,1.729527,synthetic,24,3097.761776,3.423969,2.007393,27.644724,1.73071,0.053086,0.164299,demo
D02,48,1.725088,synthetic,24,3107.867483,3.42194,1.988383,27.902593,1.722855,0.051933,0.164135,demo
D02,49,1.719178,synthetic,24,3091.229181,3.422221,1.990946,27.898684,1.724832,0.051844,0.159823,demo
D02,50,1.719159,synthetic,24,3072.463817,3.410816,2.001541,27.695635,1.716145,0.054075,0.160733,demo
D02,51,1.707718,synthetic,24,3068.95216,3.417113,2.009694,27.86218,1.706566,0.054295,0.163941,demo
D02,52,1.711466,synthetic,24,3072.311921,3.411045,2.012382,28.240145,1.711834,0.051894,0.162716,demo
D02,53,1.703576,synthetic,24,3080.932625,3.413844,1.993349,27.743137,1.699855,0.053932,0.160676,demo
D02,54,1.695135,synthetic,24,3035.65602,3.4068,2.009374,27.60888,1.696255,0.052962,0.157337,demo
D02,55,1.686486,synthetic,24,3022.548642,3.408233,1.992159,28.205919,1.691923,0.053475,0.162882,demo
D02,56,1.687196,synthetic,24,3047.065045,3.408194,2.018262,28.092281,1.685541,0.053588,0.165749,demo
D02,57,1.679309,synthetic,24,3035.060227,3.413508,1.988662,27.825906,1.680636,0.054201,0.159235,demo
D02,58,1.68561,synthetic,24,3027.316179,3.413904,2.013285,27.576044,1.676341,0.053227,0.164492,demo
D02,59,1.67488,synthetic,24,3009.066324,3.410467,1.993435,27.801525,1.674749,0.054661,0.163999,demo
D02,60,1.659055,synthetic,24,2991.819355,3.40198,2.020132,27.997742,1.658016,0.053719,0.165888,demo
D02,61,1.666029,synthetic,24,2977.916891,3.407007,2.005913,28.292374,1.663302,0.053964,0.165975,demo
D02,62,1.652421,synthetic,24,2957.75076,3.403568,1.98984,27.762223,1.655995,0.052643,0.16182,demo
D02,63,1.648665,synthetic,24,2965.098432,3.409562,1.994778,28.005872,1.64759,0.055672,0.159203,demo
D02,64,1.649059,synthetic,24,2982.108717,3.410845,2.007812,28.195197,1.648474,0.053979,0.162437,demo
D02,65,1.639266,synthetic,24,2946.822239,3.409134,2.010526,27.445784,1.63803,0.05432,0.167097,demo
D02,66,1.642605,synthetic,24,2957.584736,3.402305,1.999293,28.294539,1.636308,0.051966,0.16267,demo
D02,67,1.627624,synthetic,24,2939.687363,3.392495,2.000447,27.762952,1.623939,0.052901,0.162813,demo
D02,68,1.623571,synthetic,24,2940.898623,3.395878,2.007584,28.147643,1.626691,0.055002,0.159593,demo
D02,69,1.618351,synthetic,24,2907.990485,3.40798,2.001318,28.134144,1.611522,0.054103,0.170524,demo
D02,70,1.613891,synthetic,24,2904.857948,3.400131,1.987065,28.350309,1.611418,0.051947,0.167921,demo
D02,71,1.618868,synthetic,24,2929.890611,3.399356,1.99187,28.209429,1.617574,0.05485,0.167555,demo
D02,72,1.611025,synthetic,24,2886.601769,3.407949,2.002351,27.489141,1.616643,0.053346,0.168462,demo
D02,73,1.612482,synthetic,24,2911.414763,3.406621,2.012155,27.885083,1.61496,0.055286,0.167231,demo
D02,74,1.61079,synthetic,24,2890.564043,3.401447,2.01616,28.118367,1.608995,0.053804,0.164835,demo
D02,75,1.585953,synthetic,24,2855.592879,3.397071,2.007795,28.072326,1.590091,0.054345,0.166071,demo
D02,76,1.587505,synthetic,24,2855.428461,3.39791,2.002873,28.238146,1.585153,0.055304,0.165217,demo
D02,77,1.574961,synthetic,24,2826.782753,3.397779,2.007488,28.3349,1.57814,0.053353,0.174906,demo
D02,78,1.572281,synthetic,24,2821.758951,3.402935,1.993332,28.293691,1.568008,0.053284,0.168776,demo
D02,79,1.568086,synthetic,24,2824.895162,3.397701,1.998468,28.094302,1.571452,0.054123,0.165885,demo
D02,80,1.560435,synthetic,24,2817.171539,3.397958,1.991759,27.697763,1.559167,0.055223,0.168979,demo
D02,81,1.55537,synthetic,24,2798.575714,3.399098,1.987513,28.053075,1.55217,0.053115,0.164753,demo
D02,82,1.55571,synthetic,24,2800.867367,3.389785,2.003335,28.270527,1.555035,0.052775,0.172285,demo
D02,83,1.544162,synthetic,24,2784.254911,3.39604,2.001855,27.911145,1.545019,0.055382,0.16625,demo
D02,84,1.551394,synthetic,24,2784.369373,3.392746,2.006877,28.330728,1.549859,0.053883,0.169447,demo
D02,85,1.535705,synthetic,24,2770.403327,3.381899,2.005461,28.423541,1.537407,0.054251,0.17177,demo
D02,86,1.552931,synthetic,24,2802.147337,3.385604,2.002426,28.20232,1.551121,0.052614,0.169037,demo
D02,87,1.52822,synthetic,24,2772.281952,3.386955,2.005566,27.441725,1.530116,0.054039,0.169155,demo
D02,88,1.526207,synthetic,24,2744.072064,3.392901,1.999573,27.891168,1.527556,0.05473,0.168984,demo
D02,89,1.512841,synthetic,24,2719.370773,3.38956,2.004129,28.702286,1.512656,0.055802,0.169317,demo
D02,90,1.525679,synthetic,24,2752.558095,3.391447,1.992739,28.074847,1.524333,0.053972,0.167243,demo
D02,91,1.516982,synthetic,24,2737.277554,3.397427,2.003697,27.728491,1.517442,0.056488,0.167972,demo
D02,92,1.506861,synthetic,24,2707.995511,3.383281,2.006684,28.548521,1.508519,0.054247,0.174164,demo
D02,93,1.491805,synthetic,24,2682.001138,3.386366,1.993303,28.265631,1.497957,0.054399,0.170002,demo
D02,94,1.495948,synthetic,24,2697.078254,3.388211,2.000518,28.532313,1.498759,0.056578,0.167805,demo
D02,95,1.482746,synthetic,24,2662.317162,3.382398,1.993764,28.34512,1.485641,0.055384,0.169141,demo
D02,96,1.493032,synthetic,24,2684.147624,3.386742,1.994735,28.375092,1.502254,0.054518,0.17358,demo
D02,97,1.483888,synthetic,24,2671.716348,3.379086,1.988751,28.36492,1.485419,0.055006,0.172671,demo
D02,98,1.474373,synthetic,24,2661.800227,3.389936,2.012658,28.462813,1.475802,0.056609,0.172706,demo
D02,99,1.453941,synthetic,24,2612.347582,3.379016,2.010657,28.888446,1.455989,0.056927,0.17107,demo
D02,100,1.457411,synthetic,24,2608.840008,3.390302,2.005374,28.556635,1.45447,0.054609,0.173424,demo
D02,101,1.462182,synthetic,24,2616.794591,3.382643,2.019722,27.911642,1.460884,0.055336,0.169582,demo
D02,102,1.460069,synthetic,24,2618.194737,3.386621,1.998108,28.421562,1.458591,0.055489,0.170818,demo
D02,103,1.454176,synthetic,24,2607.204264,3.381559,2.030318,28.604107,1.456059,0.054472,0.174742,demo
D02,104,1.43269,synthetic,24,2577.644957,3.378963,1.997725,28.651641,1.43219,0.055617,0.175315,demo
D02,105,1.438764,synthetic,24,2580.538993,3.377509,2.002552,28.235202,1.439162,0.055618,0.169504,demo
D02,106,1.437754,synthetic,24,2582.500986,3.380196,1.996022,28.634605,1.440881,0.056763,0.169923,demo
D02,107,1.416409,synthetic,24,2543.615658,3.378323,2.003723,28.607322,1.418854,0.057043,0.17367,demo
D02,108,1.421002,synthetic,24,2554.424022,3.374488,2.008356,29.011626,1.420543,0.055461,0.178338,demo
D02,109,1.417376,synthetic,24,2561.398957,3.376672,1.998861,28.186436,1.415477,0.055612,0.167558,demo
D02,110,1.408604,synthetic,24,2540.522157,3.373635,2.017767,28.260244,1.411802,0.056578,0.174491,demo
D02,111,1.393964,synthetic,24,2509.255989,3.383444,2.002391,28.332525,1.396121,0.055475,0.170113,demo
D02,112,1.397783,synthetic,24,2512.529655,3.374364,2.002705,28.28077,1.393293,0.056611,0.172186,demo
D02,113,1.392427,synthetic,24,2503.110277,3.380234,1.99091,28.188855,1.391554,0.055988,0.17321,demo
D02,114,1.388148,synthetic,24,2501.12255,3.372736,2.004185,27.72711,1.388607,0.055149,0.173213,demo
D02,115,1.380294,synthetic,24,2488.882474,3.373574,1.99866,28.320885,1.382444,0.05524,0.173187,demo
D02,116,1.375647,synthetic,24,2469.422563,3.36667,1.993918,28.528869,1.378151,0.057691,0.174996,demo
D02,117,1.37269,synthetic,24,2471.113105,3.369798,1.992235,28.317659,1.37347,0.056117,0.173487,demo
D02,118,1.370199,synthetic,24,2451.32682,3.372117,2.026718,28.928546,1.371803,0.057938,0.170805,demo
D02,119,1.38201,synthetic,24,2489.198076,3.379095,1.997365,28.430329,1.382187,0.055666,0.177059,demo
D02,120,1.354297,synthetic,24,2443.308009,3.370175,1.98543,28.791312,1.352472,0.056748,0.178087,demo
D02,121,1.351903,synthetic,24,2431.380513,3.374523,1.993018,28.537501,1.351196,0.058874,0.178453,demo
D02,122,1.33441,synthetic,24,2415.027355,3.369364,1.999484,28.704987,1.334461,0.055599,0.172001,demo
D02,123,1.343377,synthetic,24,2411.685837,3.374432,2.005467,28.554745,1.343284,0.054668,0.177162,demo
D02,124,1.359504,synthetic,24,2448.704003,3.369702,2.005548,28.80294,1.354377,0.057692,0.177648,demo
D02,125,1.32989,synthetic,24,2393.544402,3.375797,2.006766,28.51915,1.328833,0.055874,0.173711,demo
D02,126,1.329974,synthetic,24,2393.232182,3.364305,1.993551,28.62907,1.330123,0.05668,0.176829,demo
D02,127,1.307043,synthetic,24,2351.869827,3.360314,2.003404,28.631019,1.306307,0.056344,0.177369,demo
D02,128,1.30146,synthetic,24,2343.37997,3.357842,1.991239,28.475739,1.300817,0.057254,0.183468,demo
D02,129,1.309481,synthetic,24,2363.06236,3.373009,1.993804,28.637024,1.310759,0.055955,0.183394,demo
D02,130,1.302324,synthetic,24,2353.872904,3.366068,1.990823,29.10511,1.299514,0.056797,0.172914,demo
D02,131,1.29791,synthetic,24,2336.221533,3.360902,1.988116,28.485536,1.293684,0.057471,0.185565,demo
D02,132,1.301004,synthetic,24,2347.534453,3.367622,2.010642,28.653361,1.300098,0.055982,0.175214,demo
D02,133,1.289896,synthetic,24,2316.924822,3.363988,2.006886,28.879601,1.291867,0.056401,0.181346,demo
D02,134,1.286006,synthetic,24,2320.129483,3.368615,2.009767,28.856055,1.290346,0.056793,0.181471,demo
D02,135,1.277807,synthetic,24,2294.7941,3.353534,2.000393,28.586219,1.279805,0.055793,0.175901,demo
D02,136,1.267823,synthetic,24,2289.549197,3.357416,2.007768,28.002418,1.2641,0.056899,0.180767,demo
D02,137,1.251221,synthetic,24,2267.134034,3.354553,1.982387,28.752344,1.250639,0.057607,0.179629,demo
D02,138,1.262954,synthetic,24,2272.484503,3.349975,2.008631,28.050701,1.263602,0.056971,0.181145,demo
D02,139,1.278986,synthetic,24,2287.032703,3.364115,2.001771,28.949005,1.279441,0.056939,0.179533,demo
D02,140,1.251128,synthetic,24,2248.326858,3.355309,2.006271,28.665677,1.252477,0.057469,0.183544,demo
D02,141,1.236433,synthetic,24,2233.803686,3.357513,2.0038,28.89527,1.234165,0.05698,0.180769,demo
D02,142,1.240196,synthetic,24,2236.057651,3.364464,1.990129,28.414177,1.240358,0.058289,0.179889,demo
D02,143,1.235753,synthetic,24,2226.016507,3.353056,1.98502,28.258244,1.236792,0.059078,0.183858,demo
D02,144,1.234372,synthetic,24,2228.592804,3.352612,1.992879,28.713631,1.23641,0.057192,0.182366,demo
D02,145,1.214184,synthetic,24,2188.708372,3.352248,2.005649,28.670322,1.212228,0.058343,0.183628,demo
D02,146,1.212497,synthetic,24,2190.468501,3.355511,2.006901,28.558369,1.21166,0.057635,0.179506,demo
D02,147,1.212748,synthetic,24,2188.967446,3.349327,1.986321,28.702043,1.20619,0.058238,0.178354,demo
D02,148,1.20301,synthetic,24,2175.303131,3.347852,1.990189,29.387344,1.201515,0.059536,0.180176,demo
D02,149,1.190356,synthetic,24,2144.946367,3.353023,1.992768,28.923098,1.189107,0.058605,0.180523,demo
D02,150,1.193934,synthetic,24,2154.918378,3.350756,1.996427,28.971473,1.1915,0.056287,0.184601,demo
D02,151,1.189299,synthetic,24,2138.76558,3.340483,1.986379,28.927036,1.189693,0.058561,0.185356,demo
D02,152,1.180728,synthetic,24,2121.47547,3.342689,1.985779,29.098774,1.180596,0.059426,0.182305,demo
D02,153,1.194933,synthetic,24,2161.89261,3.355372,1.991782,28.660083,1.189534,0.057829,0.186495,demo
D02,154,1.167374,synthetic,24,2102.63554,3.347529,2.000863,28.235249,1.167877,0.059322,0.18741,demo
D02,155,1.172148,synthetic,24,2114.9611,3.34347,1.988194,28.694631,1.169972,0.057588,0.183844,demo
D02,156,1.15222,synthetic,24,2074.765582,3.343346,1.998842,28.974604,1.153339,0.056992,0.181446,demo
D02,157,1.148439,synthetic,24,2063.552383,3.343608,2.010586,28.534892,1.145494,0.058657,0.188789,demo
D02,158,1.14636,synthetic,24,2063.516613,3.346238,1.986982,28.736368,1.146429,0.05678,0.183963,demo
D02,159,1.145893,synthetic,24,2071.493194,3.337804,1.997936,28.608218,1.145244,0.058301,0.184543,demo
D02,160,1.125953,synthetic,24,2030.091591,3.33738,2.010248,29.186578,1.126636,0.060027,0.183943,demo
D02,161,1.121387,synthetic,24,2008.132384,3.341265,1.995817,29.005284,1.121666,0.056876,0.182475,demo
D02,162,1.111327,synthetic,24,1999.09599,3.338516,1.994263,28.995895,1.110759,0.057607,0.181141,demo
D02,163,1.118047,synthetic,24,2023.244257,3.342043,2.011635,28.978331,1.114611,0.057788,0.187177,demo
D02,164,1.105431,synthetic,24,1988.499869,3.333261,1.996938,28.832541,1.102165,0.058882,0.183433,demo
D02,165,1.104118,synthetic,24,1976.676648,3.339443,2.011045,28.893213,1.102828,0.058593,0.195014,demo
D02,166,1.10467,synthetic,24,1999.698598,3.34245,2.00429,28.546699,1.104652,0.060352,0.182555,demo
D02,167,1.091123,synthetic,24,1968.041642,3.338338,1.996572,28.316705,1.089795,0.060043,0.182583,demo
D02,168,1.090623,synthetic,24,1962.709217,3.336884,2.004797,28.901586,1.091987,0.059589,0.187905,demo
D02,169,1.081696,synthetic,24,1944.883213,3.334828,2.003204,28.958454,1.081092,0.059329,0.19132,demo
D02,170,1.081774,synthetic,24,1953.516712,3.331882,2.010209,29.179654,1.079687,0.059575,0.186923,demo
D03,1,2.00107,synthetic,24,2413.536319,3.447351,3.004377,28.945715,1.999643,0.050346,0.15549,demo
D03,2,1.996676,synthetic,24,2391.206715,3.445569,3.010445,28.922723,1.997662,0.05078,0.151314,demo
D03,3,2.000869,synthetic,24,2403.175954,3.453019,3.003626,28.93474,2.005389,0.049903,0.148805,demo
D03,4,1.980364,synthetic,24,2378.665853,3.448228,2.99102,29.243014,1.97909,0.051206,0.153084,demo
D03,5,1.978641,synthetic,24,2372.561576,3.441768,2.975617,29.08979,1.974456,0.049909,0.150136,demo
D03,6,1.976284,synthetic,24,2376.836369,3.446281,2.995229,29.094397,1.977568,0.050023,0.149814,demo
D03,7,1.96818,synthetic,24,2367.308709,3.440046,3.007609,28.766424,1.966894,0.049341,0.148397,demo
D03,8,1.959864,synthetic,24,2354.147351,3.44477,2.996469,28.818331,1.959253,0.051419,0.155831,demo
D03,9,1.948079,synthetic,24,2335.902413,3.436888,3.008012,29.613743,1.946943,0.049753,0.144459,demo
D03,10,1.948779,synthetic,24,2336.026957,3.445713,3.001487,29.032375,1.957517,0.050862,0.154442,demo
D03,11,1.939837,synthetic,24,2318.253084,3.443992,3.012881,28.896551,1.931144,0.05053,0.151015,demo
D03,12,1.930323,synthetic,24,2310.786955,3.448922,2.997048,29.462291,1.928824,0.049644,0.151556,demo
D03,13,1.930281,synthetic,24,2312.015351,3.444677,3.004676,29.17503,1.930267,0.050088,0.157866,demo
D03,14,1.923118,synthetic,24,2299.959596,3.438698,3.005059,29.259862,1.920113,0.052152,0.150933,demo
D03,15,1.927221,synthetic,24,2315.716939,3.444175,3.015016,29.074657,1.930689,0.050929,0.150871,demo
D03,16,1.921617,synthetic,24,2314.217976,3.434611,2.982934,29.037907,1.924742,0.049775,0.152744,demo
D03,17,1.906854,synthetic,24,2281.991731,3.434507,2.995416,29.097322,1.906672,0.051237,0.154967,demo
D03,18,1.90496,synthetic,24,2287.896293,3.439453,3.008485,28.796875,1.903929,0.050804,0.152476,demo
D03,19,1.889594,synthetic,24,2260.477947,3.427566,3.015459,29.143627,1.889171,0.054558,0.149695,demo
D03,20,1.891977,synthetic,24,2268.29526,3.436348,3.002401,29.236043,1.89158,0.051365,0.151724,demo
D03,21,1.891515,synthetic,24,2265.117372,3.432358,2.997073,29.625343,1.891219,0.050704,0.158183,demo
D03,22,1.888229,synthetic,24,2269.965965,3.436434,3.007571,29.189157,1.887519,0.052538,0.154695,demo
D03,23,1.873139,synthetic,24,2243.189306,3.429831,3.008687,28.606748,1.874085,0.049428,0.156428,demo
D03,24,1.877847,synthetic,24,2260.255239,3.436428,2.996403,29.159733,1.880676,0.051316,0.154102,demo
D03,25,1.856541,synthetic,24,2226.207148,3.432145,3.003303,29.900064,1.851973,0.053429,0.15376,demo
D03,26,1.852231,synthetic,24,2218.345389,3.43713,3.011805,29.438245,1.848339,0.051361,0.160943,demo
D03,27,1.858038,synthetic,24,2221.262009,3.432282,3.018905,29.010221,1.85154,0.049686,0.155114,demo
D03,28,1.874347,synthetic,24,2250.925494,3.431219,3.007426,29.336255,1.877595,0.050861,0.153696,demo
D03,29,1.844814,synthetic,24,2219.722478,3.429614,3.000441,29.047275,1.845738,0.053006,0.159496,demo
D03,30,1.835623,synthetic,24,2204.553644,3.424076,2.999459,28.908114,1.837478,0.05202,0.154408,demo
D03,31,1.816689,synthetic,24,2194.66841,3.428711,3.005574,29.187875,1.811495,0.050994,0.155548,demo
D03,32,1.811703,synthetic,24,2183.36931,3.428822,2.998843,29.305327,1.818171,0.051198,0.157563,demo
D03,33,1.818577,synthetic,24,2180.278878,3.437199,3.001896,28.804096,1.816362,0.051255,0.157258,demo
D03,34,1.809599,synthetic,24,2169.446482,3.423712,2.989421,28.998312,1.810207,0.052265,0.158395,demo
D03,35,1.799043,synthetic,24,2161.893559,3.423809,3.012971,29.304019,1.802117,0.053348,0.164313,demo
D03,36,1.799987,synthetic,24,2154.553911,3.422695,2.988598,29.197976,1.796434,0.053053,0.159009,demo
D03,37,1.794185,synthetic,24,2160.555219,3.425122,2.995679,29.407425,1.792225,0.052514,0.151098,demo
D03,38,1.793047,synthetic,24,2153.989937,3.425658,3.000976,29.006763,1.793689,0.050738,0.159257,demo
D03,39,1.782071,synthetic,24,2140.130125,3.422545,3.01991,29.505422,1.792255,0.050851,0.158831,demo
D03,40,1.782478,synthetic,24,2143.381727,3.427155,2.995773,29.030343,1.783551,0.052708,0.158831,demo
D03,41,1.768998,synthetic,24,2133.769067,3.418657,2.99334,29.757187,1.774681,0.050965,0.159978,demo
D03,42,1.762086,synthetic,24,2115.587617,3.424205,2.994492,28.927931,1.766335,0.052154,0.159431,demo
D03,43,1.762978,synthetic,24,2114.856124,3.422526,3.016589,29.082394,1.764276,0.052674,0.159323,demo
D03,44,1.744522,synthetic,24,2102.901262,3.418017,2.971877,29.48756,1.74107,0.051417,0.162058,demo
D03,45,1.761066,synthetic,24,2119.412921,3.418873,2.989973,29.77446,1.764798,0.051365,0.157931,demo
D03,46,1.740204,synthetic,24,2086.233473,3.427232,3.027313,29.468455,1.73499,0.052504,0.157549,demo
D03,47,1.733997,synthetic,24,2080.828419,3.413482,3.005909,29.539719,1.739549,0.053164,0.169711,demo
D03,48,1.728609,synthetic,24,2075.546292,3.417268,2.98894,29.411471,1.7293,0.053775,0.158708,demo
D03,49,1.730454,synthetic,24,2078.798988,3.413306,2.999581,29.147719,1.721282,0.053303,0.161082,demo
D03,50,1.717667,synthetic,24,2052.811289,3.421851,3.000675,29.300965,1.716497,0.052897,0.156806,demo
D03,51,1.696989,synthetic,24,2026.962986,3.415671,3.008461,29.15154,1.699208,0.052284,0.16247,demo
D03,52,1.708734,synthetic,24,2045.022334,3.410878,3.018395,29.117221,1.707924,0.051842,0.158851,demo
D03,53,1.69195,synthetic,24,2024.46355,3.413544,3.003886,29.562512,1.694369,0.05257,0.160995,demo
D03,54,1.688307,synthetic,24,2022.055717,3.412069,2.994602,29.186744,1.685437,0.053527,0.165603,demo
D03,55,1.673646,synthetic,24,2012.198949,3.407139,3.007871,29.56942,1.669274,0.0536,0.16447,demo
D03,56,1.678123,synthetic,24,2012.726665,3.412798,2.993017,29.15736,1.677883,0.051119,0.16458,demo
D03,57,1.664689,synthetic,24,1998.804043,3.409643,2.989667,29.577062,1.664794,0.052567,0.158099,demo
D03,58,1.662818,synthetic,24,1988.053087,3.408715,2.982401,29.383602,1.66166,0.054576,0.168998,demo
D03,59,1.65412,synthetic,24,1982.195405,3.406597,2.984349,29.870473,1.658181,0.053538,0.16026,demo
D03,60,1.660971,synthetic,24,1996.676254,3.409346,2.991036,29.589474,1.658146,0.051973,0.168147,demo
D03,61,1.654898,synthetic,24,1989.421816,3.40778,2.988222,29.826599,1.655934,0.055807,0.166869,demo
D03,62,1.636855,synthetic,24,1959.956355,3.404843,3.003132,29.355806,1.637078,0.053603,0.166258,demo
D03,63,1.63052,synthetic,24,1957.572645,3.401251,2.988006,29.568256,1.625443,0.054079,0.162214,demo
D03,64,1.621443,synthetic,24,1958.567223,3.409455,2.968563,29.322563,1.617166,0.054185,0.165597,demo
D03,65,1.623857,synthetic,24,1948.525106,3.39878,2.989561,29.460814,1.623895,0.053394,0.163633,demo
D03,66,1.608772,synthetic,24,1926.511773,3.402807,2.995281,29.521316,1.615147,0.053185,0.165736,demo
D03,67,1.601731,synthetic,24,1921.075125,3.398935,2.993946,29.415939,1.603587,0.056104,0.165181,demo
D03,68,1.603632,synthetic,24,1924.891019,3.407492,3.015195,29.290676,1.598098,0.054967,0.159739,demo
D03,69,1.588022,synthetic,24,1904.761648,3.394889,2.993865,29.264588,1.578143,0.054942,0.169844,demo
D03,70,1.584504,synthetic,24,1901.225912,3.395122,3.008809,29.038307,1.586827,0.054731,0.166377,demo
D03,71,1.568711,synthetic,24,1874.300948,3.39221,2.99981,29.382848,1.568409,0.05331,0.165797,demo
D03,72,1.57588,synthetic,24,1885.595019,3.398279,2.999577,29.793053,1.579477,0.055519,0.165284,demo
D03,73,1.576746,synthetic,24,1891.247144,3.391601,2.991646,29.235257,1.573968,0.053389,0.168006,demo
D03,74,1.562862,synthetic,24,1874.50476,3.393444,2.999412,29.313676,1.563957,0.054655,0.164804,demo
D03,75,1.560729,synthetic,24,1869.693469,3.386482,2.992349,30.106631,1.56337,0.052753,0.160805,demo
D03,76,1.540294,synthetic,24,1847.37095,3.393498,3.0017,29.530435,1.538915,0.052556,0.16961,demo
D03,77,1.563841,synthetic,24,1876.952468,3.393479,2.997638,29.7345,1.562508,0.05468,0.169004,demo
D03,78,1.526503,synthetic,24,1836.691398,3.384861,2.990554,29.870825,1.52658,0.053926,0.168341,demo
D03,79,1.524175,synthetic,24,1828.465589,3.394864,3.009919,29.879369,1.525829,0.052769,0.165589,demo
D03,80,1.523544,synthetic,24,1830.441222,3.385212,3.004268,29.334106,1.5235,0.055305,0.169325,demo
D03,81,1.512879,synthetic,24,1812.505179,3.392298,2.995519,29.672916,1.515826,0.056991,0.165091,demo
D03,82,1.49714,synthetic,24,1799.650865,3.384338,3.001455,29.349734,1.495756,0.056418,0.167033,demo
D03,83,1.491062,synthetic,24,1791.290907,3.392789,2.999162,30.374987,1.4871,0.054832,0.168105,demo
D03,84,1.483991,synthetic,24,1785.41443,3.388497,2.991324,29.375295,1.489858,0.055169,0.173172,demo
D03,85,1.503267,synthetic,24,1807.781569,3.383876,3.000705,29.483139,1.501449,0.055855,0.168781,demo
D03,86,1.491281,synthetic,24,1792.697983,3.382742,2.99379,29.502928,1.489586,0.056209,0.169005,demo
D03,87,1.480367,synthetic,24,1775.915463,3.387468,2.990551,29.405285,1.480172,0.054853,0.176649,demo
D03,88,1.4541,synthetic,24,1746.201797,3.380713,2.983772,30.156999,1.454295,0.055493,0.172893,demo
D03,89,1.467275,synthetic,24,1766.347994,3.382732,2.996414,30.404699,1.466141,0.055628,0.172326,demo
D03,90,1.45763,synthetic,24,1745.734339,3.387293,3.00567,29.694618,1.457579,0.055978,0.170586,demo
D03,91,1.435992,synthetic,24,1719.942198,3.376504,2.993053,29.515906,1.435878,0.055507,0.170771,demo
D03,92,1.436687,synthetic,24,1724.962837,3.379951,3.025207,29.285738,1.437189,0.055513,0.165973,demo
D03,93,1.438311,synthetic,24,1728.123753,3.383607,3.008857,29.781506,1.43153,0.056997,0.175374,demo
D03,94,1.428262,synthetic,24,1709.677354,3.381769,3.013043,29.778515,1.433635,0.056927,0.174214,demo
D03,95,1.410316,synthetic,24,1692.000104,3.375651,3.007952,29.721701,1.409901,0.056374,0.17305,demo
D03,96,1.415037,synthetic,24,1697.565017,3.375724,3.018529,29.932789,1.41668,0.057569,0.172987,demo
D03,97,1.391738,synthetic,24,1658.986531,3.367012,2.99213,30.011186,1.387902,0.055696,0.176539,demo
D03,98,1.396407,synthetic,24,1674.584402,3.370326,2.974393,29.98616,1.395092,0.057659,0.16948,demo
D03,99,1.397742,synthetic,24,1676.499167,3.375991,2.995539,29.824355,1.395863,0.056565,0.172321,demo
D03,100,1.384186,synthetic,24,1660.223922,3.372472,3.005582,29.648316,1.388254,0.059429,0.171224,demo
D03,101,1.374232,synthetic,24,1656.08344,3.372079,3.001515,30.10511,1.372622,0.055065,0.180345,demo
D03,102,1.375702,synthetic,24,1644.821616,3.37612,3.002755,29.939575,1.377788,0.055554,0.177599,demo
D03,103,1.369345,synthetic,24,1639.149398,3.366419,3.013209,30.168071,1.367564,0.056725,0.168618,demo
D03,104,1.364478,synthetic,24,1624.541871,3.369615,3.003821,30.150802,1.363243,0.056752,0.17088,demo
D03,105,1.354974,synthetic,24,1623.623204,3.370127,3.007989,29.612098,1.354309,0.0584,0.175404,demo
D03,106,1.349317,synthetic,24,1617.258758,3.365848,2.990604,29.617469,1.352782,0.055838,0.17461,demo
D03,107,1.340317,synthetic,24,1605.919994,3.373266,2.989046,29.800639,1.335251,0.057502,0.172414,demo
D03,108,1.330594,synthetic,24,1602.01872,3.369959,3.016141,29.740043,1.327093,0.057857,0.182611,demo
D03,109,1.322609,synthetic,24,1591.228611,3.366487,3.001009,30.204899,1.317458,0.057479,0.178033,demo
D03,110,1.31371,synthetic,24,1576.820005,3.371391,2.993768,30.117263,1.310853,0.055902,0.178876,demo
D03,111,1.300911,synthetic,24,1559.357242,3.356618,2.993786,30.32343,1.298799,0.058399,0.175888,demo
D03,112,1.295495,synthetic,24,1559.379864,3.361906,2.993509,30.155879,1.291312,0.058274,0.180347,demo
D03,113,1.292567,synthetic,24,1550.988263,3.363036,2.99291,30.113312,1.290669,0.057674,0.177156,demo
D03,114,1.28873,synthetic,24,1542.679724,3.357433,2.987169,30.366837,1.283537,0.057317,0.177601,demo
D03,115,1.288939,synthetic,24,1538.762963,3.36232,2.984996,30.184024,1.286315,0.057337,0.180275,demo
D03,116,1.273046,synthetic,24,1525.632988,3.354704,2.99805,30.107456,1.276103,0.057191,0.174191,demo
D03,117,1.272311,synthetic,24,1530.230065,3.361801,2.994071,30.461646,1.273338,0.057918,0.183899,demo
D03,118,1.26575,synthetic,24,1529.273625,3.36245,3.011072,30.13017,1.266225,0.057374,0.179917,demo
D03,119,1.25086,synthetic,24,1501.309067,3.357447,3.002931,30.047625,1.248351,0.056643,0.183808,demo
D03,120,1.248781,synthetic,24,1495.096578,3.348686,3.002653,29.917373,1.244945,0.056464,0.176822,demo
D03,121,1.236707,synthetic,24,1478.772542,3.350721,2.992569,30.320696,1.233889,0.056881,0.177762,demo
D03,122,1.239046,synthetic,24,1489.317574,3.35714,2.99879,30.450693,1.238939,0.057832,0.176952,demo
D03,123,1.227864,synthetic,24,1465.637242,3.353568,3.00361,30.145556,1.229997,0.057694,0.181636,demo
D03,124,1.209833,synthetic,24,1454.196573,3.340453,3.007162,30.512229,1.212016,0.058117,0.181805,demo
D03,125,1.210862,synthetic,24,1456.598934,3.356329,2.999061,29.691203,1.212389,0.058392,0.180172,demo
D03,126,1.212689,synthetic,24,1457.131561,3.352133,3.010791,30.167103,1.2109,0.057246,0.17845,demo
D03,127,1.194611,synthetic,24,1432.588654,3.34605,3.00008,30.19806,1.19467,0.05952,0.178416,demo
D03,128,1.191273,synthetic,24,1431.950927,3.352889,3.007928,30.031341,1.190508,0.05782,0.182204,demo
D03,129,1.184742,synthetic,24,1422.419077,3.345383,2.995101,30.818853,1.184265,0.057719,0.181214,demo
D03,130,1.168117,synthetic,24,1398.467654,3.343261,2.981874,30.231277,1.172876,0.058801,0.181219,demo
D03,131,1.170261,synthetic,24,1412.108884,3.347716,3.002684,30.142676,1.166137,0.056461,0.187831,demo
D03,132,1.151685,synthetic,24,1380.563779,3.351085,3.007253,30.278963,1.151144,0.057693,0.183686,demo
D03,133,1.149136,synthetic,24,1382.172349,3.350136,3.005753,29.775593,1.151921,0.05949,0.187845,demo
D03,134,1.152177,synthetic,24,1372.579813,3.345461,3.004222,30.081768,1.148799,0.056741,0.182313,demo
D03,135,1.140686,synthetic,24,1374.064872,3.344435,2.996514,30.534781,1.139217,0.059711,0.185107,demo
D03,136,1.129532,synthetic,24,1361.411331,3.344358,2.991933,30.148465,1.128337,0.060216,0.184652,demo
D03,137,1.126843,synthetic,24,1352.332206,3.335827,3.005517,30.102517,1.126339,0.058362,0.179833,demo
D03,138,1.116599,synthetic,24,1342.164565,3.342151,3.004264,30.652483,1.113035,0.059126,0.189621,demo
D03,139,1.109821,synthetic,24,1334.016496,3.335791,2.994391,30.670332,1.111142,0.060021,0.185202,demo
D03,140,1.106463,synthetic,24,1325.19547,3.339582,3.011094,30.469553,1.107938,0.058469,0.187981,demo
D03,141,1.090926,synthetic,24,1311.25968,3.335456,2.991171,30.249832,1.092035,0.059959,0.184107,demo
D03,142,1.088291,synthetic,24,1302.780539,3.338041,2.994165,30.307696,1.086396,0.058446,0.185974,demo
D03,143,1.078924,synthetic,24,1292.344583,3.335338,3.016364,30.180576,1.079111,0.058733,0.184242,demo
D03,144,1.064024,synthetic,24,1281.146001,3.320711,3.008686,30.15527,1.06211,0.05856,0.191147,demo
D03,145,1.060746,synthetic,24,1276.617456,3.333309,2.99642,30.147776,1.060041,0.059735,0.188504,demo
D03,146,1.0684,synthetic,24,1279.363282,3.336119,3.002874,30.242886,1.073002,0.060474,0.188365,demo
D03,147,1.054012,synthetic,24,1262.030896,3.333535,3.001548,30.160302,1.054214,0.059276,0.191914,demo
D03,148,1.036466,synthetic,24,1241.350054,3.329148,2.972544,30.054375,1.034004,0.058364,0.19201,demo
D03,149,1.02786,synthetic,24,1236.142697,3.335051,2.990935,30.513061,1.02823,0.058639,0.191182,demo
D03,150,1.029114,synthetic,24,1231.232511,3.329885,2.999492,30.514977,1.026332,0.060103,0.18457,demo
D04,1,1.944024,synthetic,35,3483.417968,3.447039,1.978761,38.704041,1.943473,0.051424,0.154841,demo
D04,2,1.966629,synthetic,35,3543.280506,3.450121,2.009222,38.325702,1.967298,0.04999,0.141939,demo
D04,3,1.945003,synthetic,35,3489.594376,3.44572,2.00243,38.667229,1.948473,0.048986,0.153348,demo
D04,4,1.937231,synthetic,35,3497.673915,3.436335,1.996861,39.201021,1.931535,0.051249,0.160222,demo
D04,5,1.931199,synthetic,35,3466.371001,3.438034,1.990338,38.628807,1.934042,0.051813,0.148227,demo
D04,6,1.915703,synthetic,35,3441.286927,3.438364,1.985301,38.991905,1.915625,0.05076,0.152648,demo
D04,7,1.913229,synthetic,35,3437.724258,3.442272,2.002239,38.445074,1.909178,0.051273,0.153447,demo
D04,8,1.91224,synthetic,35,3441.245067,3.438945,2.016134,38.621119,1.904267,0.050403,0.152123,demo
D04,9,1.900925,synthetic,35,3424.982603,3.442163,2.002032,38.803504,1.900406,0.050145,0.157072,demo
D04,10,1.897072,synthetic,35,3419.683863,3.442395,1.986172,38.753725,1.902564,0.052056,0.155534,demo
D04,11,1.8954,synthetic,35,3411.66032,3.441722,2.002251,38.465303,1.901748,0.051433,0.154641,demo
D04,12,1.884634,synthetic,35,3378.807129,3.440401,1.999467,38.470669,1.885974,0.051644,0.157006,demo
D04,13,1.882026,synthetic,35,3395.043431,3.431105,2.00864,38.924032,1.889411,0.052682,0.154769,demo
D04,14,1.884139,synthetic,35,3390.910602,3.437448,2.006067,38.97168,1.883977,0.050104,0.164174,demo
D04,15,1.867435,synthetic,35,3373.097299,3.430999,1.970142,39.076884,1.870995,0.050774,0.155757,demo
D04,16,1.869398,synthetic,35,3357.771344,3.427078,2.005452,39.146886,1.867711,0.051464,0.15581,demo
D04,17,1.859507,synthetic,35,3331.024326,3.431289,1.989965,38.744394,1.857594,0.050841,0.150488,demo
D04,18,1.841152,synthetic,35,3313.735189,3.435443,1.985783,38.660472,1.838657,0.052372,0.154724,demo
D04,19,1.837122,synthetic,35,3319.676753,3.431483,1.998115,39.082064,1.829552,0.051441,0.159957,demo
D04,20,1.85416,synthetic,35,3339.099061,3.439841,2.00411,38.897028,1.858933,0.050466,0.151827,demo
D04,21,1.826096,synthetic,35,3285.003875,3.428971,1.983593,38.515242,1.823753,0.051805,0.150483,demo
D04,22,1.824395,synthetic,35,3275.336032,3.437841,2.007046,38.504999,1.82147,0.051926,0.157121,demo
D04,23,1.822314,synthetic,35,3297.462986,3.428499,2.007633,38.889511,1.818014,0.052712,0.16122,demo
D04,24,1.819826,synthetic,35,3265.569645,3.427568,2.00047,38.725942,1.819083,0.052195,0.157334,demo
D04,25,1.807793,synthetic,35,3246.94658,3.420857,1.991324,38.781703,1.814169,0.052383,0.15668,demo
D04,26,1.796899,synthetic,35,3239.949496,3.429055,1.990206,39.072785,1.804424,0.052351,0.152549,demo
D04,27,1.780689,synthetic,35,3187.393533,3.420578,2.010259,39.018726,1.774774,0.052005,0.160129,demo
D04,28,1.787197,synthetic,35,3229.254873,3.420811,1.984888,39.151673,1.78593,0.051412,0.160496,demo
D04,29,1.7805,synthetic,35,3210.900769,3.427687,2.010645,38.346367,1.776816,0.052484,0.153435,demo
D04,30,1.774996,synthetic,35,3203.61236,3.426507,1.998348,38.900855,1.778505,0.051917,0.162404,demo
D04,31,1.780072,synthetic,35,3209.494237,3.427037,1.999042,39.003564,1.781092,0.053889,0.161094,demo
D04,32,1.768396,synthetic,35,3181.574576,3.419601,1.982919,38.465759,1.766145,0.053658,0.162661,demo
D04,33,1.759164,synthetic,35,3156.395705,3.419692,1.998533,38.69753,1.759419,0.053041,0.161384,demo
D04,34,1.742165,synthetic,35,3134.579259,3.417531,2.006136,38.676631,1.740502,0.052957,0.162274,demo
D04,35,1.738327,synthetic,35,3119.833581,3.420421,1.986636,38.897934,1.743939,0.052529,0.162029,demo
D04,36,1.734286,synthetic,35,3126.268319,3.423,2.004986,39.305534,1.736184,0.051396,0.163234,demo
D04,37,1.723637,synthetic,35,3110.056604,3.416927,2.00089,39.420191,1.725947,0.052547,0.155598,demo
D04,38,1.724711,synthetic,35,3118.234197,3.423488,1.993562,38.709361,1.715512,0.052854,0.156508,demo
D04,39,1.717252,synthetic,35,3094.501869,3.418245,2.008547,39.055761,1.717023,0.053057,0.159102,demo
D04,40,1.701968,synthetic,35,3072.040192,3.411807,1.977977,39.086747,1.709059,0.05345,0.161532,demo
D04,41,1.709051,synthetic,35,3073.548757,3.416946,2.003467,39.033331,1.713583,0.053831,0.162802,demo
D04,42,1.724199,synthetic,35,3099.1048,3.422349,2.016194,39.013447,1.717829,0.052066,0.162006,demo
D04,43,1.678193,synthetic,35,3025.040021,3.417767,2.014399,39.058646,1.677141,0.052535,0.166224,demo
D04,44,1.681586,synthetic,35,3023.345233,3.414946,2.003898,39.399514,1.677545,0.054635,0.166182,demo
D04,45,1.676893,synthetic,35,3020.844856,3.409714,1.996983,39.260277,1.682632,0.054002,0.160307,demo
D04,46,1.67434,synthetic,35,3004.216677,3.408426,1.993642,38.723452,1.675158,0.052866,0.163742,demo
D04,47,1.687037,synthetic,35,3028.635505,3.413184,1.996971,39.168374,1.684447,0.053022,0.159975,demo
D04,48,1.660022,synthetic,35,2993.735043,3.414199,2.005438,39.233061,1.660135,0.053297,0.163034,demo
D04,49,1.649431,synthetic,35,2976.874016,3.407914,1.991928,39.104595,1.64083,0.053537,0.164988,demo
D04,50,1.633658,synthetic,35,2931.889917,3.406025,2.007574,39.332368,1.630113,0.054136,0.154428,demo
D04,51,1.64833,synthetic,35,2972.96245,3.406247,2.021332,39.074524,1.64845,0.056052,0.171301,demo
D04,52,1.634723,synthetic,35,2937.798854,3.403029,1.999381,39.098032,1.637488,0.053843,0.16631,demo
D04,53,1.628363,synthetic,35,2931.1978,3.402897,1.986556,39.087766,1.62204,0.054379,0.163078,demo
D04,54,1.61631,synthetic,35,2921.724353,3.40258,1.986553,38.570975,1.615077,0.05215,0.17113,demo
D04,55,1.616518,synthetic,35,2916.781584,3.408937,2.007766,39.055123,1.619783,0.05335,0.164297,demo
D04,56,1.607042,synthetic,35,2899.582692,3.399921,1.999403,38.922374,1.602377,0.055158,0.166116,demo
D04,57,1.59795,synthetic,35,2892.780337,3.399954,2.008768,38.806463,1.598682,0.054423,0.164621,demo
D04,58,1.581512,synthetic,35,2840.710872,3.394228,1.994664,39.486236,1.581721,0.049796,0.171695,demo
D04,59,1.590488,synthetic,35,2854.410839,3.401678,2.008306,39.24032,1.595941,0.054769,0.166066,demo
D04,60,1.576423,synthetic,35,2831.414683,3.40252,1.998417,39.127907,1.575698,0.056154,0.167392,demo
D04,61,1.563984,synthetic,35,2813.021286,3.401996,1.992675,39.012824,1.563447,0.052364,0.171052,demo
D04,62,1.55537,synthetic,35,2779.88943,3.395235,1.99599,39.240988,1.558029,0.055966,0.169541,demo
D04,63,1.553988,synthetic,35,2795.437208,3.396546,1.988029,39.416877,1.549865,0.051688,0.167677,demo
D04,64,1.535476,synthetic,35,2759.341025,3.39132,2.019894,38.990045,1.534797,0.055583,0.171912,demo
D04,65,1.542743,synthetic,35,2783.466246,3.394955,1.999036,39.184679,1.541337,0.054564,0.175906,demo
D04,66,1.525853,synthetic,35,2749.439782,3.391988,2.006445,39.428237,1.525429,0.052391,0.169918,demo
D04,67,1.526816,synthetic,35,2743.316266,3.391085,1.994631,38.725776,1.529407,0.055178,0.169278,demo
D04,68,1.514468,synthetic,35,2730.867151,3.38986,1.989481,39.213906,1.516147,0.056006,0.169933,demo
D04,69,1.509004,synthetic,35,2722.101196,3.390433,1.997661,39.129171,1.506745,0.055274,0.173571,demo
D04,70,1.510418,synthetic,35,2712.484687,3.387626,2.011012,39.200915,1.510831,0.055481,0.167786,demo
D04,71,1.495573,synthetic,35,2688.049376,3.385977,1.994793,39.131234,1.500031,0.054633,0.169342,demo
D04,72,1.500833,synthetic,35,2683.464036,3.394434,1.991295,39.283157,1.498338,0.05313,0.165354,demo
D04,73,1.490752,synthetic,35,2674.57313,3.397186,2.001555,39.744779,1.491184,0.055784,0.166818,demo
D04,74,1.477501,synthetic,35,2653.577569,3.37987,2.00499,39.202768,1.47693,0.056975,0.169347,demo
D04,75,1.468143,synthetic,35,2643.244989,3.37848,2.016428,39.370714,1.467958,0.056448,0.171106,demo
D04,76,1.466269,synthetic,35,2631.797999,3.379455,2.003538,39.799284,1.461487,0.053349,0.176657,demo
D04,77,1.46088,synthetic,35,2625.53381,3.382197,2.00644,39.171176,1.465002,0.053876,0.173173,demo
D04,78,1.442007,synthetic,35,2586.070591,3.383834,2.007193,39.790659,1.439773,0.054734,0.169583,demo
D04,79,1.439395,synthetic,35,2592.240159,3.382289,1.98847,39.342239,1.442348,0.054013,0.17024,demo
D04,80,1.421789,synthetic,35,2562.489253,3.378412,1.990367,39.81279,1.420022,0.055826,0.177253,demo
D04,81,1.43231,synthetic,35,2581.270053,3.381154,1.989161,39.539085,1.430518,0.05607,0.176087,demo
D04,82,1.449134,synthetic,35,2608.537323,3.378373,1.986679,39.403077,1.45265,0.054078,0.172119,demo
D04,83,1.411718,synthetic,35,2529.344161,3.375488,2.007955,39.366016,1.414524,0.05666,0.172204,demo
D04,84,1.391303,synthetic,35,2499.687888,3.373833,2.002901,39.257035,1.391884,0.056688,0.177723,demo
D04,85,1.400511,synthetic,35,2517.839283,3.368727,2.000795,39.418182,1.402643,0.055447,0.171,demo
D04,86,1.384226,synthetic,35,2488.592335,3.368383,1.974073,39.648001,1.383427,0.055985,0.175807,demo
D04,87,1.378452,synthetic,35,2481.772061,3.36782,2.020555,39.429044,1.378429,0.054266,0.18168,demo
D04,88,1.378962,synthetic,35,2492.747003,3.375427,1.991057,39.352401,1.377137,0.055878,0.175458,demo
D04,89,1.369489,synthetic,35,2471.086158,3.372168,2.020518,39.383071,1.371965,0.056312,0.172894,demo
D04,90,1.357781,synthetic,35,2436.765578,3.372167,1.985508,39.711447,1.355898,0.056591,0.17692,demo
D04,91,1.349549,synthetic,35,2434.132043,3.361335,1.991876,39.781967,1.353558,0.056883,0.174608,demo
D04,92,1.372609,synthetic,35,2475.441277,3.365642,1.977972,39.2743,1.371741,0.056518,0.170913,demo
D04,93,1.33643,synthetic,35,2399.756925,3.369707,2.003621,39.328208,1.336485,0.056371,0.178646,demo
D04,94,1.324935,synthetic,35,2390.956239,3.354502,1.988987,39.607437,1.326945,0.057037,0.180356,demo
D04,95,1.322287,synthetic,35,2378.972348,3.370184,1.98927,39.898452,1.322351,0.057779,0.176176,demo
D04,96,1.319002,synthetic,35,2364.160973,3.357582,1.986275,39.807995,1.318216,0.056714,0.176108,demo
D04,97,1.308566,synthetic,35,2358.636026,3.366944,2.007774,39.224187,1.308488,0.057232,0.174773,demo
D04,98,1.293814,synthetic,35,2330.380291,3.358172,2.007115,39.493261,1.296126,0.056876,0.177798,demo
D04,99,1.300878,synthetic,35,2339.980692,3.366805,2.01812,39.316032,1.299153,0.056344,0.176278,demo
D04,100,1.271148,synthetic,35,2287.810205,3.371726,1.993143,39.526399,1.270828,0.057811,0.176121,demo
D04,101,1.27753,synthetic,35,2294.593795,3.350599,2.002188,39.984807,1.277557,0.056669,0.184575,demo
D04,102,1.269104,synthetic,35,2288.567845,3.361419,1.987107,39.240694,1.271298,0.057695,0.180635,demo
D04,103,1.266319,synthetic,35,2279.077919,3.351057,1.99665,39.195804,1.266067,0.057365,0.181064,demo
D04,104,1.261395,synthetic,35,2271.645163,3.359381,1.994812,39.400769,1.265957,0.057082,0.182194,demo
D04,105,1.25737,synthetic,35,2265.690908,3.356344,2.004644,39.685773,1.256976,0.057098,0.182018,demo
D04,106,1.238908,synthetic,35,2222.310937,3.355383,2.01017,39.796826,1.23832,0.057103,0.179204,demo
D04,107,1.239265,synthetic,35,2224.692862,3.351261,2.009911,39.750464,1.238841,0.055962,0.181247,demo
D04,108,1.229473,synthetic,35,2198.379056,3.356806,1.991572,39.949712,1.226235,0.058088,0.180014,demo
D04,109,1.21057,synthetic,35,2182.718503,3.345528,2.009985,39.243373,1.20806,0.058126,0.182893,demo
D04,110,1.224774,synthetic,35,2196.57589,3.358063,1.999559,39.959923,1.223474,0.058602,0.182034,demo
D04,111,1.197259,synthetic,35,2155.922692,3.34802,1.996754,39.626088,1.199978,0.057496,0.180962,demo
D04,112,1.200918,synthetic,35,2164.058908,3.344504,1.992915,39.881496,1.200839,0.059886,0.177975,demo
D04,113,1.193241,synthetic,35,2151.71458,3.355535,1.994401,39.379283,1.192084,0.057688,0.182709,demo
D04,114,1.185044,synthetic,35,2125.374281,3.347861,2.017423,39.723673,1.187951,0.057274,0.181985,demo
D04,115,1.172901,synthetic,35,2110.809719,3.354243,2.003074,39.799716,1.17654,0.057277,0.177413,demo
D04,116,1.173301,synthetic,35,2122.523731,3.351548,2.001746,40.028987,1.176247,0.056533,0.184591,demo
D04,117,1.151433,synthetic,35,2083.238242,3.340737,1.997378,39.376537,1.149468,0.060018,0.186839,demo
D04,118,1.152848,synthetic,35,2081.272167,3.343766,2.02446,39.778417,1.151706,0.059843,0.191471,demo
D04,119,1.142297,synthetic,35,2058.215609,3.343271,2.01305,39.515246,1.14644,0.059178,0.183135,demo
D04,120,1.134043,synthetic,35,2035.122183,3.347861,1.992789,39.92531,1.13459,0.057763,0.183022,demo
D04,121,1.133096,synthetic,35,2043.96954,3.343387,1.997264,39.99466,1.132489,0.06048,0.181348,demo
D04,122,1.129395,synthetic,35,2031.946495,3.341879,1.997858,40.127701,1.131017,0.058354,0.18545,demo
D04,123,1.113266,synthetic,35,2007.248976,3.338359,2.001459,39.696343,1.115509,0.058598,0.186076,demo
D04,124,1.112396,synthetic,35,1998.510932,3.338847,1.992988,40.063213,1.111124,0.060313,0.18307,demo
D04,125,1.100386,synthetic,35,1979.666857,3.342767,2.004388,40.189647,1.100869,0.059655,0.18546,demo
D04,126,1.087096,synthetic,35,1957.737211,3.335902,2.014521,39.458544,1.089111,0.06133,0.18058,demo
D04,127,1.08326,synthetic,35,1951.309454,3.333828,1.986864,40.028196,1.080747,0.059416,0.189449,demo
D04,128,1.075356,synthetic,35,1938.508594,3.332162,1.988719,40.126593,1.075383,0.058849,0.184674,demo
D04,129,1.065308,synthetic,35,1914.223289,3.330948,1.995168,39.837356,1.062934,0.058735,0.187284,demo
D04,130,1.064384,synthetic,35,1908.170893,3.32744,1.995632,39.60073,1.06229,0.057509,0.183145,demo
D04,131,1.055536,synthetic,35,1909.226076,3.328941,2.019985,40.152435,1.054347,0.059166,0.186031,demo
D04,132,1.036889,synthetic,35,1880.338242,3.335605,2.010017,39.644789,1.037879,0.060776,0.187686,demo
D04,133,1.028819,synthetic,35,1854.359184,3.327776,2.009443,39.912184,1.028156,0.060311,0.188813,demo
D04,134,1.033561,synthetic,35,1853.019541,3.332013,1.997356,39.939628,1.03222,0.059685,0.190097,demo
D04,135,1.018395,synthetic,35,1828.859756,3.317384,1.997137,40.151291,1.0185,0.058821,0.193581,demo
D04,136,1.017364,synthetic,35,1834.052394,3.329444,1.985483,39.817296,1.01503,0.060053,0.191504,demo
D04,137,1.012492,synthetic,35,1829.818436,3.325916,2.007817,39.810116,1.013361,0.060888,0.192387,demo
D04,138,0.992426,synthetic,35,1779.866167,3.322127,2.004911,40.03609,0.994671,0.060506,0.194641,demo
D04,139,0.983817,synthetic,35,1770.209998,3.323701,2.01286,40.275872,0.983661,0.060329,0.192356,demo
D04,140,0.994558,synthetic,35,1791.256075,3.322336,1.997892,40.580026,0.994155,0.059257,0.190108,demo
D05,1,1.912152,synthetic,35,2299.129724,3.440398,3.005394,40.069093,1.910816,0.051025,0.155735,demo
D05,2,1.92075,synthetic,35,2304.792773,3.442423,2.990629,39.985258,1.922795,0.04935,0.151181,demo
D05,3,1.929158,synthetic,35,2312.425157,3.44339,3.009182,39.942695,1.931553,0.051796,0.149195,demo
D05,4,1.902699,synthetic,35,2288.0066,3.43391,2.996615,40.230692,1.907916,0.050869,0.152309,demo
D05,5,1.89551,synthetic,35,2273.629616,3.4409,3.010625,40.067221,1.895113,0.052204,0.15519,demo
D05,6,1.893394,synthetic,35,2266.631014,3.441341,2.988774,40.04647,1.885352,0.050865,0.153432,demo
D05,7,1.891441,synthetic,35,2273.813867,3.437174,2.993222,39.828823,1.891657,0.050949,0.154445,demo
D05,8,1.879994,synthetic,35,2255.559909,3.429023,3.003809,40.199419,1.880749,0.049988,0.156889,demo
D05,9,1.85373,synthetic,35,2227.73872,3.431257,3.011705,40.174099,1.849896,0.052222,0.159098,demo
D05,10,1.862513,synthetic,35,2231.971926,3.433592,3.016666,40.125819,1.863062,0.050499,0.154569,demo
D05,11,1.866985,synthetic,35,2232.25581,3.428795,3.000414,40.249215,1.865637,0.050844,0.152188,demo
D05,12,1.847667,synthetic,35,2228.740839,3.429518,3.018377,40.415501,1.842705,0.051524,0.156322,demo
D05,13,1.829341,synthetic,35,2205.395089,3.42303,2.997103,40.431379,1.831798,0.051828,0.158238,demo
D05,14,1.830259,synthetic,35,2202.133434,3.431211,3.010988,40.392794,1.828195,0.049991,0.152407,demo
D05,15,1.813145,synthetic,35,2173.243058,3.427307,2.990578,40.220114,1.811672,0.051638,0.154802,demo
D05,16,1.820453,synthetic,35,2182.575821,3.420974,3.004202,40.12757,1.818769,0.052591,0.155024,demo
D05,17,1.799515,synthetic,35,2168.372899,3.426345,2.976583,40.039749,1.803961,0.051627,0.157396,demo
D05,18,1.797857,synthetic,35,2155.138577,3.424506,2.988784,40.154925,1.79771,0.051797,0.155803,demo
D05,19,1.784396,synthetic,35,2137.211571,3.425115,3.004667,40.328319,1.784678,0.052318,0.160745,demo
D05,20,1.778365,synthetic,35,2146.024017,3.420729,2.986876,40.135881,1.776798,0.05209,0.15405,demo
D05,21,1.782633,synthetic,35,2138.853088,3.419623,3.004269,40.350065,1.784283,0.051143,0.153956,demo
D05,22,1.766381,synthetic,35,2130.902091,3.417714,3.009065,40.109065,1.771147,0.0523,0.158343,demo
D05,23,1.754422,synthetic,35,2096.473941,3.41715,2.994987,39.953119,1.756695,0.05345,0.159296,demo
D05,24,1.742896,synthetic,35,2094.726796,3.417937,2.99031,40.590507,1.745291,0.05152,0.15592,demo
D05,25,1.730502,synthetic,35,2089.505229,3.416905,2.995258,40.285643,1.7326,0.05232,0.15896,demo
D05,26,1.726165,synthetic,35,2071.582447,3.415008,2.990342,40.201495,1.7214,0.051357,0.15975,demo
D05,27,1.726259,synthetic,35,2069.870531,3.414089,2.998988,40.137149,1.723235,0.053679,0.15977,demo
D05,28,1.72336,synthetic,35,2060.787398,3.414014,3.001021,40.520719,1.722654,0.052674,0.161521,demo
D05,29,1.705984,synthetic,35,2053.828527,3.423279,2.99694,40.78475,1.703508,0.05209,0.159776,demo
D05,30,1.710614,synthetic,35,2047.99466,3.410744,3.016744,40.33331,1.706972,0.052986,0.166009,demo
D05,31,1.702044,synthetic,35,2041.871955,3.410524,2.992806,40.393043,1.695671,0.051776,0.163383,demo
D05,32,1.683385,synthetic,35,2012.580465,3.423599,3.013914,40.742831,1.678851,0.052133,0.160243,demo
D05,33,1.670113,synthetic,35,2013.49668,3.410448,2.989588,40.042219,1.669256,0.051839,0.163479,demo
D05,34,1.674292,synthetic,35,2016.111131,3.403767,3.000728,40.98028,1.674059,0.05219,0.1634,demo
D05,35,1.672667,synthetic,35,2007.010806,3.412454,3.011831,41.102024,1.670014,0.054631,0.166737,demo
D05,36,1.641226,synthetic,35,1962.651921,3.401513,3.011314,39.861577,1.641485,0.052855,0.16255,demo
D05,37,1.641414,synthetic,35,1978.772252,3.408813,2.995797,40.513504,1.639989,0.054052,0.166645,demo
D05,38,1.642753,synthetic,35,1969.139434,3.4045,3.005551,40.356134,1.646336,0.052736,0.164415,demo
D05,39,1.618136,synthetic,35,1935.325266,3.400508,3.004212,40.506603,1.617613,0.054578,0.169749,demo
D05,40,1.621852,synthetic,35,1935.933737,3.409168,2.994601,40.462626,1.62411,0.052755,0.168999,demo
D05,41,1.617395,synthetic,35,1937.112648,3.40444,3.006159,40.776847,1.618052,0.053865,0.165895,demo
D05,42,1.602131,synthetic,35,1914.166745,3.404158,3.018625,40.568662,1.597638,0.054032,0.165128,demo
D05,43,1.596539,synthetic,35,1912.266837,3.401307,3.004717,40.377465,1.596249,0.056362,0.167658,demo
D05,44,1.59536,synthetic,35,1918.70715,3.397642,3.005664,40.563914,1.591417,0.054677,0.165644,demo
D05,45,1.605895,synthetic,35,1924.903598,3.403182,3.006722,40.719854,1.605548,0.053348,0.170805,demo
D05,46,1.567481,synthetic,35,1882.984776,3.400772,2.98539,40.352848,1.565145,0.05501,0.167536,demo
D05,47,1.556161,synthetic,35,1863.340698,3.395059,3.004602,40.2542,1.55735,0.056577,0.166537,demo
D05,48,1.545319,synthetic,35,1854.74535,3.400371,2.989832,41.180207,1.54117,0.052917,0.166808,demo
D05,49,1.548167,synthetic,35,1868.505858,3.396923,2.994101,40.517143,1.548212,0.053676,0.164434,demo
D05,50,1.525522,synthetic,35,1828.712957,3.391538,3.021619,40.677378,1.527269,0.054508,0.170649,demo
D05,51,1.523668,synthetic,35,1830.510441,3.391464,2.997467,40.615049,1.526434,0.054346,0.166593,demo
D05,52,1.517213,synthetic,35,1812.104603,3.390201,2.992598,40.861203,1.514894,0.054495,0.172606,demo
D05,53,1.504975,synthetic,35,1814.205318,3.383117,3.011526,41.185736,1.505028,0.053646,0.165922,demo
D05,54,1.522609,synthetic,35,1824.51525,3.389966,2.990523,40.86107,1.52317,0.056178,0.169477,demo
D05,55,1.50612,synthetic,35,1813.04018,3.38915,2.995526,40.361229,1.51078,0.053516,0.173206,demo
D05,56,1.481348,synthetic,35,1776.961031,3.383504,3.012491,40.431947,1.47696,0.054986,0.164289,demo
D05,57,1.470793,synthetic,35,1768.190424,3.3852,3.000428,40.694069,1.468113,0.056338,0.177223,demo
D05,58,1.470809,synthetic,35,1768.524171,3.383936,2.984384,40.726728,1.479059,0.055262,0.169892,demo
D05,59,1.45745,synthetic,35,1746.565842,3.385276,3.00544,40.383338,1.456654,0.054446,0.172125,demo
D05,60,1.455927,synthetic,35,1752.835173,3.384643,2.996035,41.020945,1.45042,0.054092,0.173477,demo
D05,61,1.439541,synthetic,35,1723.515969,3.380611,3.015399,40.569108,1.437864,0.055375,0.174597,demo
D05,62,1.428308,synthetic,35,1717.970166,3.37307,2.993938,41.230863,1.420399,0.05496,0.173689,demo
D05,63,1.410327,synthetic,35,1690.41068,3.383454,3.010512,41.339668,1.411006,0.056102,0.176579,demo
D05,64,1.402524,synthetic,35,1684.794205,3.374748,3.017757,40.83415,1.404796,0.054573,0.175456,demo
D05,65,1.392427,synthetic,35,1668.596099,3.37373,2.991491,41.021103,1.389888,0.056889,0.179586,demo
D05,66,1.396899,synthetic,35,1676.530213,3.373242,2.998068,40.596665,1.395584,0.056147,0.175691,demo
D05,67,1.388828,synthetic,35,1661.220798,3.37165,3.003886,41.072677,1.391394,0.056302,0.180341,demo
D05,68,1.384474,synthetic,35,1662.602549,3.379235,2.991427,40.798741,1.379628,0.057596,0.177324,demo
D05,69,1.380155,synthetic,35,1656.404984,3.378063,3.002703,40.657959,1.376507,0.055761,0.169377,demo
D05,70,1.357731,synthetic,35,1626.63653,3.371494,2.997751,40.89107,1.357111,0.055697,0.183524,demo
D05,71,1.345237,synthetic,35,1614.018044,3.367725,2.997549,40.865707,1.343213,0.056,0.174467,demo
D05,72,1.345123,synthetic,35,1614.79655,3.370617,3.000489,40.901026,1.344332,0.056356,0.180682,demo
D05,73,1.327637,synthetic,35,1590.217944,3.36625,3.000713,41.245965,1.324281,0.056633,0.176975,demo
D05,74,1.31761,synthetic,35,1580.52138,3.36394,3.001639,40.827258,1.318175,0.055993,0.180479,demo
D05,75,1.321696,synthetic,35,1581.251019,3.366564,2.994012,41.451211,1.321302,0.05476,0.175067,demo
D05,76,1.307723,synthetic,35,1580.310509,3.361701,2.994448,40.707151,1.309159,0.056362,0.179568,demo
D05,77,1.295199,synthetic,35,1559.177521,3.362909,2.998814,41.461059,1.295718,0.057408,0.177432,demo
D05,78,1.291456,synthetic,35,1551.017454,3.362249,2.999552,40.808688,1.29199,0.057222,0.183079,demo
D05,79,1.278646,synthetic,35,1539.770203,3.362242,2.995612,41.081778,1.274947,0.058413,0.18017,demo
D05,80,1.27186,synthetic,35,1517.169187,3.356506,3.003239,40.969661,1.273113,0.059237,0.181933,demo
D05,81,1.255615,synthetic,35,1495.177085,3.359792,2.981852,41.030645,1.254784,0.058203,0.173283,demo
D05,82,1.263879,synthetic,35,1514.837994,3.35436,2.992695,41.304521,1.263458,0.058744,0.179188,demo
D05,83,1.238904,synthetic,35,1480.536916,3.352573,2.997201,41.5166,1.241502,0.058378,0.181675,demo
D05,84,1.242629,synthetic,35,1490.096899,3.353213,2.991439,41.433687,1.240841,0.059284,0.180966,demo
D05,85,1.233936,synthetic,35,1481.637104,3.349954,3.016292,41.047881,1.237271,0.059511,0.183526,demo
D05,86,1.219915,synthetic,35,1467.940145,3.356552,3.000189,41.216191,1.223439,0.058752,0.180106,demo
D05,87,1.210346,synthetic,35,1447.455176,3.347417,3.001768,40.988962,1.212168,0.058603,0.181733,demo
D05,88,1.203675,synthetic,35,1446.141949,3.347664,2.995168,40.9466,1.201315,0.057758,0.185397,demo
D05,89,1.18259,synthetic,35,1419.169088,3.352845,2.999842,40.93954,1.177419,0.058133,0.17586,demo
D05,90,1.184913,synthetic,35,1423.377641,3.345832,2.987847,41.113238,1.187469,0.057813,0.184372,demo
D05,91,1.180349,synthetic,35,1414.209858,3.346791,2.998302,41.291878,1.180612,0.058818,0.181784,demo
D05,92,1.178032,synthetic,35,1419.503766,3.343206,2.99063,40.754999,1.176276,0.057499,0.180142,demo
D05,93,1.151059,synthetic,35,1380.841346,3.347214,2.997226,41.261824,1.15376,0.058298,0.184967,demo
D05,94,1.138479,synthetic,35,1373.446022,3.345697,2.974401,41.671288,1.136517,0.05626,0.188143,demo
D05,95,1.130296,synthetic,35,1353.139027,3.344243,2.98872,41.585034,1.129337,0.06042,0.187906,demo
D05,96,1.133384,synthetic,35,1363.092157,3.343823,3.014639,41.153627,1.134574,0.058446,0.184259,demo
D05,97,1.107818,synthetic,35,1329.143496,3.338772,3.008304,40.989055,1.105351,0.059377,0.188315,demo
D05,98,1.098904,synthetic,35,1317.388469,3.335266,3.01319,41.466601,1.098664,0.060469,0.188648,demo
D05,99,1.104922,synthetic,35,1328.421775,3.334855,3.013877,40.76326,1.107329,0.059251,0.185541,demo
D05,100,1.08969,synthetic,35,1306.454594,3.341371,3.00673,41.643003,1.09015,0.060547,0.184333,demo
D05,101,1.089338,synthetic,35,1296.765862,3.339226,2.995471,41.312597,1.092055,0.057865,0.184521,demo
D05,102,1.064571,synthetic,35,1265.747488,3.330298,2.989627,41.860968,1.066985,0.061752,0.189931,demo
D05,103,1.058677,synthetic,35,1275.261915,3.332494,3.011467,40.980243,1.058693,0.0605,0.187526,demo
D05,104,1.044587,synthetic,35,1258.130666,3.329373,3.000646,41.662656,1.039705,0.059763,0.185078,demo
D05,105,1.040029,synthetic,35,1255.101017,3.325491,3.02494,41.41483,1.037729,0.061025,0.183344,demo
D05,106,1.019129,synthetic,35,1222.89056,3.328102,2.996349,41.388544,1.020685,0.05864,0.19173,demo
D05,107,1.024475,synthetic,35,1224.602027,3.326397,3.019729,41.120827,1.021298,0.059467,0.187381,demo
D05,108,1.012883,synthetic,35,1213.930041,3.3228,2.998432,41.629612,1.012222,0.061315,0.190476,demo
D05,109,1.001161,synthetic,35,1201.434963,3.319229,3.01336,41.667292,1.001839,0.058121,0.193673,demo
D05,110,0.989716,synthetic,35,1184.070669,3.317459,3.016967,41.961709,0.992625,0.060663,0.186485,demo
D05,111,0.977227,synthetic,35,1178.472008,3.320668,2.989771,41.786172,0.976103,0.06076,0.190776,demo
D05,112,0.977486,synthetic,35,1180.863986,3.321845,2.99515,41.385297,0.976228,0.062194,0.190388,demo
D05,113,0.956604,synthetic,35,1149.57232,3.316074,2.98967,41.314128,0.956504,0.058851,0.192875,demo
D05,114,0.9572,synthetic,35,1148.602744,3.322253,2.987701,41.222077,0.957872,0.062038,0.195429,demo
D05,115,0.95706,synthetic,35,1144.010496,3.31937,3.006671,41.932716,0.956765,0.05987,0.187729,demo
D05,116,0.943998,synthetic,35,1138.053114,3.320307,2.998034,41.389459,0.945979,0.060113,0.193949,demo
D05,117,0.916513,synthetic,35,1100.066879,3.313832,3.000524,41.995289,0.915048,0.059613,0.196434,demo
D05,118,0.912768,synthetic,35,1094.371668,3.310948,3.005562,41.762116,0.912988,0.059784,0.19293,demo
D05,119,0.90895,synthetic,35,1092.313964,3.314075,2.981426,41.719051,0.909759,0.061314,0.19323,demo
D05,120,0.896418,synthetic,35,1073.811818,3.307002,3.012868,41.578655,0.895701,0.059923,0.195399,demo
D06,1,1.892748,synthetic,24,6782.125483,3.442705,1.008921,26.058851,1.894916,0.050539,0.153186,demo
D06,2,1.893986,synthetic,24,6823.519818,3.438593,1.012776,25.920577,1.894144,0.051206,0.155122,demo
D06,3,1.887744,synthetic,24,6794.94688,3.434441,1.004285,26.487627,1.893092,0.049779,0.155055,demo
D06,4,1.886115,synthetic,24,6792.662982,3.431181,1.010509,26.306804,1.880791,0.050887,0.156363,demo
D06,5,1.877302,synthetic,24,6759.008865,3.442852,0.993349,26.266193,1.886133,0.051942,0.156722,demo
D06,6,1.88918,synthetic,24,6806.336041,3.43605,1.009181,26.007822,1.883369,0.051714,0.146615,demo
D06,7,1.882831,synthetic,24,6805.386151,3.440943,1.009047,26.282169,1.87519,0.050383,0.153965,demo
D06,8,1.876455,synthetic,24,6731.333744,3.438131,1.015129,25.913998,1.876234,0.050067,0.156496,demo
D06,9,1.86364,synthetic,24,6702.216212,3.430871,0.983316,26.363056,1.859411,0.051379,0.154223,demo
D06,10,1.867979,synthetic,24,6738.172551,3.431446,0.990928,26.542753,1.867834,0.051881,0.155389,demo
D06,11,1.862299,synthetic,24,6713.950396,3.438573,1.008231,26.614312,1.862025,0.051782,0.15776,demo
D06,12,1.85763,synthetic,24,6696.684904,3.438054,0.973486,26.390686,1.856903,0.050912,0.155938,demo
D06,13,1.863906,synthetic,24,6765.490905,3.425481,1.00492,25.858636,1.860765,0.051659,0.159968,demo
D06,14,1.85444,synthetic,24,6688.283686,3.434004,1.010598,26.267673,1.856045,0.052958,0.159203,demo
D06,15,1.871422,synthetic,24,6759.975352,3.433443,0.994236,26.727788,1.870234,0.051491,0.154787,demo
D06,16,1.831153,synthetic,24,6586.079796,3.424761,0.995698,26.036117,1.835195,0.050055,0.15616,demo
D06,17,1.843909,synthetic,24,6618.30035,3.431536,0.989259,26.219341,1.843244,0.051764,0.147693,demo
D06,18,1.845291,synthetic,24,6636.784212,3.425263,0.994785,26.585444,1.841731,0.053591,0.155209,demo
D06,19,1.84304,synthetic,24,6649.116301,3.428514,0.995074,26.389723,1.836819,0.050282,0.152219,demo
D06,20,1.842998,synthetic,24,6642.89106,3.427181,0.993172,26.855542,1.842364,0.0516,0.156944,demo
D06,21,1.832927,synthetic,24,6606.519772,3.427117,0.992623,26.067392,1.828274,0.051444,0.157142,demo
D06,22,1.830148,synthetic,24,6584.297619,3.428483,0.99729,26.007338,1.825207,0.051794,0.158882,demo
D06,23,1.820093,synthetic,24,6544.987141,3.423449,0.997169,26.575892,1.822013,0.051993,0.161386,demo
D06,24,1.823792,synthetic,24,6562.108292,3.434267,1.018741,25.965342,1.817308,0.052902,0.15697,demo
D06,25,1.814373,synthetic,24,6545.939236,3.42877,0.996058,26.229248,1.819498,0.051941,0.164266,demo
D06,26,1.830074,synthetic,24,6604.884595,3.435938,1.003442,26.238477,1.830659,0.052977,0.157494,demo
D06,27,1.80925,synthetic,24,6493.636956,3.425516,0.994231,26.545123,1.809091,0.05179,0.153699,demo
D06,28,1.821708,synthetic,24,6573.147766,3.425518,0.994104,26.421005,1.817938,0.051433,0.155445,demo
D06,29,1.807919,synthetic,24,6495.802093,3.433024,0.982956,26.402388,1.810683,0.051252,0.156565,demo
D06,30,1.807739,synthetic,24,6517.014855,3.423655,0.984286,26.187784,1.807728,0.050106,0.159467,demo
D06,31,1.800207,synthetic,24,6477.014096,3.424313,0.98793,26.60344,1.797737,0.052274,0.15515,demo
D06,32,1.789405,synthetic,24,6472.118459,3.426556,1.001837,27.322348,1.79012,0.05416,0.15753,demo
D06,33,1.802617,synthetic,24,6481.282061,3.420376,1.010762,26.468895,1.79655,0.052432,0.157412,demo
D06,34,1.780811,synthetic,24,6414.353897,3.425447,0.982133,26.353702,1.774986,0.052879,0.157423,demo
D06,35,1.787351,synthetic,24,6446.171762,3.425752,0.994509,25.994508,1.783346,0.051713,0.16094,demo
D06,36,1.787179,synthetic,24,6416.976618,3.428475,0.986331,26.159861,1.788429,0.051884,0.160437,demo
D06,37,1.78571,synthetic,24,6427.14927,3.426774,0.997357,26.268008,1.785698,0.053128,0.162071,demo
D06,38,1.77678,synthetic,24,6391.291303,3.427297,1.010758,26.20118,1.780507,0.054241,0.157936,demo
D06,39,1.766915,synthetic,24,6351.088948,3.420423,0.995531,26.345608,1.763664,0.053819,0.162931,demo
D06,40,1.769933,synthetic,24,6363.352859,3.417791,0.999525,26.789605,1.771967,0.053106,0.155111,demo
D06,41,1.767036,synthetic,24,6382.551577,3.429319,1.014552,26.661238,1.766634,0.052365,0.155153,demo
D06,42,1.763672,synthetic,24,6337.817887,3.414352,1.004579,26.314784,1.760345,0.052573,0.155812,demo
D06,43,1.770905,synthetic,24,6386.092326,3.415657,0.992399,26.041572,1.77227,0.051537,0.159191,demo
D06,44,1.754571,synthetic,24,6322.416041,3.421582,1.001589,26.702486,1.754339,0.051006,0.163424,demo
D06,45,1.760418,synthetic,24,6310.946265,3.426552,0.991725,26.347109,1.758203,0.051269,0.157777,demo
D06,46,1.756315,synthetic,24,6332.583479,3.420298,1.004205,25.933902,1.756463,0.052487,0.158317,demo
D06,47,1.757875,synthetic,24,6301.512933,3.423732,1.005153,26.541296,1.757419,0.052129,0.159037,demo
D06,48,1.748052,synthetic,24,6304.846044,3.410523,0.986328,26.634343,1.747515,0.05105,0.161796,demo
D06,49,1.75033,synthetic,24,6291.601239,3.416793,1.001751,25.768027,1.748886,0.052459,0.158554,demo
D06,50,1.741276,synthetic,24,6268.750056,3.410164,0.998824,26.181948,1.736731,0.052269,0.158749,demo
D06,51,1.741634,synthetic,24,6245.538462,3.420826,1.005447,26.359935,1.741895,0.051411,0.156298,demo
D06,52,1.726722,synthetic,24,6218.483114,3.409651,1.008313,26.593544,1.72395,0.052363,0.159216,demo
D06,53,1.716616,synthetic,24,6197.002744,3.409466,1.004774,26.296139,1.713113,0.052513,0.164868,demo
D06,54,1.73141,synthetic,24,6217.986155,3.418482,0.996968,26.19485,1.730576,0.052069,0.161016,demo
D06,55,1.728424,synthetic,24,6210.993274,3.4203,1.009333,26.589156,1.730962,0.053642,0.158643,demo
D06,56,1.725376,synthetic,24,6219.82563,3.415036,0.991269,26.294855,1.726017,0.050843,0.164693,demo
D06,57,1.716053,synthetic,24,6186.680293,3.416787,0.986795,26.561434,1.71423,0.050854,0.159602,demo
D06,58,1.724814,synthetic,24,6163.987623,3.417753,0.968047,26.1349,1.722843,0.052755,0.165267,demo
D06,59,1.709784,synthetic,24,6192.436793,3.412861,0.999299,26.097241,1.711958,0.052998,0.165819,demo
D06,60,1.711729,synthetic,24,6171.994741,3.409587,0.991785,26.621224,1.703524,0.053287,0.161699,demo
D06,61,1.709426,synthetic,24,6166.798828,3.415938,1.003978,26.498991,1.712152,0.052367,0.157127,demo
D06,62,1.712818,synthetic,24,6163.491262,3.416555,0.980288,26.661386,1.706399,0.051954,0.168356,demo
D06,63,1.697246,synthetic,24,6076.07606,3.415732,0.993528,26.320983,1.692441,0.05302,0.163272,demo
D06,64,1.691865,synthetic,24,6103.041865,3.412731,1.004703,26.263426,1.690125,0.05264,0.161354,demo
D06,65,1.683425,synthetic,24,6050.053903,3.405754,0.989702,26.815042,1.690731,0.054717,0.165531,demo
D06,66,1.698352,synthetic,24,6124.043074,3.415055,1.004093,26.071733,1.704049,0.052692,0.164173,demo
D06,67,1.688184,synthetic,24,6073.472123,3.411017,0.99443,26.78059,1.690569,0.053065,0.166405,demo
D06,68,1.684985,synthetic,24,6070.27917,3.408692,0.999672,26.802648,1.686187,0.055626,0.160614,demo
D06,69,1.697573,synthetic,24,6097.054358,3.411018,1.005952,26.668663,1.69125,0.05283,0.163052,demo
D06,70,1.677423,synthetic,24,6054.382167,3.406917,1.009528,26.311914,1.677949,0.053782,0.159345,demo
D06,71,1.664253,synthetic,24,5969.95023,3.411587,1.000925,26.29949,1.662425,0.054004,0.165429,demo
D06,72,1.667479,synthetic,24,6043.366006,3.402762,0.99186,26.446267,1.664756,0.054057,0.163232,demo
D06,73,1.681564,synthetic,24,6094.274306,3.406222,0.99542,26.153894,1.682085,0.053474,0.16358,demo
D06,74,1.659439,synthetic,24,6003.239812,3.406115,1.00637,26.270419,1.657875,0.053599,0.163183,demo
D06,75,1.655969,synthetic,24,5984.299481,3.413451,0.989787,26.67723,1.658848,0.053541,0.163008,demo
D06,76,1.651427,synthetic,24,5943.630525,3.410646,0.998219,26.685196,1.645033,0.05291,0.161338,demo
D06,77,1.643149,synthetic,24,5936.038323,3.39883,0.996141,26.272883,1.643396,0.053894,0.166645,demo
D06,78,1.657617,synthetic,24,5965.700913,3.412608,0.998966,26.682604,1.654703,0.055452,0.168164,demo
D06,79,1.646403,synthetic,24,5899.429015,3.411198,0.989907,26.643971,1.645055,0.054747,0.162474,demo
D06,80,1.6398,synthetic,24,5929.900765,3.400279,0.981481,26.917772,1.640799,0.053906,0.166069,demo
D06,81,1.642235,synthetic,24,5932.067518,3.395194,1.005207,26.678931,1.638565,0.054433,0.165607,demo
D06,82,1.637047,synthetic,24,5892.814432,3.404342,1.009641,26.809075,1.637585,0.05276,0.164542,demo
D06,83,1.6324,synthetic,24,5855.040321,3.40854,0.982078,26.670669,1.631707,0.053415,0.160124,demo
D06,84,1.631376,synthetic,24,5862.624938,3.410287,1.003689,26.797918,1.629221,0.054634,0.16084,demo
D06,85,1.624584,synthetic,24,5816.549199,3.39959,1.010832,26.241345,1.623055,0.055241,0.162674,demo
D06,86,1.624311,synthetic,24,5864.097183,3.410047,1.005959,26.533098,1.623808,0.052986,0.158611,demo
D06,87,1.621311,synthetic,24,5808.646678,3.393752,0.995833,26.558287,1.618822,0.053303,0.169372,demo
D06,88,1.614267,synthetic,24,5816.361718,3.400311,0.990565,26.517662,1.61429,0.056039,0.166532,demo
D06,89,1.608461,synthetic,24,5775.802824,3.399389,1.00081,26.69828,1.607566,0.054012,0.165572,demo
D06,90,1.615453,synthetic,24,5790.738078,3.406541,1.002478,26.735416,1.613478,0.055669,0.158811,demo
D06,91,1.599885,synthetic,24,5763.702919,3.405179,1.000958,26.698237,1.604972,0.054208,0.160533,demo
D06,92,1.601576,synthetic,24,5759.90044,3.404014,0.998199,26.5534,1.602906,0.05423,0.16593,demo
D06,93,1.598183,synthetic,24,5767.92503,3.394371,0.989173,26.418793,1.596959,0.053713,0.171984,demo
D06,94,1.588507,synthetic,24,5696.879894,3.402014,1.004227,26.891535,1.588971,0.055057,0.164364,demo
D06,95,1.583778,synthetic,24,5688.64741,3.400008,1.004709,26.711766,1.580526,0.05552,0.16924,demo
D06,96,1.582957,synthetic,24,5657.825629,3.391185,1.002008,26.370911,1.581574,0.053135,0.165242,demo
D06,97,1.578576,synthetic,24,5645.63444,3.389054,1.00111,26.583714,1.577566,0.053862,0.167023,demo
D06,98,1.569225,synthetic,24,5679.6855,3.400305,1.016792,26.210337,1.565312,0.055223,0.170875,demo
D06,99,1.570504,synthetic,24,5689.155174,3.395593,0.993756,26.653087,1.571721,0.054165,0.166142,demo
D06,100,1.572444,synthetic,24,5662.373463,3.391415,1.012814,26.591739,1.570854,0.053782,0.165032,demo
D06,101,1.574871,synthetic,24,5655.523371,3.396026,0.99266,26.494077,1.573751,0.055261,0.171259,demo
D06,102,1.567025,synthetic,24,5636.239139,3.397334,1.01109,27.045613,1.565243,0.055433,0.167456,demo
D06,103,1.54452,synthetic,24,5574.842451,3.392734,1.012334,26.394182,1.55366,0.054105,0.171493,demo
D06,104,1.560378,synthetic,24,5608.690675,3.388839,0.997069,26.836032,1.55831,0.054609,0.165529,demo
D06,105,1.549589,synthetic,24,5582.495814,3.401241,1.01661,27.222294,1.543177,0.053296,0.172236,demo
D06,106,1.552059,synthetic,24,5587.196984,3.398024,1.00469,26.941229,1.547092,0.053584,0.168739,demo
D06,107,1.545653,synthetic,24,5554.854499,3.391865,0.991227,26.673636,1.548,0.054668,0.169478,demo
D06,108,1.540974,synthetic,24,5538.748077,3.391441,0.996258,26.405022,1.545093,0.054622,0.168756,demo
D06,109,1.537904,synthetic,24,5541.324686,3.393676,1.011328,26.352629,1.535806,0.053654,0.166967,demo
D06,110,1.534764,synthetic,24,5508.959771,3.387327,1.009231,26.594965,1.53869,0.053936,0.168604,demo
D06,111,1.539342,synthetic,24,5549.142638,3.393709,0.98942,26.519236,1.541626,0.053542,0.167099,demo
D06,112,1.52753,synthetic,24,5491.327802,3.385618,0.998607,26.528818,1.526951,0.05518,0.171777,demo
D06,113,1.530528,synthetic,24,5512.005618,3.391034,1.002035,26.62263,1.529731,0.052727,0.16817,demo
D06,114,1.526016,synthetic,24,5516.465919,3.386078,0.994924,26.685415,1.526568,0.053728,0.16447,demo
D06,115,1.520735,synthetic,24,5471.884738,3.38562,1.023578,26.8402,1.523404,0.05293,0.164132,demo
D06,116,1.502365,synthetic,24,5423.438167,3.394379,1.002337,26.437004,1.503559,0.055395,0.164725,demo
D06,117,1.516131,synthetic,24,5428.728719,3.389753,0.999382,26.555242,1.514079,0.053036,0.171209,demo
D06,118,1.523818,synthetic,24,5478.005269,3.391307,1.011909,26.674354,1.523287,0.054794,0.165593,demo
D06,119,1.506404,synthetic,24,5423.504167,3.380255,0.996348,26.691523,1.512373,0.056575,0.170644,demo
D06,120,1.492606,synthetic,24,5404.385349,3.384188,1.010074,27.220197,1.493356,0.056747,0.170705,demo
D06,121,1.487657,synthetic,24,5324.075896,3.387802,0.983323,26.826576,1.490244,0.053318,0.1703,demo
D06,122,1.502948,synthetic,24,5409.049641,3.388645,0.995463,26.342181,1.50457,0.055269,0.171197,demo
D06,123,1.481664,synthetic,24,5357.30035,3.376592,1.010491,26.882049,1.482474,0.054194,0.171208,demo
D06,124,1.490594,synthetic,24,5353.501759,3.387153,1.015702,26.900525,1.490918,0.053901,0.162247,demo
D06,125,1.480735,synthetic,24,5327.241972,3.386558,0.992267,26.747616,1.483393,0.055079,0.1698,demo
D06,126,1.473805,synthetic,24,5310.980122,3.389361,0.991102,26.485943,1.475924,0.05649,0.172323,demo
D06,127,1.472354,synthetic,24,5303.408907,3.381423,1.005674,27.230982,1.473131,0.055876,0.176027,demo
D06,128,1.461109,synthetic,24,5284.698615,3.37367,0.99377,26.540866,1.459081,0.054674,0.176615,demo
D06,129,1.46512,synthetic,24,5281.527202,3.379153,0.997314,26.967514,1.466249,0.056054,0.167306,demo
D06,130,1.454988,synthetic,24,5258.821123,3.377485,1.008764,26.867531,1.454793,0.053206,0.170751,demo
D06,131,1.455389,synthetic,24,5233.741904,3.38487,0.994559,26.967119,1.454492,0.054693,0.167086,demo
D06,132,1.459586,synthetic,24,5242.836104,3.371581,0.980346,27.237336,1.467406,0.05458,0.176176,demo
D06,133,1.451827,synthetic,24,5223.037394,3.379685,0.986989,26.962669,1.447358,0.05556,0.174965,demo
D06,134,1.437671,synthetic,24,5157.619785,3.385412,1.0001,26.703827,1.440427,0.05542,0.173545,demo
D06,135,1.447931,synthetic,24,5220.113294,3.38102,0.981366,27.104601,1.445433,0.055379,0.172581,demo
D06,136,1.439033,synthetic,24,5174.520502,3.383464,0.997028,26.683676,1.43941,0.055435,0.176581,demo
D06,137,1.43207,synthetic,24,5145.063111,3.372442,0.986079,26.892784,1.439427,0.055702,0.176351,demo
D06,138,1.436047,synthetic,24,5177.502564,3.373098,1.016399,26.522659,1.433283,0.05618,0.176032,demo
D06,139,1.426802,synthetic,24,5118.863523,3.384099,1.021651,26.601477,1.424736,0.055881,0.174298,demo
D06,140,1.417045,synthetic,24,5113.154199,3.377535,0.989418,26.887279,1.416995,0.055545,0.172271,demo
D06,141,1.431355,synthetic,24,5145.483029,3.379332,1.002568,26.944989,1.42893,0.056088,0.175047,demo
D06,142,1.416388,synthetic,24,5116.728938,3.372576,0.990396,26.44982,1.418893,0.056662,0.175793,demo
D06,143,1.412223,synthetic,24,5078.013343,3.376931,0.996907,27.005987,1.410713,0.055322,0.172939,demo
D06,144,1.406495,synthetic,24,5072.982278,3.371228,1.018035,26.6854,1.408335,0.055876,0.172686,demo
D06,145,1.412216,synthetic,24,5086.714951,3.381274,0.995333,27.201599,1.408461,0.05704,0.176911,demo
D06,146,1.398192,synthetic,24,5044.723036,3.385685,0.99714,26.814721,1.393139,0.054915,0.179065,demo
D06,147,1.388271,synthetic,24,4999.425055,3.37547,0.990575,26.636688,1.387635,0.057922,0.172221,demo
D06,148,1.411527,synthetic,24,5056.138777,3.373901,1.011462,26.901661,1.407099,0.054546,0.172749,demo
D06,149,1.397888,synthetic,24,5047.627184,3.364601,0.967367,26.674109,1.402133,0.055676,0.175137,demo
D06,150,1.391106,synthetic,24,5006.665413,3.36715,0.995572,27.230577,1.38685,0.055139,0.175816,demo
D06,151,1.380765,synthetic,24,4982.526614,3.378815,0.999541,26.928985,1.377899,0.05838,0.173202,demo
D06,152,1.386711,synthetic,24,5002.497044,3.369222,0.993389,26.882014,1.387858,0.05563,0.180182,demo
D06,153,1.379131,synthetic,24,4953.353688,3.370908,1.008635,27.079254,1.377514,0.055708,0.176101,demo
D06,154,1.369211,synthetic,24,4915.632115,3.373773,1.01202,26.694947,1.365053,0.055937,0.176826,demo
D06,155,1.365978,synthetic,24,4927.187426,3.376676,0.98588,26.628745,1.371551,0.056436,0.180638,demo
D06,156,1.365107,synthetic,24,4909.913385,3.36984,1.020935,27.054428,1.362372,0.05602,0.174049,demo
D06,157,1.354293,synthetic,24,4889.149942,3.367668,0.985767,26.693643,1.353761,0.056324,0.175563,demo
D06,158,1.355459,synthetic,24,4877.045109,3.369719,1.012886,26.691808,1.354892,0.052916,0.172022,demo
D06,159,1.368169,synthetic,24,4940.531477,3.368511,1.001498,27.156935,1.370113,0.056375,0.174756,demo
D06,160,1.337593,synthetic,24,4821.451256,3.364904,0.994963,27.124876,1.33883,0.056642,0.172029,demo
D06,161,1.342714,synthetic,24,4837.945269,3.369487,0.995906,26.672472,1.340493,0.057611,0.178535,demo
D06,162,1.338161,synthetic,24,4811.974442,3.368011,0.999665,26.837974,1.337289,0.057927,0.177734,demo
D06,163,1.342273,synthetic,24,4835.551787,3.376311,1.002084,26.760658,1.341664,0.05639,0.175478,demo
D06,164,1.321158,synthetic,24,4773.188893,3.3669,0.990798,27.462343,1.323137,0.057605,0.176852,demo
D06,165,1.326052,synthetic,24,4773.009816,3.370361,0.997661,27.237425,1.322953,0.055638,0.179242,demo
D06,166,1.321561,synthetic,24,4765.20257,3.36091,0.992293,26.912447,1.326896,0.057552,0.17373,demo
D06,167,1.326319,synthetic,24,4775.412343,3.36789,0.98785,27.15457,1.324305,0.056164,0.17756,demo
D06,168,1.316399,synthetic,24,4740.80865,3.361658,0.991827,26.686355,1.316376,0.055651,0.179443,demo
D06,169,1.323534,synthetic,24,4789.358511,3.367024,0.9885,26.846537,1.320464,0.056579,0.171712,demo
D06,170,1.312824,synthetic,24,4743.204466,3.366857,0.995798,27.05698,1.309415,0.058272,0.179542,demo
D06,171,1.302477,synthetic,24,4690.035284,3.363009,1.004325,27.159342,1.300199,0.057156,0.172879,demo
D06,172,1.30246,synthetic,24,4691.873065,3.372437,1.001207,27.021945,1.299932,0.058472,0.177549,demo
D06,173,1.294977,synthetic,24,4652.09985,3.367584,1.019743,27.119538,1.293904,0.056302,0.174711,demo
D06,174,1.298332,synthetic,24,4671.569069,3.367,0.977895,27.072086,1.29579,0.058065,0.18236,demo
D06,175,1.281252,synthetic,24,4616.788439,3.363214,1.004693,27.037228,1.283034,0.056535,0.175279,demo
D06,176,1.280368,synthetic,24,4621.087654,3.367099,1.000064,27.005411,1.278363,0.057422,0.173835,demo
D06,177,1.284105,synthetic,24,4633.168716,3.354765,1.008157,26.967276,1.28181,0.057376,0.179036,demo
D06,178,1.284782,synthetic,24,4609.821726,3.366079,1.007165,27.130812,1.283772,0.057814,0.177368,demo
D06,179,1.288141,synthetic,24,4650.900518,3.357053,0.99835,27.170492,1.290699,0.057369,0.173961,demo
D06,180,1.277772,synthetic,24,4598.7547,3.357464,1.001727,27.132932,1.278321,0.056483,0.180467,demo
D06,181,1.264727,synthetic,24,4539.535374,3.360336,0.992559,26.80826,1.264475,0.058233,0.173436,demo
D06,182,1.250302,synthetic,24,4519.133601,3.361221,1.006137,26.874815,1.246719,0.059229,0.176879,demo
D06,183,1.239628,synthetic,24,4482.25251,3.350339,0.981211,27.240278,1.236795,0.05702,0.178689,demo
D06,184,1.244491,synthetic,24,4483.71301,3.353511,1.007768,27.501182,1.241309,0.05572,0.182627,demo
D06,185,1.249573,synthetic,24,4508.029739,3.356587,0.999768,27.163744,1.252839,0.058004,0.183903,demo
D06,186,1.245316,synthetic,24,4493.459009,3.354919,0.995129,27.029109,1.246637,0.057216,0.183496,demo
D06,187,1.245526,synthetic,24,4502.667728,3.359107,0.997675,27.187797,1.243379,0.057414,0.179719,demo
D06,188,1.23444,synthetic,24,4453.690956,3.368049,0.998408,26.864134,1.233047,0.058212,0.17334,demo
D06,189,1.227095,synthetic,24,4399.946194,3.355064,1.012973,27.486593,1.225069,0.057273,0.182089,demo
D06,190,1.227266,synthetic,24,4444.79718,3.350467,1.032335,27.205749,1.225092,0.057458,0.185321,demo
D06,191,1.225943,synthetic,24,4427.505828,3.348057,1.012199,26.993721,1.227072,0.05764,0.184664,demo
D06,192,1.223119,synthetic,24,4396.497619,3.351589,0.994347,27.123623,1.222416,0.059239,0.182464,demo
D06,193,1.212987,synthetic,24,4353.266299,3.347862,1.006298,27.04876,1.218036,0.0579,0.177912,demo
D06,194,1.219115,synthetic,24,4395.459314,3.35426,1.006733,27.499246,1.222163,0.056573,0.179659,demo
D06,195,1.205957,synthetic,24,4337.819836,3.352553,0.990748,27.140505,1.209115,0.056745,0.187563,demo
D06,196,1.200441,synthetic,24,4325.867109,3.348202,0.987392,27.238179,1.202053,0.058135,0.177732,demo
D06,197,1.198375,synthetic,24,4323.772941,3.357737,0.999367,27.345869,1.197362,0.056887,0.178621,demo
D06,198,1.204044,synthetic,24,4327.194081,3.347564,1.008077,27.008742,1.205484,0.056397,0.184666,demo
D06,199,1.19276,synthetic,24,4279.557639,3.348617,0.983882,27.259288,1.191928,0.058708,0.180996,demo
D06,200,1.185346,synthetic,24,4272.185255,3.350725,0.992791,27.29059,1.189211,0.058831,0.179041,demo
D07,1,1.900938,synthetic,43,3427.929511,3.436306,2.001399,47.120015,1.897929,0.05182,0.151353,demo
D07,2,1.913549,synthetic,43,3464.656334,3.440932,1.99427,46.669828,1.91648,0.05093,0.151313,demo
D07,3,1.894544,synthetic,43,3408.888064,3.436926,1.99292,46.716404,1.893768,0.052522,0.15669,demo
D07,4,1.867622,synthetic,43,3361.30335,3.428413,2.004102,46.747875,1.864917,0.049748,0.153831,demo
D07,5,1.879266,synthetic,43,3398.179769,3.428365,1.999175,46.931828,1.88196,0.049517,0.161577,demo
D07,6,1.85904,synthetic,43,3340.759905,3.433432,1.986245,46.855444,1.862596,0.052179,0.156886,demo
D07,7,1.843564,synthetic,43,3305.230087,3.435978,2.008472,46.845159,1.843494,0.05243,0.153227,demo
D07,8,1.839261,synthetic,43,3313.156113,3.430225,1.995197,46.925104,1.836259,0.051414,0.155329,demo
D07,9,1.825582,synthetic,43,3296.657508,3.431451,2.015921,46.305473,1.826569,0.052145,0.154571,demo
D07,10,1.831066,synthetic,43,3299.487892,3.432934,1.98597,46.30669,1.830211,0.052435,0.159158,demo
D07,11,1.812518,synthetic,43,3261.583215,3.427632,1.998193,46.762208,1.811645,0.051061,0.152583,demo
D07,12,1.811316,synthetic,43,3246.20195,3.423157,1.993,46.733607,1.80946,0.05118,0.153525,demo
D07,13,1.80862,synthetic,43,3254.946042,3.426859,1.990246,46.932022,1.811966,0.052104,0.155881,demo
D07,14,1.789251,synthetic,43,3232.565831,3.428485,1.995132,46.821128,1.790145,0.053012,0.160479,demo
D07,15,1.783102,synthetic,43,3197.699752,3.425007,2.017706,46.970814,1.786795,0.051003,0.162375,demo
D07,16,1.768279,synthetic,43,3180.564659,3.424028,2.001434,46.536183,1.773005,0.052119,0.16341,demo
D07,17,1.765121,synthetic,43,3173.523607,3.41879,1.992083,46.849633,1.766741,0.052105,0.160985,demo
D07,18,1.774211,synthetic,43,3186.895459,3.420967,1.981714,46.503419,1.772414,0.052676,0.158783,demo
D07,19,1.754717,synthetic,43,3160.839172,3.418865,1.982786,46.964639,1.758368,0.052444,0.162195,demo
D07,20,1.73971,synthetic,43,3135.64221,3.417258,1.994635,46.420864,1.74133,0.052057,0.156978,demo
D07,21,1.728845,synthetic,43,3115.962166,3.420777,1.993663,46.99381,1.737847,0.05396,0.155312,demo
D07,22,1.746736,synthetic,43,3134.911209,3.408953,1.997759,46.512646,1.747819,0.051993,0.16144,demo
D07,23,1.726309,synthetic,43,3092.012849,3.415911,1.977278,46.814654,1.728718,0.052445,0.157931,demo
D07,24,1.70347,synthetic,43,3068.660041,3.412616,1.999083,47.168527,1.70446,0.051374,0.161665,demo
D07,25,1.700263,synthetic,43,3055.829024,3.407047,2.010277,47.00645,1.699926,0.052284,0.162348,demo
D07,26,1.682433,synthetic,43,3045.080519,3.412991,2.016228,46.564936,1.681562,0.053692,0.163447,demo
D07,27,1.673447,synthetic,43,3029.233459,3.406283,1.981056,46.821732,1.674431,0.053586,0.165876,demo
D07,28,1.672435,synthetic,43,3028.36092,3.407626,1.991986,46.616003,1.674178,0.053875,0.165599,demo
D07,29,1.654192,synthetic,43,2969.148806,3.414169,1.991458,46.595022,1.658012,0.054009,0.164417,demo
D07,30,1.656544,synthetic,43,2986.871606,3.411108,2.001457,47.0446,1.657567,0.055522,0.162412,demo
D07,31,1.643024,synthetic,43,2965.170241,3.407676,1.987802,47.175539,1.641503,0.052822,0.164602,demo
D07,32,1.623057,synthetic,43,2928.150013,3.404405,2.016823,47.175565,1.621996,0.05215,0.163289,demo
D07,33,1.625573,synthetic,43,2922.920633,3.402538,2.000435,47.212297,1.621272,0.052694,0.164388,demo
D07,34,1.605673,synthetic,43,2901.301844,3.408707,1.998769,47.088513,1.611007,0.05324,0.173628,demo
D07,35,1.610788,synthetic,43,2899.421775,3.404557,2.015927,47.015471,1.609044,0.052918,0.166115,demo
D07,36,1.595956,synthetic,43,2873.824762,3.396496,1.99984,46.837799,1.599044,0.054134,0.167512,demo
D07,37,1.599353,synthetic,43,2865.55357,3.394319,2.004003,46.990951,1.600237,0.055259,0.163909,demo
D07,38,1.58545,synthetic,43,2859.329777,3.400449,1.992492,46.791488,1.586413,0.055685,0.169642,demo
D07,39,1.563411,synthetic,43,2811.941755,3.395203,1.986295,46.943592,1.563044,0.05487,0.169744,demo
D07,40,1.548383,synthetic,43,2790.974779,3.387832,1.993896,47.199658,1.545943,0.056657,0.170367,demo
D07,41,1.557396,synthetic,43,2805.289192,3.396389,2.02187,47.134455,1.554379,0.05407,0.168349,demo
D07,42,1.534578,synthetic,43,2763.740028,3.390746,2.00633,47.964315,1.539883,0.053022,0.171719,demo
D07,43,1.543528,synthetic,43,2777.968827,3.395064,2.002745,46.84826,1.543879,0.055618,0.172074,demo
D07,44,1.523158,synthetic,43,2748.154387,3.392162,1.990236,47.183988,1.526586,0.05293,0.169923,demo
D07,45,1.519447,synthetic,43,2733.371899,3.387498,2.009113,46.864897,1.523655,0.054051,0.168878,demo
D07,46,1.502742,synthetic,43,2693.126082,3.390374,1.986423,47.148941,1.501507,0.055493,0.172574,demo
D07,47,1.493959,synthetic,43,2693.7164,3.384753,1.984329,47.172288,1.495225,0.054958,0.167529,demo
D07,48,1.485407,synthetic,43,2667.242991,3.383944,1.994411,47.48311,1.48554,0.054955,0.16843,demo
D07,49,1.482787,synthetic,43,2658.41377,3.383219,2.019545,47.163402,1.479356,0.053991,0.170529,demo
D07,50,1.468544,synthetic,43,2635.27224,3.388092,2.018979,47.249354,1.467999,0.055304,0.166034,demo
D07,51,1.450836,synthetic,43,2613.725366,3.380232,1.995488,47.216166,1.452541,0.056495,0.174449,demo
D07,52,1.457403,synthetic,43,2622.565162,3.387665,1.993258,46.963633,1.455948,0.055446,0.168815,demo
D07,53,1.436379,synthetic,43,2568.939498,3.386681,1.983596,47.182406,1.435445,0.054806,0.17113,demo
D07,54,1.425851,synthetic,43,2563.578466,3.375277,2.00078,47.265739,1.425357,0.054494,0.172326,demo
D07,55,1.418748,synthetic,43,2562.704728,3.36566,2.00162,47.390334,1.42474,0.055003,0.173368,demo
D07,56,1.413232,synthetic,43,2540.374294,3.380832,2.007896,47.519888,1.408049,0.05626,0.17244,demo
D07,57,1.400425,synthetic,43,2519.513489,3.373685,2.009107,47.340713,1.40183,0.056339,0.173781,demo
D07,58,1.390793,synthetic,43,2511.260227,3.370384,1.998026,47.350767,1.390088,0.055292,0.174189,demo
D07,59,1.378132,synthetic,43,2486.558318,3.369912,2.00556,47.002598,1.376367,0.054008,0.173534,demo
D07,60,1.367436,synthetic,43,2468.929545,3.36927,1.992994,47.58378,1.366676,0.056746,0.172983,demo
D07,61,1.35899,synthetic,43,2425.834921,3.375062,2.00537,47.287541,1.360804,0.055512,0.178885,demo
D07,62,1.354288,synthetic,43,2450.396035,3.369926,1.994928,47.655349,1.35625,0.057146,0.169515,demo
D07,63,1.345628,synthetic,43,2426.754571,3.373338,2.004595,47.810668,1.346129,0.055788,0.175558,demo
D07,64,1.330673,synthetic,43,2412.8994,3.368311,2.003785,47.457011,1.333582,0.055705,0.175366,demo
D07,65,1.328002,synthetic,43,2384.793374,3.364763,2.000688,47.252169,1.331372,0.056873,0.178136,demo
D07,66,1.312066,synthetic,43,2349.22413,3.362447,2.007945,47.527727,1.314208,0.059237,0.173154,demo
D07,67,1.299728,synthetic,43,2339.56136,3.364712,1.984296,47.637583,1.298308,0.057752,0.176512,demo
D07,68,1.294141,synthetic,43,2327.528648,3.365049,1.989351,47.479909,1.29542,0.057195,0.177927,demo
D07,69,1.274973,synthetic,43,2299.452005,3.363359,1.997299,47.446531,1.276246,0.057609,0.182211,demo
D07,70,1.274688,synthetic,43,2301.837445,3.35829,1.985567,47.728851,1.272609,0.055502,0.180009,demo
D07,71,1.254184,synthetic,43,2256.939608,3.357474,1.995931,47.743119,1.250247,0.056336,0.176282,demo
D07,72,1.271589,synthetic,43,2287.206468,3.361285,1.996254,47.506045,1.266444,0.054773,0.177674,demo
D07,73,1.231564,synthetic,43,2220.292226,3.35241,2.013097,47.239137,1.231736,0.059414,0.183396,demo
D07,74,1.23272,synthetic,43,2217.190534,3.34955,2.001425,47.765014,1.233455,0.0592,0.177089,demo
D07,75,1.233507,synthetic,43,2218.047816,3.350963,2.010294,47.457908,1.230591,0.058058,0.180424,demo
D07,76,1.213208,synthetic,43,2190.568911,3.350687,2.003017,47.733773,1.215746,0.058003,0.181444,demo
D07,77,1.207817,synthetic,43,2182.286578,3.353626,1.994643,47.726064,1.208184,0.05637,0.18053,demo
D07,78,1.208097,synthetic,43,2181.646756,3.356048,2.001337,47.215617,1.211358,0.0577,0.189763,demo
D07,79,1.18642,synthetic,43,2134.477715,3.342878,2.007294,47.740641,1.187299,0.059928,0.181305,demo
D07,80,1.1694,synthetic,43,2091.407216,3.343786,2.011934,47.874534,1.166906,0.058437,0.184573,demo
D07,81,1.160205,synthetic,43,2087.440283,3.343594,1.998677,47.918981,1.161268,0.057833,0.181293,demo
D07,82,1.153937,synthetic,43,2072.364144,3.347421,1.983525,47.798435,1.155484,0.056703,0.185426,demo
D07,83,1.140083,synthetic,43,2051.350936,3.340398,1.982822,47.295579,1.138834,0.059979,0.187009,demo
D07,84,1.130463,synthetic,43,2030.736561,3.339589,1.996736,48.123576,1.127202,0.058625,0.183018,demo
D07,85,1.129638,synthetic,43,2033.221743,3.335557,1.976621,47.908299,1.129865,0.056947,0.18465,demo
D07,86,1.119782,synthetic,43,2009.323943,3.341906,2.017951,47.519497,1.117541,0.057878,0.182523,demo
D07,87,1.093627,synthetic,43,1960.96563,3.336058,2.005969,47.662618,1.096079,0.057786,0.182822,demo
D07,88,1.088467,synthetic,43,1966.427081,3.333442,1.993643,47.925106,1.087581,0.058984,0.189572,demo
D07,89,1.080443,synthetic,43,1939.140909,3.334017,1.988904,48.049281,1.08417,0.059403,0.18512,demo
D07,90,1.076658,synthetic,43,1937.986194,3.33909,2.010281,47.763022,1.072084,0.05873,0.179693,demo
D07,91,1.069742,synthetic,43,1931.049597,3.329698,1.988864,48.101768,1.07003,0.06008,0.192506,demo
D07,92,1.0689,synthetic,43,1929.297542,3.330246,1.989818,47.448458,1.071956,0.05939,0.184838,demo
D07,93,1.039683,synthetic,43,1875.892477,3.334969,1.992341,47.67986,1.037832,0.060665,0.187674,demo
D07,94,1.047225,synthetic,43,1886.717345,3.331206,2.001141,47.413072,1.046891,0.059171,0.193034,demo
D07,95,1.025541,synthetic,43,1849.982447,3.330872,2.006208,47.737338,1.024714,0.06279,0.188553,demo
D07,96,1.007659,synthetic,43,1821.256928,3.327564,2.011927,48.365531,1.006281,0.059359,0.189204,demo
D07,97,1.000634,synthetic,43,1803.436965,3.324938,2.01045,48.5135,1.001123,0.05909,0.18629,demo
D07,98,1.002755,synthetic,43,1795.010997,3.323951,2.000008,48.054515,1.000157,0.058946,0.184985,demo
D07,99,0.965158,synthetic,43,1734.530499,3.323971,2.010205,47.892655,0.964944,0.060137,0.190895,demo
D07,100,0.971309,synthetic,43,1752.009447,3.326063,1.99329,47.987626,0.972312,0.058567,0.192236,demo
D07,101,0.959142,synthetic,43,1723.208289,3.32423,1.981791,48.179621,0.95873,0.060703,0.192551,demo
D07,102,0.957515,synthetic,43,1731.904456,3.314948,1.993289,47.672982,0.9556,0.05852,0.190256,demo
D07,103,0.939557,synthetic,43,1690.882403,3.322664,1.991937,47.947539,0.941493,0.060766,0.192478,demo
D07,104,0.921617,synthetic,43,1659.334974,3.31377,1.99368,48.476298,0.922963,0.059433,0.187624,demo
D07,105,0.917203,synthetic,43,1656.536609,3.31163,1.990406,47.862768,0.915293,0.060447,0.194692,demo
D07,106,0.895797,synthetic,43,1611.549577,3.311297,1.995389,47.969049,0.893478,0.061647,0.194652,demo
D07,107,0.890654,synthetic,43,1604.025268,3.314656,2.0062,48.167317,0.888958,0.063397,0.200295,demo
D07,108,0.891294,synthetic,43,1608.657137,3.313574,2.017153,48.233844,0.892266,0.060009,0.194371,demo
D07,109,0.875544,synthetic,43,1569.018252,3.308421,1.982747,48.030433,0.876026,0.061094,0.19215,demo
D07,110,0.872095,synthetic,43,1568.427361,3.312363,1.987123,48.211099,0.873473,0.060555,0.194964,demo
D08,1,1.897038,synthetic,24,2706.937909,3.436192,2.50474,28.174073,1.896486,0.050742,0.155042,demo
D08,2,1.903845,synthetic,24,2736.571736,3.441239,2.478034,28.539672,1.899558,0.052865,0.157774,demo
D08,3,1.890639,synthetic,24,2713.116199,3.443573,2.506954,28.60959,1.893624,0.050143,0.152801,demo
D08,4,1.890625,synthetic,24,2732.328197,3.441958,2.498994,29.067789,1.889047,0.052174,0.154941,demo
D08,5,1.875691,synthetic,24,2697.422321,3.433915,2.49671,28.250888,1.874109,0.050088,0.154675,demo
D08,6,1.877005,synthetic,24,2698.340502,3.434428,2.498909,28.792628,1.878066,0.051885,0.155095,demo
D08,7,1.881869,synthetic,24,2709.496545,3.435421,2.4839,28.431533,1.881384,0.051889,0.15207,demo
D08,8,1.866866,synthetic,24,2683.484842,3.433946,2.501922,28.139361,1.869992,0.050821,0.157053,demo
D08,9,1.871366,synthetic,24,2691.511389,3.430531,2.486356,28.412955,1.867872,0.050069,0.156399,demo
D08,10,1.847776,synthetic,24,2661.572706,3.434718,2.497142,28.478952,1.842612,0.049552,0.159945,demo
D08,11,1.85366,synthetic,24,2665.890861,3.432534,2.501563,28.204787,1.852512,0.050848,0.155824,demo
D08,12,1.851215,synthetic,24,2662.317313,3.431222,2.51074,28.551221,1.851438,0.052014,0.154716,demo
D08,13,1.8579,synthetic,24,2667.268137,3.427153,2.491804,28.702603,1.853289,0.050343,0.158052,demo
D08,14,1.835607,synthetic,24,2634.125297,3.4297,2.514516,28.556139,1.830513,0.051741,0.154193,demo
D08,15,1.841802,synthetic,24,2652.677186,3.422652,2.509469,28.351836,1.842473,0.050106,0.159583,demo
D08,16,1.83925,synthetic,24,2650.955917,3.42758,2.495706,28.454007,1.836462,0.051374,0.159679,demo
D08,17,1.823691,synthetic,24,2614.863204,3.425709,2.488913,28.513328,1.818393,0.050616,0.160824,demo
D08,18,1.82087,synthetic,24,2628.030531,3.428757,2.485562,28.573025,1.824385,0.051713,0.158295,demo
D08,19,1.819033,synthetic,24,2625.411441,3.434899,2.502718,28.798908,1.816734,0.051309,0.155779,demo
D08,20,1.804348,synthetic,24,2605.85807,3.427831,2.492627,28.611464,1.808497,0.050766,0.158154,demo
D08,21,1.805541,synthetic,24,2602.318549,3.431486,2.511994,28.191014,1.805644,0.051286,0.158919,demo
D08,22,1.810946,synthetic,24,2612.746928,3.428949,2.493205,28.393,1.812014,0.050956,0.155882,demo
D08,23,1.801427,synthetic,24,2611.05845,3.429679,2.490993,28.589365,1.800665,0.050672,0.161942,demo
D08,24,1.792334,synthetic,24,2578.626933,3.43147,2.502336,28.842529,1.782817,0.053159,0.160047,demo
D08,25,1.788922,synthetic,24,2567.965817,3.420688,2.49314,28.891079,1.784854,0.051751,0.155766,demo
D08,26,1.786681,synthetic,24,2560.98012,3.420147,2.500085,29.01365,1.786232,0.049931,0.164181,demo
D08,27,1.782767,synthetic,24,2580.706139,3.425521,2.50986,28.608503,1.784068,0.051549,0.158981,demo
D08,28,1.769716,synthetic,24,2561.914122,3.4212,2.501172,28.786253,1.763382,0.053218,0.155929,demo
D08,29,1.77717,synthetic,24,2552.026881,3.423028,2.50121,28.220629,1.77698,0.051467,0.156422,demo
D08,30,1.770753,synthetic,24,2544.320626,3.420349,2.502051,28.701341,1.766779,0.05379,0.163633,demo
D08,31,1.761797,synthetic,24,2534.522075,3.41784,2.483069,28.338488,1.762624,0.051525,0.165003,demo
D08,32,1.747541,synthetic,24,2525.700929,3.424926,2.503918,28.613054,1.747473,0.053028,0.163127,demo
D08,33,1.741328,synthetic,24,2497.828778,3.413267,2.501599,29.395467,1.743918,0.053623,0.164305,demo
D08,34,1.740328,synthetic,24,2491.286143,3.420287,2.508929,28.715397,1.744041,0.053047,0.164037,demo
D08,35,1.737476,synthetic,24,2518.23471,3.419281,2.506058,28.427833,1.739071,0.051251,0.162172,demo
D08,36,1.721312,synthetic,24,2481.011911,3.408848,2.497981,28.769979,1.724274,0.051844,0.162135,demo
D08,37,1.729689,synthetic,24,2494.148258,3.412888,2.510324,28.526197,1.728477,0.053873,0.162432,demo
D08,38,1.729232,synthetic,24,2488.561581,3.413503,2.497074,28.415966,1.738995,0.051903,0.163039,demo
D08,39,1.719739,synthetic,24,2479.884746,3.417226,2.502472,29.196176,1.715547,0.053778,0.158986,demo
D08,40,1.706985,synthetic,24,2446.892113,3.411905,2.496889,28.956226,1.705183,0.0525,0.163916,demo
D08,41,1.701023,synthetic,24,2443.294225,3.412286,2.504618,28.784849,1.70409,0.053131,0.166335,demo
D08,42,1.702326,synthetic,24,2452.12208,3.40696,2.496235,28.598556,1.704888,0.051591,0.161288,demo
D08,43,1.694331,synthetic,24,2423.215204,3.421095,2.516476,28.630806,1.695983,0.052448,0.161287,demo
D08,44,1.692622,synthetic,24,2435.163945,3.411863,2.520174,29.096687,1.694908,0.052198,0.163725,demo
D08,45,1.688276,synthetic,24,2428.46077,3.41303,2.508739,28.794231,1.68124,0.053343,0.16052,demo
D08,46,1.685906,synthetic,24,2425.500415,3.408576,2.515413,27.950439,1.691265,0.053234,0.158613,demo
D08,47,1.66724,synthetic,24,2396.856982,3.405795,2.484608,29.354374,1.666561,0.05379,0.166754,demo
D08,48,1.67003,synthetic,24,2397.657955,3.416404,2.485786,28.790721,1.674191,0.052809,0.161846,demo
D08,49,1.661175,synthetic,24,2379.016461,3.39998,2.496784,28.84408,1.654419,0.052458,0.163608,demo
D08,50,1.657409,synthetic,24,2387.7047,3.408291,2.500412,29.035561,1.658259,0.053609,0.161873,demo
D08,51,1.65782,synthetic,24,2385.111959,3.402382,2.498018,28.87962,1.655952,0.052392,0.167517,demo
D08,52,1.653095,synthetic,24,2370.635951,3.405017,2.483579,28.957084,1.654987,0.054547,0.166436,demo
D08,53,1.650259,synthetic,24,2376.818962,3.40373,2.511516,28.66868,1.651306,0.053383,0.163267,demo
D08,54,1.639023,synthetic,24,2358.104877,3.400934,2.521542,28.484016,1.640223,0.053284,0.160899,demo
D08,55,1.6304,synthetic,24,2344.528759,3.403942,2.51281,28.874458,1.626947,0.054158,0.163743,demo
D08,56,1.652924,synthetic,24,2364.808366,3.396343,2.510855,29.128518,1.652735,0.053394,0.165594,demo
D08,57,1.609801,synthetic,24,2322.861298,3.399963,2.502261,28.673348,1.609221,0.052244,0.166174,demo
D08,58,1.622807,synthetic,24,2328.197267,3.40249,2.49157,28.633784,1.624414,0.052711,0.165415,demo
D08,59,1.607385,synthetic,24,2315.074441,3.395486,2.500725,29.144177,1.610566,0.054984,0.16634,demo
D08,60,1.606891,synthetic,24,2308.311652,3.406914,2.521056,28.725353,1.607374,0.054015,0.168001,demo
D08,61,1.602457,synthetic,24,2304.847553,3.397929,2.49648,28.743674,1.598367,0.052294,0.165776,demo
D08,62,1.585429,synthetic,24,2290.910529,3.397229,2.49545,28.77857,1.585771,0.054498,0.167933,demo
D08,63,1.581869,synthetic,24,2281.524536,3.395365,2.511073,28.860951,1.59013,0.053622,0.163764,demo
D08,64,1.591189,synthetic,24,2299.080401,3.398572,2.511737,28.469807,1.596428,0.053214,0.174014,demo
D08,65,1.578138,synthetic,24,2274.770758,3.4025,2.491521,28.747958,1.56875,0.053074,0.166023,demo
D08,66,1.56739,synthetic,24,2259.723452,3.405816,2.497385,28.956508,1.567588,0.055326,0.167915,demo
D08,67,1.564583,synthetic,24,2240.961252,3.398555,2.494981,28.958935,1.5675,0.052389,0.169116,demo
D08,68,1.566317,synthetic,24,2253.348311,3.400142,2.500697,29.190022,1.565746,0.053499,0.166115,demo
D08,69,1.559854,synthetic,24,2244.674802,3.401848,2.511037,29.370066,1.558419,0.054522,0.167629,demo
D08,70,1.539891,synthetic,24,2225.583365,3.393482,2.49196,29.318284,1.539069,0.056179,0.168391,demo
D08,71,1.552923,synthetic,24,2232.812537,3.400396,2.510897,29.149279,1.554638,0.055025,0.165141,demo
D08,72,1.543334,synthetic,24,2224.166364,3.396086,2.501017,28.897816,1.539789,0.053721,0.169582,demo
D08,73,1.531032,synthetic,24,2206.179583,3.391955,2.523262,28.797684,1.534672,0.056219,0.163811,demo
D08,74,1.519198,synthetic,24,2195.242228,3.391301,2.503188,28.975673,1.519027,0.053453,0.17449,demo
D08,75,1.527063,synthetic,24,2198.08888,3.383597,2.499031,29.1058,1.524208,0.054995,0.171296,demo
D08,76,1.51798,synthetic,24,2191.319284,3.390916,2.505747,29.178515,1.521393,0.055308,0.171198,demo
D08,77,1.500747,synthetic,24,2150.022776,3.381418,2.496629,29.154651,1.496109,0.054111,0.16476,demo
D08,78,1.502465,synthetic,24,2153.073179,3.381307,2.482047,28.966009,1.500796,0.055673,0.167524,demo
D08,79,1.516968,synthetic,24,2169.47089,3.390393,2.497595,29.171263,1.515234,0.054316,0.173489,demo
D08,80,1.492655,synthetic,24,2154.491573,3.382126,2.497437,29.326235,1.499055,0.055769,0.182748,demo
D08,81,1.48244,synthetic,24,2139.027706,3.385277,2.484077,29.24638,1.480409,0.053336,0.174286,demo
D08,82,1.475167,synthetic,24,2129.956039,3.38495,2.49927,29.029246,1.468809,0.055583,0.174104,demo
D08,83,1.486168,synthetic,24,2135.733341,3.386503,2.479329,28.812286,1.484439,0.054726,0.172128,demo
D08,84,1.47493,synthetic,24,2120.30907,3.38075,2.496523,28.823212,1.476274,0.0564,0.16846,demo
D08,85,1.472588,synthetic,24,2119.756333,3.387668,2.502436,28.870814,1.474897,0.05523,0.174082,demo
D08,86,1.459922,synthetic,24,2111.393609,3.382133,2.50097,29.124385,1.46657,0.05665,0.168299,demo
D08,87,1.460239,synthetic,24,2113.428894,3.384294,2.495889,29.189593,1.464348,0.055905,0.167959,demo
D08,88,1.441897,synthetic,24,2081.276412,3.375451,2.499145,28.733521,1.442439,0.055454,0.168504,demo
D08,89,1.442226,synthetic,24,2078.867783,3.379565,2.492159,28.960662,1.439655,0.056365,0.175238,demo
D08,90,1.437227,synthetic,24,2077.898455,3.384043,2.500108,29.15498,1.441895,0.056422,0.172339,demo
D08,91,1.438045,synthetic,24,2069.195932,3.383636,2.500581,28.868012,1.436985,0.056091,0.172781,demo
D08,92,1.425901,synthetic,24,2050.888743,3.375048,2.490998,29.219625,1.424024,0.053449,0.172918,demo
D08,93,1.414463,synthetic,24,2036.037759,3.374626,2.502677,29.051449,1.413283,0.054873,0.170044,demo
D08,94,1.412819,synthetic,24,2028.486561,3.372648,2.502615,28.949916,1.409281,0.057256,0.171475,demo
D08,95,1.396587,synthetic,24,2010.029634,3.371948,2.498338,29.168421,1.395288,0.054778,0.172275,demo
D08,96,1.386922,synthetic,24,1990.472362,3.367769,2.52421,29.267687,1.386275,0.057013,0.170307,demo
D08,97,1.400029,synthetic,24,2022.240924,3.374451,2.498593,28.937824,1.402075,0.056706,0.172486,demo
D08,98,1.386977,synthetic,24,2000.504429,3.375905,2.497208,29.108881,1.3859,0.055404,0.171277,demo
D08,99,1.381833,synthetic,24,1998.373146,3.369589,2.495776,29.29417,1.37833,0.054186,0.17646,demo
D08,100,1.382554,synthetic,24,1981.147294,3.372457,2.490291,28.985646,1.37812,0.055606,0.176681,demo
D08,101,1.38011,synthetic,24,1998.695948,3.371632,2.506859,28.765396,1.380688,0.058277,0.170915,demo
D08,102,1.369085,synthetic,24,1962.181765,3.375356,2.493138,28.812229,1.369284,0.055446,0.174347,demo
D08,103,1.371588,synthetic,24,1967.986491,3.369002,2.494321,29.088105,1.370067,0.05549,0.180705,demo
D08,104,1.357169,synthetic,24,1950.683489,3.367345,2.494618,28.884642,1.3559,0.055431,0.172771,demo
D08,105,1.350091,synthetic,24,1951.75806,3.365377,2.490151,29.137933,1.35114,0.057714,0.177276,demo
D08,106,1.343836,synthetic,24,1936.433806,3.363429,2.482489,29.650481,1.347574,0.056319,0.176563,demo
D08,107,1.328789,synthetic,24,1912.056332,3.368215,2.495371,28.912167,1.326716,0.056086,0.180127,demo
D08,108,1.336337,synthetic,24,1919.749962,3.366502,2.508733,29.174843,1.336575,0.05805,0.177433,demo
D08,109,1.31002,synthetic,24,1878.641516,3.363972,2.50197,29.818047,1.31253,0.057479,0.176305,demo
D08,110,1.315258,synthetic,24,1900.40657,3.369506,2.515606,29.379146,1.313216,0.055928,0.17759,demo
D08,111,1.312987,synthetic,24,1895.231528,3.369452,2.50751,29.188588,1.312946,0.055647,0.177725,demo
D08,112,1.302177,synthetic,24,1882.743135,3.356187,2.50524,29.257514,1.302078,0.058136,0.177638,demo
D08,113,1.298263,synthetic,24,1871.724183,3.364874,2.518826,29.409946,1.294858,0.057034,0.174112,demo
D08,114,1.306059,synthetic,24,1865.818075,3.36416,2.499029,29.714854,1.306499,0.05539,0.181487,demo
D08,115,1.295688,synthetic,24,1858.824824,3.360115,2.500631,29.173754,1.29577,0.05526,0.181372,demo
D08,116,1.278982,synthetic,24,1844.302916,3.361184,2.499885,29.142124,1.280402,0.056094,0.175708,demo
D08,117,1.274305,synthetic,24,1832.963275,3.352383,2.515438,28.993841,1.27128,0.056017,0.178126,demo
D08,118,1.263476,synthetic,24,1816.35587,3.363785,2.500025,29.380559,1.263502,0.055319,0.178786,demo
D08,119,1.269377,synthetic,24,1821.852892,3.360732,2.493517,28.994513,1.272885,0.056207,0.175755,demo
D08,120,1.257649,synthetic,24,1816.162327,3.353745,2.505877,29.247581,1.262874,0.056504,0.174094,demo
D08,121,1.24134,synthetic,24,1789.976461,3.352826,2.491837,29.160819,1.244518,0.057124,0.178335,demo
D08,122,1.247728,synthetic,24,1799.429474,3.349153,2.505335,29.646939,1.24479,0.059216,0.179022,demo
D08,123,1.243733,synthetic,24,1787.570815,3.354211,2.504138,29.257302,1.244855,0.057296,0.175927,demo
D08,124,1.240845,synthetic,24,1787.762332,3.353175,2.498106,29.487965,1.239646,0.057424,0.180897,demo
D08,125,1.228586,synthetic,24,1762.063685,3.348273,2.505658,29.006098,1.229284,0.058223,0.184345,demo
D08,126,1.220742,synthetic,24,1757.183322,3.3557,2.485122,29.451764,1.218856,0.057555,0.183697,demo
D08,127,1.228839,synthetic,24,1756.108084,3.358712,2.50163,29.105952,1.224628,0.058112,0.180466,demo
D08,128,1.210896,synthetic,24,1735.487506,3.351253,2.495372,29.327244,1.210062,0.058172,0.176043,demo
D08,129,1.209101,synthetic,24,1739.422501,3.349915,2.528623,29.989149,1.210849,0.058032,0.183783,demo
D08,130,1.195466,synthetic,24,1733.737461,3.351173,2.501558,29.689844,1.196155,0.060812,0.182621,demo
D08,131,1.196754,synthetic,24,1714.016465,3.349516,2.494036,29.422765,1.197719,0.058944,0.183403,demo
D08,132,1.177785,synthetic,24,1689.682412,3.342894,2.486217,30.283059,1.178294,0.05714,0.188697,demo
D08,133,1.177641,synthetic,24,1696.906488,3.344594,2.513054,29.254744,1.178594,0.058594,0.18042,demo
D08,134,1.167052,synthetic,24,1689.475337,3.344696,2.4965,29.790726,1.168288,0.057538,0.174693,demo
D08,135,1.164551,synthetic,24,1677.970763,3.346562,2.492086,29.120005,1.163911,0.058801,0.180258,demo
D08,136,1.169556,synthetic,24,1687.707485,3.346232,2.503363,29.434686,1.169749,0.056929,0.184676,demo
D08,137,1.152243,synthetic,24,1657.548736,3.344872,2.506497,29.184689,1.15626,0.05737,0.183991,demo
D08,138,1.154082,synthetic,24,1659.332166,3.338161,2.50634,29.583196,1.15441,0.058803,0.18019,demo
D08,139,1.152724,synthetic,24,1660.331777,3.346751,2.500198,29.534907,1.152822,0.05947,0.179632,demo
D08,140,1.137295,synthetic,24,1634.470643,3.342176,2.501592,29.467141,1.137529,0.05913,0.183444,demo
D08,141,1.137255,synthetic,24,1641.206113,3.352368,2.50232,29.817131,1.13676,0.059482,0.180771,demo
D08,142,1.128304,synthetic,24,1616.928066,3.339487,2.503364,29.41577,1.127321,0.059091,0.18643,demo
D08,143,1.119633,synthetic,24,1616.575554,3.341248,2.504249,29.652264,1.1201,0.058976,0.18398,demo
D08,144,1.117245,synthetic,24,1609.022005,3.350972,2.510945,29.779272,1.116115,0.058324,0.183429,demo
D08,145,1.117583,synthetic,24,1608.283396,3.340474,2.500564,29.20282,1.117258,0.059637,0.183022,demo
D08,146,1.096513,synthetic,24,1571.196519,3.336794,2.491832,29.418126,1.09478,0.06006,0.186929,demo
D08,147,1.088367,synthetic,24,1562.642067,3.332098,2.498557,29.630914,1.088602,0.059053,0.186593,demo
D08,148,1.081793,synthetic,24,1563.383069,3.341337,2.507538,29.784849,1.083057,0.059065,0.187334,demo
D08,149,1.087637,synthetic,24,1565.216569,3.331318,2.482135,29.973855,1.087176,0.060715,0.187035,demo
D08,150,1.082208,synthetic,24,1559.681664,3.336985,2.482192,29.572717,1.077861,0.059157,0.186495,demo
D08,151,1.065964,synthetic,24,1530.938571,3.331351,2.509183,29.571936,1.067223,0.059416,0.184262,demo
D08,152,1.050117,synthetic,24,1512.037114,3.330507,2.515201,29.456675,1.05037,0.059983,0.185804,demo
D08,153,1.052624,synthetic,24,1509.538735,3.325882,2.487348,29.75356,1.050533,0.059376,0.186711,demo
D08,154,1.053691,synthetic,24,1517.769493,3.337084,2.501005,29.595184,1.05532,0.058643,0.194048,demo
D08,155,1.043727,synthetic,24,1504.638104,3.329355,2.496005,29.615901,1.040808,0.059941,0.184204,demo
D08,156,1.038925,synthetic,24,1497.491564,3.325005,2.497392,29.66814,1.041098,0.059572,0.187186,demo
D08,157,1.028412,synthetic,24,1476.898244,3.333562,2.503055,29.84529,1.028294,0.061558,0.189158,demo
D08,158,1.031337,synthetic,24,1483.601011,3.326901,2.487071,29.562062,1.026657,0.060475,0.187837,demo
D08,159,1.021004,synthetic,24,1472.615753,3.328964,2.488928,29.525454,1.021369,0.059194,0.192382,demo
D08,160,1.016149,synthetic,24,1462.326947,3.330384,2.496987,29.833707,1.015324,0.060568,0.188429,demo
D09,1,1.919014,synthetic,24,4626.057123,3.43922,1.51471,26.763172,1.918886,0.050054,0.153396,demo
D09,2,1.919701,synthetic,24,4625.806995,3.437516,1.510901,26.647126,1.913189,0.051658,0.155058,demo
D09,3,1.914495,synthetic,24,4585.489199,3.431492,1.515861,26.822436,1.913608,0.051402,0.15551,demo
D09,4,1.903151,synthetic,24,4567.693485,3.441348,1.50237,26.406453,1.903075,0.051383,0.154132,demo
D09,5,1.918766,synthetic,24,4593.772981,3.437645,1.499643,26.768041,1.919863,0.049205,0.156534,demo
D09,6,1.906473,synthetic,24,4557.52415,3.450142,1.507036,26.824559,1.90366,0.050832,0.152616,demo
D09,7,1.900322,synthetic,24,4552.71751,3.434583,1.494225,26.630913,1.904658,0.04982,0.149655,demo
D09,8,1.894691,synthetic,24,4565.350019,3.445257,1.501301,27.094925,1.894743,0.051016,0.155644,demo
D09,9,1.902809,synthetic,24,4578.260811,3.440845,1.498243,26.841094,1.899306,0.048657,0.154267,demo
D09,10,1.887095,synthetic,24,4515.848973,3.431774,1.48539,26.760408,1.885366,0.049588,0.156007,demo
D09,11,1.892371,synthetic,24,4537.399941,3.437475,1.501275,26.830111,1.89967,0.052265,0.150512,demo
D09,12,1.884726,synthetic,24,4533.508534,3.438676,1.49559,27.011688,1.887231,0.051522,0.159983,demo
D09,13,1.881719,synthetic,24,4508.390222,3.434314,1.497574,26.945727,1.885665,0.050829,0.156863,demo
D09,14,1.874877,synthetic,24,4500.779057,3.437712,1.503638,26.762441,1.870971,0.050342,0.154141,demo
D09,15,1.874387,synthetic,24,4503.952013,3.437562,1.512725,26.969833,1.871805,0.050172,0.152218,demo
D09,16,1.874757,synthetic,24,4504.694017,3.43673,1.491512,26.925195,1.872202,0.051453,0.158241,demo
D09,17,1.872697,synthetic,24,4497.899187,3.434021,1.496634,26.656089,1.873387,0.050929,0.151787,demo
D09,18,1.863138,synthetic,24,4462.762345,3.428193,1.492349,26.883167,1.86249,0.052915,0.162259,demo
D09,19,1.863859,synthetic,24,4465.868128,3.432675,1.491698,27.099046,1.862035,0.051177,0.153606,demo
D09,20,1.866276,synthetic,24,4463.828504,3.433989,1.494054,27.093621,1.864917,0.051396,0.16051,demo
D09,21,1.847497,synthetic,24,4413.223097,3.423433,1.498035,26.921264,1.844563,0.050137,0.155547,demo
D09,22,1.85395,synthetic,24,4447.948436,3.432421,1.505859,27.138268,1.853283,0.0511,0.160584,demo
D09,23,1.844786,synthetic,24,4438.329158,3.430211,1.503204,26.737832,1.848894,0.051729,0.154004,demo
D09,24,1.840667,synthetic,24,4399.307568,3.424897,1.489431,26.751753,1.835096,0.051221,0.15643,demo
D09,25,1.845029,synthetic,24,4431.696886,3.429297,1.512942,26.919642,1.846308,0.051064,0.158613,demo
D09,26,1.836661,synthetic,24,4418.363245,3.428335,1.509444,27.369399,1.841731,0.05196,0.15852,demo
D09,27,1.829091,synthetic,24,4365.629226,3.436357,1.490988,27.047177,1.828421,0.053224,0.160139,demo
D09,28,1.840786,synthetic,24,4414.299247,3.430979,1.512241,26.91998,1.838839,0.051737,0.154906,demo
D09,29,1.834798,synthetic,24,4425.26344,3.433494,1.503269,27.383837,1.83819,0.052796,0.156862,demo
D09,30,1.814112,synthetic,24,4361.077645,3.426293,1.498435,26.957098,1.810541,0.05248,0.161181,demo
D09,31,1.83638,synthetic,24,4382.580695,3.422052,1.503581,27.554113,1.836297,0.052721,0.154429,demo
D09,32,1.822093,synthetic,24,4381.658835,3.430451,1.499742,26.88904,1.818303,0.051169,0.158834,demo
D09,33,1.813221,synthetic,24,4341.968881,3.42402,1.505451,26.777236,1.806439,0.051661,0.156814,demo
D09,34,1.820323,synthetic,24,4377.835737,3.426198,1.501873,26.977925,1.81977,0.051594,0.157805,demo
D09,35,1.811398,synthetic,24,4338.353931,3.422213,1.496626,26.970633,1.80682,0.052432,0.157798,demo
D09,36,1.805867,synthetic,24,4333.391432,3.426024,1.479742,26.839269,1.805825,0.052734,0.1554,demo
D09,37,1.794301,synthetic,24,4299.377642,3.428548,1.505272,27.709042,1.798302,0.052182,0.157446,demo
D09,38,1.799734,synthetic,24,4319.401612,3.428698,1.496263,27.130056,1.806408,0.052879,0.158445,demo
D09,39,1.785475,synthetic,24,4277.846302,3.429529,1.507779,27.187851,1.785809,0.051582,0.158273,demo
D09,40,1.797296,synthetic,24,4310.617967,3.431574,1.504817,26.938586,1.80096,0.052912,0.162826,demo
D09,41,1.788324,synthetic,24,4276.84166,3.415357,1.496523,26.923096,1.789751,0.053133,0.161497,demo
D09,42,1.777161,synthetic,24,4271.465063,3.417371,1.51023,27.340648,1.775799,0.052906,0.159783,demo
D09,43,1.783248,synthetic,24,4282.046731,3.415673,1.502048,26.656167,1.776384,0.052302,0.156381,demo
D09,44,1.788171,synthetic,24,4270.798863,3.426049,1.501636,26.782027,1.793988,0.052832,0.156001,demo
D09,45,1.76971,synthetic,24,4259.956544,3.418441,1.498619,27.033607,1.765997,0.051409,0.165133,demo
D09,46,1.770604,synthetic,24,4247.202842,3.419369,1.516836,27.431855,1.775501,0.052492,0.156146,demo
D09,47,1.760989,synthetic,24,4228.42345,3.419257,1.492867,27.014888,1.762879,0.052691,0.159902,demo
D09,48,1.760361,synthetic,24,4234.557889,3.421575,1.496773,27.213496,1.756925,0.051067,0.160668,demo
D09,49,1.747068,synthetic,24,4197.091739,3.412442,1.487627,27.13633,1.748158,0.053004,0.159183,demo
D09,50,1.752362,synthetic,24,4220.370789,3.41401,1.507267,27.445521,1.759838,0.051228,0.156899,demo
D09,51,1.748873,synthetic,24,4193.60296,3.418614,1.494179,26.730509,1.754245,0.052083,0.15769,demo
D09,52,1.755645,synthetic,24,4226.623239,3.424251,1.4953,27.300524,1.753844,0.052483,0.158135,demo
D09,53,1.730312,synthetic,24,4154.280252,3.416187,1.494831,27.104807,1.727848,0.051966,0.158659,demo
D09,54,1.73562,synthetic,24,4171.8328,3.413786,1.500627,27.37779,1.735968,0.052726,0.164558,demo
D09,55,1.741251,synthetic,24,4184.062224,3.409064,1.487492,26.933303,1.740674,0.052654,0.160323,demo
D09,56,1.72828,synthetic,24,4163.312089,3.419846,1.477568,27.163678,1.732427,0.051897,0.159297,demo
D09,57,1.724905,synthetic,24,4148.730321,3.412669,1.504577,27.137017,1.727456,0.053319,0.161325,demo
D09,58,1.717127,synthetic,24,4115.629266,3.410051,1.478864,26.9237,1.711316,0.052065,0.163319,demo
D09,59,1.712718,synthetic,24,4102.616035,3.407228,1.508541,26.860819,1.714289,0.055161,0.160457,demo
D09,60,1.703539,synthetic,24,4087.882492,3.407186,1.515585,27.049589,1.702928,0.052855,0.164564,demo
D09,61,1.706891,synthetic,24,4087.197517,3.409517,1.498358,27.222146,1.707018,0.05176,0.157911,demo
D09,62,1.700896,synthetic,24,4069.264744,3.411657,1.512995,27.009428,1.701743,0.052007,0.165478,demo
D09,63,1.703699,synthetic,24,4062.77339,3.408127,1.499757,27.111933,1.707783,0.054111,0.161825,demo
D09,64,1.694416,synthetic,24,4047.698335,3.412545,1.515992,26.736926,1.69773,0.052647,0.162079,demo
D09,65,1.692409,synthetic,24,4085.975276,3.410565,1.495438,27.118724,1.689872,0.051712,0.160225,demo
D09,66,1.688711,synthetic,24,4044.92502,3.419977,1.476351,27.47283,1.688513,0.053967,0.158768,demo
D09,67,1.687266,synthetic,24,4072.56319,3.404091,1.499201,27.395395,1.685753,0.052712,0.157509,demo
D09,68,1.680508,synthetic,24,4038.097763,3.410709,1.51708,27.207507,1.674856,0.053848,0.160491,demo
D09,69,1.673426,synthetic,24,4015.622404,3.409874,1.50535,27.300774,1.67306,0.054201,0.164826,demo
D09,70,1.676422,synthetic,24,4005.298968,3.40543,1.494847,27.028303,1.682607,0.05351,0.160059,demo
D09,71,1.678415,synthetic,24,4028.253553,3.410183,1.503289,27.638486,1.672668,0.055612,0.158218,demo
D09,72,1.668878,synthetic,24,4028.044331,3.411688,1.509711,27.763623,1.668798,0.051586,0.160518,demo
D09,73,1.660539,synthetic,24,4003.916297,3.407953,1.499144,27.300398,1.660352,0.052577,0.162424,demo
D09,74,1.659543,synthetic,24,3986.179075,3.412981,1.526264,27.908358,1.660498,0.053149,0.162582,demo
D09,75,1.644055,synthetic,24,3932.134413,3.396796,1.494826,27.113872,1.640889,0.055821,0.163851,demo
D09,76,1.651593,synthetic,24,3952.440217,3.40308,1.510025,26.959841,1.646885,0.055282,0.167034,demo
D09,77,1.672031,synthetic,24,4002.609402,3.414904,1.507619,27.064548,1.66742,0.054568,0.166867,demo
D09,78,1.63895,synthetic,24,3948.562021,3.408517,1.493002,27.236703,1.643312,0.052816,0.170458,demo
D09,79,1.636089,synthetic,24,3945.834554,3.406673,1.495756,27.873883,1.632873,0.052962,0.159682,demo
D09,80,1.634185,synthetic,24,3924.347703,3.409206,1.510181,27.228433,1.632552,0.05283,0.162065,demo
D09,81,1.638639,synthetic,24,3929.157164,3.397164,1.501448,27.077128,1.645536,0.05283,0.16655,demo
D09,82,1.635268,synthetic,24,3942.877675,3.407591,1.503381,27.072483,1.632867,0.05514,0.163227,demo
D09,83,1.619172,synthetic,24,3874.605075,3.406654,1.48364,27.606247,1.620281,0.053565,0.167815,demo
D09,84,1.617651,synthetic,24,3882.967096,3.399572,1.50656,27.572848,1.621093,0.053712,0.165915,demo
D09,85,1.613817,synthetic,24,3878.540263,3.412244,1.502873,27.207905,1.617095,0.054636,0.170185,demo
D09,86,1.617636,synthetic,24,3872.277762,3.40299,1.499361,26.8546,1.613328,0.05216,0.168423,demo
D09,87,1.609652,synthetic,24,3855.794829,3.392435,1.503609,27.053374,1.607355,0.053956,0.168797,demo
D09,88,1.605329,synthetic,24,3844.541112,3.402191,1.495908,27.772317,1.6063,0.05285,0.164551,demo
D09,89,1.603978,synthetic,24,3865.908203,3.397618,1.494081,27.516235,1.610166,0.053666,0.165549,demo
D09,90,1.593163,synthetic,24,3845.550945,3.403805,1.497581,27.376621,1.590737,0.053482,0.165358,demo
D09,91,1.6009,synthetic,24,3843.483563,3.402304,1.495358,27.815858,1.59932,0.053353,0.161446,demo
D09,92,1.588675,synthetic,24,3809.752933,3.396193,1.521805,27.856568,1.590009,0.054339,0.170868,demo
D09,93,1.579513,synthetic,24,3784.01011,3.403449,1.509119,27.371745,1.581471,0.054426,0.169056,demo
D09,94,1.579228,synthetic,24,3790.166151,3.401161,1.490315,27.376766,1.581376,0.053988,0.165796,demo
D09,95,1.583948,synthetic,24,3795.199444,3.394682,1.520363,27.228567,1.581267,0.054531,0.170556,demo
D09,96,1.56995,synthetic,24,3766.782714,3.395636,1.495671,27.323924,1.568279,0.053432,0.165311,demo
D09,97,1.574136,synthetic,24,3782.611038,3.398835,1.500295,27.017214,1.574815,0.05494,0.16152,demo
D09,98,1.560619,synthetic,24,3740.932496,3.39362,1.508974,27.036474,1.564559,0.054188,0.170597,demo
D09,99,1.555704,synthetic,24,3731.565986,3.393125,1.4803,26.985779,1.554962,0.053959,0.163936,demo
D09,100,1.560176,synthetic,24,3742.339021,3.395169,1.49763,27.68082,1.560106,0.053603,0.167006,demo
D09,101,1.546889,synthetic,24,3708.996539,3.389098,1.494267,27.039316,1.543715,0.05429,0.168743,demo
D09,102,1.552976,synthetic,24,3722.207416,3.385191,1.502051,27.908026,1.558764,0.056341,0.169037,demo
D09,103,1.546053,synthetic,24,3719.012638,3.394213,1.5037,27.248325,1.54653,0.054476,0.170703,demo
D09,104,1.534599,synthetic,24,3663.471607,3.383869,1.499227,27.88244,1.537906,0.05351,0.170359,demo
D09,105,1.535302,synthetic,24,3702.127432,3.387941,1.498764,27.355783,1.535394,0.055566,0.170238,demo
D09,106,1.528323,synthetic,24,3669.466087,3.383954,1.510651,27.065969,1.528583,0.054245,0.166495,demo
D09,107,1.529588,synthetic,24,3677.729578,3.384605,1.503015,27.776563,1.524998,0.054988,0.169699,demo
D09,108,1.534694,synthetic,24,3691.277406,3.393542,1.500414,27.798426,1.528092,0.054047,0.164096,demo
D09,109,1.51701,synthetic,24,3633.09015,3.388737,1.501479,27.247972,1.520808,0.056111,0.174006,demo
D09,110,1.518298,synthetic,24,3633.91976,3.388754,1.518359,27.38964,1.518535,0.054226,0.16506,demo
D09,111,1.511097,synthetic,24,3615.402734,3.383624,1.501727,27.256905,1.511721,0.056287,0.168517,demo
D09,112,1.506945,synthetic,24,3613.986408,3.385745,1.494856,27.459451,1.50318,0.053881,0.165766,demo
D09,113,1.501653,synthetic,24,3611.526396,3.389212,1.48091,27.524478,1.498941,0.054691,0.167743,demo
D09,114,1.493337,synthetic,24,3577.733231,3.386459,1.485661,27.422148,1.49651,0.056467,0.170307,demo
D09,115,1.496325,synthetic,24,3597.729439,3.390331,1.49533,27.05079,1.501533,0.055205,0.168561,demo
D09,116,1.488408,synthetic,24,3546.803391,3.389911,1.498916,27.372168,1.486559,0.057387,0.173896,demo
D09,117,1.495264,synthetic,24,3584.48259,3.385899,1.494444,27.682984,1.497272,0.054778,0.17087,demo
D09,118,1.487861,synthetic,24,3583.369653,3.378574,1.503511,27.465984,1.488427,0.055378,0.169097,demo
D09,119,1.478179,synthetic,24,3545.810606,3.381746,1.494315,27.450871,1.477823,0.057123,0.170472,demo
D09,120,1.47202,synthetic,24,3524.060453,3.383612,1.490855,27.309276,1.477472,0.053766,0.174778,demo
D09,121,1.477227,synthetic,24,3538.358016,3.381547,1.506126,27.381647,1.475888,0.05359,0.173638,demo
D09,122,1.453962,synthetic,24,3457.809854,3.377527,1.513694,27.921294,1.45757,0.054665,0.168425,demo
D09,123,1.468402,synthetic,24,3513.467041,3.383829,1.488928,27.262453,1.469522,0.056129,0.169222,demo
D09,124,1.451264,synthetic,24,3494.081937,3.391129,1.502437,27.753309,1.451215,0.053878,0.173374,demo
D09,125,1.45359,synthetic,24,3482.518212,3.379746,1.48095,27.581379,1.457579,0.056061,0.172917,demo
D09,126,1.444562,synthetic,24,3462.116414,3.380559,1.485255,27.64436,1.4454,0.056081,0.169066,demo
D09,127,1.438316,synthetic,24,3427.81011,3.374541,1.494112,27.409437,1.438038,0.057631,0.174715,demo
D09,128,1.447495,synthetic,24,3456.992309,3.385911,1.511349,27.490813,1.451489,0.056571,0.169428,demo
D09,129,1.446502,synthetic,24,3483.998674,3.384312,1.492213,27.578817,1.450116,0.055899,0.176051,demo
D09,130,1.429784,synthetic,24,3437.836762,3.381946,1.491839,27.475157,1.433221,0.057061,0.174397,demo
D09,131,1.428866,synthetic,24,3415.929991,3.384047,1.500361,27.689559,1.417755,0.05625,0.16945,demo
D09,132,1.422931,synthetic,24,3408.573279,3.376157,1.500371,27.729964,1.424183,0.055311,0.171496,demo
D09,133,1.428702,synthetic,24,3428.584621,3.377378,1.492149,28.150124,1.429308,0.054568,0.171213,demo
D09,134,1.401365,synthetic,24,3351.206506,3.38201,1.519862,27.7175,1.401267,0.055417,0.174425,demo
D09,135,1.412025,synthetic,24,3368.485742,3.379034,1.497346,27.153901,1.413747,0.05584,0.172907,demo
D09,136,1.401114,synthetic,24,3361.066297,3.366262,1.501136,27.939085,1.401844,0.056164,0.170519,demo
D09,137,1.387049,synthetic,24,3334.634952,3.3752,1.495982,27.61846,1.388929,0.053994,0.170335,demo
D09,138,1.394724,synthetic,24,3353.280194,3.372014,1.5044,28.160896,1.393976,0.055833,0.175858,demo
D09,139,1.403672,synthetic,24,3377.658655,3.379052,1.51235,28.012223,1.407878,0.055992,0.174712,demo
D09,140,1.384339,synthetic,24,3306.929056,3.374675,1.516637,27.547175,1.386496,0.056704,0.174943,demo
D09,141,1.388706,synthetic,24,3333.473254,3.366626,1.492377,27.847417,1.390213,0.05774,0.175264,demo
D09,142,1.386834,synthetic,24,3325.720909,3.37443,1.511008,27.52126,1.388203,0.056317,0.17267,demo
D09,143,1.375241,synthetic,24,3299.714246,3.372748,1.505497,27.687812,1.378424,0.055338,0.175542,demo
D09,144,1.371709,synthetic,24,3290.010683,3.372918,1.509745,27.861432,1.374512,0.054465,0.182747,demo
D09,145,1.356353,synthetic,24,3248.797217,3.371846,1.499081,27.993721,1.356047,0.057123,0.17927,demo
D09,146,1.358012,synthetic,24,3229.722748,3.375735,1.49813,27.936783,1.360702,0.055551,0.174814,demo
D09,147,1.363405,synthetic,24,3283.576342,3.372081,1.509357,27.72364,1.363879,0.057233,0.173894,demo
D09,148,1.353975,synthetic,24,3252.755808,3.369338,1.509547,28.339894,1.359165,0.057858,0.16726,demo
D09,149,1.351457,synthetic,24,3229.053674,3.373524,1.515657,27.63156,1.354424,0.054941,0.179148,demo
D09,150,1.345689,synthetic,24,3234.23719,3.377182,1.501985,27.329667,1.344005,0.057097,0.178532,demo
D09,151,1.353673,synthetic,24,3244.456556,3.372869,1.498931,27.365815,1.359983,0.057756,0.174222,demo
D09,152,1.333564,synthetic,24,3196.531821,3.36752,1.475401,28.118155,1.327958,0.057683,0.172362,demo
D09,153,1.341401,synthetic,24,3211.940493,3.369405,1.483887,27.718736,1.343111,0.05449,0.172878,demo
D09,154,1.328185,synthetic,24,3192.778018,3.367047,1.496057,27.797487,1.326335,0.055865,0.178206,demo
D09,155,1.333159,synthetic,24,3191.904142,3.366719,1.488989,27.614631,1.338177,0.055388,0.176406,demo
D09,156,1.311249,synthetic,24,3136.641239,3.372567,1.508141,27.669952,1.311912,0.057411,0.179625,demo
D09,157,1.315306,synthetic,24,3167.451249,3.361417,1.4869,27.580268,1.313217,0.05726,0.177647,demo
D09,158,1.307429,synthetic,24,3136.146847,3.368048,1.494987,27.906643,1.306733,0.054228,0.180603,demo
D09,159,1.306217,synthetic,24,3133.533756,3.362774,1.49538,27.76633,1.304352,0.056637,0.17886,demo
D09,160,1.308298,synthetic,24,3146.437256,3.357616,1.512047,27.896305,1.307498,0.057718,0.180154,demo
D09,161,1.298814,synthetic,24,3110.911125,3.361599,1.493918,27.886638,1.29796,0.05716,0.171778,demo
D09,162,1.299436,synthetic,24,3114.266866,3.360242,1.504524,27.694376,1.297484,0.057152,0.17432,demo
D09,163,1.28366,synthetic,24,3083.609136,3.362768,1.501957,27.459828,1.284353,0.056798,0.177561,demo
D09,164,1.278306,synthetic,24,3053.748109,3.360153,1.509033,27.446091,1.279306,0.056158,0.182106,demo
D09,165,1.278896,synthetic,24,3071.387203,3.355774,1.508502,28.588318,1.276348,0.057194,0.184486,demo
D10,1,1.95122,synthetic,30,3517.20437,3.447219,1.994045,33.938373,1.955871,0.049241,0.148653,demo
D10,2,1.948019,synthetic,30,3513.703424,3.437676,1.98914,33.377831,1.953497,0.04872,0.1447,demo
D10,3,1.944556,synthetic,30,3500.573611,3.439132,1.996082,33.302559,1.946271,0.050191,0.155305,demo
D10,4,1.938743,synthetic,30,3489.102569,3.443672,2.002046,33.648898,1.929995,0.050542,0.154125,demo
D10,5,1.940068,synthetic,30,3513.740307,3.440022,1.980406,33.233433,1.937604,0.05178,0.153029,demo
D10,6,1.931754,synthetic,30,3489.681449,3.438436,1.992199,33.943439,1.936872,0.051312,0.155321,demo
D10,7,1.936945,synthetic,30,3495.218809,3.440179,1.980033,33.47747,1.943232,0.051214,0.155105,demo
D10,8,1.934522,synthetic,30,3483.510049,3.444734,1.993829,34.003669,1.939794,0.049762,0.153202,demo
D10,9,1.900385,synthetic,30,3410.37131,3.433817,2.011973,33.443322,1.899487,0.051881,0.153222,demo
D10,10,1.892732,synthetic,30,3418.439936,3.436375,1.988139,33.632852,1.887786,0.052464,0.153039,demo
D10,11,1.90082,synthetic,30,3422.957829,3.436088,2.007032,33.965573,1.900666,0.051386,0.15523,demo
D10,12,1.898811,synthetic,30,3411.942164,3.440631,2.028488,33.570973,1.898867,0.051434,0.158239,demo
D10,13,1.890224,synthetic,30,3399.922045,3.43967,2.014535,33.732686,1.896143,0.049833,0.154082,demo
D10,14,1.889769,synthetic,30,3391.724991,3.42888,2.001335,33.938511,1.89063,0.052157,0.158839,demo
D10,15,1.87877,synthetic,30,3392.513014,3.439027,2.008584,33.542833,1.878833,0.052993,0.155969,demo
D10,16,1.871048,synthetic,30,3374.787969,3.431438,1.986303,33.377993,1.871323,0.051612,0.1563,demo
D10,17,1.866753,synthetic,30,3361.985958,3.434289,1.984266,33.335193,1.868246,0.050738,0.162545,demo
D10,18,1.863586,synthetic,30,3354.024196,3.429193,2.000287,33.850479,1.865921,0.051202,0.160415,demo
D10,19,1.864604,synthetic,30,3349.434292,3.43456,2.003986,33.800288,1.861902,0.050934,0.160452,demo
D10,20,1.87464,synthetic,30,3352.789175,3.444535,2.010944,33.953456,1.870675,0.050893,0.152622,demo
D10,21,1.847263,synthetic,30,3310.979476,3.431417,1.994312,33.660594,1.852327,0.052175,0.162686,demo
D10,22,1.847117,synthetic,30,3317.403017,3.42905,2.001934,33.37164,1.841055,0.051808,0.155869,demo
D10,23,1.837183,synthetic,30,3298.071197,3.428719,2.001591,33.156037,1.843201,0.052632,0.15583,demo
D10,24,1.839739,synthetic,30,3314.405594,3.424091,1.998686,34.457382,1.832709,0.051974,0.149933,demo
D10,25,1.822168,synthetic,30,3287.887068,3.433567,1.999275,33.898479,1.820038,0.050914,0.158092,demo
D10,26,1.815496,synthetic,30,3266.633271,3.428189,1.991453,33.810954,1.819025,0.051344,0.15413,demo
D10,27,1.818754,synthetic,30,3287.595382,3.423149,2.002797,33.841528,1.818756,0.05125,0.158475,demo
D10,28,1.813949,synthetic,30,3257.439648,3.422678,2.00195,33.421242,1.809173,0.051674,0.153957,demo
D10,29,1.800915,synthetic,30,3240.328239,3.425175,1.9956,33.59991,1.802451,0.053786,0.163357,demo
D10,30,1.808732,synthetic,30,3255.218876,3.429819,2.006658,34.222735,1.808974,0.053868,0.159305,demo
D10,31,1.80677,synthetic,30,3262.842344,3.421242,2.010278,33.954432,1.80599,0.052769,0.164569,demo
D10,32,1.785989,synthetic,30,3215.801764,3.427702,2.006774,33.630117,1.783761,0.052259,0.155491,demo
D10,33,1.793201,synthetic,30,3229.055729,3.423784,1.989576,33.503494,1.793077,0.050706,0.162919,demo
D10,34,1.764492,synthetic,30,3160.317032,3.41684,2.000996,33.724339,1.762438,0.052575,0.154012,demo
D10,35,1.779734,synthetic,30,3194.872174,3.420596,1.990886,33.751542,1.788399,0.051413,0.159435,demo
D10,36,1.762609,synthetic,30,3183.128247,3.42732,2.000966,34.368372,1.761763,0.054004,0.157601,demo
D10,37,1.768078,synthetic,30,3162.725015,3.415457,1.990925,33.800817,1.766756,0.050713,0.157933,demo
D10,38,1.750905,synthetic,30,3164.327062,3.415936,2.012772,33.576254,1.749008,0.052875,0.158414,demo
D10,39,1.7507,synthetic,30,3155.98406,3.422648,2.007833,33.859299,1.756922,0.051619,0.157228,demo
D10,40,1.740676,synthetic,30,3126.189655,3.41845,2.01153,33.955071,1.734969,0.052584,0.156594,demo
D10,41,1.738665,synthetic,30,3121.785446,3.414168,2.010517,33.571866,1.739915,0.053279,0.159126,demo
D10,42,1.745327,synthetic,30,3159.458257,3.422025,1.997294,33.98255,1.744492,0.053569,0.160535,demo
D10,43,1.744316,synthetic,30,3153.063806,3.422089,1.995744,34.185755,1.739351,0.052496,0.163718,demo
D10,44,1.73577,synthetic,30,3123.267287,3.418297,2.017417,33.931012,1.732927,0.053404,0.161455,demo
D10,45,1.715155,synthetic,30,3088.526434,3.411945,1.998349,33.728,1.716243,0.052186,0.164893,demo
D10,46,1.72077,synthetic,30,3091.382243,3.413263,1.986454,33.786627,1.717796,0.053038,0.156735,demo
D10,47,1.696403,synthetic,30,3054.759895,3.413189,2.010075,33.540687,1.697284,0.054038,0.160845,demo
D10,48,1.698763,synthetic,30,3051.591835,3.407098,2.001438,33.918396,1.704638,0.053344,0.164182,demo
D10,49,1.691579,synthetic,30,3044.124542,3.416759,2.015059,34.040327,1.692156,0.052555,0.163366,demo
D10,50,1.698323,synthetic,30,3073.584271,3.419091,2.00243,33.728357,1.693386,0.052738,0.159484,demo
D10,51,1.684498,synthetic,30,3031.227116,3.409618,1.9998,34.458178,1.681645,0.054171,0.165422,demo
D10,52,1.665136,synthetic,30,2987.821959,3.409566,2.015261,34.200365,1.664186,0.052257,0.161801,demo
D10,53,1.664071,synthetic,30,2983.049094,3.412752,1.984615,33.5557,1.662898,0.052415,0.161105,demo
D10,54,1.660111,synthetic,30,2989.338821,3.415336,1.994146,33.566768,1.660615,0.054,0.165056,demo
D10,55,1.666035,synthetic,30,2992.017213,3.414482,1.991126,33.754942,1.667076,0.052901,0.163377,demo
D10,56,1.688058,synthetic,30,3040.752586,3.404065,1.978049,34.361209,1.693901,0.051666,0.160909,demo
D10,57,1.647082,synthetic,30,2950.343588,3.404623,2.008732,34.252107,1.64707,0.05488,0.162446,demo
D10,58,1.639804,synthetic,30,2957.75898,3.406978,1.994426,34.446222,1.636025,0.052502,0.161198,demo
D10,59,1.641593,synthetic,30,2945.468607,3.403222,2.009054,34.040164,1.645381,0.053385,0.163149,demo
D10,60,1.648134,synthetic,30,2967.053531,3.413148,2.003891,33.975426,1.652297,0.052899,0.167375,demo
D10,61,1.628406,synthetic,30,2928.156209,3.410068,2.006071,33.745513,1.629163,0.053418,0.165597,demo
D10,62,1.622062,synthetic,30,2934.763148,3.399494,1.995446,34.154328,1.621263,0.052895,0.167993,demo
D10,63,1.612335,synthetic,30,2903.696712,3.400892,1.992358,34.032455,1.614343,0.054591,0.167055,demo
D10,64,1.610514,synthetic,30,2915.845105,3.398316,2.000898,34.02556,1.609834,0.054006,0.163743,demo
D10,65,1.602876,synthetic,30,2890.029579,3.399579,2.009192,34.500199,1.596285,0.054955,0.160938,demo
D10,66,1.599372,synthetic,30,2891.179881,3.39902,1.999496,34.069356,1.601174,0.053397,0.163245,demo
D10,67,1.582496,synthetic,30,2846.709289,3.401629,1.992981,34.459001,1.58532,0.056308,0.164686,demo
D10,68,1.588291,synthetic,30,2861.887857,3.394983,1.98801,33.720544,1.592869,0.052212,0.164223,demo
D10,69,1.584857,synthetic,30,2863.172082,3.38764,2.002042,34.794743,1.582541,0.052566,0.169549,demo
D10,70,1.574706,synthetic,30,2842.165768,3.39042,1.994459,34.044624,1.575418,0.056006,0.169924,demo
D10,71,1.57046,synthetic,30,2831.330907,3.392194,1.999283,34.321106,1.571238,0.054769,0.173817,demo
D10,72,1.560255,synthetic,30,2805.696698,3.392409,1.997612,34.376185,1.560522,0.054739,0.165299,demo
D10,73,1.560315,synthetic,30,2807.229244,3.395788,1.995556,34.035188,1.560673,0.054828,0.17238,demo
D10,74,1.549401,synthetic,30,2798.439563,3.389356,2.002938,34.380657,1.549516,0.055077,0.172798,demo
D10,75,1.536153,synthetic,30,2776.240837,3.387175,2.005545,34.413521,1.536804,0.054938,0.167857,demo
D10,76,1.541984,synthetic,30,2770.635319,3.38903,2.019653,34.008737,1.544269,0.053614,0.169741,demo
D10,77,1.52127,synthetic,30,2732.176643,3.385696,2.00758,34.04277,1.524983,0.055605,0.172871,demo
D10,78,1.526774,synthetic,30,2740.739003,3.388629,2.015937,34.221166,1.524465,0.055393,0.168752,demo
D10,79,1.516764,synthetic,30,2736.971399,3.387206,1.991814,34.19598,1.516242,0.056261,0.16892,demo
D10,80,1.510363,synthetic,30,2711.073261,3.391552,1.983991,34.582738,1.509087,0.056661,0.167703,demo
D10,81,1.508057,synthetic,30,2721.160283,3.384549,1.999856,34.413582,1.506351,0.05525,0.162598,demo
D10,82,1.496732,synthetic,30,2698.528133,3.385661,2.00858,34.237296,1.491895,0.053805,0.170342,demo
D10,83,1.498014,synthetic,30,2692.016291,3.385072,2.007012,34.404498,1.498087,0.056792,0.16795,demo
D10,84,1.489225,synthetic,30,2693.182036,3.389389,2.012114,33.754499,1.490653,0.05409,0.167205,demo
D10,85,1.479115,synthetic,30,2650.727381,3.384272,1.974635,34.1275,1.478656,0.055547,0.172102,demo
D10,86,1.484772,synthetic,30,2685.895556,3.389799,2.01253,34.344797,1.484746,0.054896,0.166255,demo
D10,87,1.471887,synthetic,30,2651.930424,3.379376,2.003355,34.571011,1.473118,0.054851,0.173543,demo
D10,88,1.468348,synthetic,30,2626.585794,3.383346,1.98456,34.34742,1.472492,0.056081,0.172717,demo
D10,89,1.466959,synthetic,30,2653.135733,3.381066,2.007235,34.664122,1.465727,0.055575,0.170121,demo
D10,90,1.460747,synthetic,30,2637.012703,3.377689,2.001695,34.525865,1.457324,0.055906,0.17138,demo
D10,91,1.449701,synthetic,30,2606.110019,3.380943,2.003812,34.203366,1.449439,0.054687,0.168441,demo
D10,92,1.438274,synthetic,30,2581.400885,3.386716,2.009991,34.307581,1.443692,0.055443,0.17472,demo
D10,93,1.42537,synthetic,30,2553.589264,3.37476,2.004303,34.46405,1.422061,0.054977,0.173547,demo
D10,94,1.429038,synthetic,30,2590.907079,3.37812,1.985272,34.244285,1.430896,0.055511,0.173624,demo
D10,95,1.428205,synthetic,30,2563.646818,3.373277,1.99857,34.740516,1.431512,0.055599,0.174377,demo
D10,96,1.417593,synthetic,30,2541.99528,3.371362,1.983824,34.096428,1.410887,0.057668,0.171369,demo
D10,97,1.388621,synthetic,30,2501.527089,3.370429,2.006491,34.496095,1.38976,0.055854,0.169898,demo
D10,98,1.408321,synthetic,30,2522.521765,3.37424,2.01398,34.57138,1.410021,0.053791,0.176539,demo
D10,99,1.402492,synthetic,30,2517.052701,3.373689,1.987585,34.3179,1.401743,0.05737,0.175966,demo
D10,100,1.38889,synthetic,30,2507.463903,3.372707,1.993285,34.281965,1.387094,0.05656,0.172838,demo
D10,101,1.390412,synthetic,30,2506.22672,3.367208,1.991176,34.395362,1.388769,0.055965,0.175611,demo
D10,102,1.382025,synthetic,30,2484.761411,3.370249,1.995461,34.629962,1.381117,0.055743,0.178493,demo
D10,103,1.36791,synthetic,30,2462.374092,3.372996,2.004124,34.323172,1.367084,0.055374,0.1787,demo
D10,104,1.373409,synthetic,30,2468.854077,3.366243,1.995569,34.172657,1.372061,0.058204,0.17337,demo
D10,105,1.351924,synthetic,30,2433.011205,3.36757,2.006525,34.75976,1.350993,0.056533,0.171457,demo
D10,106,1.352925,synthetic,30,2429.699495,3.370287,2.010654,34.570437,1.356147,0.054733,0.171931,demo
D10,107,1.346057,synthetic,30,2418.684829,3.365128,2.011018,34.732879,1.342788,0.056867,0.175223,demo
D10,108,1.335768,synthetic,30,2399.976968,3.368337,1.988818,34.686181,1.331095,0.057848,0.180956,demo
D10,109,1.336256,synthetic,30,2400.02244,3.360947,2.013859,35.040589,1.339481,0.056794,0.174364,demo
D10,110,1.335999,synthetic,30,2412.328775,3.370554,2.014661,34.774745,1.335486,0.055738,0.174771,demo
D10,111,1.329318,synthetic,30,2398.299874,3.367628,2.015527,34.325004,1.328285,0.055716,0.174977,demo
D10,112,1.319859,synthetic,30,2369.101085,3.365205,1.998422,34.637778,1.319565,0.055884,0.17561,demo
D10,113,1.299019,synthetic,30,2329.855079,3.366877,1.992482,34.4121,1.299562,0.058531,0.178006,demo
D10,114,1.294847,synthetic,30,2329.624172,3.360538,1.990158,34.444199,1.293489,0.05698,0.174366,demo
D10,115,1.297519,synthetic,30,2350.63501,3.359718,1.988982,34.200597,1.298832,0.055346,0.181352,demo
D10,116,1.289967,synthetic,30,2314.781784,3.366736,2.000117,34.493521,1.287484,0.057484,0.177967,demo
D10,117,1.280826,synthetic,30,2304.371407,3.367466,2.008479,34.71502,1.280053,0.057333,0.186204,demo
D10,118,1.288879,synthetic,30,2320.600471,3.358336,2.013066,34.550175,1.28317,0.056662,0.174924,demo
D10,119,1.271707,synthetic,30,2288.326748,3.358508,1.995144,34.317597,1.274689,0.056263,0.183901,demo
D10,120,1.267942,synthetic,30,2279.158661,3.362673,1.999613,34.217332,1.267496,0.056257,0.183456,demo
D10,121,1.287535,synthetic,30,2325.593437,3.360629,1.998958,35.096659,1.28926,0.058211,0.177264,demo
D10,122,1.252223,synthetic,30,2257.074482,3.358906,1.993647,34.702956,1.253417,0.057725,0.178726,demo
D10,123,1.261029,synthetic,30,2275.612554,3.36075,2.007357,34.402439,1.262416,0.057868,0.176795,demo
D10,124,1.233422,synthetic,30,2224.085178,3.351929,2.003628,34.765313,1.233403,0.057911,0.177934,demo
D10,125,1.229,synthetic,30,2218.133491,3.355302,2.001418,35.203796,1.229955,0.058038,0.180838,demo
D10,126,1.220544,synthetic,30,2207.42167,3.352543,2.003583,34.8243,1.218197,0.057326,0.18124,demo
D10,127,1.229132,synthetic,30,2221.272496,3.348774,2.006155,33.959535,1.226253,0.057503,0.176028,demo
D10,128,1.218116,synthetic,30,2207.900276,3.348306,2.006054,35.335899,1.217869,0.058984,0.188156,demo
D10,129,1.203577,synthetic,30,2174.349641,3.347837,1.991615,34.232324,1.20194,0.059379,0.181078,demo
D10,130,1.195188,synthetic,30,2147.017783,3.353113,2.008963,34.655715,1.198595,0.056826,0.182389,demo
D10,131,1.202202,synthetic,30,2169.464104,3.354121,2.002554,34.413346,1.203104,0.05777,0.180033,demo
D10,132,1.189576,synthetic,30,2145.79957,3.351697,1.995654,34.530636,1.187871,0.058944,0.181616,demo
D10,133,1.189372,synthetic,30,2153.203369,3.350432,2.002342,34.787044,1.188726,0.059988,0.181351,demo
D10,134,1.174045,synthetic,30,2107.148918,3.348407,2.003445,34.221177,1.174357,0.060042,0.183029,demo
D10,135,1.170962,synthetic,30,2111.260197,3.347481,2.010818,34.720995,1.170803,0.057495,0.183118,demo
D10,136,1.163173,synthetic,30,2089.434393,3.347027,1.989538,35.042075,1.163806,0.059643,0.185888,demo
D10,137,1.151098,synthetic,30,2075.162481,3.345789,2.01325,34.562543,1.151256,0.058548,0.184638,demo
D10,138,1.14744,synthetic,30,2064.061566,3.337812,2.000232,34.431269,1.144249,0.05957,0.186215,demo
D10,139,1.134653,synthetic,30,2045.313124,3.338671,1.994938,34.763194,1.129772,0.059442,0.184584,demo
D10,140,1.138169,synthetic,30,2040.035928,3.338155,1.994632,34.708161,1.137318,0.057354,0.185167,demo
D10,141,1.133209,synthetic,30,2044.629968,3.34608,1.989986,34.65138,1.134479,0.059218,0.183948,demo
D10,142,1.128011,synthetic,30,2031.675154,3.347618,1.982591,34.510897,1.127194,0.059726,0.187889,demo
D10,143,1.11949,synthetic,30,2016.00177,3.33126,2.006774,34.950561,1.122258,0.058785,0.186188,demo
D10,144,1.108133,synthetic,30,2006.310208,3.344776,2.019809,34.986616,1.10803,0.058672,0.1852,demo
D10,145,1.111618,synthetic,30,1998.617081,3.339299,1.983824,34.566161,1.114636,0.057312,0.184972,demo
D10,146,1.101056,synthetic,30,1983.935646,3.341683,1.990496,34.616603,1.103593,0.059673,0.18563,demo
D10,147,1.097421,synthetic,30,1975.951279,3.339203,2.007516,34.887992,1.099728,0.059235,0.186195,demo
D10,148,1.091176,synthetic,30,1965.283768,3.342159,1.999544,34.621993,1.08855,0.058166,0.186184,demo
D10,149,1.075085,synthetic,30,1948.052411,3.335225,2.008344,34.932037,1.075122,0.058923,0.18532,demo
D10,150,1.071529,synthetic,30,1929.121098,3.328487,1.998983,35.259718,1.074149,0.059439,0.189434,demo
D10,151,1.067203,synthetic,30,1917.69662,3.332978,1.994194,34.884239,1.067785,0.058769,0.189796,demo
D10,152,1.049007,synthetic,30,1898.810657,3.333189,1.997742,34.623085,1.05017,0.059513,0.193391,demo
D10,153,1.042478,synthetic,30,1874.728137,3.329446,1.976179,35.034309,1.039584,0.057825,0.18649,demo
D10,154,1.034774,synthetic,30,1853.622999,3.331978,1.988565,34.903426,1.038745,0.061002,0.190608,demo
D10,155,1.035242,synthetic,30,1859.294591,3.329142,2.009483,34.909597,1.033604,0.059663,0.182863,demo
D11,1,1.868483,synthetic,30,2259.296811,3.43649,3.008011,35.545441,1.869731,0.051207,0.1635,demo
D11,2,1.850109,synthetic,30,2219.88375,3.430967,2.991548,35.353929,1.851942,0.052911,0.154696,demo
D11,3,1.852325,synthetic,30,2215.567516,3.429668,2.997599,35.478111,1.855555,0.052792,0.155335,demo
D11,4,1.86812,synthetic,30,2237.239306,3.434972,3.005936,35.475102,1.869817,0.050632,0.154202,demo
D11,5,1.844337,synthetic,30,2212.054563,3.433184,3.015183,34.97878,1.845376,0.052375,0.155396,demo
D11,6,1.831828,synthetic,30,2197.038387,3.422602,2.987061,35.362036,1.834434,0.051205,0.15696,demo
D11,7,1.834265,synthetic,30,2209.716554,3.430786,2.986319,35.497392,1.825363,0.05234,0.159392,demo
D11,8,1.822391,synthetic,30,2186.348601,3.430409,2.99054,35.157423,1.830006,0.052582,0.158316,demo
D11,9,1.826583,synthetic,30,2204.098815,3.418913,2.984625,35.062469,1.83239,0.052976,0.160168,demo
D11,10,1.837986,synthetic,30,2202.721373,3.430533,2.985336,35.375623,1.838784,0.051128,0.159613,demo
D11,11,1.810129,synthetic,30,2174.933293,3.429045,2.990273,34.9144,1.805013,0.052913,0.158221,demo
D11,12,1.795119,synthetic,30,2160.747245,3.426713,3.012335,35.03532,1.799464,0.050176,0.159324,demo
D11,13,1.811058,synthetic,30,2181.061326,3.429592,2.996879,35.116724,1.808544,0.053186,0.160884,demo
D11,14,1.791914,synthetic,30,2158.760042,3.422679,3.000314,35.424757,1.793828,0.052056,0.15499,demo
D11,15,1.781418,synthetic,30,2135.956681,3.418518,2.990445,35.382602,1.776847,0.052182,0.166238,demo
D11,16,1.773901,synthetic,30,2128.646238,3.414539,3.006335,35.597241,1.7818,0.050224,0.157506,demo
D11,17,1.765677,synthetic,30,2103.052033,3.425079,3.018758,35.121017,1.760584,0.051955,0.15832,demo
D11,18,1.757745,synthetic,30,2108.054187,3.42253,2.991124,35.119514,1.757988,0.053778,0.156054,demo
D11,19,1.750867,synthetic,30,2107.918203,3.423532,3.017247,35.504678,1.743435,0.052065,0.156419,demo
D11,20,1.758928,synthetic,30,2116.391985,3.416965,3.003644,35.161942,1.758783,0.053124,0.162565,demo
D11,21,1.738778,synthetic,30,2085.992197,3.420563,3.000169,35.240957,1.737299,0.052647,0.167259,demo
D11,22,1.722529,synthetic,30,2077.571783,3.409305,3.004001,34.952015,1.726447,0.053837,0.159397,demo
D11,23,1.721499,synthetic,30,2063.419129,3.411709,3.003905,35.490463,1.720035,0.052977,0.162182,demo
D11,24,1.727228,synthetic,30,2068.220409,3.416407,3.018571,35.794481,1.731161,0.051796,0.161571,demo
D11,25,1.713292,synthetic,30,2053.062957,3.416814,3.005202,35.17274,1.709783,0.052924,0.164469,demo
D11,26,1.707125,synthetic,30,2041.651335,3.420107,3.005411,35.694739,1.706162,0.05453,0.168371,demo
D11,27,1.70805,synthetic,30,2053.487378,3.412546,2.995785,35.423075,1.707156,0.053417,0.166241,demo
D11,28,1.68945,synthetic,30,2029.094598,3.407718,3.008391,35.024471,1.691125,0.052989,0.161706,demo
D11,29,1.690969,synthetic,30,2032.876234,3.407703,2.990432,35.239865,1.692215,0.055346,0.163948,demo
D11,30,1.676209,synthetic,30,2008.950684,3.406775,3.00109,35.246569,1.67863,0.054397,0.164836,demo
D11,31,1.676694,synthetic,30,2011.682826,3.418471,3.028833,35.405826,1.677589,0.05405,0.162872,demo
D11,32,1.663896,synthetic,30,1983.626471,3.411015,2.974958,35.609035,1.666097,0.053678,0.160156,demo
D11,33,1.657779,synthetic,30,1991.579594,3.411672,3.002331,35.975563,1.654802,0.054152,0.161293,demo
D11,34,1.657115,synthetic,30,1989.128037,3.406183,3.002716,35.156541,1.658404,0.054192,0.16716,demo
D11,35,1.678842,synthetic,30,2007.959371,3.409849,2.997719,35.360542,1.684242,0.051029,0.1666,demo
D11,36,1.637081,synthetic,30,1963.880848,3.407432,2.997955,35.320383,1.631581,0.054024,0.163894,demo
D11,37,1.628157,synthetic,30,1952.277631,3.401496,3.000914,35.240769,1.62975,0.053558,0.165657,demo
D11,38,1.633478,synthetic,30,1970.548803,3.40302,2.99748,35.573645,1.635689,0.053165,0.168253,demo
D11,39,1.620298,synthetic,30,1938.168144,3.399838,3.00222,35.569923,1.625033,0.053602,0.160075,demo
D11,40,1.607277,synthetic,30,1930.650588,3.39912,2.995124,35.135633,1.609611,0.052371,0.16437,demo
D11,41,1.598551,synthetic,30,1911.984325,3.400015,3.020224,35.606711,1.598872,0.05221,0.172112,demo
D11,42,1.601448,synthetic,30,1918.521508,3.396894,2.99748,35.296479,1.602826,0.055232,0.16684,demo
D11,43,1.588804,synthetic,30,1908.148047,3.399744,3.005696,35.619751,1.586468,0.054574,0.16306,demo
D11,44,1.579927,synthetic,30,1894.710149,3.398629,2.99331,35.947484,1.578701,0.051788,0.167155,demo
D11,45,1.574379,synthetic,30,1889.220762,3.39608,3.009331,35.754199,1.570173,0.05368,0.170089,demo
D11,46,1.568481,synthetic,30,1884.055871,3.39275,3.007335,35.691658,1.573146,0.055196,0.159621,demo
D11,47,1.558864,synthetic,30,1867.865731,3.395278,3.004193,35.529513,1.560267,0.054131,0.168174,demo
D11,48,1.55916,synthetic,30,1875.954592,3.392875,2.989727,35.677977,1.556303,0.055653,0.166516,demo
D11,49,1.552213,synthetic,30,1860.948169,3.394213,2.992476,35.812495,1.553055,0.055528,0.162985,demo
D11,50,1.551361,synthetic,30,1861.088238,3.398313,3.016862,35.789,1.554958,0.05313,0.168191,demo
D11,51,1.538297,synthetic,30,1847.957659,3.387275,2.992365,35.667749,1.541352,0.054474,0.168059,demo
D11,52,1.522774,synthetic,30,1828.572947,3.399041,3.006409,35.770183,1.519949,0.054324,0.169017,demo
D11,53,1.519524,synthetic,30,1826.952722,3.38965,2.990553,35.391574,1.51,0.053416,0.168174,demo
D11,54,1.514053,synthetic,30,1818.591268,3.390904,3.010084,35.545336,1.51525,0.053405,0.166374,demo
D11,55,1.50677,synthetic,30,1810.668703,3.385335,2.993136,35.916734,1.504098,0.054126,0.165365,demo
D11,56,1.498768,synthetic,30,1796.76566,3.391915,2.990368,35.962357,1.500633,0.054371,0.167977,demo
D11,57,1.48966,synthetic,30,1781.860461,3.385705,2.992877,35.78891,1.492491,0.055387,0.172991,demo
D11,58,1.490203,synthetic,30,1780.584315,3.384699,2.994462,36.134437,1.493522,0.056142,0.171091,demo
D11,59,1.467795,synthetic,30,1752.52544,3.381172,3.004047,35.925313,1.472916,0.055836,0.171081,demo
D11,60,1.46266,synthetic,30,1764.474264,3.381759,3.000694,35.747728,1.466277,0.056124,0.168374,demo
D11,61,1.45485,synthetic,30,1734.230303,3.38353,2.989048,35.512787,1.45994,0.055185,0.170684,demo
D11,62,1.44646,synthetic,30,1741.967456,3.381499,2.999721,36.189994,1.450449,0.056138,0.174353,demo
D11,63,1.429253,synthetic,30,1710.879689,3.378497,2.988565,36.0487,1.433444,0.055559,0.174344,demo
D11,64,1.441938,synthetic,30,1736.484873,3.377397,3.006436,36.28667,1.441821,0.055139,0.170891,demo
D11,65,1.440733,synthetic,30,1717.455992,3.377015,3.008269,36.380612,1.437018,0.05749,0.164536,demo
D11,66,1.419675,synthetic,30,1702.408643,3.375616,2.999761,35.548752,1.426723,0.053473,0.171188,demo
D11,67,1.402588,synthetic,30,1690.447981,3.377165,3.002717,35.575034,1.402765,0.054101,0.172448,demo
D11,68,1.407294,synthetic,30,1692.366061,3.378561,3.017521,35.173259,1.410752,0.05631,0.170987,demo
D11,69,1.391294,synthetic,30,1667.863652,3.3771,2.998424,36.142649,1.389763,0.055822,0.173109,demo
D11,70,1.381614,synthetic,30,1648.273149,3.372696,2.990557,36.091699,1.384278,0.054747,0.177185,demo
D11,71,1.382007,synthetic,30,1651.828261,3.374285,3.005792,35.951435,1.375249,0.055125,0.174608,demo
D11,72,1.369034,synthetic,30,1649.686745,3.370455,2.988673,35.639916,1.36791,0.055385,0.178208,demo
D11,73,1.362177,synthetic,30,1632.905279,3.363303,2.997894,35.934475,1.361909,0.057271,0.170988,demo
D11,74,1.359025,synthetic,30,1630.478275,3.369014,2.99401,36.007639,1.360282,0.057622,0.174724,demo
D11,75,1.355153,synthetic,30,1627.566368,3.367893,2.992982,36.162953,1.358058,0.058088,0.169977,demo
D11,76,1.355657,synthetic,30,1620.429533,3.365301,2.997499,36.034762,1.35269,0.054854,0.174494,demo
D11,77,1.329085,synthetic,30,1596.850212,3.363866,3.008999,36.172324,1.330839,0.055342,0.1737,demo
D11,78,1.327493,synthetic,30,1590.986338,3.366477,3.011057,35.977728,1.33075,0.055289,0.180744,demo
D11,79,1.322896,synthetic,30,1588.873346,3.360829,3.009262,36.311027,1.329102,0.05806,0.178313,demo
D11,80,1.320732,synthetic,30,1582.129723,3.362248,3.003364,36.176835,1.322598,0.05721,0.180215,demo
D11,81,1.29781,synthetic,30,1550.022247,3.368418,2.997423,35.756552,1.296617,0.057102,0.1768,demo
D11,82,1.2946,synthetic,30,1551.528775,3.355414,2.976422,36.405404,1.291308,0.057284,0.175157,demo
D11,83,1.295821,synthetic,30,1557.974227,3.361245,3.003677,36.362662,1.300561,0.056985,0.175012,demo
D11,84,1.29285,synthetic,30,1553.254302,3.356941,2.977207,36.177093,1.294757,0.05595,0.179082,demo
D11,85,1.267286,synthetic,30,1520.884634,3.355404,2.980766,36.16925,1.267231,0.05784,0.184739,demo
D11,86,1.261033,synthetic,30,1517.316681,3.356838,2.998383,36.523104,1.256948,0.057204,0.180796,demo
D11,87,1.259961,synthetic,30,1511.029723,3.353545,3.002646,35.70173,1.257614,0.0562,0.178477,demo
D11,88,1.246404,synthetic,30,1495.93784,3.358096,2.995489,36.440699,1.247978,0.05811,0.179578,demo
D11,89,1.2375,synthetic,30,1482.862481,3.360092,3.015355,36.024699,1.238376,0.057199,0.180406,demo
D11,90,1.235694,synthetic,30,1487.088737,3.357829,3.004621,36.420253,1.230884,0.057871,0.186652,demo
D11,91,1.235684,synthetic,30,1484.117973,3.358559,2.997506,36.176568,1.237248,0.057518,0.184273,demo
D11,92,1.210679,synthetic,30,1450.387402,3.345816,3.013863,35.87325,1.206881,0.058785,0.182353,demo
D11,93,1.219662,synthetic,30,1457.056629,3.351485,3.015651,36.046377,1.222965,0.058024,0.181543,demo
D11,94,1.199348,synthetic,30,1443.988301,3.351788,3.005126,36.45641,1.199848,0.057123,0.182924,demo
D11,95,1.196984,synthetic,30,1433.174122,3.353108,2.992247,36.151973,1.195874,0.058352,0.183603,demo
D11,96,1.196555,synthetic,30,1436.175926,3.356583,2.994497,36.049797,1.198924,0.058389,0.180898,demo
D11,97,1.18105,synthetic,30,1427.26294,3.351907,2.985533,36.071382,1.181885,0.058701,0.180226,demo
D11,98,1.16939,synthetic,30,1406.642495,3.34976,2.999576,36.406476,1.172489,0.059342,0.186321,demo
D11,99,1.167549,synthetic,30,1407.831311,3.356478,2.9895,36.686335,1.167737,0.057709,0.183364,demo
D11,100,1.154255,synthetic,30,1382.869837,3.344667,2.996709,35.733397,1.154575,0.059125,0.186676,demo
D11,101,1.150464,synthetic,30,1384.992276,3.342652,3.002606,36.974475,1.149808,0.056771,0.18892,demo
D11,102,1.138138,synthetic,30,1365.874719,3.342977,2.980163,36.34373,1.138736,0.058499,0.186036,demo
D11,103,1.136551,synthetic,30,1365.359346,3.338409,2.987363,36.440229,1.140411,0.05836,0.185614,demo
D11,104,1.115026,synthetic,30,1346.143248,3.339649,2.994932,36.218395,1.113905,0.060298,0.195,demo
D11,105,1.109306,synthetic,30,1330.054298,3.331756,2.999475,36.335162,1.110743,0.058751,0.186249,demo
D11,106,1.098917,synthetic,30,1318.777056,3.335247,2.995061,36.399752,1.096982,0.059619,0.182772,demo
D11,107,1.099005,synthetic,30,1315.232344,3.336914,2.997295,36.089219,1.094462,0.057248,0.185196,demo
D11,108,1.082127,synthetic,30,1302.013844,3.339064,2.992938,36.175389,1.082576,0.058827,0.19137,demo
D11,109,1.079103,synthetic,30,1292.745765,3.339332,2.985506,36.677487,1.079902,0.058363,0.182953,demo
D11,110,1.079087,synthetic,30,1298.876942,3.331031,2.994652,35.993283,1.078849,0.061685,0.184579,demo
D11,111,1.075997,synthetic,30,1284.805477,3.342804,2.997868,36.496264,1.072778,0.058573,0.190279,demo
D11,112,1.05309,synthetic,30,1265.788544,3.33223,2.996896,36.327735,1.053731,0.059542,0.187062,demo
D11,113,1.043219,synthetic,30,1249.445928,3.331363,3.001118,36.194994,1.043775,0.059694,0.18794,demo
D11,114,1.044322,synthetic,30,1255.932445,3.324069,3.004189,36.9265,1.042465,0.057967,0.191447,demo
D11,115,1.044834,synthetic,30,1253.750064,3.328124,3.006817,36.194123,1.042006,0.059026,0.186056,demo
D11,116,1.025887,synthetic,30,1229.087652,3.332435,2.993664,36.178644,1.025369,0.060146,0.184559,demo
D11,117,1.018211,synthetic,30,1220.435755,3.327955,2.984242,36.425941,1.01954,0.059904,0.185105,demo
D11,118,1.018035,synthetic,30,1218.525961,3.327686,3.012716,36.280807,1.018884,0.057519,0.191024,demo
D11,119,1.007397,synthetic,30,1211.914958,3.326833,3.003854,36.490499,1.005622,0.059359,0.190482,demo
D11,120,0.996506,synthetic,30,1192.045328,3.31879,2.990453,36.544091,0.996779,0.061056,0.188062,demo
D11,121,0.982274,synthetic,30,1177.784507,3.322398,3.002777,36.585253,0.984017,0.060765,0.187233,demo
D11,122,0.980307,synthetic,30,1177.587339,3.328172,3.01068,36.498566,0.978008,0.061415,0.189976,demo
D11,123,0.961199,synthetic,30,1159.022595,3.324497,3.017292,36.38266,0.961321,0.059402,0.194902,demo
D11,124,0.957404,synthetic,30,1148.85226,3.319175,3.002506,36.724745,0.959969,0.061707,0.189196,demo
D11,125,0.961505,synthetic,30,1152.966392,3.326443,3.010597,36.52982,0.959053,0.060341,0.189552,demo
D11,126,0.952487,synthetic,30,1143.923247,3.314025,2.987904,36.447364,0.954689,0.062067,0.188329,demo
D11,127,0.939049,synthetic,30,1119.849165,3.313494,2.999641,36.961425,0.94209,0.060613,0.191336,demo
D11,128,0.916585,synthetic,30,1095.947273,3.322028,2.99665,36.594794,0.916178,0.058787,0.194351,demo
D11,129,0.912639,synthetic,30,1093.933245,3.316392,3.003426,36.904039,0.912013,0.061723,0.19984,demo
D11,130,0.907527,synthetic,30,1086.702982,3.312285,3.016112,36.945419,0.909402,0.060481,0.194352,demo
D11,131,0.902278,synthetic,30,1077.534212,3.312564,3.002499,36.968501,0.901942,0.060601,0.193748,demo
D11,132,0.8875,synthetic,30,1067.740629,3.307711,2.990623,36.841539,0.883323,0.059672,0.197089,demo
D11,133,0.885208,synthetic,30,1063.077001,3.311757,2.987366,36.67203,0.885033,0.06277,0.19668,demo
D11,134,0.888962,synthetic,30,1067.202792,3.31191,3.016458,36.650547,0.889798,0.060589,0.192709,demo
D11,135,0.872424,synthetic,30,1044.729493,3.309133,3.005138,36.630334,0.873716,0.062851,0.202009,demo
D11,136,0.862983,synthetic,30,1035.8261,3.303234,3.004481,36.163802,0.861463,0.060939,0.195408,demo
D11,137,0.847204,synthetic,30,1018.214393,3.30696,2.996563,36.908895,0.846747,0.0606,0.196821,demo
D11,138,0.835105,synthetic,30,1001.329641,3.30227,3.002679,36.808459,0.836737,0.062968,0.19825,demo
D11,139,0.829188,synthetic,30,996.352853,3.299705,2.99013,36.962599,0.829089,0.061635,0.19787,demo
D11,140,0.818089,synthetic,30,979.361905,3.307328,3.003872,36.743617,0.815587,0.061756,0.201853,demo
D11,141,0.820212,synthetic,30,984.542483,3.311205,2.988251,36.935888,0.822242,0.060516,0.195422,demo
D11,142,0.813652,synthetic,30,979.728461,3.309477,2.996407,36.435146,0.813303,0.061406,0.199804,demo
D11,143,0.797132,synthetic,30,960.094113,3.302242,2.993571,36.511985,0.798872,0.062457,0.198608,demo
D11,144,0.795376,synthetic,30,958.25307,3.29836,2.967426,36.187882,0.793157,0.060747,0.201133,demo
D11,145,0.794857,synthetic,30,954.645831,3.299076,2.996532,36.774127,0.794665,0.061512,0.197561,demo
D11,146,0.811456,synthetic,30,973.839787,3.303054,2.991011,36.589684,0.812283,0.061465,0.196491,demo
D11,147,0.773743,synthetic,30,927.241069,3.295037,2.997896,36.613541,0.773608,0.062329,0.201247,demo
D11,148,0.759594,synthetic,30,906.569802,3.300224,3.000017,36.944273,0.757796,0.063884,0.20069,demo
D11,149,0.756583,synthetic,30,904.236941,3.28643,3.017679,36.758748,0.752972,0.062134,0.197276,demo
D11,150,0.751767,synthetic,30,901.665655,3.292788,3.003047,36.514077,0.754057,0.061792,0.203966,demo
D12,1,1.967935,synthetic,35,7113.453983,3.441776,1.008492,37.206175,1.970114,0.048991,0.152289,demo
D12,2,1.975861,synthetic,35,7091.989393,3.447128,1.009909,37.106542,1.978666,0.052585,0.152033,demo
D12,3,1.955967,synthetic,35,7082.207884,3.442462,0.986478,37.174842,1.962229,0.050461,0.154012,demo
D12,4,1.946045,synthetic,35,7029.153873,3.449667,0.98481,37.063547,1.944918,0.05159,0.150374,demo
D12,5,1.946437,synthetic,35,6999.688562,3.437019,0.994632,37.032125,1.942361,0.049956,0.150235,demo
D12,6,1.947568,synthetic,35,7005.15883,3.438801,1.013847,37.372548,1.954456,0.051099,0.151723,demo
D12,7,1.934902,synthetic,35,6969.965741,3.442841,1.00221,37.353094,1.93543,0.050751,0.148779,demo
D12,8,1.941206,synthetic,35,7000.893,3.444737,0.992253,37.441891,1.944675,0.051445,0.153572,demo
D12,9,1.916157,synthetic,35,6920.816779,3.429171,0.985471,37.218913,1.913236,0.05064,0.156501,demo
D12,10,1.910838,synthetic,35,6851.352639,3.431913,0.99316,37.471908,1.912323,0.052443,0.151436,demo
D12,11,1.921706,synthetic,35,6927.218884,3.439159,0.992484,37.013421,1.91749,0.049291,0.154437,demo
D12,12,1.906135,synthetic,35,6818.514073,3.443691,1.009356,37.090585,1.906378,0.051888,0.151867,demo
D12,13,1.918552,synthetic,35,6903.113426,3.44737,1.010125,37.420947,1.916066,0.050933,0.150208,demo
D12,14,1.909537,synthetic,35,6904.316511,3.437034,0.989501,37.34655,1.906185,0.049886,0.159785,demo
D12,15,1.906236,synthetic,35,6833.265655,3.437597,1.007532,37.068033,1.905081,0.05289,0.150744,demo
D12,16,1.897194,synthetic,35,6797.129927,3.433802,1.006508,36.892645,1.888492,0.052877,0.150274,demo
D12,17,1.881513,synthetic,35,6777.934914,3.437722,0.988203,37.126739,1.877149,0.049111,0.155384,demo
D12,18,1.899976,synthetic,35,6868.38196,3.443611,0.999162,36.978819,1.902949,0.051177,0.154807,demo
D12,19,1.886267,synthetic,35,6797.1906,3.440807,1.003408,37.601725,1.887579,0.051843,0.156551,demo
D12,20,1.863396,synthetic,35,6669.896341,3.432809,1.001632,37.394916,1.859393,0.051808,0.161468,demo
D12,21,1.876983,synthetic,35,6723.020049,3.431269,0.982895,36.993045,1.87904,0.052746,0.152589,demo
D12,22,1.866555,synthetic,35,6721.566711,3.433352,1.001312,36.93892,1.863276,0.052642,0.153603,demo
D12,23,1.857125,synthetic,35,6661.999541,3.437664,1.006363,37.019734,1.859807,0.051694,0.160541,demo
D12,24,1.855265,synthetic,35,6681.692628,3.430306,1.015796,37.077396,1.854836,0.053724,0.158607,demo
D12,25,1.850418,synthetic,35,6665.422302,3.424041,0.993312,37.182698,1.849215,0.052433,0.158384,demo
D12,26,1.84141,synthetic,35,6619.336557,3.428736,0.994545,37.516521,1.841075,0.051234,0.154574,demo
D12,27,1.846162,synthetic,35,6682.36549,3.429654,0.997911,36.989128,1.855612,0.050986,0.159531,demo
D12,28,1.840924,synthetic,35,6639.065878,3.42283,1.002912,37.810998,1.83813,0.052834,0.158773,demo
D12,29,1.841137,synthetic,35,6652.185777,3.43107,1.00097,37.002469,1.841972,0.050796,0.156923,demo
D12,30,1.818868,synthetic,35,6566.008888,3.429383,1.006043,36.919436,1.821711,0.051402,0.15549,demo
D12,31,1.825229,synthetic,35,6567.865564,3.435593,0.988748,37.684233,1.821716,0.051508,0.157311,demo
D12,32,1.800169,synthetic,35,6476.828103,3.419692,1.003969,37.63006,1.794429,0.052354,0.162939,demo
D12,33,1.831632,synthetic,35,6587.98683,3.431876,0.992578,37.206965,1.82943,0.05149,0.153453,demo
D12,34,1.806524,synthetic,35,6516.774653,3.429683,0.998567,37.385547,1.809268,0.050618,0.15534,demo
D12,35,1.791988,synthetic,35,6438.568397,3.426077,1.01708,37.413661,1.790762,0.053242,0.156437,demo
D12,36,1.797659,synthetic,35,6505.062233,3.42068,0.986018,37.33769,1.796828,0.051619,0.156861,demo
D12,37,1.786503,synthetic,35,6417.020461,3.419053,0.997205,36.996125,1.789757,0.054155,0.158493,demo
D12,38,1.77822,synthetic,35,6405.711855,3.422666,0.987254,36.712178,1.775353,0.052522,0.161747,demo
D12,39,1.782094,synthetic,35,6411.130615,3.423123,1.001531,37.115677,1.781778,0.053446,0.1601,demo
D12,40,1.764609,synthetic,35,6344.002014,3.418338,1.010482,37.807125,1.759267,0.052985,0.159598,demo
D12,41,1.771135,synthetic,35,6417.638041,3.426558,1.001697,37.807151,1.772271,0.053604,0.159986,demo
D12,42,1.74881,synthetic,35,6287.42241,3.416998,0.998833,37.311326,1.749612,0.053082,0.16192,demo
D12,43,1.75719,synthetic,35,6320.102663,3.412074,1.013284,37.124723,1.759986,0.052663,0.154667,demo
D12,44,1.7505,synthetic,35,6289.244361,3.417916,1.003305,37.44378,1.74649,0.053588,0.163195,demo
D12,45,1.741748,synthetic,35,6271.064707,3.41964,1.008196,37.497123,1.74108,0.055068,0.157851,demo
D12,46,1.742062,synthetic,35,6269.515914,3.419126,1.007153,37.537087,1.737607,0.05231,0.158987,demo
D12,47,1.733973,synthetic,35,6221.342279,3.418084,0.971238,36.767283,1.733119,0.053455,0.161662,demo
D12,48,1.735494,synthetic,35,6239.823206,3.422913,0.999233,38.186198,1.740637,0.05264,0.160354,demo
D12,49,1.727231,synthetic,35,6229.403037,3.411445,0.989219,37.692273,1.726122,0.053234,0.162372,demo
D12,50,1.721279,synthetic,35,6215.695423,3.413465,0.991707,37.368616,1.716577,0.052829,0.161574,demo
D12,51,1.714996,synthetic,35,6174.430297,3.420555,1.014746,37.247887,1.712664,0.050692,0.160532,demo
D12,52,1.705083,synthetic,35,6139.386018,3.405266,0.996252,37.689202,1.69959,0.052749,0.166383,demo
D12,53,1.700766,synthetic,35,6116.126867,3.412381,1.018926,37.5727,1.696358,0.053992,0.164094,demo
D12,54,1.698716,synthetic,35,6106.160215,3.417255,0.985923,37.474963,1.700996,0.052248,0.162958,demo
D12,55,1.690826,synthetic,35,6070.181725,3.416209,0.989163,37.578345,1.685935,0.054013,0.164445,demo
D12,56,1.693164,synthetic,35,6066.924969,3.414286,1.007624,37.432074,1.694222,0.053252,0.160157,demo
D12,57,1.692691,synthetic,35,6080.844568,3.414328,0.996586,37.56143,1.692778,0.052882,0.168817,demo
D12,58,1.677978,synthetic,35,6057.103369,3.405583,1.003073,37.664624,1.676194,0.054126,0.159618,demo
D12,59,1.661904,synthetic,35,5975.236136,3.413231,0.998877,37.592973,1.66266,0.054062,0.163863,demo
D12,60,1.670567,synthetic,35,6007.79867,3.404021,0.998574,37.56688,1.667434,0.053715,0.162318,demo
D12,61,1.655998,synthetic,35,5955.05745,3.402438,0.996958,37.864218,1.658783,0.054456,0.162787,demo
D12,62,1.647797,synthetic,35,5954.220621,3.407526,1.001795,37.129028,1.645496,0.053725,0.162725,demo
D12,63,1.658488,synthetic,35,5953.927092,3.405339,1.006416,37.312798,1.657206,0.05177,0.161345,demo
D12,64,1.647344,synthetic,35,5935.367891,3.406745,1.016144,37.535624,1.645679,0.053148,0.167671,demo
D12,65,1.643559,synthetic,35,5915.596347,3.407168,0.997975,37.352195,1.645825,0.05176,0.160644,demo
D12,66,1.634951,synthetic,35,5887.023878,3.411481,0.996064,37.448565,1.636732,0.054308,0.167553,demo
D12,67,1.626184,synthetic,35,5858.552624,3.405008,0.994775,37.88266,1.617657,0.054634,0.166898,demo
D12,68,1.619574,synthetic,35,5831.464619,3.399973,1.014698,37.533397,1.620397,0.054746,0.164074,demo
D12,69,1.620425,synthetic,35,5847.407555,3.405259,1.006903,37.11206,1.614771,0.054285,0.166781,demo
D12,70,1.617035,synthetic,35,5820.81362,3.398802,0.98101,37.468613,1.615931,0.054798,0.164845,demo
D12,71,1.60431,synthetic,35,5805.740804,3.404191,0.980569,37.608063,1.603963,0.05238,0.162525,demo
D12,72,1.611625,synthetic,35,5802.623894,3.401712,0.991699,37.592485,1.61049,0.053776,0.162264,demo
D12,73,1.592467,synthetic,35,5703.582603,3.400661,1.002301,37.750309,1.594062,0.05266,0.168268,demo
D12,74,1.579738,synthetic,35,5697.947134,3.390345,0.999665,37.74899,1.582013,0.053844,0.168621,demo
D12,75,1.572215,synthetic,35,5666.632006,3.387524,1.005148,37.606971,1.569783,0.055894,0.167837,demo
D12,76,1.56685,synthetic,35,5641.212122,3.389851,0.998246,37.351464,1.564313,0.055425,0.166151,demo
D12,77,1.568918,synthetic,35,5643.705615,3.403098,1.013974,37.536339,1.568805,0.054973,0.166672,demo
D12,78,1.564423,synthetic,35,5596.194164,3.39096,1.007721,37.497672,1.559593,0.054174,0.166446,demo
D12,79,1.564316,synthetic,35,5598.645442,3.398469,1.000776,37.58225,1.562823,0.053363,0.162187,demo
D12,80,1.554445,synthetic,35,5623.65876,3.391738,1.011453,37.841125,1.558636,0.054643,0.168006,demo
D12,81,1.554063,synthetic,35,5584.800846,3.393298,0.983511,37.769931,1.549382,0.05557,0.169405,demo
D12,82,1.54365,synthetic,35,5573.239247,3.392777,0.999149,37.890526,1.5426,0.054973,0.168457,demo
D12,83,1.537831,synthetic,35,5509.567008,3.398804,1.001375,37.597233,1.536009,0.053036,0.173794,demo
D12,84,1.528644,synthetic,35,5485.837122,3.393419,1.00602,38.084123,1.534775,0.054818,0.165841,demo
D12,85,1.534996,synthetic,35,5537.235903,3.393415,0.982848,37.865716,1.533345,0.052737,0.166617,demo
D12,86,1.511613,synthetic,35,5440.135054,3.394138,0.997396,37.760638,1.510163,0.055688,0.169935,demo
D12,87,1.516943,synthetic,35,5469.804349,3.387085,1.004005,37.875422,1.513816,0.054138,0.170054,demo
D12,88,1.50837,synthetic,35,5429.908793,3.39282,1.004772,37.568505,1.508398,0.053693,0.163962,demo
D12,89,1.508465,synthetic,35,5427.092442,3.392163,1.011861,37.210113,1.509281,0.055733,0.171469,demo
D12,90,1.497957,synthetic,35,5381.641825,3.390804,1.007615,37.601391,1.495303,0.05558,0.170827,demo
D12,91,1.513564,synthetic,35,5429.312513,3.388575,0.999392,37.916518,1.516557,0.055097,0.163099,demo
D12,92,1.485069,synthetic,35,5368.744282,3.383884,1.00675,37.792451,1.485874,0.057341,0.170247,demo
D12,93,1.489308,synthetic,35,5386.719186,3.382684,0.997986,37.731829,1.491846,0.055742,0.168002,demo
D12,94,1.475235,synthetic,35,5294.296256,3.381176,1.001468,37.575188,1.474267,0.054603,0.169631,demo
D12,95,1.481301,synthetic,35,5315.021717,3.381495,1.007948,37.289092,1.482022,0.055706,0.166734,demo
D12,96,1.465371,synthetic,35,5269.832912,3.384639,0.999547,38.158154,1.464747,0.05506,0.172634,demo
D12,97,1.458114,synthetic,35,5254.572223,3.381351,1.00362,37.760855,1.462365,0.056686,0.176961,demo
D12,98,1.451349,synthetic,35,5222.006262,3.383144,1.009613,37.715592,1.451686,0.055767,0.172741,demo
D12,99,1.449835,synthetic,35,5227.227904,3.383181,1.007122,37.657336,1.44986,0.055882,0.165528,demo
D12,100,1.437139,synthetic,35,5172.937551,3.375403,1.012335,38.157921,1.435822,0.054186,0.173371,demo
D12,101,1.435756,synthetic,35,5166.943891,3.37511,1.023284,38.066704,1.434274,0.055704,0.171986,demo
D12,102,1.429134,synthetic,35,5182.125726,3.377727,1.007029,37.61449,1.429813,0.055652,0.169532,demo
D12,103,1.425231,synthetic,35,5122.74734,3.375053,0.995387,38.153289,1.427567,0.054723,0.174052,demo
D12,104,1.419566,synthetic,35,5135.580279,3.373924,1.005118,37.834383,1.417622,0.055583,0.175857,demo
D12,105,1.414056,synthetic,35,5112.697058,3.38354,1.004688,37.726281,1.414414,0.056295,0.171432,demo
D12,106,1.406383,synthetic,35,5070.634878,3.369664,1.006135,37.817023,1.406901,0.055932,0.168813,demo
D12,107,1.409388,synthetic,35,5044.479523,3.384266,1.01495,37.690093,1.410398,0.054494,0.167589,demo
D12,108,1.396663,synthetic,35,5028.455184,3.375738,0.983159,37.574786,1.391893,0.05576,0.172136,demo
D12,109,1.403908,synthetic,35,5046.265185,3.379433,1.015138,38.088171,1.401312,0.055493,0.173377,demo
D12,110,1.382708,synthetic,35,4978.047325,3.376312,1.018504,37.870762,1.37893,0.056366,0.173144,demo
D12,111,1.38229,synthetic,35,4960.375261,3.375254,1.005681,38.080867,1.382381,0.056263,0.172659,demo
D12,112,1.3663,synthetic,35,4929.839466,3.377435,1.005921,38.022353,1.363838,0.055925,0.177052,demo
D12,113,1.373173,synthetic,35,4958.029052,3.367317,0.997584,38.077376,1.37181,0.055818,0.176462,demo
D12,114,1.354646,synthetic,35,4893.841653,3.368705,1.000063,37.456535,1.35141,0.056521,0.176413,demo
D12,115,1.355702,synthetic,35,4874.930432,3.366051,1.00698,37.749757,1.354608,0.057406,0.178221,demo
D12,116,1.345467,synthetic,35,4828.286216,3.361399,1.006336,38.124141,1.342442,0.056824,0.174212,demo
D12,117,1.343844,synthetic,35,4842.943785,3.365336,1.007207,37.665526,1.345881,0.057985,0.172963,demo
D12,118,1.333794,synthetic,35,4826.955507,3.374214,1.006267,38.092575,1.335073,0.057795,0.175081,demo
D12,119,1.32453,synthetic,35,4769.301046,3.364872,1.008984,37.665529,1.324928,0.058251,0.175245,demo
D12,120,1.321691,synthetic,35,4764.542362,3.373145,1.007866,38.021575,1.320892,0.058152,0.170979,demo
D12,121,1.326616,synthetic,35,4772.451997,3.37417,0.989757,38.412573,1.32121,0.058297,0.175299,demo
D12,122,1.314209,synthetic,35,4724.005056,3.376257,1.008323,38.222337,1.313004,0.055705,0.180746,demo
D12,123,1.31042,synthetic,35,4726.829873,3.371425,1.018586,37.571684,1.308425,0.057543,0.179986,demo
D12,124,1.30603,synthetic,35,4700.211524,3.372686,0.999734,38.253048,1.306676,0.058158,0.179334,demo
D12,125,1.288123,synthetic,35,4642.855779,3.362316,1.014995,38.523375,1.289719,0.058518,0.17887,demo
D12,126,1.291938,synthetic,35,4658.059214,3.362406,0.990827,38.761347,1.292777,0.05631,0.182669,demo
D12,127,1.284795,synthetic,35,4630.085812,3.361779,0.999702,38.191576,1.288041,0.057809,0.175428,demo
D12,128,1.279165,synthetic,35,4612.699698,3.359896,0.993588,37.740148,1.277711,0.057284,0.175939,demo
D12,129,1.280568,synthetic,35,4598.248974,3.36067,1.013792,38.187817,1.279007,0.059041,0.18215,demo
D12,130,1.258452,synthetic,35,4518.003883,3.360315,1.016405,38.511331,1.261064,0.056028,0.179745,demo
D12,131,1.261055,synthetic,35,4539.217615,3.355769,0.999008,38.061645,1.261474,0.05662,0.177544,demo
D12,132,1.258906,synthetic,35,4531.810797,3.351853,1.011711,38.372418,1.258285,0.0556,0.1813,demo
D12,133,1.24144,synthetic,35,4462.179511,3.356634,1.016506,37.92794,1.246024,0.05773,0.179027,demo
D12,134,1.234768,synthetic,35,4448.378703,3.351575,0.999671,38.240936,1.236195,0.059916,0.178097,demo
D12,135,1.231454,synthetic,35,4445.314959,3.351575,1.001298,37.530423,1.230985,0.057641,0.178146,demo
D12,136,1.229053,synthetic,35,4440.35399,3.353061,1.007336,37.918836,1.227367,0.057811,0.181803,demo
D12,137,1.212561,synthetic,35,4383.714815,3.350082,0.991575,38.179628,1.215778,0.058425,0.182115,demo
D12,138,1.218244,synthetic,35,4368.379445,3.356721,1.001101,38.081795,1.218748,0.057701,0.18582,demo
D12,139,1.200389,synthetic,35,4306.3229,3.349382,1.021428,37.874262,1.200448,0.058362,0.181114,demo
D12,140,1.210495,synthetic,35,4353.995999,3.355954,0.995,38.059343,1.212132,0.058287,0.180659,demo
D12,141,1.199706,synthetic,35,4319.981585,3.350787,1.008538,38.282855,1.201818,0.057157,0.186331,demo
D12,142,1.201983,synthetic,35,4324.042091,3.349894,1.005238,38.175469,1.203304,0.057886,0.184878,demo
D12,143,1.188389,synthetic,35,4271.107482,3.349182,0.998362,38.232651,1.19049,0.058858,0.182899,demo
D12,144,1.176413,synthetic,35,4231.21763,3.341885,1.002217,38.418373,1.177475,0.059164,0.17826,demo
D12,145,1.167306,synthetic,35,4208.395509,3.347266,1.017526,38.16325,1.168602,0.059625,0.180872,demo
D13,1,1.997028,synthetic,43,2386.820623,3.446726,2.992791,47.840503,1.995623,0.050619,0.147161,demo
D13,2,1.969863,synthetic,43,2359.809513,3.446218,2.993142,47.954045,1.966438,0.049824,0.153444,demo
D13,3,1.969973,synthetic,43,2364.384854,3.444146,3.008852,47.879386,1.959423,0.051547,0.147114,demo
D13,4,1.950779,synthetic,43,2348.014763,3.43986,2.99005,47.869728,1.949194,0.050936,0.147975,demo
D13,5,1.948764,synthetic,43,2341.00237,3.443761,3.008834,47.787184,1.955645,0.049225,0.152076,demo
D13,6,1.93637,synthetic,43,2330.249095,3.443419,3.001014,48.300893,1.933164,0.050529,0.152945,demo
D13,7,1.930965,synthetic,43,2317.343988,3.439496,2.983517,48.403836,1.930154,0.050518,0.153901,demo
D13,8,1.922473,synthetic,43,2302.088661,3.445796,3.013645,48.052647,1.920341,0.050557,0.151783,demo
D13,9,1.904883,synthetic,43,2284.599673,3.438341,3.003103,48.138266,1.906312,0.05146,0.156565,demo
D13,10,1.900577,synthetic,43,2285.45096,3.434086,3.003941,47.867552,1.905465,0.051629,0.151391,demo
D13,11,1.899186,synthetic,43,2286.083046,3.4329,3.010072,48.168976,1.89334,0.051525,0.155912,demo
D13,12,1.872964,synthetic,43,2246.559869,3.433269,3.014992,48.248045,1.867915,0.051609,0.155724,demo
D13,13,1.865673,synthetic,43,2232.567775,3.437663,3.00201,48.14664,1.871221,0.051429,0.157175,demo
D13,14,1.865872,synthetic,43,2241.300749,3.429939,3.006173,48.300211,1.868607,0.04919,0.158911,demo
D13,15,1.851034,synthetic,43,2224.425969,3.433763,3.003712,48.300626,1.850074,0.052268,0.154593,demo
D13,16,1.87094,synthetic,43,2253.430854,3.434246,2.996571,47.930055,1.877328,0.051779,0.153179,demo
D13,17,1.83629,synthetic,43,2199.061326,3.437509,2.984166,48.543826,1.831277,0.050652,0.151483,demo
D13,18,1.815122,synthetic,43,2173.782895,3.428451,3.002149,48.225405,1.818503,0.052129,0.151338,demo
D13,19,1.80646,synthetic,43,2172.669717,3.423015,3.013789,48.709203,1.806214,0.052583,0.157214,demo
D13,20,1.795371,synthetic,43,2151.811758,3.427367,3.005833,48.412049,1.797549,0.053218,0.157863,demo
D13,21,1.78675,synthetic,43,2141.208021,3.426424,2.989326,48.812608,1.77822,0.052643,0.155272,demo
D13,22,1.786453,synthetic,43,2151.809309,3.421719,3.010975,48.614138,1.785522,0.052457,0.155929,demo
D13,23,1.75775,synthetic,43,2100.624549,3.415063,2.996905,48.420172,1.76034,0.053369,0.16426,demo
D13,24,1.750297,synthetic,43,2113.313117,3.420931,2.97908,48.193777,1.750076,0.05219,0.162616,demo
D13,25,1.738741,synthetic,43,2082.654349,3.417597,3.010179,48.216497,1.743106,0.053025,0.156666,demo
D13,26,1.744785,synthetic,43,2099.185678,3.412032,2.990546,48.516082,1.749048,0.051931,0.158882,demo
D13,27,1.722095,synthetic,43,2065.839904,3.41628,3.017807,48.452639,1.718794,0.053889,0.162334,demo
D13,28,1.713198,synthetic,43,2057.51063,3.411602,3.011478,48.282947,1.716021,0.051258,0.159593,demo
D13,29,1.694815,synthetic,43,2032.174303,3.405789,2.997722,48.666043,1.69145,0.053869,0.159781,demo
D13,30,1.692243,synthetic,43,2035.909866,3.410122,3.004594,48.471328,1.692426,0.053095,0.161296,demo
D13,31,1.688301,synthetic,43,2023.850785,3.416169,3.024239,48.6773,1.690517,0.054082,0.16574,demo
D13,32,1.673876,synthetic,43,2005.198714,3.414067,3.01,48.245318,1.67108,0.052481,0.166589,demo
D13,33,1.660938,synthetic,43,2003.968795,3.411404,3.002382,48.75846,1.663553,0.053481,0.161356,demo
D13,34,1.641395,synthetic,43,1969.848189,3.406251,3.028892,48.663156,1.639736,0.053647,0.165726,demo
D13,35,1.637988,synthetic,43,1961.601782,3.407132,3.001176,48.84241,1.636086,0.054054,0.164461,demo
D13,36,1.629982,synthetic,43,1947.233264,3.404142,3.005818,48.799385,1.632285,0.052653,0.161776,demo
D13,37,1.612267,synthetic,43,1945.547981,3.397113,2.990638,48.560362,1.609571,0.054514,0.164618,demo
D13,38,1.611237,synthetic,43,1930.283571,3.397783,2.983253,48.5418,1.60838,0.052042,0.161758,demo
D13,39,1.601683,synthetic,43,1933.908278,3.397782,2.997122,49.043233,1.605018,0.053315,0.169422,demo
D13,40,1.582239,synthetic,43,1900.95903,3.403385,3.000384,48.553999,1.582583,0.052615,0.171368,demo
D13,41,1.578779,synthetic,43,1895.347143,3.401654,3.003293,48.81894,1.574188,0.05504,0.165617,demo
D13,42,1.562754,synthetic,43,1876.25981,3.391025,2.985802,48.560523,1.565428,0.054773,0.165543,demo
D13,43,1.559258,synthetic,43,1883.548082,3.395121,3.006607,48.195643,1.55799,0.054863,0.170793,demo
D13,44,1.553518,synthetic,43,1851.961186,3.392579,2.991696,48.362888,1.549159,0.055938,0.171508,demo
D13,45,1.523665,synthetic,43,1829.573482,3.389838,3.006087,48.815983,1.516024,0.054447,0.16571,demo
D13,46,1.523733,synthetic,43,1827.025236,3.388322,3.009349,48.889683,1.526486,0.055372,0.168607,demo
D13,47,1.515812,synthetic,43,1817.811458,3.395099,2.996045,48.828585,1.513205,0.054908,0.169191,demo
D13,48,1.491,synthetic,43,1790.001519,3.386299,2.990362,49.049987,1.487291,0.055004,0.168048,demo
D13,49,1.482192,synthetic,43,1777.209672,3.386139,3.015436,48.874527,1.484087,0.056485,0.17187,demo
D13,50,1.47092,synthetic,43,1766.099917,3.384762,3.008729,48.599812,1.47329,0.057373,0.169063,demo
D13,51,1.462414,synthetic,43,1754.772199,3.378691,3.00152,48.954955,1.460111,0.054944,0.169883,demo
D13,52,1.449822,synthetic,43,1732.929909,3.381662,3.014684,48.86767,1.452468,0.056336,0.171703,demo
D13,53,1.439497,synthetic,43,1729.372468,3.384186,3.000833,48.696865,1.445413,0.055924,0.167953,demo
D13,54,1.434419,synthetic,43,1725.000133,3.385193,2.993795,48.966502,1.438282,0.055987,0.166454,demo
D13,55,1.406698,synthetic,43,1685.292473,3.371246,2.989983,48.909796,1.410049,0.05618,0.176487,demo
D13,56,1.400889,synthetic,43,1690.487416,3.369037,2.998922,48.747416,1.401769,0.055658,0.171743,demo
D13,57,1.39939,synthetic,43,1685.996627,3.375172,3.007717,48.856448,1.398148,0.052421,0.180429,demo
D13,58,1.387303,synthetic,43,1668.97909,3.37785,3.013898,49.272437,1.387148,0.057662,0.180423,demo
D13,59,1.36623,synthetic,43,1643.567291,3.372217,3.000235,49.295877,1.367434,0.055643,0.173831,demo
D13,60,1.364512,synthetic,43,1637.562831,3.373285,3.012131,49.000267,1.361081,0.056113,0.182437,demo
D13,61,1.357667,synthetic,43,1634.77911,3.364267,2.997857,48.977816,1.355578,0.056203,0.178506,demo
D13,62,1.337942,synthetic,43,1613.096292,3.364955,2.992184,48.634825,1.334122,0.055837,0.174546,demo
D13,63,1.33727,synthetic,43,1608.613955,3.358374,2.986937,49.423936,1.337899,0.056868,0.168764,demo
D13,64,1.320484,synthetic,43,1581.869558,3.364491,2.994938,49.27836,1.320703,0.056751,0.179245,demo
D13,65,1.31404,synthetic,43,1576.660153,3.355598,2.987313,49.216928,1.312325,0.056143,0.177532,demo
D13,66,1.286832,synthetic,43,1546.855541,3.366185,3.020095,48.50107,1.288943,0.057281,0.179821,demo
D13,67,1.28081,synthetic,43,1540.835088,3.366321,3.004393,49.089015,1.278134,0.057159,0.178081,demo
D13,68,1.275521,synthetic,43,1530.270023,3.360003,2.999044,49.054936,1.273762,0.058173,0.175548,demo
D13,69,1.258058,synthetic,43,1507.10271,3.351207,3.01722,49.283617,1.260022,0.056079,0.178397,demo
D13,70,1.235247,synthetic,43,1489.341715,3.355909,2.986977,49.034371,1.237542,0.056842,0.18271,demo
D13,71,1.236737,synthetic,43,1479.309897,3.362029,2.998629,49.086967,1.234769,0.058358,0.179467,demo
D13,72,1.216528,synthetic,43,1455.711569,3.353969,3.019997,49.330061,1.217093,0.057195,0.180258,demo
D13,73,1.203082,synthetic,43,1437.950539,3.355125,2.99856,49.001982,1.201208,0.057066,0.177319,demo
D13,74,1.188625,synthetic,43,1422.312666,3.346637,3.024468,49.073552,1.188156,0.057523,0.182729,demo
D13,75,1.1944,synthetic,43,1438.642867,3.345815,3.007856,49.256732,1.194743,0.057955,0.178888,demo
D13,76,1.170495,synthetic,43,1409.990796,3.346028,3.013059,49.578879,1.171807,0.058198,0.185936,demo
D13,77,1.165729,synthetic,43,1398.564389,3.338009,3.013349,49.453524,1.16647,0.058133,0.181169,demo
D13,78,1.15541,synthetic,43,1388.55616,3.353483,3.000016,49.535736,1.156041,0.057417,0.182896,demo
D13,79,1.141094,synthetic,43,1369.270129,3.343195,2.995118,49.304188,1.138633,0.059362,0.190848,demo
D13,80,1.130071,synthetic,43,1351.235964,3.344726,2.998846,49.678663,1.130949,0.060026,0.183877,demo
D13,81,1.118727,synthetic,43,1351.405375,3.337995,2.990131,48.886614,1.11996,0.056902,0.183929,demo
D13,82,1.105399,synthetic,43,1331.949275,3.332003,2.99934,49.847462,1.106922,0.057392,0.187541,demo
D13,83,1.08812,synthetic,43,1307.13229,3.341718,2.999956,49.90576,1.086554,0.060122,0.181119,demo
D13,84,1.075677,synthetic,43,1287.497513,3.329963,3.016892,49.500639,1.077646,0.060813,0.190725,demo
D13,85,1.068215,synthetic,43,1280.993573,3.334922,3.005933,49.605742,1.065401,0.057189,0.190253,demo
D13,86,1.056142,synthetic,43,1264.73809,3.33379,3.023626,49.406287,1.055232,0.060254,0.189328,demo
D13,87,1.04751,synthetic,43,1257.380419,3.331235,2.978405,49.376342,1.046933,0.061163,0.177968,demo
D13,88,1.039561,synthetic,43,1248.632807,3.326807,2.98783,49.287941,1.036936,0.058742,0.187639,demo
D13,89,1.023012,synthetic,43,1226.35824,3.327278,2.996447,49.453229,1.022417,0.06135,0.185261,demo
D13,90,1.004063,synthetic,43,1199.617996,3.321708,3.014925,49.632889,1.004507,0.059781,0.19321,demo
D13,91,0.983802,synthetic,43,1188.113154,3.326212,2.998904,49.629268,0.980209,0.060477,0.193806,demo
D13,92,0.980217,synthetic,43,1177.098967,3.324813,2.985322,50.026325,0.979444,0.059479,0.191955,demo
D13,93,0.964688,synthetic,43,1159.211177,3.3205,2.997549,49.578037,0.961315,0.061354,0.187803,demo
D13,94,0.956278,synthetic,43,1146.079653,3.317261,2.988024,49.193376,0.960183,0.061272,0.196232,demo
D13,95,0.950001,synthetic,43,1134.659616,3.327179,2.986064,49.986076,0.950405,0.062225,0.191213,demo
D13,96,0.936923,synthetic,43,1124.026896,3.311907,3.019988,49.289377,0.937159,0.062071,0.197939,demo
D13,97,0.935417,synthetic,43,1121.411846,3.310749,2.996484,49.457027,0.935851,0.060637,0.193379,demo
D13,98,0.92959,synthetic,43,1117.882441,3.315871,3.001732,49.673551,0.930714,0.063812,0.194337,demo
D13,99,0.911371,synthetic,43,1096.617478,3.312889,2.99907,49.737238,0.913154,0.062237,0.192164,demo
D13,100,0.892003,synthetic,43,1072.860607,3.315891,2.997485,49.300636,0.889214,0.06162,0.198541,demo
D13,101,0.882006,synthetic,43,1061.544725,3.312835,2.991593,49.490374,0.884317,0.060183,0.196545,demo
D13,102,0.881982,synthetic,43,1064.105407,3.310366,2.996894,49.306831,0.88418,0.05965,0.199049,demo
D13,103,0.844549,synthetic,43,1014.643629,3.30757,3.003372,49.888605,0.844437,0.060109,0.196751,demo
D13,104,0.836027,synthetic,43,1006.541141,3.306432,3.014186,50.041804,0.835829,0.060706,0.196418,demo
D13,105,0.826358,synthetic,43,993.098332,3.311709,3.009474,49.455004,0.82123,0.063114,0.198731,demo
D13,106,0.81035,synthetic,43,966.877025,3.302307,2.987809,50.03339,0.808334,0.062384,0.201914,demo
D13,107,0.795784,synthetic,43,954.498658,3.296749,3.009885,50.039018,0.79661,0.061429,0.201219,demo
D13,108,0.791947,synthetic,43,947.86272,3.299787,3.004754,49.647312,0.793849,0.061945,0.198737,demo
D13,109,0.771051,synthetic,43,925.903626,3.285907,2.993753,49.347779,0.772175,0.062032,0.193586,demo
D13,110,0.755502,synthetic,43,904.451276,3.294307,3.001821,49.598933,0.755388,0.063245,0.202211,demo
D13,111,0.745573,synthetic,43,896.31327,3.297569,3.005723,49.732826,0.748445,0.061665,0.195861,demo
D13,112,0.738484,synthetic,43,888.789248,3.294719,3.000471,50.277691,0.739969,0.062965,0.200566,demo
D13,113,0.721512,synthetic,43,868.941144,3.291383,3.004802,49.888156,0.720944,0.063085,0.200792,demo
D13,114,0.71364,synthetic,43,860.527617,3.291802,2.99137,49.677834,0.716754,0.062015,0.197201,demo
D13,115,0.706144,synthetic,43,843.111878,3.292681,3.019928,49.977746,0.704596,0.064527,0.202872,demo
D13,116,0.693503,synthetic,43,829.210699,3.292389,2.980707,49.635908,0.691462,0.062769,0.208723,demo
D13,117,0.67359,synthetic,43,815.408101,3.285989,3.005779,50.1182,0.673023,0.062271,0.202119,demo
D13,118,0.657213,synthetic,43,791.043999,3.280887,3.003668,49.769765,0.656216,0.064281,0.206009,demo
D13,119,0.649047,synthetic,43,779.380836,3.271877,3.006429,49.818299,0.648573,0.063564,0.211105,demo
D13,120,0.643882,synthetic,43,772.732285,3.284398,2.992916,50.12805,0.644909,0.06397,0.206833,demo
D13,121,0.632713,synthetic,43,759.126104,3.28115,3.011692,50.488489,0.63267,0.062488,0.202757,demo
D13,122,0.616908,synthetic,43,735.995214,3.277724,2.99892,50.624085,0.616898,0.064643,0.206035,demo
D13,123,0.609395,synthetic,43,729.580209,3.273422,2.988138,49.82594,0.609467,0.066078,0.207067,demo
D13,124,0.599941,synthetic,43,719.687789,3.278853,2.989052,49.950937,0.597167,0.062738,0.210304,demo
D13,125,0.574029,synthetic,43,687.355111,3.270725,3.001247,50.26784,0.572289,0.064614,0.210681,demo
D13,126,0.573193,synthetic,43,686.62383,3.271511,2.984035,50.432408,0.572751,0.063483,0.198763,demo
D13,127,0.57278,synthetic,43,692.611879,3.271374,3.018005,49.599809,0.571814,0.066962,0.20452,demo
D13,128,0.564752,synthetic,43,677.190513,3.272393,3.010489,50.174707,0.56449,0.065592,0.2072,demo
D13,129,0.53046,synthetic,43,637.082645,3.261713,3.018268,50.082525,0.531949,0.064978,0.205736,demo
D13,130,0.501624,synthetic,43,602.386656,3.264953,3.017214,49.766559,0.501549,0.063756,0.198835,demo
D14,1,1.870987,synthetic,15,6725.440472,3.431657,0.996847,17.198431,1.872082,0.052059,0.152278,demo
D14,2,1.885365,synthetic,15,6780.091753,3.435663,1.006128,17.720763,1.887584,0.049991,0.155163,demo
D14,3,1.883635,synthetic,15,6754.363699,3.42838,0.9983,17.430064,1.878283,0.051083,0.151306,demo
D14,4,1.877341,synthetic,15,6744.192866,3.437002,0.98781,17.626308,1.876061,0.052521,0.153671,demo
D14,5,1.863707,synthetic,15,6729.874028,3.437856,1.008857,16.909451,1.861773,0.050686,0.150241,demo
D14,6,1.874231,synthetic,15,6746.552686,3.43325,1.005149,16.884305,1.872469,0.050259,0.153817,demo
D14,7,1.873994,synthetic,15,6748.915791,3.434783,0.99751,17.343277,1.875519,0.051339,0.153322,demo
D14,8,1.871141,synthetic,15,6690.998931,3.433012,1.007113,17.296913,1.869252,0.051391,0.157985,demo
D14,9,1.866859,synthetic,15,6739.800862,3.431822,1.00095,17.512127,1.859372,0.051979,0.155148,demo
D14,10,1.867389,synthetic,15,6708.774767,3.434352,1.013314,16.791219,1.866506,0.049948,0.155672,demo
D14,11,1.865008,synthetic,15,6736.667471,3.429989,1.001512,17.378388,1.861038,0.048801,0.155332,demo
D14,12,1.861253,synthetic,15,6703.612133,3.431716,1.013239,17.455438,1.863101,0.052309,0.149163,demo
D14,13,1.875593,synthetic,15,6740.749093,3.430831,0.981263,17.420654,1.878615,0.050161,0.148985,demo
D14,14,1.871961,synthetic,15,6705.137941,3.436351,1.004592,17.090386,1.863818,0.05067,0.154166,demo
D14,15,1.864223,synthetic,15,6754.991851,3.433985,0.996021,17.333319,1.861337,0.049175,0.156267,demo
D14,16,1.867309,synthetic,15,6738.511691,3.431689,0.991409,17.005122,1.868629,0.05235,0.154603,demo
D14,17,1.88088,synthetic,15,6788.701061,3.435258,1.011585,17.105443,1.87558,0.051542,0.152173,demo
D14,18,1.87777,synthetic,15,6796.857395,3.433838,1.008891,16.922611,1.880709,0.051532,0.154168,demo
D14,19,1.868202,synthetic,15,6730.048151,3.438101,0.979935,17.008031,1.872123,0.051621,0.154291,demo
D14,20,1.867226,synthetic,15,6749.286691,3.431639,1.007155,17.13892,1.866621,0.049268,0.157648,demo
D14,21,1.861694,synthetic,15,6692.475045,3.435252,1.005941,17.084725,1.858812,0.050398,0.157701,demo
D14,22,1.858105,synthetic,15,6703.979234,3.429442,0.992769,17.023145,1.849518,0.050967,0.154016,demo
D14,23,1.868251,synthetic,15,6712.989537,3.436788,0.991647,16.872724,1.871292,0.050569,0.15512,demo
D14,24,1.863109,synthetic,15,6697.053271,3.437038,0.984094,17.695611,1.870571,0.051097,0.156304,demo
D14,25,1.853456,synthetic,15,6674.383526,3.43602,0.996625,17.094675,1.860112,0.051712,0.157136,demo
D14,26,1.860392,synthetic,15,6671.947318,3.438433,0.998225,17.291903,1.859667,0.052403,0.160542,demo
D14,27,1.861927,synthetic,15,6709.560906,3.433911,1.00797,16.767367,1.857858,0.049901,0.155438,demo
D14,28,1.843559,synthetic,15,6630.600024,3.435397,1.002694,17.574074,1.846647,0.051556,0.159764,demo
D14,29,1.849828,synthetic,15,6619.673994,3.437725,0.989401,17.267048,1.849359,0.052213,0.152527,demo
D14,30,1.856766,synthetic,15,6675.179772,3.427608,1.002389,17.103882,1.858541,0.050508,0.153816,demo
D14,31,1.842267,synthetic,15,6625.296365,3.42787,0.99746,17.127814,1.843383,0.051384,0.149902,demo
D14,32,1.84244,synthetic,15,6649.752646,3.424322,0.990652,17.453693,1.842782,0.052042,0.156756,demo
D14,33,1.850634,synthetic,15,6667.982755,3.435574,0.984105,16.485775,1.854441,0.051505,0.157917,demo
D14,34,1.854424,synthetic,15,6704.917679,3.425769,1.006248,17.012315,1.858377,0.05213,0.148157,demo
D14,35,1.878204,synthetic,15,6772.08381,3.427656,1.004464,17.152923,1.87624,0.051313,0.155437,demo
D14,36,1.8594,synthetic,15,6682.71682,3.428035,1.005568,17.178247,1.855967,0.051094,0.157437,demo
D14,37,1.849612,synthetic,15,6657.437282,3.424248,0.992718,17.85191,1.840367,0.050331,0.157657,demo
D14,38,1.846093,synthetic,15,6638.99541,3.43185,1.001711,17.146462,1.844815,0.051786,0.152569,demo
D14,39,1.839693,synthetic,15,6632.591483,3.425623,0.986246,17.488017,1.835671,0.051703,0.158732,demo
D14,40,1.844437,synthetic,15,6641.163071,3.423793,0.990134,17.68626,1.845983,0.050563,0.15625,demo
D14,41,1.850194,synthetic,15,6648.139719,3.431107,1.000337,17.392362,1.848952,0.05208,0.157765,demo
D14,42,1.849669,synthetic,15,6658.97871,3.431277,1.002624,17.057043,1.848827,0.052771,0.155636,demo
D14,43,1.845941,synthetic,15,6654.582625,3.423264,0.983712,16.909966,1.848939,0.05088,0.157305,demo
D14,44,1.846836,synthetic,15,6628.534604,3.428,0.989425,17.416102,1.848303,0.050804,0.159454,demo
D14,45,1.850409,synthetic,15,6667.80774,3.431003,0.996346,17.635643,1.849977,0.050732,0.155372,demo
D14,46,1.842398,synthetic,15,6601.221507,3.428872,1.009585,17.372893,1.848612,0.049897,0.157156,demo
D14,47,1.849345,synthetic,15,6679.722964,3.42985,0.991869,17.534345,1.852075,0.053511,0.159776,demo
D14,48,1.835974,synthetic,15,6619.958122,3.434214,1.001406,17.894026,1.834447,0.051191,0.156161,demo
D14,49,1.839085,synthetic,15,6653.065385,3.438472,1.002454,17.450717,1.837719,0.050751,0.15306,demo
D14,50,1.835828,synthetic,15,6586.843701,3.428225,0.997503,16.971099,1.838723,0.050515,0.158595,demo
D14,51,1.842657,synthetic,15,6656.122235,3.425045,1.00268,17.248779,1.843405,0.051185,0.160598,demo
D14,52,1.831,synthetic,15,6610.104299,3.427937,0.986551,17.596054,1.826894,0.050995,0.160626,demo
D14,53,1.83434,synthetic,15,6600.015066,3.43007,0.993442,17.186295,1.837623,0.053095,0.158771,demo
D14,54,1.824295,synthetic,15,6560.042811,3.427824,1.014344,17.639983,1.828883,0.050508,0.149996,demo
D14,55,1.838201,synthetic,15,6595.979599,3.432218,1.015048,17.225965,1.842544,0.050079,0.154564,demo
D14,56,1.841295,synthetic,15,6601.897584,3.439009,1.008429,17.321645,1.846976,0.052139,0.154594,demo
D14,57,1.838456,synthetic,15,6603.524882,3.422954,1.011004,17.154631,1.846064,0.051508,0.156596,demo
D14,58,1.837043,synthetic,15,6588.441919,3.427602,0.981741,17.284319,1.8434,0.051407,0.161583,demo
D14,59,1.836379,synthetic,15,6642.611287,3.435712,0.990513,17.298544,1.83763,0.052196,0.153303,demo
D14,60,1.834714,synthetic,15,6575.205827,3.427251,0.996889,16.845794,1.833949,0.05179,0.163338,demo
D14,61,1.833373,synthetic,15,6603.092045,3.43233,1.024156,17.139542,1.826665,0.051619,0.155518,demo
D14,62,1.83293,synthetic,15,6607.17442,3.43164,0.996869,16.942302,1.83297,0.050265,0.154382,demo
D14,63,1.824091,synthetic,15,6573.771318,3.432959,1.007449,17.162086,1.825985,0.050091,0.159572,demo
D14,64,1.825991,synthetic,15,6582.349445,3.435902,1.003784,17.062222,1.82615,0.05104,0.159733,demo
D14,65,1.826779,synthetic,15,6595.076751,3.42968,1.003561,17.512787,1.81988,0.050648,0.158879,demo
D14,66,1.823507,synthetic,15,6555.844742,3.420955,0.999765,17.520589,1.822462,0.052034,0.154751,demo
D14,67,1.815286,synthetic,15,6536.746847,3.424109,0.988,17.417144,1.817629,0.050048,0.158895,demo
D14,68,1.816435,synthetic,15,6533.407015,3.435799,0.972988,16.958435,1.812708,0.051388,0.154242,demo
D14,69,1.824384,synthetic,15,6593.447906,3.422391,1.012818,17.23889,1.824989,0.051583,0.154633,demo
D14,70,1.827597,synthetic,15,6620.797197,3.430437,0.993835,16.921806,1.829175,0.051684,0.156612,demo
D14,71,1.821375,synthetic,15,6533.464899,3.417614,0.981329,17.231114,1.825448,0.052185,0.154685,demo
D14,72,1.837063,synthetic,15,6573.129755,3.424228,1.00438,17.406261,1.843355,0.051303,0.159676,demo
D14,73,1.843532,synthetic,15,6648.045539,3.433989,1.004188,17.482729,1.842139,0.050897,0.154524,demo
D14,74,1.82145,synthetic,15,6578.275235,3.427825,1.007679,17.386037,1.822119,0.05303,0.156481,demo
D14,75,1.825678,synthetic,15,6611.02771,3.426704,1.011157,17.576101,1.826463,0.051423,0.154332,demo
D14,76,1.823474,synthetic,15,6579.039445,3.424677,0.99081,17.329728,1.825843,0.053184,0.160174,demo
D14,77,1.820159,synthetic,15,6580.00915,3.419534,0.99125,17.211372,1.822115,0.051473,0.155195,demo
D14,78,1.821796,synthetic,15,6591.1293,3.430498,0.996813,17.485721,1.826989,0.051766,0.160554,demo
D14,79,1.814852,synthetic,15,6562.17877,3.425724,1.008216,17.50434,1.80639,0.051713,0.160612,demo
D14,80,1.823641,synthetic,15,6582.462531,3.421868,0.978974,17.133495,1.825166,0.051995,0.155717,demo
D14,81,1.820505,synthetic,15,6528.608197,3.427684,1.001282,17.363988,1.82228,0.051375,0.157269,demo
D14,82,1.806834,synthetic,15,6504.438312,3.428179,1.009321,17.216171,1.805984,0.052028,0.156306,demo
D14,83,1.813016,synthetic,15,6532.732962,3.425824,1.008909,16.778327,1.804807,0.053401,0.159117,demo
D14,84,1.800941,synthetic,15,6481.446864,3.425582,1.007086,17.408615,1.800721,0.053039,0.157379,demo
D14,85,1.818493,synthetic,15,6545.824727,3.427464,1.01063,16.948631,1.815908,0.052871,0.156008,demo
D14,86,1.809843,synthetic,15,6546.067168,3.423403,0.972528,17.367292,1.815916,0.05056,0.157745,demo
D14,87,1.815724,synthetic,15,6521.765307,3.427183,1.016135,16.892587,1.817087,0.050663,0.152624,demo
D14,88,1.806108,synthetic,15,6517.575331,3.428704,1.003304,17.110921,1.803235,0.052157,0.157528,demo
D14,89,1.794758,synthetic,15,6467.262658,3.428483,1.013347,17.199463,1.78739,0.052823,0.160159,demo
D14,90,1.82085,synthetic,15,6538.196259,3.430769,0.988254,17.569156,1.823001,0.051272,0.15758,demo
D14,91,1.804941,synthetic,15,6476.801079,3.422917,0.982462,17.15921,1.807454,0.051253,0.160657,demo
D14,92,1.797281,synthetic,15,6437.186742,3.427205,1.017864,17.035336,1.796505,0.053421,0.156977,demo
D14,93,1.809283,synthetic,15,6522.905518,3.428022,0.990735,17.377162,1.811467,0.052593,0.156251,demo
D14,94,1.813748,synthetic,15,6528.253538,3.42388,0.996892,17.225135,1.812485,0.052921,0.154098,demo
D14,95,1.799442,synthetic,15,6461.94147,3.423073,1.005275,17.498478,1.803282,0.051564,0.156805,demo
D14,96,1.799183,synthetic,15,6440.60334,3.427617,1.007729,17.048256,1.802755,0.051488,0.16393,demo
D14,97,1.800327,synthetic,15,6489.59204,3.430549,1.010784,17.352222,1.794426,0.052946,0.158814,demo
D14,98,1.791353,synthetic,15,6445.509006,3.416672,1.002234,17.930363,1.786354,0.051824,0.156589,demo
D14,99,1.792993,synthetic,15,6440.953895,3.430684,0.989457,17.250691,1.800277,0.051459,0.155262,demo
D14,100,1.806945,synthetic,15,6486.189664,3.430525,1.007066,17.336265,1.810314,0.051017,0.152927,demo
D14,101,1.794576,synthetic,15,6455.849869,3.425118,1.007226,16.892876,1.790045,0.051543,0.155726,demo
D14,102,1.789458,synthetic,15,6451.132928,3.422719,0.98185,17.102568,1.783838,0.052981,0.160699,demo
D14,103,1.790884,synthetic,15,6440.801288,3.425422,1.014187,17.428604,1.791629,0.050581,0.157084,demo
D14,104,1.799145,synthetic,15,6453.828994,3.422331,0.975129,17.218808,1.795035,0.052638,0.15516,demo
D14,105,1.779963,synthetic,15,6406.750827,3.421785,1.010344,17.483663,1.778836,0.051492,0.156257,demo
D14,106,1.792456,synthetic,15,6473.081245,3.418157,0.993659,17.417551,1.792286,0.051865,0.16025,demo
D14,107,1.804809,synthetic,15,6498.097759,3.418635,1.007055,16.963279,1.804483,0.051806,0.157564,demo
D14,108,1.801329,synthetic,15,6486.114835,3.434495,1.005102,17.551833,1.805387,0.051766,0.156065,demo
D14,109,1.791687,synthetic,15,6443.771397,3.424213,0.999629,17.001798,1.798262,0.051796,0.157407,demo
D14,110,1.795251,synthetic,15,6445.65239,3.425221,1.004511,17.115894,1.793531,0.051603,0.164808,demo
D14,111,1.794296,synthetic,15,6441.579968,3.424164,0.999136,17.365928,1.790238,0.051486,0.161887,demo
D14,112,1.784801,synthetic,15,6393.250326,3.419789,1.00714,17.714554,1.786189,0.053472,0.163014,demo
D14,113,1.790205,synthetic,15,6467.577074,3.422547,1.021853,17.063723,1.796047,0.052123,0.153135,demo
D14,114,1.794487,synthetic,15,6469.115973,3.424676,0.986588,17.345191,1.79304,0.051929,0.157767,demo
D14,115,1.775271,synthetic,15,6392.556305,3.421122,0.968119,17.376099,1.77829,0.051603,0.157055,demo
D14,116,1.78541,synthetic,15,6433.174824,3.420167,0.995843,17.486225,1.782421,0.051738,0.160215,demo
D14,117,1.783214,synthetic,15,6426.109454,3.42482,0.99516,17.621187,1.78329,0.051527,0.161851,demo
D14,118,1.780758,synthetic,15,6396.602706,3.423348,0.996224,17.227844,1.77662,0.052958,0.159749,demo
D14,119,1.77932,synthetic,15,6399.30105,3.423987,0.990736,17.583983,1.779358,0.051453,0.15621,demo
D14,120,1.779714,synthetic,15,6397.854459,3.425284,1.008724,17.66301,1.779299,0.049957,0.156828,demo
D14,121,1.779307,synthetic,15,6453.767539,3.421731,0.986187,17.777029,1.781471,0.052265,0.160689,demo
D14,122,1.783215,synthetic,15,6439.22103,3.422226,1.004508,17.450659,1.789556,0.051888,0.160832,demo
D14,123,1.79038,synthetic,15,6448.612579,3.429727,1.006385,17.35379,1.788987,0.05151,0.158808,demo
D14,124,1.77361,synthetic,15,6411.162785,3.417925,1.003165,17.220938,1.766517,0.053175,0.159445,demo
D14,125,1.768724,synthetic,15,6391.085546,3.413596,1.004871,16.982168,1.768009,0.049579,0.159401,demo
D14,126,1.770013,synthetic,15,6345.65517,3.423474,1.009493,17.275493,1.771072,0.053876,0.160007,demo
D14,127,1.773497,synthetic,15,6380.321697,3.41917,1.000536,17.367839,1.774213,0.05332,0.161208,demo
D14,128,1.766776,synthetic,15,6360.080763,3.416538,0.996535,17.322463,1.766219,0.051704,0.161219,demo
D14,129,1.775768,synthetic,15,6404.492405,3.425512,1.004864,17.485778,1.781052,0.051792,0.15904,demo
D14,130,1.771752,synthetic,15,6374.022158,3.42089,1.006004,16.978828,1.772235,0.052787,0.158983,demo
D14,131,1.775111,synthetic,15,6388.511582,3.416835,1.008897,17.29184,1.774739,0.05278,0.158734,demo
D14,132,1.763494,synthetic,15,6339.792076,3.428177,0.982876,17.853451,1.760751,0.051731,0.157119,demo
D14,133,1.761416,synthetic,15,6361.053053,3.413734,0.998165,17.606775,1.755263,0.050769,0.157164,demo
D14,134,1.772294,synthetic,15,6352.630375,3.42119,0.989346,17.495607,1.773461,0.054391,0.16074,demo
D14,135,1.76533,synthetic,15,6347.041386,3.413109,1.00561,17.449675,1.766197,0.053303,0.157248,demo
D14,136,1.762408,synthetic,15,6309.574877,3.421384,1.007267,17.265031,1.758674,0.052533,0.161945,demo
D14,137,1.766886,synthetic,15,6341.14022,3.418296,0.997256,16.911154,1.766729,0.052507,0.159171,demo
D14,138,1.765732,synthetic,15,6362.683983,3.423994,0.992707,17.465684,1.765224,0.052964,0.16183,demo
D14,139,1.753297,synthetic,15,6318.235658,3.419093,1.00597,16.757947,1.751107,0.053208,0.161779,demo
D14,140,1.768207,synthetic,15,6359.564739,3.426428,0.998668,17.2663,1.765402,0.050232,0.161801,demo
D14,141,1.756503,synthetic,15,6344.732947,3.417844,1.014265,17.364331,1.757926,0.052084,0.158311,demo
D14,142,1.76823,synthetic,15,6391.487767,3.414611,1.01773,17.235857,1.767432,0.051863,0.160497,demo
D14,143,1.749093,synthetic,15,6295.426627,3.419587,1.010007,17.919206,1.747025,0.052348,0.16225,demo
D14,144,1.758061,synthetic,15,6333.775161,3.418747,1.002327,17.818994,1.755031,0.05319,0.155024,demo
D14,145,1.754104,synthetic,15,6306.202907,3.411986,1.018256,17.627046,1.753648,0.050669,0.164941,demo
D14,146,1.742427,synthetic,15,6284.53418,3.413582,1.002407,17.155028,1.745649,0.051227,0.167101,demo
D14,147,1.757287,synthetic,15,6303.570551,3.416712,0.995208,17.844424,1.758013,0.051745,0.16255,demo
D14,148,1.740852,synthetic,15,6300.830174,3.423828,0.993247,17.543465,1.740026,0.052746,0.162784,demo
D14,149,1.749702,synthetic,15,6320.469583,3.421543,0.992965,17.139952,1.750782,0.053335,0.161778,demo
D14,150,1.780776,synthetic,15,6387.736416,3.421206,0.999936,17.337015,1.785636,0.053824,0.157799,demo
D14,151,1.746382,synthetic,15,6272.092821,3.420181,1.004631,17.620071,1.748095,0.05225,0.159814,demo
D14,152,1.743193,synthetic,15,6283.424715,3.409741,0.985848,17.235491,1.7441,0.053399,0.163166,demo
D14,153,1.752469,synthetic,15,6302.487797,3.416799,0.995511,17.406429,1.754707,0.053185,0.156982,demo
D14,154,1.745221,synthetic,15,6293.060424,3.419757,1.002129,17.461288,1.744669,0.053089,0.157009,demo
D14,155,1.743337,synthetic,15,6269.248107,3.418579,1.006436,17.10978,1.743979,0.052542,0.159075,demo
D14,156,1.752466,synthetic,15,6337.738274,3.416901,0.999741,17.303777,1.750753,0.052076,0.16187,demo
D14,157,1.73686,synthetic,15,6252.852056,3.416954,1.002445,17.138344,1.731474,0.051566,0.157928,demo
D14,158,1.740152,synthetic,15,6310.039391,3.418871,0.987615,17.606939,1.741345,0.051467,0.159718,demo
D14,159,1.76025,synthetic,15,6348.355916,3.419994,0.990882,17.132612,1.76147,0.052745,0.15927,demo
D14,160,1.733607,synthetic,15,6215.721254,3.420145,0.999391,17.47254,1.73261,0.05261,0.15762,demo
D14,161,1.750694,synthetic,15,6341.94799,3.420112,1.005106,17.02642,1.754321,0.052078,0.152653,demo
D14,162,1.737782,synthetic,15,6276.635989,3.419268,1.002313,17.109967,1.735274,0.053287,0.157409,demo
D14,163,1.743371,synthetic,15,6283.292819,3.424776,0.991512,17.089473,1.737195,0.052366,0.161048,demo
D14,164,1.742398,synthetic,15,6284.799811,3.42111,0.997634,17.31401,1.739968,0.051663,0.161763,demo
D14,165,1.75618,synthetic,15,6299.695107,3.426486,1.015118,17.410826,1.750768,0.052172,0.161236,demo
D14,166,1.732364,synthetic,15,6202.75179,3.413858,1.005443,17.492643,1.733535,0.053497,0.162534,demo
D14,167,1.734016,synthetic,15,6241.676675,3.410382,0.998375,16.955917,1.731408,0.051636,0.15876,demo
D14,168,1.737585,synthetic,15,6281.179407,3.416637,0.989742,17.351463,1.741007,0.052833,0.157975,demo
D14,169,1.726424,synthetic,15,6222.503754,3.414901,0.992866,17.222721,1.729752,0.05268,0.162068,demo
D14,170,1.724155,synthetic,15,6238.785017,3.421357,1.000066,17.547312,1.720966,0.051998,0.160399,demo
D14,171,1.739311,synthetic,15,6286.3391,3.412894,1.002759,17.324124,1.7365,0.052314,0.163149,demo
D14,172,1.725027,synthetic,15,6210.481381,3.415313,1.005656,17.392252,1.726871,0.051178,0.162143,demo
D14,173,1.753334,synthetic,15,6334.417506,3.420787,1.00388,17.183762,1.75677,0.052576,0.163718,demo
D14,174,1.72628,synthetic,15,6242.99448,3.416185,0.996298,17.841742,1.719331,0.051372,0.159552,demo
D14,175,1.725573,synthetic,15,6210.567172,3.41501,0.994889,17.090746,1.726545,0.053817,0.16418,demo
D14,176,1.734128,synthetic,15,6238.856241,3.4182,1.02047,17.298875,1.726506,0.052567,0.166739,demo
D14,177,1.724059,synthetic,15,6209.22715,3.419824,0.994435,17.440811,1.722168,0.052188,0.161199,demo
D14,178,1.721452,synthetic,15,6152.386796,3.421325,0.987083,17.354981,1.725218,0.053946,0.16264,demo
D14,179,1.720997,synthetic,15,6200.802097,3.415256,0.983613,17.22752,1.731357,0.051758,0.158369,demo
D14,180,1.718616,synthetic,15,6200.388914,3.411564,0.996468,16.969155,1.717795,0.052066,0.163938,demo
D14,181,1.716636,synthetic,15,6182.568597,3.420718,1.0094,17.252169,1.712354,0.051004,0.164722,demo
D14,182,1.716679,synthetic,15,6186.433407,3.410274,0.994241,17.185136,1.714916,0.054143,0.159849,demo
D14,183,1.728672,synthetic,15,6222.408532,3.423246,1.014775,17.826798,1.728901,0.054586,0.162612,demo
D14,184,1.721979,synthetic,15,6161.983375,3.420624,0.999927,17.983206,1.71967,0.051107,0.161962,demo
D14,185,1.714654,synthetic,15,6203.542329,3.420289,1.011096,17.415321,1.711482,0.052038,0.162586,demo
D14,186,1.721629,synthetic,15,6191.026313,3.417945,0.992423,17.066367,1.72016,0.052854,0.163571,demo
D14,187,1.705229,synthetic,15,6127.448845,3.404704,0.992578,17.626667,1.706579,0.052432,0.163348,demo
D14,188,1.722019,synthetic,15,6224.523068,3.411096,1.00091,17.171703,1.721435,0.052748,0.160702,demo
D14,189,1.720547,synthetic,15,6212.153913,3.416296,1.004826,17.281887,1.717513,0.052677,0.163678,demo
D14,190,1.725204,synthetic,15,6215.820552,3.412948,0.99821,17.254982,1.722892,0.053156,0.164327,demo
D15,1,1.981074,synthetic,24,3564.756575,3.451355,1.997183,27.68752,1.978902,0.048357,0.152393,demo
D15,2,1.979069,synthetic,24,3566.280306,3.446515,2.007667,27.50596,1.976114,0.049854,0.151978,demo
D15,3,1.983311,synthetic,24,3561.162727,3.45231,2.002594,27.420071,1.984068,0.048984,0.149325,demo
D15,4,1.974133,synthetic,24,3547.999257,3.443183,1.9983,26.914912,1.974968,0.050371,0.154252,demo
D15,5,1.961005,synthetic,24,3534.84745,3.448999,1.98586,27.555211,1.954439,0.049473,0.149777,demo
D15,6,1.973641,synthetic,24,3546.706167,3.445575,2.009539,27.269094,1.976817,0.050742,0.154626,demo
D15,7,1.965918,synthetic,24,3548.985759,3.439948,2.0044,27.370027,1.965981,0.050386,0.155327,demo
D15,8,1.951011,synthetic,24,3501.43033,3.446249,1.993937,27.786009,1.952407,0.049242,0.15511,demo
D15,9,1.952979,synthetic,24,3504.92662,3.449713,2.011793,27.313246,1.955888,0.049978,0.151339,demo
D15,10,1.946252,synthetic,24,3523.285784,3.441655,2.002438,27.3472,1.943267,0.051158,0.159791,demo
D15,11,1.950873,synthetic,24,3495.451613,3.45011,2.002634,27.620085,1.955785,0.051639,0.152421,demo
D15,12,1.940365,synthetic,24,3492.377593,3.435922,2.008839,27.807543,1.939815,0.049694,0.153109,demo
D15,13,1.937919,synthetic,24,3507.629869,3.437453,2.006687,27.492445,1.943782,0.049523,0.152417,demo
D15,14,1.93296,synthetic,24,3479.029413,3.441033,2.002937,27.967364,1.929504,0.052621,0.149292,demo
D15,15,1.920933,synthetic,24,3471.650008,3.438634,1.998114,27.298933,1.926459,0.050781,0.157048,demo
D15,16,1.933946,synthetic,24,3487.917087,3.439075,2.019837,27.235567,1.93045,0.050752,0.150925,demo
D15,17,1.925169,synthetic,24,3465.229321,3.441181,1.992662,27.227425,1.934983,0.050009,0.155752,demo
D15,18,1.912374,synthetic,24,3440.924438,3.436932,2.00746,27.218393,1.908734,0.051091,0.156984,demo
D15,19,1.913656,synthetic,24,3422.680541,3.437771,1.999161,27.713653,1.9177,0.052579,0.155264,demo
D15,20,1.91398,synthetic,24,3441.865138,3.440361,2.004547,27.384583,1.912592,0.051115,0.151365,demo
D15,21,1.904083,synthetic,24,3429.737756,3.43534,2.012334,27.291327,1.906806,0.052024,0.152813,demo
D15,22,1.908688,synthetic,24,3438.026154,3.438162,1.996884,27.731917,1.908533,0.050942,0.145621,demo
D15,23,1.912438,synthetic,24,3467.853979,3.436473,2.006018,27.83733,1.908264,0.04985,0.153153,demo
D15,24,1.889743,synthetic,24,3404.404889,3.431395,2.002656,27.9281,1.879173,0.050419,0.156818,demo
D15,25,1.882559,synthetic,24,3395.013002,3.438375,1.993587,27.894982,1.892001,0.050057,0.153985,demo
D15,26,1.875659,synthetic,24,3387.985581,3.441289,2.012581,27.456986,1.875933,0.051461,0.153203,demo
D15,27,1.863841,synthetic,24,3360.354179,3.437238,2.007112,27.773261,1.852869,0.052585,0.154553,demo
D15,28,1.880125,synthetic,24,3383.352171,3.436343,1.995655,27.80403,1.881263,0.05136,0.158441,demo
D15,29,1.866017,synthetic,24,3358.011642,3.430686,2.011036,27.582254,1.86859,0.051032,0.155196,demo
D15,30,1.868878,synthetic,24,3360.44117,3.432462,1.991686,27.737871,1.866205,0.050522,0.160819,demo
D15,31,1.86556,synthetic,24,3362.482899,3.437423,1.999711,27.388756,1.862917,0.0517,0.153665,demo
D15,32,1.848079,synthetic,24,3324.841977,3.421884,1.995708,27.570982,1.848005,0.050281,0.156729,demo
D15,33,1.844431,synthetic,24,3326.199924,3.429101,2.007513,27.8263,1.848867,0.050422,0.154923,demo
D15,34,1.855923,synthetic,24,3330.548751,3.434927,1.995203,28.093001,1.856294,0.052341,0.161987,demo
D15,35,1.840462,synthetic,24,3314.291659,3.425505,2.007585,28.027166,1.845848,0.051318,0.156921,demo
D15,36,1.832337,synthetic,24,3313.56388,3.430736,2.005945,27.916709,1.836483,0.051379,0.163091,demo
D15,37,1.825432,synthetic,24,3283.564305,3.429687,1.996248,27.781776,1.824597,0.051577,0.155722,demo
D15,38,1.826248,synthetic,24,3305.422166,3.422464,2.018297,27.74182,1.820512,0.052463,0.161533,demo
D15,39,1.831527,synthetic,24,3298.367102,3.429289,1.992548,27.39081,1.830697,0.05185,0.157093,demo
D15,40,1.821964,synthetic,24,3278.978612,3.425276,1.98591,27.558178,1.823882,0.051037,0.159631,demo
D15,41,1.814302,synthetic,24,3266.886753,3.428452,2.008561,27.577833,1.81452,0.05115,0.153769,demo
D15,42,1.818093,synthetic,24,3269.509903,3.429941,1.978506,27.91655,1.8204,0.051624,0.158322,demo
D15,43,1.812276,synthetic,24,3242.714604,3.42813,2.014918,28.017823,1.815406,0.052179,0.154302,demo
D15,44,1.801235,synthetic,24,3250.784661,3.425445,2.001018,27.98229,1.803148,0.051952,0.158722,demo
D15,45,1.811206,synthetic,24,3281.616811,3.427556,1.98573,28.078857,1.810209,0.051763,0.152997,demo
D15,46,1.788373,synthetic,24,3223.711829,3.418842,1.990515,27.835504,1.790233,0.052163,0.158183,demo
D15,47,1.791745,synthetic,24,3230.37796,3.423845,1.983659,27.56665,1.799756,0.052046,0.161617,demo
D15,48,1.778087,synthetic,24,3198.80354,3.419075,2.003829,27.820386,1.772789,0.051439,0.160519,demo
D15,49,1.781141,synthetic,24,3217.189187,3.426769,1.986731,27.64708,1.782877,0.053296,0.155053,demo
D15,50,1.769502,synthetic,24,3184.728645,3.423921,2.005021,28.010212,1.775986,0.051823,0.153525,demo
D15,51,1.76902,synthetic,24,3186.788278,3.423849,1.996952,27.756698,1.764864,0.052439,0.16073,demo
D15,52,1.775842,synthetic,24,3181.505561,3.428834,1.995246,27.811604,1.779397,0.050181,0.16371,demo
D15,53,1.762452,synthetic,24,3167.3757,3.418987,2.005093,28.029728,1.766452,0.05216,0.15661,demo
D15,54,1.754832,synthetic,24,3162.17922,3.417158,2.006235,27.682478,1.749649,0.051352,0.166099,demo
D15,55,1.742544,synthetic,24,3145.115842,3.416404,2.011458,28.127178,1.745027,0.051596,0.160279,demo
D15,56,1.743533,synthetic,24,3147.16234,3.411533,1.993662,27.547801,1.742587,0.054987,0.154383,demo
D15,57,1.756747,synthetic,24,3147.164573,3.413499,1.999702,27.941517,1.756535,0.052682,0.155047,demo
D15,58,1.738121,synthetic,24,3114.747968,3.41975,1.993647,27.870093,1.736992,0.053845,0.162785,demo
D15,59,1.733155,synthetic,24,3125.145306,3.411064,2.00163,28.107103,1.737705,0.053524,0.161063,demo
D15,60,1.72208,synthetic,24,3092.800138,3.41096,1.992217,27.573286,1.721694,0.053762,0.165563,demo
D15,61,1.728305,synthetic,24,3119.298838,3.415631,1.995759,27.524844,1.726704,0.052518,0.157273,demo
D15,62,1.722619,synthetic,24,3085.549341,3.413678,1.99581,28.103583,1.721081,0.05438,0.161451,demo
D15,63,1.709527,synthetic,24,3076.240333,3.417233,2.002934,27.837979,1.708361,0.053751,0.161639,demo
D15,64,1.707162,synthetic,24,3072.575093,3.413637,2.00003,27.916557,1.703476,0.05297,0.161284,demo
D15,65,1.695368,synthetic,24,3056.061271,3.408727,2.005063,27.792011,1.693767,0.05331,0.161037,demo
D15,66,1.706835,synthetic,24,3062.798867,3.417241,1.99893,28.16795,1.707237,0.052795,0.160639,demo
D15,67,1.682665,synthetic,24,3010.927041,3.413248,1.994202,28.050806,1.684026,0.053226,0.163217,demo
D15,68,1.681368,synthetic,24,3028.017139,3.404527,2.001913,28.038114,1.685417,0.053143,0.163653,demo
D15,69,1.678707,synthetic,24,3026.445166,3.410847,1.990828,27.689534,1.679516,0.053594,0.163609,demo
D15,70,1.664459,synthetic,24,3005.080531,3.405197,2.005692,28.128689,1.662879,0.055095,0.16704,demo
D15,71,1.67296,synthetic,24,3008.089496,3.406154,1.997145,27.742506,1.669577,0.052065,0.159478,demo
D15,72,1.670702,synthetic,24,3014.262492,3.416316,2.002045,27.829308,1.671686,0.054435,0.157737,demo
D15,73,1.659584,synthetic,24,2991.604598,3.407945,2.0022,27.669287,1.659194,0.053036,0.166668,demo
D15,74,1.638501,synthetic,24,2961.003206,3.403943,2.016015,28.003112,1.638225,0.054885,0.161629,demo
D15,75,1.648212,synthetic,24,2966.288778,3.406366,2.003816,28.2938,1.649077,0.053184,0.162933,demo
D15,76,1.636407,synthetic,24,2930.245313,3.408048,2.000732,28.102064,1.638106,0.054049,0.162707,demo
D15,77,1.636138,synthetic,24,2944.449999,3.401711,1.993076,27.935338,1.63702,0.05348,0.162654,demo
D15,78,1.643527,synthetic,24,2959.134146,3.403318,2.008024,28.061996,1.642967,0.051834,0.159884,demo
D15,79,1.615221,synthetic,24,2911.917535,3.404529,1.997298,28.103072,1.612632,0.055587,0.163683,demo
D15,80,1.619934,synthetic,24,2902.473135,3.396426,1.984745,28.086617,1.617948,0.052858,0.167151,demo
D15,81,1.624805,synthetic,24,2921.911233,3.407064,1.998049,28.107126,1.627562,0.053836,0.164996,demo
D15,82,1.610604,synthetic,24,2906.637056,3.394905,2.001915,27.824096,1.609239,0.052842,0.167089,demo
D15,83,1.615856,synthetic,24,2907.631823,3.400999,1.991815,28.102851,1.611506,0.052504,0.163878,demo
D15,84,1.64446,synthetic,24,2957.312492,3.399162,1.998818,27.594498,1.648273,0.05335,0.16693,demo
D15,85,1.602001,synthetic,24,2900.092819,3.396025,1.999285,28.240905,1.598981,0.053386,0.164395,demo
D15,86,1.600292,synthetic,24,2871.279281,3.405227,1.999441,27.823875,1.600405,0.052828,0.159663,demo
D15,87,1.592602,synthetic,24,2877.289058,3.403253,2.012346,28.405496,1.594167,0.054039,0.167246,demo
D15,88,1.585544,synthetic,24,2862.723516,3.402798,1.986884,27.510375,1.585554,0.052663,0.16888,demo
D15,89,1.58709,synthetic,24,2854.832743,3.39259,2.020338,28.537971,1.579224,0.054255,0.164839,demo
D15,90,1.585862,synthetic,24,2854.27069,3.394029,1.999672,27.711401,1.587101,0.054014,0.170163,demo
D15,91,1.559246,synthetic,24,2806.335176,3.396265,2.005802,27.861148,1.563382,0.051927,0.165078,demo
D15,92,1.564043,synthetic,24,2816.814922,3.398367,2.001278,28.228699,1.566504,0.053836,0.16945,demo
D15,93,1.558897,synthetic,24,2801.009767,3.391664,1.98274,28.316333,1.552275,0.054879,0.172878,demo
D15,94,1.551474,synthetic,24,2789.065601,3.391619,1.989434,28.101943,1.558074,0.053422,0.168051,demo
D15,95,1.554821,synthetic,24,2795.695516,3.389827,1.994757,28.39092,1.550698,0.054964,0.167128,demo
D15,96,1.545354,synthetic,24,2778.938935,3.399802,2.009937,27.982831,1.542021,0.054979,0.167869,demo
D15,97,1.550235,synthetic,24,2787.822228,3.39188,1.986157,28.074724,1.55266,0.05348,0.172875,demo
D15,98,1.540147,synthetic,24,2753.627309,3.392643,1.991443,28.114261,1.541541,0.054586,0.169602,demo
D15,99,1.536588,synthetic,24,2766.668591,3.392408,2.001649,28.060519,1.536835,0.055459,0.174969,demo
D15,100,1.516052,synthetic,24,2724.575353,3.393929,2.004729,27.742377,1.514325,0.053963,0.170196,demo
D15,101,1.51325,synthetic,24,2708.595424,3.385346,2.004427,28.223958,1.517278,0.054662,0.167509,demo
D15,102,1.537934,synthetic,24,2765.373906,3.396915,1.99016,28.164347,1.537813,0.055771,0.166732,demo
D15,103,1.515682,synthetic,24,2725.109545,3.384345,1.98402,28.496023,1.510935,0.053986,0.169558,demo
D15,104,1.519795,synthetic,24,2746.097329,3.394637,2.005391,27.898821,1.523541,0.055261,0.163084,demo
D15,105,1.491742,synthetic,24,2680.792408,3.379607,2.014331,28.102535,1.492397,0.054003,0.168905,demo
D15,106,1.485444,synthetic,24,2679.155581,3.385262,1.996547,28.572707,1.488756,0.054985,0.169224,demo
D15,107,1.503485,synthetic,24,2717.499493,3.394437,1.988553,28.318095,1.505206,0.055412,0.17058,demo
D15,108,1.480901,synthetic,24,2660.598338,3.387902,1.995701,28.415994,1.487984,0.052786,0.176589,demo
D15,109,1.479713,synthetic,24,2663.103978,3.386649,2.003941,28.393789,1.478796,0.054669,0.170976,demo
D15,110,1.464462,synthetic,24,2649.703096,3.378864,1.997669,28.417774,1.46451,0.055785,0.165654,demo
D15,111,1.471827,synthetic,24,2651.108086,3.381039,2.014072,28.747522,1.473946,0.055508,0.168385,demo
D15,112,1.450187,synthetic,24,2613.263352,3.386651,2.00925,28.347605,1.449306,0.054976,0.172779,demo
D15,113,1.449705,synthetic,24,2606.281421,3.383103,2.001843,28.072606,1.452032,0.054398,0.172291,demo
D15,114,1.445934,synthetic,24,2608.046003,3.384303,1.980457,28.490798,1.437411,0.056169,0.177036,demo
D15,115,1.446371,synthetic,24,2603.158883,3.381092,1.993077,28.188805,1.446161,0.055214,0.175025,demo
D16,1,1.974921,synthetic,35,2847.820338,3.444148,2.516431,39.519376,1.980882,0.050794,0.14991,demo
D16,2,1.964203,synthetic,35,2844.956802,3.449185,2.490308,39.774543,1.953852,0.050207,0.150109,demo
D16,3,1.981558,synthetic,35,2859.062288,3.449077,2.507209,39.496166,1.982334,0.051275,0.151906,demo
D16,4,1.953383,synthetic,35,2820.852002,3.445151,2.510046,39.490017,1.952465,0.050209,0.145499,demo
D16,5,1.950933,synthetic,35,2795.91215,3.45207,2.503099,39.415985,1.95156,0.050142,0.151558,demo
D16,6,1.942753,synthetic,35,2800.81138,3.444739,2.498825,39.289363,1.938324,0.052014,0.154932,demo
D16,7,1.939158,synthetic,35,2790.142618,3.447197,2.521257,39.469289,1.940518,0.049501,0.150855,demo
D16,8,1.937864,synthetic,35,2784.830951,3.443325,2.499862,39.204895,1.938663,0.048918,0.153046,demo
D16,9,1.92352,synthetic,35,2769.683558,3.439027,2.502041,39.097412,1.934142,0.049897,0.159387,demo
D16,10,1.920422,synthetic,35,2766.308607,3.435816,2.496635,39.286311,1.920921,0.051183,0.154178,demo
D16,11,1.909223,synthetic,35,2744.13135,3.439618,2.501511,39.709038,1.914371,0.052191,0.146913,demo
D16,12,1.898258,synthetic,35,2735.036839,3.426628,2.509641,39.094512,1.892568,0.050357,0.14984,demo
D16,13,1.893347,synthetic,35,2725.000346,3.437758,2.497247,39.105851,1.89721,0.052881,0.153513,demo
D16,14,1.885361,synthetic,35,2720.641447,3.436932,2.478915,39.569785,1.886214,0.051174,0.152174,demo
D16,15,1.883304,synthetic,35,2713.809316,3.434543,2.505136,39.321274,1.88432,0.051051,0.154978,demo
D16,16,1.873335,synthetic,35,2700.644899,3.433797,2.489217,39.561371,1.874398,0.050417,0.154183,demo
D16,17,1.860699,synthetic,35,2687.27899,3.427583,2.507419,39.706416,1.867049,0.053344,0.15907,demo
D16,18,1.856872,synthetic,35,2678.34784,3.437651,2.499987,39.580075,1.85782,0.051281,0.152451,demo
D16,19,1.84176,synthetic,35,2652.085441,3.428871,2.509431,39.329299,1.838871,0.05025,0.155707,demo
D16,20,1.842491,synthetic,35,2636.575933,3.426423,2.490517,39.806997,1.840221,0.054033,0.156952,demo
D16,21,1.836263,synthetic,35,2648.294125,3.431712,2.494648,39.681136,1.839264,0.052031,0.157573,demo
D16,22,1.839737,synthetic,35,2641.973385,3.43041,2.4966,39.497102,1.841383,0.052401,0.156851,demo
D16,23,1.829583,synthetic,35,2633.917307,3.427264,2.485177,39.50023,1.823982,0.053386,0.149583,demo
D16,24,1.807869,synthetic,35,2606.228764,3.424127,2.511114,39.631695,1.809729,0.052536,0.157935,demo
D16,25,1.820228,synthetic,35,2631.610751,3.427506,2.483746,39.441662,1.816288,0.052773,0.156739,demo
D16,26,1.800481,synthetic,35,2607.021696,3.430443,2.510973,39.141478,1.802059,0.05205,0.160573,demo
D16,27,1.790293,synthetic,35,2570.8978,3.425665,2.504244,39.752099,1.787409,0.052831,0.160557,demo
D16,28,1.783165,synthetic,35,2557.621279,3.422758,2.498011,39.747938,1.782161,0.052134,0.159396,demo
D16,29,1.774509,synthetic,35,2557.789695,3.425223,2.503451,39.01297,1.772575,0.052235,0.159959,demo
D16,30,1.780315,synthetic,35,2565.517841,3.422649,2.503177,39.707197,1.785723,0.052317,0.162845,demo
D16,31,1.759006,synthetic,35,2523.836393,3.421482,2.495996,40.050611,1.76042,0.052013,0.163091,demo
D16,32,1.755954,synthetic,35,2528.447295,3.420099,2.502981,39.33416,1.760383,0.052945,0.160588,demo
D16,33,1.731118,synthetic,35,2497.278615,3.418749,2.507312,39.635,1.741142,0.053191,0.167192,demo
D16,34,1.763982,synthetic,35,2530.759336,3.418721,2.490553,39.558532,1.764147,0.053179,0.157556,demo
D16,35,1.738107,synthetic,35,2495.405628,3.412706,2.503462,40.057943,1.743328,0.053259,0.156919,demo
D16,36,1.735907,synthetic,35,2494.874965,3.420616,2.473737,39.926377,1.733478,0.054641,0.160531,demo
D16,37,1.712561,synthetic,35,2464.518188,3.42009,2.480704,39.461554,1.71686,0.053927,0.160376,demo
D16,38,1.710629,synthetic,35,2468.434708,3.409461,2.505645,39.769586,1.707867,0.052686,0.154179,demo
D16,39,1.700306,synthetic,35,2446.042768,3.413255,2.495822,40.275209,1.700244,0.05345,0.160031,demo
D16,40,1.695238,synthetic,35,2441.548357,3.410109,2.491466,39.550965,1.697059,0.05446,0.163221,demo
D16,41,1.682949,synthetic,35,2439.777611,3.413902,2.49947,39.722787,1.685286,0.052221,0.162508,demo
D16,42,1.688067,synthetic,35,2423.843047,3.411995,2.49604,39.846276,1.683771,0.055134,0.160148,demo
D16,43,1.665066,synthetic,35,2392.998674,3.421443,2.490114,39.599887,1.662179,0.052575,0.163524,demo
D16,44,1.677414,synthetic,35,2420.390066,3.408471,2.48361,40.17468,1.679465,0.054126,0.163273,demo
D16,45,1.660879,synthetic,35,2398.754588,3.413759,2.480318,39.640515,1.659657,0.053398,0.16571,demo
D16,46,1.650565,synthetic,35,2379.77178,3.412859,2.507388,39.426893,1.645952,0.053443,0.162053,demo
D16,47,1.631458,synthetic,35,2362.049373,3.406067,2.495775,39.671567,1.631227,0.052383,0.167363,demo
D16,48,1.635271,synthetic,35,2357.032938,3.404557,2.509695,39.960348,1.634882,0.054555,0.161317,demo
D16,49,1.625532,synthetic,35,2326.888993,3.403571,2.495673,39.612159,1.626107,0.052456,0.163469,demo
D16,50,1.601269,synthetic,35,2306.498717,3.400199,2.50355,39.923646,1.602964,0.052545,0.171046,demo
D16,51,1.597622,synthetic,35,2296.634643,3.404236,2.498746,39.994205,1.59911,0.055183,0.163023,demo
D16,52,1.600242,synthetic,35,2313.914141,3.39654,2.500444,39.547404,1.597783,0.055787,0.164014,demo
D16,53,1.589326,synthetic,35,2295.25284,3.398022,2.50093,39.725085,1.58802,0.053439,0.162668,demo
D16,54,1.579042,synthetic,35,2262.975952,3.396251,2.495543,39.96868,1.581972,0.055213,0.164357,demo
D16,55,1.580613,synthetic,35,2285.302856,3.390672,2.487704,40.054684,1.578896,0.05499,0.167191,demo
D16,56,1.56082,synthetic,35,2253.914061,3.398538,2.507661,39.774075,1.559586,0.0543,0.169687,demo
D16,57,1.555358,synthetic,35,2237.535828,3.398671,2.515935,39.954906,1.550679,0.055782,0.16773,demo
D16,58,1.54616,synthetic,35,2225.94596,3.390733,2.516592,39.859776,1.546071,0.054375,0.16718,demo
D16,59,1.54504,synthetic,35,2234.149278,3.39725,2.494467,40.114403,1.546107,0.055067,0.16447,demo
D16,60,1.523583,synthetic,35,2180.983958,3.384113,2.492668,40.094478,1.517564,0.05351,0.166875,demo
D16,61,1.522821,synthetic,35,2195.7919,3.390448,2.494457,39.872398,1.519561,0.053561,0.164449,demo
D16,62,1.507362,synthetic,35,2177.720836,3.387915,2.498242,40.108568,1.503076,0.056095,0.171915,demo
D16,63,1.507698,synthetic,35,2170.506708,3.388813,2.499475,39.885304,1.510075,0.055474,0.17211,demo
D16,64,1.524219,synthetic,35,2199.141422,3.390858,2.490021,40.078012,1.518389,0.054615,0.16891,demo
D16,65,1.497729,synthetic,35,2157.397284,3.386908,2.485203,40.12123,1.497493,0.056931,0.171415,demo
D16,66,1.480751,synthetic,35,2127.265381,3.383543,2.500499,40.621636,1.482876,0.05709,0.173399,demo
D16,67,1.480134,synthetic,35,2126.219769,3.384582,2.464696,39.945734,1.48069,0.055638,0.171098,demo
D16,68,1.467626,synthetic,35,2117.895779,3.388906,2.498993,40.013243,1.466335,0.053868,0.175476,demo
D16,69,1.468693,synthetic,35,2110.88441,3.381272,2.490553,39.885153,1.469711,0.055201,0.168181,demo
D16,70,1.451521,synthetic,35,2080.630736,3.390462,2.507802,39.814512,1.454532,0.054652,0.170893,demo
D16,71,1.426223,synthetic,35,2054.51568,3.375737,2.510476,39.99655,1.425916,0.055827,0.171548,demo
D16,72,1.441176,synthetic,35,2072.099005,3.381107,2.510712,40.254511,1.434723,0.054652,0.174295,demo
D16,73,1.424785,synthetic,35,2044.310499,3.380383,2.496536,40.297187,1.428056,0.054556,0.168706,demo
D16,74,1.429582,synthetic,35,2059.041209,3.377531,2.488649,40.179547,1.430726,0.053442,0.177161,demo
D16,75,1.412978,synthetic,35,2039.371844,3.382152,2.491854,40.056592,1.412885,0.056037,0.175166,demo
D16,76,1.394105,synthetic,35,2007.631901,3.376444,2.502876,40.035499,1.388583,0.05376,0.179487,demo
D16,77,1.394777,synthetic,35,2002.054611,3.373528,2.483541,39.928627,1.393945,0.055732,0.174087,demo
D16,78,1.389199,synthetic,35,2003.338015,3.379135,2.513935,40.02698,1.386767,0.056802,0.172781,demo
D16,79,1.379825,synthetic,35,1993.119001,3.368416,2.496694,39.85648,1.376469,0.05548,0.176778,demo
D16,80,1.365683,synthetic,35,1979.639591,3.368448,2.505002,40.54094,1.36531,0.055258,0.178464,demo
D16,81,1.36685,synthetic,35,1976.777449,3.373107,2.482186,40.659013,1.365385,0.056264,0.173183,demo
D16,82,1.346521,synthetic,35,1933.142732,3.371521,2.49074,39.746252,1.345255,0.055706,0.170146,demo
D16,83,1.365629,synthetic,35,1971.56775,3.371994,2.480943,40.273873,1.367649,0.056529,0.169896,demo
D16,84,1.334867,synthetic,35,1923.687049,3.36635,2.510212,40.315873,1.335549,0.055619,0.177389,demo
D16,85,1.329023,synthetic,35,1907.1789,3.365122,2.498398,40.308667,1.327706,0.056605,0.18146,demo
D16,86,1.316858,synthetic,35,1897.889784,3.369133,2.505713,40.126527,1.315219,0.056485,0.173423,demo
D16,87,1.317718,synthetic,35,1908.436085,3.365676,2.500634,40.529051,1.316519,0.056811,0.176474,demo
D16,88,1.303646,synthetic,35,1883.98556,3.359467,2.504685,40.39715,1.303001,0.058599,0.176809,demo
D16,89,1.293844,synthetic,35,1857.470136,3.358011,2.496626,40.567765,1.295355,0.057261,0.184008,demo
D16,90,1.286452,synthetic,35,1852.567491,3.36686,2.497965,40.135944,1.28377,0.05764,0.185318,demo
D16,91,1.280778,synthetic,35,1847.040212,3.357222,2.499083,39.983038,1.284514,0.056567,0.180042,demo
D16,92,1.269301,synthetic,35,1818.307103,3.359753,2.504056,40.454776,1.270785,0.05753,0.181922,demo
D16,93,1.248462,synthetic,35,1788.640524,3.361461,2.504321,40.136572,1.241625,0.057241,0.182672,demo
D16,94,1.257305,synthetic,35,1811.359743,3.359332,2.528114,40.627692,1.25752,0.057457,0.175867,demo
D16,95,1.242923,synthetic,35,1790.709909,3.352335,2.516816,39.85396,1.24551,0.05822,0.182379,demo
D16,96,1.237738,synthetic,35,1772.511053,3.350655,2.482212,40.276257,1.238701,0.057122,0.177432,demo
D16,97,1.222605,synthetic,35,1762.600009,3.360305,2.498569,40.262112,1.221597,0.057376,0.180581,demo
D16,98,1.205479,synthetic,35,1741.549588,3.34652,2.495941,40.358688,1.205331,0.057459,0.1852,demo
D16,99,1.194151,synthetic,35,1718.451239,3.347056,2.512801,40.524048,1.194577,0.057553,0.182477,demo
D16,100,1.193531,synthetic,35,1718.993225,3.350681,2.496843,40.558762,1.195368,0.058238,0.185566,demo
D16,101,1.193661,synthetic,35,1721.818884,3.348332,2.504643,40.619442,1.190283,0.057699,0.186151,demo
D16,102,1.212824,synthetic,35,1748.76677,3.353898,2.476629,40.619511,1.211356,0.05937,0.176216,demo
D16,103,1.175052,synthetic,35,1683.604572,3.34101,2.484864,40.444541,1.178903,0.060929,0.176465,demo
D16,104,1.158249,synthetic,35,1663.349995,3.34394,2.520923,41.039802,1.158326,0.05785,0.187156,demo
D16,105,1.151168,synthetic,35,1655.712954,3.346607,2.500502,40.870021,1.154685,0.058782,0.187561,demo
D16,106,1.155335,synthetic,35,1659.385369,3.347141,2.490015,40.439001,1.162233,0.059485,0.184556,demo
D16,107,1.13059,synthetic,35,1635.214671,3.339034,2.502429,40.519896,1.129478,0.058428,0.185953,demo
D16,108,1.16129,synthetic,35,1675.440956,3.341074,2.489469,40.424803,1.158509,0.057393,0.186228,demo
D16,109,1.132244,synthetic,35,1625.002818,3.342385,2.497166,40.642459,1.131642,0.060416,0.187333,demo
D16,110,1.125043,synthetic,35,1619.02085,3.335381,2.485474,40.31945,1.127516,0.059436,0.184086,demo
D16,111,1.105755,synthetic,35,1597.686498,3.343356,2.492113,40.393984,1.108495,0.059261,0.188637,demo
D16,112,1.092644,synthetic,35,1570.357565,3.33721,2.495837,40.069192,1.097609,0.060524,0.185255,demo
D16,113,1.088042,synthetic,35,1570.783843,3.333218,2.511207,40.518271,1.087962,0.05989,0.187209,demo
D16,114,1.082554,synthetic,35,1565.346975,3.331101,2.50464,40.892358,1.083611,0.059127,0.187298,demo
D16,115,1.064385,synthetic,35,1538.30576,3.330516,2.506385,40.615398,1.062869,0.05838,0.184846,demo
D16,116,1.052856,synthetic,35,1516.933362,3.325359,2.499742,40.646675,1.047577,0.058978,0.185657,demo
D16,117,1.048922,synthetic,35,1516.116054,3.333094,2.508228,40.746157,1.048839,0.060716,0.194745,demo
D16,118,1.037141,synthetic,35,1491.143588,3.326431,2.491265,40.443729,1.034748,0.060311,0.185839,demo
D16,119,1.040358,synthetic,35,1509.288168,3.331643,2.492673,40.695784,1.041697,0.05941,0.189496,demo
D16,120,1.02034,synthetic,35,1470.35108,3.329693,2.504076,40.942073,1.016501,0.061563,0.190926,demo
D16,121,1.015726,synthetic,35,1467.677339,3.33083,2.497209,40.803052,1.014224,0.059686,0.189208,demo
D16,122,1.012152,synthetic,35,1455.915737,3.327526,2.499862,40.976313,1.012694,0.060866,0.191528,demo
D16,123,1.005022,synthetic,35,1449.400212,3.330129,2.498359,41.0585,1.005771,0.06017,0.190786,demo
D16,124,0.989672,synthetic,35,1427.4512,3.329253,2.512535,40.931139,0.989578,0.062036,0.187802,demo
D16,125,0.981792,synthetic,35,1409.840996,3.323757,2.513056,40.59897,0.985459,0.060935,0.192339,demo
D16,126,0.964438,synthetic,35,1384.797404,3.321829,2.493738,40.717309,0.967465,0.060402,0.189788,demo
D16,127,0.96772,synthetic,35,1392.661817,3.318735,2.482401,41.281292,0.966395,0.060144,0.196513,demo
D16,128,0.960193,synthetic,35,1387.262324,3.316074,2.492885,40.888253,0.963283,0.060383,0.19288,demo
D16,129,0.932407,synthetic,35,1335.28959,3.321679,2.49103,40.896628,0.935694,0.059951,0.190603,demo
D16,130,0.945213,synthetic,35,1359.625502,3.320575,2.508317,40.61719,0.944979,0.059181,0.193218,demo
D16,131,0.921426,synthetic,35,1332.067438,3.317926,2.509205,40.844996,0.92151,0.061094,0.190368,demo
D16,132,0.92018,synthetic,35,1320.161625,3.31266,2.489689,41.048823,0.920087,0.060265,0.193966,demo
D16,133,0.908049,synthetic,35,1312.508727,3.320002,2.492455,40.891639,0.906877,0.060383,0.193001,demo
D16,134,0.89818,synthetic,35,1289.003145,3.311358,2.48521,40.772886,0.8972,0.060929,0.191592,demo
D16,135,0.88825,synthetic,35,1275.563534,3.307824,2.501344,40.845778,0.890594,0.06117,0.191952,demo
D16,136,0.87447,synthetic,35,1258.680122,3.307014,2.499551,41.236252,0.875235,0.061263,0.202326,demo
D16,137,0.874492,synthetic,35,1266.345817,3.315596,2.507891,41.105207,0.873523,0.062993,0.195295,demo
D16,138,0.860545,synthetic,35,1236.805235,3.303124,2.504971,41.092693,0.858951,0.062057,0.194283,demo
D16,139,0.845305,synthetic,35,1210.910983,3.302659,2.506102,41.092263,0.844023,0.063655,0.194373,demo
D16,140,0.83784,synthetic,35,1201.415984,3.316324,2.48458,40.697482,0.837566,0.061183,0.1979,demo
D16,141,0.827173,synthetic,35,1194.459451,3.307161,2.493737,41.077328,0.828684,0.062512,0.194998,demo
D16,142,0.822646,synthetic,35,1179.795581,3.299899,2.509489,41.283033,0.821231,0.06139,0.19381,demo
D16,143,0.819558,synthetic,35,1184.369711,3.298119,2.494614,40.955432,0.821036,0.061243,0.19712,demo
D16,144,0.803223,synthetic,35,1156.883855,3.293712,2.483724,41.289522,0.80354,0.064113,0.197751,demo
D16,145,0.804174,synthetic,35,1157.898102,3.30091,2.50808,41.180046,0.804403,0.06119,0.196582,demo
D16,146,0.788425,synthetic,35,1136.345064,3.301465,2.494227,41.27428,0.790043,0.059884,0.195789,demo
D16,147,0.778212,synthetic,35,1117.9329,3.303352,2.510626,41.095416,0.779525,0.06151,0.197699,demo
D16,148,0.770846,synthetic,35,1110.476881,3.28878,2.499816,41.315378,0.76868,0.060283,0.197757,demo
D16,149,0.769901,synthetic,35,1104.689354,3.290936,2.497228,40.728978,0.768232,0.06135,0.197379,demo
D16,150,0.744076,synthetic,35,1075.804806,3.292531,2.513632,41.142173,0.743734,0.061701,0.201066,demo
D16,151,0.753004,synthetic,35,1080.984008,3.305276,2.486973,41.298748,0.75354,0.062505,0.206559,demo
D16,152,0.739577,synthetic,35,1066.393794,3.295991,2.514342,41.214709,0.741596,0.060555,0.204412,demo
D16,153,0.724426,synthetic,35,1039.935028,3.292044,2.493606,41.437267,0.72452,0.063952,0.206849,demo
D16,154,0.722382,synthetic,35,1038.566003,3.285398,2.501624,41.127152,0.724843,0.0609,0.199402,demo
D16,155,0.704065,synthetic,35,1012.717271,3.279528,2.501718,41.057038,0.70307,0.062832,0.206861,demo
D16,156,0.69842,synthetic,35,1014.719463,3.287458,2.495729,40.792602,0.697669,0.062692,0.202745,demo
D16,157,0.684151,synthetic,35,985.134606,3.285121,2.492379,41.155532,0.683733,0.063984,0.205593,demo
D16,158,0.683881,synthetic,35,982.361225,3.284414,2.496302,41.353398,0.682763,0.063513,0.204018,demo
D16,159,0.66451,synthetic,35,955.617683,3.281542,2.489854,41.443488,0.66605,0.064542,0.20239,demo
D16,160,0.659105,synthetic,35,944.826735,3.279395,2.51962,40.911546,0.655454,0.063047,0.205794,demo
D16,161,0.654137,synthetic,35,941.49667,3.277857,2.495189,41.562626,0.653478,0.062994,0.205289,demo
D16,162,0.646988,synthetic,35,936.836893,3.286432,2.511589,41.035912,0.648474,0.063943,0.198816,demo
D16,163,0.626398,synthetic,35,902.92297,3.274754,2.510272,41.280115,0.626007,0.064765,0.204572,demo
D16,164,0.626459,synthetic,35,904.545869,3.277203,2.503629,41.168107,0.627803,0.06456,0.207559,demo
D16,165,0.606652,synthetic,35,871.194111,3.275675,2.498643,41.444335,0.609318,0.064255,0.206566,demo
D16,166,0.590234,synthetic,35,849.41901,3.276604,2.501938,41.388167,0.590329,0.06433,0.207799,demo
D16,167,0.589229,synthetic,35,849.00916,3.270246,2.505722,41.535648,0.590607,0.064071,0.204177,demo
D16,168,0.589296,synthetic,35,846.739358,3.277574,2.501005,41.827008,0.592147,0.064517,0.207197,demo
D16,169,0.574773,synthetic,35,828.666891,3.269528,2.484333,41.487303,0.575236,0.066287,0.20672,demo
D16,170,0.562184,synthetic,35,811.040298,3.269625,2.481817,41.262553,0.56213,0.064136,0.206902,demo
